,Word,ConcRating,Mean Sharedness,Absolute Sharedness,Most Rel Words,Sem Feats
9419,doll,5,3,"[2, 4, 4, 3, 2]","['pogo', 'crib', 'ware', 'rare', 'cube']","['clothing_clothes_clothed_piece_lacks', 'children_used_adults_play_infants', 'collectible_memorabilia_item_collectibles_antique', 'toy_toys_slime_plays_children', 'face_facial_six_faces_features']"
2790,bike,5,3.7857142857142856,"[10, 6, 5, 4, 7, 3, 3, 3, 2, 2, 2, 2, 2, 2]","['taxi', 'auto', 'cart', 'semi', 'quad']","['transportation_used_transporting_goods_transport', 'vehicle_automobile_road_part_car', 'wheels_four_drive_wheel_two', 'ridden_rides_bicycles_bicycle_ride', 'exercise_form_exercises_exertion_workout', 'pedals_treadles_pedal_wah_foot', 'handlebars_steering_toolbars_minibar_handlebar', 'seat_seats_flat_platform_saddle', 'frame_frames_consists_series_support', 'gears_gear_equipped_engages_interlocks', 'brakes_air_braking_stopping_controlled', 'environmentally_friendly_sustainable_sustainability_eco', 'balance_requires_operate_skill_use', 'carts_basket_shopping_baskets_carrying']"
18017,knee,5,3.875,"[9, 4, 7, 2, 3, 3, 1, 2]","['gout', 'butt', 'shin', 'warp', 'kick']","['injury_cause_injuries_causes_susceptible', 'tendons_muscles_ligaments_gluteal_tendon', 'bending_bend_bent_twisting_easily', 'arthritis_form_hock_suffer_symptom', 'joints_joint_elbows_wrists_inflammation', 'leg_located_thigh_knee_end', 'knee_patella_length_kneecap_ankle', 'cartilage_cushion_structure_contains_joints']"
2476,bean,5,4,"[7, 5, 6, 2, 2, 2, 4]","['okra', 'lima', 'veal', 'dill', 'curd']","['dried_fresh_prunes_eaten_used', 'soups_stews_used_chowders_soup', 'protein_high_rich_fat_higher', 'legume_legumes_vegetables_made_member', 'pods_grows_pod_immature_harvested', 'flour_ground_hamburger_refine_cornmeal', 'cooked_texture_chewy_crispy_mucilaginous']"
21033,neck,5,4.4,"[6, 3, 5, 5, 3]","['arms', 'nape', 'body', 'bile', 'back']","['muscles_contains_made_muscle_skin', 'vertebrae_cervical_crest_contains_spine', 'head_covers_wedge_supports_connects', 'digestive_system_tract_intestines_stomach', 'adorned_jewelry_necklaces_tattoos_tattooed']"
15163,horn,5,4.5,"[6, 3]","['wall', 'bell', 'mike', 'ammo', 'tuba']","['sound_produces_blown_sounds_captures', 'brass_made_steel_stainless_bronze']"
25501,raft,5,4.571428571428571,"[3, 10, 6, 3, 2, 3, 5]","['pump', 'semi', 'boat', 'cart', 'buoy']","['emergencies_emergency_used_situations_services', 'transportation_used_transporting_goods_transport', 'water_used_plumbing_accessing_purification', 'floats_water_float_sinks_liquids', 'engine_diesel_engines_powered_gasoline', 'carries_goods_people_bundle_possessions', 'inflated_inflate_inflatable_air_tires']"
18350,leaf,5,4.625,"[4, 3, 2, 5, 5, 6, 8, 4]","['stem', 'tree', 'kelp', 'date', 'moss']","['plant_part_reproductive_unit_vascular', 'photosynthetic_photosynthesizes_photosynthesis_photosynthesize_organ', 'veins_arteries_veined_skin_nuggets', 'color_changes_change_colors_leaves', 'oxygen_respiration_extracts_produces_water', 'green_color_inside_putting_occurs', 'grows_trees_forests_palm_branches', 'wax_waxy_waxed_primed_opposite']"
2056,baby,5,4.714285714285714,"[6, 7, 4, 3, 5, 7, 1]","['babe', 'runt', 'tyke', 'kids', 'meth']","['skin_brown_soft_smooth_fuzzy', 'teeth_tooth_baby_develops_dental', 'young_child_human_humans_newborn', 'care_constant_requires_needs_special', 'cries_cry_crying_communicate_loud', 'sleep_sleeps_rest_sleeping_string', 'diapers_wears_potty_trained_diaper']"
32488,toad,5,4.888888888888889,"[3, 4, 3, 15, 7, 2, 3, 1, 6]","['frog', 'newt', 'bird', 'fish', 'lice']","['amphibian_amphibians_larval_frogs_stages', 'breathes_skin_lungs_underwater_breathe', 'jump_distances_long_leap_great', 'lays_eggs_laying_water_lay', 'insects_eats_seeds_worms_feeds', 'squat_buttocks_body_gyrations_squatting', 'mammary_glands_gland_parotoid_lupulin', 'toxins_mycotoxins_produces_lanolin_defense', 'skin_brown_soft_smooth_fuzzy']"
32464,tire,5,5.166666666666667,"[8, 3, 9, 5, 7, 3, 8, 2, 3, 6, 6, 2]","['gear', 'axle', 'puck', 'ball', 'onyx']","['circular_shape_circle_resembles_elongated', 'tubular_tubeless_tuber_tubers_tubing', 'rubber_made_leather_plastic_synthetic', 'inflated_inflate_inflatable_air_tires', 'black_color_neither_white_brownish', 'traction_tread_loss_pattern_tip', 'vehicles_used_bicycles_road_off', 'vehicle_supports_weight_vehicles_repair', 'shock_absorbs_absorption_walking_shocks', 'wheels_wheel_rim_tiller_bearings', 'sides_two_sided_side_six', 'irreversible_retreaded_removal_irretrievable_undone']"
4105,cage,5,5.222222222222222,"[3, 9, 10, 5, 3, 10, 1, 3, 3]","['shed', 'lamp', 'knob', 'sack', 'semi']","['escape_escaping_flee_fled_threat', 'door_doors_open_opening_four', 'transportation_used_transporting_goods_transport', 'locked_locking_lockable_security_unlocked', 'animals_used_animal_pets_zoos', 'decorative_plain_utilitarian_ornate_decoration', 'bars_bullion_slats_bar_mesh', 'portable_mounted_carried_fixed_collapsible', 'restricts_movement_restrict_prevents_restrains']"
12908,frog,5,5.357142857142857,"[3, 4, 7, 3, 5, 15, 4, 7, 7, 6, 3, 3, 5, 3]","['newt', 'toad', 'gull', 'duck', 'fish']","['amphibian_amphibians_larval_frogs_stages', 'breathes_skin_lungs_underwater_breathe', 'moist_skin_moisturizing_smooth_dried', 'jump_distances_long_leap_great', 'webbed_feet_lobed_forelimbs_partially', 'lays_eggs_laying_water_lay', 'metamorphosis_undergoes_tadpole_larvae_undergo', 'insects_eats_seeds_worms_feeds', 'lives_water_near_bodies_land', 'prey_predators_preyed_toads_tongue', 'eyesight_eyes_eye_poor_retina', 'hibernates_hibernate_winter_cold_hibernation', 'mouth_mouthpiece_blowing_wide_mouthfeel', 'makes_sound_bleating_croaking_bleats']"
20704,mule,5,5.428571428571429,"[4, 7, 7, 3, 4, 9, 4]","['oxen', 'pony', 'deer', 'silk', 'foal']","['strong_weak_weaker_siblings_weight', 'ears_long_tufted_hearing_two', 'horse_horses_horseback_played_riding', 'cute_cuteness_temperamental_donkey_perceived', 'domesticated_animals_animal_hybrid_domestic', 'hooves_cloven_grows_typically_zygote', 'sterile_fresh_reproduce_cannot_packaged']"
29152,sled,5,5.714285714285714,"[3, 6, 18, 3, 5, 3, 2]","['auto', 'boat', 'bike', 'sill', 'yoyo']","['carries_goods_people_bundle_possessions', 'vehicle_automobile_road_part_car', 'wood_metal_made_plastic_materials', 'cold_snow_used_winter_weather', 'steering_steered_rudder_wheel_controlling', 'seat_seats_flat_platform_saddle', 'pulled_animals_gravity_driven_machinery']"
32938,tree,5,5.733333333333333,"[5, 13, 12, 3, 5, 7, 5, 5, 14, 3, 3, 4, 4, 2, 1]","['pine', 'bush', 'fern', 'vine', 'moss']","['fruit_fruits_berries_bear_apple', 'plant_animal_zygote_fathering_fatales', 'leaves_edible_trees_needle_buds', 'photosynthetic_photosynthesizes_photosynthesis_photosynthesize_organ', 'oxygen_respiration_extracts_produces_water', 'habitat_wildlife_animals_provides_fish', 'trunk_storage_woody_luggage_car', 'roots_root_leaves_true_stems', 'size_varies_large_small_color', 'branches_algebra_geometry_calculus_branch', 'years_live_many_15_generations', 'bark_dog_barking_barks_dogs', 'age_decade_rings_aging_old', 'soil_grows_fertile_drained_thrives', 'dioxide_carbon_absorbs_releases_filters']"
18001,kite,5,6.166666666666667,"[3, 18, 10, 3, 2, 1]","['pike', 'duck', 'flag', 'wolf', 'lion']","['maneuvers_acrobatic_acrobatics_maneuver_maneuvering', 'tail_short_long_tails_bushy', 'flies_fly_wind_speeds_air', 'strings_string_tuning_pegs_gut', 'frame_frames_consists_series_support', 'wind_fly_requires_aerodynamics_function']"
5619,comb,5,6.25,"[5, 7, 13, 8, 6, 7, 2, 2]","['perm', 'afro', 'pail', 'rake', 'clip']","['hair_hairstyle_hairstyles_mohawks_spiked', 'hair_covered_damage_bristly_baldness', 'tool_categorized_garden_instrument_hand', 'plastic_metal_made_typically_clay', 'teeth_sharp_cogs_fine_wide', 'portable_small_lightweight_compact_durable', 'grooming_hair_used_groom_feathers', 'handheld_mounted_stand_usually_shaft']"
27574,sand,5,6.333333333333333,"[3, 5, 17, 8, 4, 3, 6, 6, 5]","['dune', 'mesa', 'wood', 'clay', 'silt']","['abrasive_abrasion_cause_surface_material', 'found_deserts_regions_arid_climates', 'construction_used_sites_building_demolition', 'color_varies_brown_depending_yellow', 'wet_slightly_thick_soaked_substance', 'glass_cleaner_windows_stained_done', 'sand_dunes_sandy_sanded_burrow', 'rock_sedimentary_rocks_formations_sediment', 'beaches_found_beach_beached_often']"
13620,goat,5,6.4,"[3, 4, 19, 3, 5, 8, 3, 9, 4, 6]","['deer', 'pony', 'lamb', 'mare', 'oxen']","['makes_sound_bleating_croaking_bleats', 'used_meat_vegan_vegetarian_food', 'mammal_mammals_small_mammalian_usually', 'hair_comb_beard_chauffeur_top', 'habitats_lives_various_variety_diverse', 'herbivorous_herbivore_herbivores_diet_insectivorous', 'terrain_rough_traverse_steep_climb', 'hooves_cloven_grows_typically_zygote', 'horns_horn_car_produced_keyboards', 'milk_produces_ducts_produce_component']"
2213,ball,5,6.5,"[10, 9, 9, 5, 14, 3, 1, 1]","['mitt', 'puck', 'tire', 'boat', 'bell']","['sizes_comes_various_different_styles', 'sports_used_hockey_basketball_games', 'rubber_made_leather_plastic_synthetic', 'inflated_inflate_inflatable_air_tires', 'recreation_recreational_used_activities_leisure', 'spherical_shape_circular_ovular_freefall', 'kicked_thrown_bounce_whip_cane', 'smooth_surface_slick_textured_surfaces']"
9408,dogs,5,6.7,"[14, 18, 6, 7, 3, 4, 3, 4, 6, 2]","['puss', 'mutt', 'wolf', 'deer', 'lynx']","['fur_fluffy_hair_brown_looks', 'tail_short_long_tails_bushy', 'legs_four_legged_two_walks', 'exercise_form_exercises_exertion_workout', 'trained_tasks_trainable_improved_training', 'bark_dog_barking_barks_dogs', 'breeds_breed_northern_mixed_dogs', 'domesticated_animals_animal_hybrid_domestic', 'smell_sense_keen_senses_hearing', 'loyalty_members_loyal_group_show']"
11783,fern,5,6.777777777777778,"[13, 12, 4, 5, 3, 2, 14, 7, 1]","['moss', 'tree', 'bush', 'beet', 'vine']","['plant_animal_zygote_fathering_fatales', 'leaves_edible_trees_needle_buds', 'spores_reproduces_via_produces_dark', 'thrives_environments_damp_grows_moist', 'landscaping_used_gardening_land_decoration', 'flowering_flowers_non_produce_nonspecific', 'size_varies_large_small_color', 'green_leaves_fronds_feathery_tops', 'vascular_system_circulation_capillary_enterohepatic']"
12025,fish,5,6.857142857142857,"[4, 15, 7, 21, 10, 11, 4, 5, 6, 2, 4, 2, 3, 2]","['duck', 'bass', 'tuna', 'carp', 'frog']","['breathes_skin_lungs_underwater_breathe', 'lays_eggs_laying_water_lay', 'lives_water_near_bodies_land', 'edible_species_humans_inedible_though', 'fishing_used_sport_fish_fishermen', 'freshwater_lives_saltwater_lakes_ponds', 'scales_covered_wings_scale_butterflies', 'fins_flippers_dorsal_flights_fin', 'aquatic_watercraft_animal_supports_life', 'gills_breathing_underwater_zygote_fathering', 'swims_swim_well_fast_swam', 'blooded_cold_warm_zygote_fatigue', 'streamlined_body_aerodynamic_aerodynamics_designed', 'aquatic_aquariums_kept_home_life']"
27170,robe,5,7.1,"[3, 7, 13, 5, 4, 7, 7, 5, 11, 9]","['vest', 'pant', 'coat', 'jean', 'suit']","['covers_body_legs_upper_lower', 'pockets_pocket_inside_catching_may', 'fabric_made_tulle_cloth_denim', 'belt_loops_belts_rank_ranks', 'garment_textile_garments_part_set', 'sleeves_sleeveless_sleeve_sleeved_long', 'opening_top_open_front_openings', 'clothing_wears_worn_clothes_layered', 'ceremonies_rituals_used_religious_celebrations', 'worn_protection_torso_shoulders_ages']"
35500,vase,5,8.222222222222221,"[10, 11, 8, 10, 6, 10, 8, 7, 4]","['dish', 'bowl', 'bath', 'arch', 'sink']","['sizes_comes_various_different_styles', 'ceremonies_rituals_used_religious_celebrations', 'flowers_flower_roses_produce_bloom', 'glass_made_plastic_metal_sheet', 'opening_narrow_small_spans_wide', 'decorative_plain_utilitarian_ornate_decoration', 'container_containers_secure_shipping_comes', 'ceramic_porcelain_made_ceramics_stainless', 'water_holds_hold_watertight_dispense']"
2880,bird,5,9.545454545454545,"[15, 7, 7, 10, 10, 11, 15, 6, 8, 14, 2]","['gull', 'fowl', 'lark', 'duck', 'hawk']","['lays_eggs_laying_water_lay', 'insects_eats_seeds_worms_feeds', 'beak_hooked_strong_curved_beaking', 'flies_fly_wind_speeds_air', 'nests_builds_nest_dome_build', 'feathers_feathery_black_white_vary', 'animal_dog_pet_creature_game', 'legs_four_legged_two_walks', 'wings_two_pairs_broad_father', 'size_varies_large_small_color', 'blooded_cold_warm_zygote_fatigue']"
14250,hair,4.97,2.8333333333333335,"[4, 3, 2, 1, 4, 3]","['lash', 'lice', 'kale', 'skin', 'yoga']","['scalp_uv_hair_radiation_lice', 'curly_wavy_straight_hair_straightening', 'grows_skin_growth_mouth_jawbone', 'grey_hair_age_gray_aging', 'styles_styled_different_style_various', 'sheds_regrows_cells_regularly_dead']"
25526,rain,4.97,3.375,"[4, 4, 3, 3, 4, 3, 1, 5]","['hail', 'snow', 'arid', 'yard', 'thaw']","['storms_thunderstorms_associated_stormy_flares', 'precipitation_rain_rainfall_form_snow', 'wetness_cause_wet_puddle_spots', 'acidic_acid_rain_ph_slightly', 'measured_inches_centimeters_meters_feet', 'droplets_water_tiny_gauges_composed', 'cycle_cycles_water_cyclic_part', 'flooding_prevents_cause_avalanches_sea']"
18164,lamp,4.97,3.8181818181818183,"[3, 2, 4, 5, 5, 3, 3, 10, 3, 2, 2]","['bulb', 'cage', 'sill', 'eave', 'neon']","['shade_provides_shades_shaded_offers', 'bulb_wattle_wattles_lamp_packaging', 'light_produces_converts_diffuses_bright', 'lighting_illumination_lamps_used_fluorescent', 'base_custard_broth_circular_stock', 'brightness_lacks_adjustable_lacking_levels', 'electrical_device_electricity_power_devices', 'decorative_plain_utilitarian_ornate_decoration', 'portable_mounted_carried_fixed_collapsible', 'reading_used_readings_readers_comments', 'outdoors_indoors_used_indoor_outdoor']"
29565,soda,4.97,4.3076923076923075,"[2, 4, 8, 5, 6, 3, 5, 4, 5, 3, 2, 4, 5]","['coke', 'cola', 'beer', 'cake', 'mead']","['refreshing_taste_feels_effect_gives', 'vending_machines_sold_used_stored', 'beverage_alcoholic_drink_mulled_japanese', 'carbonated_still_sometimes_often_fatal', 'sugar_sugars_sweeteners_contains_diet', 'caffeine_contains_varieties_available_caffeinated', 'served_cold_hot_chilled_warm', 'cans_bottles_comes_bottle_served', 'flavors_flavored_vanilla_flavor_comes', 'mixer_cocktails_alcoholic_drinks_used', 'phosphoric_acid_contains_colas_often', 'packaged_plastic_paper_wrapped_glass', 'bubbles_produces_liquid_creates_rising']"
22383,oven,4.97,4.461538461538462,"[14, 5, 9, 4, 4, 5, 4, 1, 2, 3, 4, 2, 1]","['fire', 'lard', 'spat', 'auto', 'brew']","['cooking_used_frying_food_chefs', 'baking_used_powder_bread_pastries', 'door_doors_open_opening_four', 'insulated_heat_loss_prevent_retain', 'temperature_control_maintains_constant_controlled', 'cleaning_requires_cleaned_dry_regular', 'timed_time_timer_limit_downtime', 'appliance_appliances_mashed_rate_tool', 'heat_produces_generates_heaters_process', 'shelves_racks_shelf_inside_hooks', 'kitchens_found_bathrooms_restaurants_dining', 'heat_cooling_heated_radiation_convection', 'emits_heat_radiates_light_vent']"
28650,shoe,4.97,4.666666666666667,"[3, 9, 9, 8, 6, 4, 4, 2, 5, 4, 1, 1]","['boot', 'clog', 'sock', 'heel', 'pair']","['synthetic_materials_made_sisal_hemp', 'rubber_made_leather_plastic_synthetic', 'footwear_shoe_shoes_type_worn', 'foot_covers_feet_ankle_bottom', 'heel_heels_ankle_shoe_height', 'sole_toe_box_insoles_rubber', 'feet_protects_protection_keeps_warm', 'laces_lace_zippers_buckles_laced', 'informal_formal_casual_colloquial_aimless', 'pairs_pair_comes_two_pairings', 'arch_support_provides_foot_supports', 'activities_designed_specific_apply_wide']"
1558,arms,4.97,5.111111111111111,"[3, 4, 6, 12, 7, 6, 2, 3, 3]","['limb', 'hand', 'body', 'bone', 'foot']","['limbs_lacks_movable_limb_arm', 'joints_joint_knuckles_connected_pivoting', 'muscles_contains_made_muscle_skin', 'skin_covered_covering_exposes_exposed', 'contains_bones_marrow_knuckles_organs', 'shoulders_shoulder_attached_torso_attaches', 'veins_arteries_veined_skin_nuggets', 'lifting_objects_lift_heavy_weights', 'adorned_jewelry_necklaces_tattoos_tattooed']"
31108,suit,4.97,5.636363636363637,"[6, 7, 13, 6, 4, 5, 4, 5, 4, 5, 3]","['pant', 'jean', 'robe', 'vest', 'gown']","['buttons_zipper_buttoned_zippers_button', 'pockets_pocket_inside_catching_may', 'fabric_made_tulle_cloth_denim', 'worn_women_men_genders_clothing', 'garment_textile_garments_part_set', 'skirts_skirt_dresses_wear_trousers', 'swimsuit_vest_swimwear_wetsuit_come', 'cleaning_requires_cleaned_dry_regular', 'wool_synthetic_cotton_fibers_made', 'colors_comes_various_different_patterns', 'worn_occasions_formal_attire_ceremonial']"
18147,lamb,4.97,8.25,"[3, 19, 18, 4, 7, 15, 7, 5, 4, 4, 8, 5]","['deer', 'pony', 'mare', 'hare', 'goat']","['makes_sound_bleating_croaking_bleats', 'mammal_mammals_small_mammalian_usually', 'tail_short_long_tails_bushy', 'born_birth_spring_ewe_begins', 'meat_cut_beef_pork_meats', 'animal_dog_pet_creature_game', 'domesticated_wild_domestication_worker_humans', 'spring_mechanism_springy_springtime_springs', 'horse_young_adult_stallion_sheep', 'wool_made_linen_shorn_blend', 'herbivorous_herbivore_herbivores_diet_insectivorous', 'grazes_grass_plants_graze_grazer']"
18716,lint,4.96,2.7142857142857144,"[6, 3, 2, 4, 1, 1, 2]","['silk', 'hemp', 'tutu', 'foam', 'shag']","['lightweight_easy_handling_transport_designed', 'found_shirts_clothing_jackets_pants', 'fires_fire_used_tinder_firefighters', 'fibers_made_produces_textile_fiber', 'pockets_accumulates_corners_purses_wallets', 'dryer_lint_dryers_traps_collects', 'flammable_fire_hazard_fires_cause']"
6621,corn,4.96,3.25,"[4, 3, 5, 4, 3, 3, 3, 1]","['oats', 'okra', 'beet', 'bale', 'whey']","['grilled_fried_boiled_roasted_baked', 'wrapping_wrap_popped_popcorn_food', 'feed_livestock_animal_used_feeding', 'cereal_grain_grains_crop_outer', 'yellow_red_color_stripes_kernels', 'husk_tusks_husks_encased_green', 'fructose_syrup_corn_sugar_high', 'ethanol_biofuels_biofuel_vodka_production']"
19592,mayo,4.96,3.7857142857142856,"[5, 3, 4, 7, 6, 2, 5, 2, 3, 4, 4, 3, 2, 3]","['slaw', 'kale', 'curd', 'deli', 'malt']","['salads_salad_dressings_used_smoothies', 'calories_low_high_calorie_deficit', 'spices_herbs_flavored_spice_fruits', 'sandwiches_used_topping_making_make', 'spread_spreadable_rapidly_quickly_spreads', 'condiment_condiments_variety_provides_features', 'creamy_texture_waxy_inside_father', 'pale_white_yellow_color_freshly', 'vinegar_juice_lemon_malt_vinegars', 'tangy_flavor_taste_sweet_piquant', 'consistency_thick_thin_smooth_wobbly', 'refrigeration_refrigerated_perishable_stored_needs', 'cuisine_common_cuisines_western_popular', 'used_make_making_sauces_malted']"
31655,tail,4.96,3.857142857142857,"[5, 4, 7, 2, 3, 3, 3]","['hoof', 'lash', 'newt', 'woof', 'hump']","['animal_part_anatomy_located_rear', 'traps_trap_insects_pathogens_swat', 'fur_covered_hunted_coat_farmed', 'communication_communicate_among_animals_used', 'balance_helps_coordination_improves_promotes', 'regenerate_parts_lizards_lost_regeneration', 'short_long_length_typically_pencil']"
4102,cafe,4.96,3.9,"[3, 6, 4, 4, 4, 4, 6, 5, 1, 2]","['deli', 'mall', 'dine', 'taxi', 'firm']","['chain_part_food_independently_owned', 'seating_arrangements_area_outdoor_seat', 'urban_areas_found_suburban_located', 'venue_venues_held_decorated_takes', 'restaurants_food_served_serves_courts', 'menu_shortcut_ctrl_keyboard_settings', 'employees_employs_employed_employer_employment', 'food_offers_sells_meals_attractively', 'fi_wi_free_shoppers_provide', 'counter_ordering_often_countertop_customers']"
4528,cave,4.96,4.142857142857143,"[3, 4, 5, 6, 5, 3, 3]","['tint', 'yard', 'inky', 'kiln', 'mine']","['echoes_echo_spaces_enclosed_forest', 'temperature_control_maintains_constant_controlled', 'shelter_shelters_provides_makeshift_animals', 'rock_sedimentary_rocks_formations_sediment', 'underground_pit_open_space_economy', 'dark_color_darker_black_light', 'lakes_ponds_water_rivers_lake']"
13217,gate,4.96,4.5,"[8, 4, 4, 5, 3, 3]","['door', 'wall', 'poor', 'jail', 'reel']","['access_accessible_accessibility_allows_wheelchairs', 'closes_opens_closing_open_opening', 'fence_fences_fenced_unfenced_walls', 'may_mechanism_might_attached_locking', 'hinges_bolts_frames_extra_equipped', 'used_protection_defense_safety_security']"
18717,lion,4.96,5.0625,"[3, 19, 18, 4, 3, 3, 5, 3, 4, 5, 2, 4, 3, 1, 3, 1]","['puma', 'lynx', 'wolf', 'puss', 'pony']","['carnivore_carnivores_omnivore_herbivore_smaller', 'mammal_mammals_small_mammalian_usually', 'tail_short_long_tails_bushy', 'retractable_claws_sharp_zygote_fatale', 'endangered_wild_species_habitat_predation', 'predator_apex_stealthy_weaker_smaller', 'hunting_hunts_treasure_animals_small', 'pride_prides_lives_excessive_source', 'brown_color_golden_coat_brownish', 'mane_tail_stalk_males_male', 'roars_howls_roar_howl_frightening', 'strength_symbol_symbolizes_virility_bravery', 'territorial_territory_territories_roams_homeland', 'dimorphism_sexual_displays_dimorphic_exhibits', 'native_americas_america_asia_africa', 'jungle_king_known_considered_zygote']"
18659,lime,4.96,5.181818181818182,"[3, 14, 8, 6, 3, 4, 3, 3, 4, 6, 3]","['pear', 'kiwi', 'plum', 'zest', 'mull']","['garnish_garnishes_used_garnishing_dishes', 'cooking_used_frying_food_chefs', 'grows_trees_forests_palm_branches', 'fruit_fruits_maturity_vegetables_color', 'green_skin_yellow_blackheads_red', 'citrus_fruits_lemons_limes_oranges', 'vitamin_rich_vitamins_source_potassium', 'sour_taste_bitter_sourness_smell', 'beverages_used_drinks_cocktails_consume', 'shape_round_oval_rounded_shaped', 'zested_zesty_zest_flavor_zealous']"
36021,wasp,4.96,5.625,"[7, 10, 3, 8, 7, 4, 3, 3]","['bees', 'moth', 'gnat', 'bird', 'dove']","['insect_insects_creepy_presence_crawlies', 'nests_builds_nest_dome_build', 'fly_cannot_flown_jump_flying', 'wings_two_pairs_broad_father', 'yellow_color_green_orange_yellowish', 'waist_around_worn_thorax_narrow', 'sting_bite_stinging_stings_bites', 'pollinates_flowers_pollination_pollinate_role']"
32006,tent,4.96,5.875,"[13, 7, 4, 5, 7, 1, 5, 5]","['hood', 'tarp', 'case', 'door', 'cave']","['fabric_made_tulle_cloth_denim', 'weather_protects_rain_protection_wind', 'waterproof_resistant_water_waterproofed_weatherproofing', 'shelter_shelters_provides_makeshift_animals', 'portable_small_lightweight_compact_durable', 'collapsible_storage_easy_collapse_transport', 'camping_used_gatherings_occasions_outdoor', 'entrance_exit_entrances_exits_entry']"
3379,boot,4.96,5.9,"[9, 9, 9, 8, 6, 4, 4, 4, 4, 2]","['shoe', 'sock', 'clog', 'heel', 'pair']","['worn_protection_torso_shoulders_ages', 'rubber_made_leather_plastic_synthetic', 'footwear_shoe_shoes_type_worn', 'foot_covers_feet_ankle_bottom', 'heel_heels_ankle_shoe_height', 'sole_toe_box_insoles_rubber', 'feet_protects_protection_keeps_warm', 'waterproof_resistant_water_waterproofed_weatherproofing', 'insulated_heat_loss_prevent_retain', 'laces_lace_zippers_buckles_laced']"
5612,colt,4.96,6,"[18, 3, 4, 5, 9, 3, 4, 2]","['foal', 'mare', 'pony', 'lion', 'deer']","['tail_short_long_tails_bushy', 'birth_shortly_walk_learns_stand', 'horse_young_adult_stallion_sheep', 'mane_tail_stalk_males_male', 'hooves_cloven_grows_typically_zygote', 'age_years_19_13_ages', 'playful_playfulness_activity_expresses_nature', 'riding_training_ridden_skills_trained']"
19477,mask,4.96,6.125,"[9, 11, 9, 3, 9, 3, 2, 3]","['robe', 'veil', 'vest', 'nose', 'gong']","['fashion_used_lingerie_clothing_uniform', 'ceremonies_rituals_used_religious_celebrations', 'worn_protection_torso_shoulders_ages', 'spread_diseases_disease_spreads_prevents', 'used_medical_treat_medicine_medication', 'face_covers_adversity_faces_hides', 'straps_secured_ties_locks_ropes', 'filters_air_smoke_filter_particles']"
2629,bell,4.96,6.4,"[10, 11, 6, 4, 1]","['gong', 'nail', 'jean', 'wire', 'ball']","['sizes_comes_various_different_styles', 'metal_made_father_fatale_fatales', 'sound_produces_blown_sounds_captures', 'clocks_clock_watches_timers_alarms', 'clapper_inside_mallet_slider_fathering']"
31411,swan,4.96,6.8,"[5, 15, 14, 11, 15, 11, 2, 5, 4, 3, 4, 2, 4, 4, 3]","['gull', 'duck', 'coot', 'fowl', 'dove']","['webbed_feet_lobed_forelimbs_partially', 'lays_eggs_laying_water_lay', 'bird_part_small_fatale_fatales', 'feathers_feathery_black_white_vary', 'animal_dog_pet_creature_game', 'freshwater_lives_saltwater_lakes_ponds', 'gracefulness_graceful_elegance_majesty_clumsy', 'aggressive_threatened_non_intimidating_aggressiveness', 'love_symbolizes_romance_symbol_affection', 'neck_thick_chin_curved_narrow', 'swims_swim_well_fast_swam', 'mating_courtship_mates_displays_behavior', 'call_distinctive_calls_makes_loud', 'eats_fish_plants_aquatic_feeds', 'beauty_associated_standards_natural_elegance']"
9738,drum,4.96,7.222222222222222,"[11, 9, 5, 6, 18, 3, 8, 3, 2]","['gong', 'rung', 'beat', 'boat', 'dice']","['ceremonies_rituals_used_religious_celebrations', 'music_used_genres_jazz_songs', 'instrument_musical_stringed_instruments_guitars', 'rhythm_syncopated_beat_rhythms_rhythmic', 'wood_metal_made_plastic_materials', 'membrane_cell_enclosed_surrounded_patagium', 'cylindrical_shape_body_spherical_elongated', 'played_tennis_play_table_sticks', 'percussion_drum_drums_snares_instrument']"
2468,beak,4.96,8,"[12, 14, 1, 5]","['cock', 'fowl', 'coop', 'gull', 'nest']","['birds_bird_crows_crow_chickens', 'bird_part_small_fatale_fatales', 'keratin_composition_consists_composed_zygote', 'eating_used_food_chewing_biting']"
18313,lawn,4.93,3.4,"[5, 4, 2, 5, 1]","['turf', 'damp', 'nook', 'yard', 'glen']","['grass_covered_grassy_turf_grasses', 'water_requires_watering_food_needs', 'mowing_mowed_needs_swing_natural', 'found_homes_often_basements_houses', 'grass_types_different_fescue_bluegrass']"
32082,text,4.93,3.5,"[7, 4, 3, 3, 4, 2, 3, 3, 3, 3]","['info', 'memo', 'word', 'note', 'bold']","['writing_used_books_calligraphy_text', 'encrypted_encryption_privacy_security_cryptid', 'interpretation_subject_context_interpreting_personal', 'languages_translated_spelled_different_variations', 'styles_styled_different_style_various', 'read_only_rewritable_overwritten_deciphered', 'information_conveys_convey_prediction_conveying', 'printed_handwritten_written_printer_digital', 'punctuation_apostrophe_require_mark_include', 'stored_digitally_electronically_record_archived']"
31633,taco,4.93,3.5454545454545454,"[13, 3, 3, 5, 1, 4, 3, 1, 1, 2, 3]","['brie', 'soup', 'hash', 'gyro', 'stew']","['soft_inside_bodied_feels_hard', 'sauce_tzatziki_salsa_served_topped', 'meat_meats_filled_contain_beef', 'dish_dishes_mexican_tastes_timing', 'tortilla_tortillas_corn_made_folded', 'onions_vegetables_carrots_shredded_tomatoes', 'cheese_cheeses_production_ricotta_byproduct', 'eaten_hand_chops_roasts_utensils', 'fried_spicy_toasted_hammered_stir', 'garnished_guacamole_cream_whipped_powdered', 'worldwide_marketed_globally_consumed_eaten']"
31816,taxi,4.93,3.75,"[5, 6, 5, 7, 2, 1, 1, 3, 4, 5, 4, 2]","['auto', 'bike', 'limo', 'jeep', 'cart']","['license_driver_licensed_operate_requires', 'vehicle_automobile_road_part_car', 'wheels_four_drive_wheel_two', 'yellow_color_green_orange_yellowish', 'driver_operated_operator_conductor_checked', 'hailed_street_zygote_father_fatale', 'calculate_fares_meter_fare_equipped', 'passengers_driver_multiple_partition_seats', 'urban_areas_found_suburban_located', 'trunk_storage_woody_luggage_car', 'ridden_rides_bicycles_bicycle_ride', 'booked_reservations_reservation_app_phone']"
14913,hill,4.93,4,"[5, 7, 4, 4, 3, 3, 5, 2, 3, 4, 3, 5, 4]","['glen', 'mesa', 'mere', 'dike', 'jeep']","['grass_covered_grassy_turf_grasses', 'habitat_wildlife_animals_provides_fish', 'hiking_trails_paths_walking_trail', 'significance_historical_may_cultural_accurate', 'range_indicates_ranges_indicate_groups', 'walking_used_hiking_running_mobility', 'elevated_ground_surrounding_clearance_level', 'geological_formed_processes_tectonic_formations', 'summit_peak_top_summits_volcanic', 'scenic_views_offers_vantage_scenery', 'landform_new_create_landmasses_landmass', 'slope_steep_sides_sloped_gradient', 'smaller_lake_mountain_city_continent']"
29520,soap,4.93,4.333333333333333,"[7, 6, 2, 2, 7, 4, 3, 5, 3]","['suds', 'wipe', 'balm', 'bath', 'ream']","['moist_skin_moisturizing_smooth_dried', 'washing_used_dishes_handwashing_hands', 'antibacterial_properties_antimicrobial_antiseptic_antiviral', 'oils_contains_oil_butter_fats', 'hygiene_used_cleaning_smelling_personal', 'packaged_plastic_paper_wrapped_glass', 'foam_foamy_poured_produces_lather', 'cleaning_cleans_services_provides_cleansing', 'contains_enzymes_active_preservatives_tannins']"
36931,yarn,4.93,4.428571428571429,"[2, 4, 5, 5, 4, 5, 11, 5, 3, 4, 3, 3, 3, 5]","['felt', 'bead', 'loom', 'wove', 'suit']","['blankets_make_used_clothing_making', 'ball_balls_dimpled_small_skeins', 'elastic_elasticity_inelastic_cuff_pliability', 'used_weaving_knitting_sewing_crocheting', 'wool_made_linen_shorn_blend', 'rotated_rotates_rotation_spinning_spun', 'crafts_used_crafting_making_pottery', 'textile_textiles_used_make_industry', 'cotton_made_silk_braided_materials', 'wool_synthetic_cotton_fibers_made', 'thicknesses_thickness_comes_different_various', 'touch_soft_feels_touched_coarse', 'strands_fibers_braided_twisted_interlocked', 'colors_comes_various_different_patterns']"
12052,fist,4.93,4.571428571428571,"[7, 9, 4, 4, 2, 3, 3]","['hand', 'knob', 'limb', 'maim', 'stag']","['contains_bones_marrow_knuckles_organs', 'injury_cause_injuries_causes_susceptible', 'fingers_plucked_plucking_palm_played', 'strength_symbol_symbolizes_virility_bravery', 'tightened_loosened_tightening_clenched_tightly', 'used_communication_gestures_gesturing_blinking', 'doors_open_used_knocking_close']"
27251,rope,4.93,4.714285714285714,"[3, 5, 5, 6, 17, 4, 3, 3, 3, 3, 4, 2, 2, 6]","['bomb', 'yarn', 'worn', 'beam', 'cord']","['synthetic_materials_made_sisal_hemp', 'coiled_storage_tightly_spooled_hair', 'tying_tie_shod_horseshoes_cleats', 'used_sailing_nautical_boats_ships', 'construction_used_sites_building_demolition', 'fibers_made_produces_textile_fiber', 'knot_knots_knotted_tied_loops', 'fraying_fray_frayed_edges_properly', 'thicknesses_thickness_comes_different_various', 'strands_fibers_braided_twisted_interlocked', 'climbing_climb_used_climbable_climbs', 'pulling_carts_towing_used_plows', 'tensile_strength_high_rating_increases', 'military_used_operations_rescue_forces']"
3224,boat,4.93,6.142857142857143,"[10, 6, 3, 18, 14, 10, 5, 3, 6, 2, 2, 2, 3, 2]","['ship', 'punt', 'dart', 'cart', 'reel']","['transportation_used_transporting_goods_transport', 'cargo_passengers_carries_terminals_carry', 'floats_water_float_sinks_liquids', 'wood_metal_made_plastic_materials', 'recreation_recreational_used_activities_leisure', 'fishing_used_sport_fish_fishermen', 'steering_steered_rudder_wheel_controlling', 'keel_stability_bottom_along_lacks', 'aquatic_watercraft_animal_supports_life', 'hull_planks_boats_reinforced_strong', 'sails_powered_propulsion_engines_propelled', 'deck_patio_include_board_surrounding', 'maritime_subject_laws_port_conducts', 'may_moat_mezzanine_lighthouse_visiting']"
23124,pear,4.93,6.5,"[7, 3, 8, 21, 6, 3, 5, 7, 4, 1]","['plum', 'kiwi', 'date', 'lime', 'okra']","['stem_stems_slender_tough_square', 'desserts_pies_used_tarts_salads', 'grows_trees_forests_palm_branches', 'edible_species_humans_inedible_though', 'fruit_fruits_maturity_vegetables_color', 'green_skin_yellow_blackheads_red', 'bottom_flat_top_dweller_perforated', 'raw_eaten_cooked_fried_baked', 'seeds_contains_seed_tiny_black', 'ripe_ripens_yellow_green_turns']"
22712,pail,4.93,6.75,"[2, 16, 5, 8, 5, 8, 7, 3]","['rake', 'clip', 'comb', 'case', 'bowl']","['cleaning_used_soap_make_mouthwash', 'handle_long_handles_knob_leverage', 'gardening_used_mulch_planting_gardens', 'plastic_metal_made_typically_clay', 'carrying_carry_used_items_liquids', 'container_containers_secure_shipping_comes', 'portable_small_lightweight_compact_durable', 'liquids_holds_holding_liquid_bowl']"
5192,clay,4.93,7,"[5, 17, 11, 2, 4, 6, 4]","['wood', 'kiln', 'sand', 'glue', 'cord']","['used_manufacturing_making_industries_die', 'construction_used_sites_building_demolition', 'crafts_used_crafting_making_pottery', 'soil_type_component_soft_dirt', 'wet_slightly_thick_soaked_substance', 'art_used_painting_drawing_sculptures', 'glazed_glaze_topped_double_insulation']"
14533,hawk,4.93,7.333333333333333,"[14, 3, 4, 7, 2, 10, 5, 10, 11]","['lark', 'gull', 'bird', 'crow', 'duck']","['bird_part_small_fatale_fatales', 'predator_apex_stealthy_weaker_smaller', 'edge_sharp_edges_talons_curved', 'beak_hooked_strong_curved_beaking', 'eyesight_keen_vision_night_excellent', 'flies_fly_wind_speeds_air', 'hunting_hunts_treasure_animals_small', 'nests_builds_nest_dome_build', 'feathers_feathery_black_white_vary']"
20904,nail,4.93,7.75,"[10, 7, 3, 4, 11, 17, 7, 3]","['pick', 'bell', 'rasp', 'bolt', 'maul']","['sizes_comes_various_different_styles', 'woodworking_carpentry_used_timber_forestry', 'rust_corrode_prevent_prevents_treated', 'flat_head_body_end_shoulders', 'metal_made_father_fatale_fatales', 'construction_used_sites_building_demolition', 'surface_surfaces_tension_object_driven', 'end_ends_pointed_two_flat']"
7188,crow,4.93,8.857142857142858,"[14, 10, 11, 15, 3, 4, 5]","['dove', 'lark', 'rook', 'coot', 'gull']","['bird_part_small_fatale_fatales', 'nests_builds_nest_dome_build', 'feathers_feathery_black_white_vary', 'animal_dog_pet_creature_game', 'fly_cannot_flown_jump_flying', 'intelligence_intelligent_indicative_intellect_associated', 'habitats_lives_various_variety_diverse']"
20028,milk,4.92,4.416666666666667,"[13, 5, 4, 6, 2, 5, 6, 2, 1, 2, 4, 3]","['whey', 'mash', 'brie', 'curd', 'feed']","['white_color_off_black_bluish', 'dairy_milk_butter_product_cream', 'baking_cooking_used_pancakes_lining', 'liquid_liquids_semi_food_wet', 'homogenized_homogenizes_homogeneous_mixtures_heterogeneous', 'creamy_texture_waxy_inside_father', 'comes_animals_cattle_sheep_young', 'calcium_contains_minerals_stores_carbonate', 'pasteurized_paste_pressurized_taro_pastel', 'lactose_intolerance_contains_maltose_amylase', 'vitamins_minerals_vitamin_contains_fortified', 'cereals_breakfast_cereal_used_granola']"
18409,leek,4.92,6.222222222222222,"[21, 5, 7, 4, 7, 6, 3, 2, 1]","['kale', 'okra', 'beet', 'meat', 'pear']","['edible_species_humans_inedible_though', 'soups_stews_used_chowders_soup', 'green_leaves_fronds_feathery_tops', 'vegetable_cabbage_family_root_member', 'raw_eaten_cooked_fried_baked', 'flavor_mild_taste_rich_onion', 'cylindrical_rectangular_filled_tube_zygote', 'soil_grows_fertile_drained_thrives', 'allium_family_alleles_allergen_belongs']"
19499,mast,4.92,6.833333333333333,"[12, 18, 2, 2, 3, 4]","['keel', 'hull', 'coop', 'wing', 'flew']","['birds_bird_crows_crow_chickens', 'wood_metal_made_plastic_materials', 'ships_found_boats_vessels_harbors', 'sails_sailing_supports_vessel_sailboats', 'vessel_framework_vessels_supports_depending', 'ship_undermount_vessel_part_boat']"
29561,sock,4.91,5.625,"[5, 5, 9, 8, 6, 4, 3, 5]","['shoe', 'boot', 'foot', 'heel', 'clog']","['patterns_designs_pattern_design_puzzle', 'elastic_elasticity_inelastic_cuff_pliability', 'footwear_shoe_shoes_type_worn', 'foot_covers_feet_ankle_bottom', 'heel_heels_ankle_shoe_height', 'feet_protects_protection_keeps_warm', 'washable_washed_machine_washing_wash', 'sweat_glands_sweating_absorbs_releases']"
27179,rock,4.91,6,"[3, 17, 4, 5, 1]","['slab', 'iron', 'sand', 'plow', 'pick']","['object_oriented_objects_sentence_flying', 'construction_used_sites_building_demolition', 'polished_shine_polishes_polishing_cut', 'earth_crust_surface_mined_found', 'shapes_sizes_shape_various_variety']"
20503,moon,4.9,2.6,"[3, 4, 4, 5, 1, 2, 3, 2, 1, 1]","['cusp', 'slum', 'lawn', 'haze', 'gulf']","['ground_found_landed_humans_winds', 'dust_dusty_smoke_surface_covered', 'water_requires_watering_food_needs', 'tides_tidal_currents_affected_affects', 'satellite_natural_terrestrial_zygote_fatale', 'earth_orbits_sun_orbit_687', 'visible_night_sky_dark_light', 'phases_phase_crescent_gibbous_new', 'atmosphere_airy_atmospheric_light_phenomenon', 'reflects_sunlight_light_glare_surfaces']"
3335,book,4.9,2.727272727272727,"[5, 4, 2, 2, 3, 5, 2, 2, 1, 2, 2]","['blog', 'cite', 'deed', 'saga', 'hero']","['genre_music_genres_literature_punk', 'title_theorems_name_punchline_proofs', 'images_contain_wallpaper_consists_text', 'text_contains_articles_posts_words', 'author_authors_publishing_published_publisher', 'fictional_fiction_non_real_documentary', 'read_only_rewritable_overwritten_deciphered', 'recording_medium_information_cds_lasers', 'pages_page_bound_consists_numbers', 'lid_cover_cap_covered_removable', 'libraries_books_isbn_found_library']"
22704,page,4.9,3.5,"[10, 8, 2, 4, 2, 4, 1, 1, 1, 2]","['tray', 'word', 'grid', 'pane', 'rack']","['rectangular_shape_square_round_rectangles', 'written_oral_writing_piece_unwritten', 'torn_distressed_ripped_putrid_maybe', 'holds_items_objects_together_hold', 'book_books_bookbinding_publication_part', 'paper_made_electronic_plastic_polymer', 'margins_margin_width_small_tips', 'blank_empty_printed_lined_fathering', 'turned_turning_point_rocked_allow', 'numbered_named_bulleted_putable_callable']"
36787,worm,4.9,3.75,"[3, 5, 5, 8, 3, 2, 2, 2]","['grub', 'tail', 'slug', 'gait', 'smut']","['limbs_lacks_movable_limb_arm', 'involves_muscles_movement_arm_movements', 'bait_fishing_lure_used_hook', 'cylindrical_shape_body_spherical_elongated', 'regenerate_parts_lizards_lost_regeneration', 'invertebrate_fatal_fatale_fatales_fatalism', 'soil_lives_survive_affected_conditions', 'soil_aeration_composting_helps_improves']"
3308,bone,4.9,3.8,"[4, 7, 5, 4, 4, 2, 3, 2, 5, 2]","['bony', 'hand', 'limb', 'skin', 'body']","['joints_joint_knuckles_connected_pivoting', 'contains_bones_marrow_knuckles_organs', 'broken_fragile_damaged_snapped_easily', 'skeletal_skeleton_structure_part_system', 'vertebrates_found_amphibians_fish_vertebrate', 'calcium_contains_minerals_stores_carbonate', 'support_structural_provides_supports_poles', 'organs_internal_protects_protection_used', 'heals_heal_time_healing_injured', 'fossils_fossilized_fossil_cryptozoology_found']"
25518,rail,4.9,4,"[3, 10, 3, 3, 5, 2, 2]","['fuel', 'spur', 'wire', 'navy', 'jolt']","['electric_powered_electrical_electronic_ac', 'transportation_used_transporting_goods_transport', 'steel_made_stainless_often_metals', 'trains_train_combat_supports_guides', 'tying_tie_shod_horseshoes_cleats', 'gauge_gauges_comes_standard_gauged', 'long_longer_straight_wide_winded']"
2649,belt,4.9,4.111111111111111,"[8, 2, 9, 3, 4, 2, 4, 3, 2]","['sash', 'kilt', 'disc', 'ball', 'wasp']","['holes_hole_center_18_gap', 'accessory_fashion_clothing_accessories_feature', 'rubber_made_leather_plastic_synthetic', 'adjustable_fit_tailored_size_adjusted', 'waist_around_worn_thorax_narrow', 'buckle_buckles_straps_laces_secured', 'loop_loops_coasters_end_roller', 'tools_tool_equipment_like_multi', 'rank_achievement_martial_arts_importance']"
24100,pond,4.9,4.222222222222222,"[14, 3, 2, 4, 5, 2, 4, 2, 2]","['lake', 'mere', 'pool', 'town', 'camp']","['recreation_recreational_used_activities_leisure', 'gardens_found_backyards_grasslands_often', 'aquatic_aquariums_kept_home_life', 'smaller_lake_mountain_city_continent', 'water_body_oceans_bodies_freshwater', 'man_natural_made_naturally_manufactured', 'freeze_winter_frozen_icicles_frosted', 'muddy_sandy_bottom_mud_wet', 'shallow_opposite_lakes_compared_usually']"
27259,rose,4.9,4.454545454545454,"[7, 8, 4, 4, 5, 4, 7, 3, 2, 3, 2]","['lily', 'posy', 'odor', 'musk', 'lace']","['stem_stems_slender_tough_square', 'flowers_flower_roses_produce_bloom', 'fragrant_scented_fragrance_scent_aroma', 'bees_attracts_butterflies_bee_pollinators', 'grows_continuously_rapidly_bush_childhood', 'love_symbolizes_romance_symbol_affection', 'weddings_used_wedding_arrangements_floral', 'perfumery_aromatherapy_used_perfumes_incense', 'petals_flowers_umbrella_wilting_flower', 'claws_thorns_two_possesses_perching', 'blooms_spring_bulbs_annually_planting']"
4300,card,4.9,4.857142857142857,"[10, 9, 3, 2, 5, 2, 3]","['coin', 'grid', 'slab', 'gory', 'pane']","['rectangular_shape_square_round_rectangles', 'games_used_video_game_darts', 'portable_handheld_individually_sized_fatality', 'gift_card_given_note_value', 'identification_used_biometric_identify_forensic', 'collected_collects_hobby_trading_cards', 'transactions_used_financial_monetary_estate']"
12602,fork,4.9,4.875,"[6, 4, 16, 4, 5, 2, 1, 1]","['rake', 'dish', 'spat', 'spud', 'beak']","['cuisines_used_dishes_cuisine_various', 'utensils_utensil_kitchen_forks_spoons', 'handle_long_handles_knob_leverage', 'dishwasher_safe_wash_washed_hand', 'eating_used_food_chewing_biting', 'tines_prongs_teeth_four_tinnitus', 'cooking_used_baking_flavor_toasting', 'cutlery_knives_razors_set_part']"
17889,kelp,4.9,4.875,"[8, 8, 7, 5, 1, 2, 3, 5]","['clam', 'reef', 'pine', 'nest', 'gale']","['grows_trees_forests_palm_branches', 'trees_tree_uproot_found_leaf', 'brown_color_brownish_reddish_green', 'harvested_harvesting_alginate_oryza_palms', 'seaweed_type_fathering_fatale_fatales', 'coral_algae_marine_reefs_reef', 'anchored_anchors_anchor_anchoring_seabed', 'marine_habitat_life_chain_serves']"
8960,dish,4.9,5.25,"[10, 5, 5, 10, 4, 6, 2, 10, 4, 8, 7, 5, 2, 2, 1, 3]","['bowl', 'vase', 'tray', 'bath', 'fork']","['sizes_comes_various_different_styles', 'patterns_designs_pattern_design_puzzle', 'food_serving_used_serve_hold', 'glass_made_plastic_metal_sheet', 'oven_baked_ovens_if_safe', 'metal_made_metals_alloyed_plastic', 'restaurants_used_cafeterias_dining_hospitality', 'decorative_plain_utilitarian_ornate_decoration', 'dishwasher_safe_wash_washed_hand', 'container_containers_secure_shipping_comes', 'ceramic_porcelain_made_ceramics_stainless', 'eating_used_food_chewing_biting', 'food_holds_picks_chickens_pot', 'microwave_safe_microwaved_cooking_microwavable', 'set_sets_part_flatware_subsets', 'disposable_reusable_wood_dispensable_made']"
6919,crab,4.9,5.285714285714286,"[3, 6, 11, 5, 6, 3, 3]","['mite', 'clam', 'trod', 'bass', 'duck']","['stepped_sideways_stepping_walks_walk', 'legs_six_eight_pairs_five', 'freshwater_lives_saltwater_lakes_ponds', 'marine_habitat_life_chain_serves', 'sand_dunes_sandy_sanded_burrow', 'claws_thorns_two_possesses_perching', 'exoskeleton_hard_diaphragm_endoskeleton_chitinous']"
20575,moss,4.9,5.375,"[3, 13, 6, 4, 5, 5, 2, 5]","['fern', 'mold', 'aloe', 'tree', 'weed']","['carpet_mats_floor_dense_type', 'plant_animal_zygote_fathering_fatales', 'green_color_inside_putting_occurs', 'spores_reproduces_via_produces_dark', 'thrives_environments_damp_grows_moist', 'roots_root_leaves_true_stems', 'flowering_flowers_non_produce_nonspecific', 'gardening_used_mulch_planting_gardens']"
31741,tape,4.9,5.5,"[6, 5, 2, 10, 11, 3, 4, 3]","['glue', 'bead', 'wrap', 'ruby', 'wood']","['plastic_made_materials_canvas_paper', 'sticky_side_non_notes_stick', 'width_widths_sizes_variable_size', 'transparent_opaque_transparency_translucent_colored', 'crafts_used_crafting_making_pottery', 'adhesive_tape_secured_adheres_substance', 'rolls_rolled_comes_steel_cut', 'packaging_used_bags_rese_packing']"
29569,sofa,4.9,5.7,"[10, 3, 3, 18, 4, 5, 5, 4, 3, 2]","['seat', 'bunk', 'nook', 'butt', 'reel']","['sizes_comes_various_different_styles', 'bed_beds_convertible_sofa_type', 'passengers_driver_multiple_partition_seats', 'wood_metal_made_plastic_materials', 'sitting_used_designed_lounging_posting', 'found_homes_often_basements_houses', 'furniture_piece_outdoor_part_chairs', 'cushions_pillows_blankets_cushioned_plush', 'backrest_armrests_spare_tire_mounted', 'upholstered_leather_fabric_padded_inside']"
19639,meat,4.9,5.818181818181818,"[21, 4, 4, 7, 4, 6, 2, 3, 6, 3, 4]","['beef', 'veal', 'leek', 'pork', 'pear']","['edible_species_humans_inedible_though', 'grilled_fried_boiled_roasted_baked', 'sold_stores_purchased_grocery_online', 'raw_eaten_cooked_fried_baked', 'cuts_loin_different_sirloin_chops', 'red_color_white_rosé_reddish', 'processed_raw_pureed_transforms_refined', 'refrigeration_refrigerated_perishable_stored_needs', 'comes_animals_cattle_sheep_young', 'protein_source_proteins_synthesis_contains', 'iron_source_steel_curling_smelting']"
7563,dart,4.9,5.888888888888889,"[4, 1, 9, 1, 3, 2, 1, 18, 14]","['dice', 'boat', 'pond', 'maul', 'judo']","['throwing_throw_thrown_throwable_throws', 'tip_pointed_tipping_tips_sharp', 'games_used_video_game_darts', 'sports_used_competitions_sport_competitive', 'pubs_bars_pub_associated_nightclub', 'shaft_shafts_rowel_wheel_tunnels', 'throwing_precision_used_spinners_dart', 'wood_metal_made_plastic_materials', 'recreation_recreational_used_activities_leisure']"
3990,bush,4.9,6.4,"[5, 13, 12, 4, 7, 9, 8, 1, 3, 2]","['tree', 'fern', 'reed', 'beet', 'crop']","['fruit_fruits_berries_bear_apple', 'plant_animal_zygote_fathering_fatales', 'leaves_edible_trees_needle_buds', 'grows_underground_ground_close_tuber', 'habitat_wildlife_animals_provides_fish', 'privacy_provides_offers_laws_security', 'flowers_flower_roses_produce_bloom', 'deciduous_evergreen_bare_trees_winter', 'landscaping_used_gardening_land_decoration', 'sunlight_grow_needs_water_requires']"
12442,foot,4.9,6.8,"[9, 12, 7, 9, 6, 14, 5, 3, 2, 1]","['hand', 'limb', 'sock', 'shoe', 'back']","['body_part_human_object_fault', 'skin_covered_covering_exposes_exposed', 'contains_bones_marrow_knuckles_organs', 'footwear_shoe_shoes_type_worn', 'heel_heels_ankle_shoe_height', 'size_varies_large_small_color', 'sweat_glands_sweating_absorbs_releases', 'leg_located_thigh_knee_end', 'nails_toes_toenails_fingernails_nail', 'conical_arches_shape_domed_shaped']"
24109,pony,4.9,7.636363636363637,"[19, 18, 7, 7, 8, 3, 5, 9, 4, 3, 1]","['mare', 'deer', 'lamb', 'goat', 'lion']","['mammal_mammals_small_mammalian_usually', 'tail_short_long_tails_bushy', 'horse_horses_horseback_played_riding', 'domesticated_wild_domestication_worker_humans', 'herbivorous_herbivore_herbivores_diet_insectivorous', 'breeds_breed_northern_mixed_dogs', 'mane_tail_stalk_males_male', 'hooves_cloven_grows_typically_zygote', 'riding_horse_used_horses_riders', 'larger_cows_pony_horse_smaller', 'lives_farms_pastures_meadows_fields']"
2461,bead,4.9,8,"[8, 5, 10, 9, 10, 4, 11, 14, 1]","['tape', 'ruby', 'glue', 'yarn', 'vial']","['holes_hole_center_18_gap', 'used_weaving_knitting_sewing_crocheting', 'glass_made_plastic_metal_sheet', 'jewelry_used_earrings_piece_making', 'transparent_opaque_transparency_translucent_colored', 'small_size_sized_island_medium', 'crafts_used_crafting_making_pottery', 'size_varies_large_small_color', 'colorful_themed_colored_skin_could']"
35995,wart,4.89,3,"[7, 3, 2, 2, 4, 1, 2]","['pore', 'mood', 'hair', 'gash', 'yawn']","['contagious_groups_social_among_others', 'found_skin_body_hypoallergenic_feet', 'disappear_disappearance_may_popped_recur', 'grows_skin_growth_mouth_jawbone', 'freeze_winter_frozen_icicles_frosted', 'papillomavirus_hpv_caused_human_viruses', 'benign_malignant_cancerous_hallucinogenic_cysts']"
21647,nose,4.89,3.727272727272727,"[3, 3, 8, 3, 2, 7, 2, 3, 3, 1, 6]","['snot', 'mold', 'gash', 'scat', 'clot']","['bleed_bleeding_profusely_injured_blood', 'taste_buds_detected_sensation_tongue', 'allergic_reactions_allergies_cause_caused', 'mucus_mucous_membranes_musky_produced', 'nose_contains_nostrils_trachea_found', 'hygiene_used_cleaning_smelling_personal', 'cartilage_cushion_structure_contains_joints', 'filters_air_smoke_filter_particles', 'nose_nostrils_two_cheeks_either', 'olfactory_receptors_pheromones_detect_detects', 'shape_varies_size_depending_among']"
5506,coin,4.89,3.8,"[5, 6, 2, 3, 3]","['cent', 'dime', 'card', 'tire', 'buck']","['currency_dollar_currencies_hundredth_form', 'sides_two_sided_side_six', 'collected_collects_hobby_trading_cards', 'transactions_used_financial_monetary_estate', 'minting_minted_year_mint_governments']"
265,acne,4.89,3.8181818181818183,"[5, 6, 5, 4, 3, 2, 3, 2, 4, 3, 5]","['rash', 'itch', 'welt', 'teen', 'skin']","['redness_red_cause_eyes_inflammation', 'scar_scars_leave_may_scarring', 'painful_painless_tender_may_sensitive', 'skin_complexion_condition_flushed_describe', 'acne_pimples_site_develop_formation', 'face_occurs_occur_rash_nod', 'puberty_secondary_sexual_characteristics_develops', 'pores_clogged_porous_stomata_blocked', 'hormonal_changes_testosterone_hormones_levels', 'creams_treated_relieved_medication_ointments', 'stress_cause_exacerbated_lead_frustration']"
15119,hoof,4.89,4.384615384615385,"[5, 3, 7, 8, 3, 5, 4, 4, 3, 4, 5, 2, 4]","['hock', 'claw', 'hind', 'aids', 'jaws']","['animal_part_anatomy_located_rear', 'locomotion_form_locomotive_cheetahs_sprinting', 'covering_protective_covered_cover_covers', 'found_animals_mammals_horses_deer', 'bears_weight_standing_body_loads', 'tying_tie_shod_horseshoes_cleats', 'species_varies_size_depending_among', 'feet_protects_protection_keeps_warm', 'shock_absorbs_absorption_walking_shocks', 'leave_mark_marks_tracks_puncture', 'grows_continuously_rapidly_bush_childhood', 'keratin_made_species_animal_material', 'diseases_disease_affected_pneumonia_prone']"
33164,tuna,4.89,4.416666666666667,"[9, 11, 5, 6, 3, 4, 2, 4, 3, 3, 1, 2]","['fish', 'bass', 'pike', 'duck', 'carp']","['fish_attracts_game_popular_species', 'freshwater_lives_saltwater_lakes_ponds', 'fins_flippers_dorsal_flights_fin', 'blue_green_color_shade_dark', 'canned_meat_fresh_product_homemade', 'fishing_overfishing_activities_fisheries_site', 'gills_breathing_underwater_zygote_fathering', 'swims_swim_well_fast_swam', 'streamlined_body_aerodynamic_aerodynamics_designed', 'large_small_size_peas_quite', 'sushi_sashimi_idli_dishes_used', 'migrates_migratory_species_distances_migrate']"
27535,salt,4.89,4.5,"[6, 13, 6, 3, 2, 3, 2, 1]","['spam', 'onyx', 'alum', 'talc', 'well']","['mineral_minerals_composed_stores_essential', 'white_color_off_black_bluish', 'water_used_plumbing_accessing_purification', 'soluble_water_dissolve_dissolved_solution', 'sodium_chloride_composed_high_content', 'salty_taste_flavor_tastes_slightly', 'crystalline_structure_zona_pellucida_diffractive', 'seasoning_food_used_cast_adjust']"
12191,flea,4.89,4.5,"[3, 7, 4, 6, 4, 4, 6, 2]","['lice', 'tick', 'mite', 'bees', 'wasp']","['jump_distances_long_leap_great', 'insect_insects_creepy_presence_crawlies', 'parasitic_parasite_insects_parasites_species', 'legs_six_eight_pairs_five', 'blood_feeds_supply_feed_carries', 'diseases_transmit_transmits_tapeworms_lyme', 'itchy_itching_itch_causes_cause', 'size_small_large_typically_tiny']"
4907,chin,4.89,4.666666666666667,"[12, 5, 2, 2, 4, 3]","['nape', 'shin', 'jowl', 'monk', 'foot']","['skin_covered_covering_exposes_exposed', 'located_back_torso_neck_ankle', 'lips_lip_lower_supports_reads', 'hair_beard_shaves_facial_goatee', 'located_face_head_mouth_sides', 'face_part_eye_human_father']"
4384,cart,4.89,5.666666666666667,"[10, 5, 18, 6, 4, 3, 1, 3, 1]","['reel', 'bike', 'boat', 'dart', 'quad']","['transportation_used_transporting_goods_transport', 'wheels_four_drive_wheel_two', 'wood_metal_made_plastic_materials', 'wheels_wheel_rim_tiller_bearings', 'pull_pulling_pulled_force_tab', 'shopping_used_cashiers_retail_mini', 'drawn_drawing_strokes_drew_animal', 'manual_automatic_motorized_powered_automated', 'hold_holds_materials_items_together']"
5130,clam,4.89,6.090909090909091,"[21, 13, 5, 5, 4, 5, 6, 2, 2, 1, 3]","['kelp', 'crab', 'leek', 'okra', 'mash']","['edible_species_humans_inedible_though', 'soft_inside_bodied_feels_hard', 'soups_stews_used_chowders_soup', 'harvested_harvesting_alginate_oryza_palms', 'gemstone_gemstones_precious_pearls_produce', 'marine_habitat_life_chain_serves', 'sand_dunes_sandy_sanded_burrow', 'shell_mollusk_outer_shells_hinged', 'ocean_lives_floor_seafloor_temperatures', 'filters_water_filtering_food_straining', 'lifespan_years_several_30_short']"
2565,beer,4.88,4.166666666666667,"[3, 5, 3, 4, 8, 5, 5, 4, 3, 5, 4, 1]","['sake', 'soda', 'mead', 'cola', 'wine']","['stored_bottles_containers_tanks_cartridges', 'brewing_beer_breweries_brewed_whiskey', 'pubs_bars_pub_associated_nightclub', 'bitter_taste_slightly_tannins_contains', 'beverage_alcoholic_drink_mulled_japanese', 'alcohol_contains_content_spirits_volume', 'carbonated_still_sometimes_often_fatal', 'cans_bottles_comes_bottle_served', 'foam_foamy_poured_produces_lather', 'made_rice_barley_soybeans_corn', 'glasses_served_mugs_beer_standard', 'ale_lager_stout_varieties_styles']"
23730,pipe,4.88,4.333333333333333,"[8, 3, 5, 3, 5, 2]","['tube', 'rake', 'clip', 'cube', 'plug']","['plastic_metal_made_typically_clay', 'cylindrical_rectangular_filled_tube_zygote', 'hollow_solid_plant_species_body', 'transports_gases_liquids_fluids_substances', 'underground_pit_open_space_economy', 'smoking_cannabis_used_consuming_tobacco']"
18143,lake,4.88,5.444444444444445,"[14, 11, 6, 5, 2, 4, 4, 1, 2]","['pond', 'mere', 'loon', 'boat', 'gulf']","['recreation_recreational_used_activities_leisure', 'freshwater_lives_saltwater_lakes_ponds', 'aquatic_watercraft_animal_supports_life', 'water_body_oceans_bodies_freshwater', 'man_natural_made_naturally_manufactured', 'freeze_winter_frozen_icicles_frosted', 'beaches_beach_shoreline_shores_bed', 'environmental_subject_pollution_pressures_concerns', 'land_enclosed_partially_protects_surrounded']"
15112,hood,4.88,6.166666666666667,"[13, 7, 7, 3, 5, 2]","['robe', 'tent', 'sail', 'nape', 'plug']","['fabric_made_tulle_cloth_denim', 'opening_top_open_front_openings', 'weather_protects_rain_protection_wind', 'removed_detachable_removable_deleted_stripped', 'head_covers_wedge_supports_connects', 'lining_endometrium_lined_called_cotton']"
18223,lard,4.88,6.636363636363637,"[13, 14, 5, 2, 3, 3, 5, 4, 1, 2, 21]","['pork', 'oven', 'fire', 'oats', 'lime']","['white_color_off_black_bluish', 'cooking_used_frying_food_chefs', 'fat_low_content_body_marbled', 'pigs_comes_derived_butchery_pork', 'room_temperature_solid_solidifies_igneous', 'smoke_produces_extinguished_emits_point', 'baking_used_powder_bread_pastries', 'pork_beef_lamb_ham_rendered', 'saturated_fatty_acids_fats_rich', 'cleaning_used_soap_make_mouthwash', 'edible_species_humans_inedible_though']"
2482,bear,4.88,7.5,"[3, 5, 19, 14, 7, 6, 3, 3]","['bats', 'lynx', 'buck', 'deer', 'boar']","['hibernates_hibernate_winter_cold_hibernation', 'stands_standing_upright_stand_hind', 'mammal_mammals_small_mammalian_usually', 'fur_fluffy_hair_brown_looks', 'lives_forests_wooded_forest_areas', 'smell_sense_keen_senses_hearing', 'claws_thorns_two_possesses_perching', 'omnivorous_omnivore_diet_zygote_father']"
9532,dove,4.88,8.9,"[15, 14, 10, 11, 15, 3, 5, 7, 4, 5]","['crow', 'fowl', 'bird', 'swan', 'duck']","['lays_eggs_laying_water_lay', 'bird_part_small_fatale_fatales', 'nests_builds_nest_dome_build', 'feathers_feathery_black_white_vary', 'animal_dog_pet_creature_game', 'fly_cannot_flown_jump_flying', 'habitats_lives_various_variety_diverse', 'domesticated_wild_domestication_worker_humans', 'peace_goodwill_symbolizes_harmony_peacefulness', 'white_black_often_ivory_dots']"
14451,hare,4.88,9.5,"[6, 19, 14, 7, 18, 8, 2, 2]","['deer', 'mice', 'lynx', 'lamb', 'puss']","['prey_predators_preyed_toads_tongue', 'mammal_mammals_small_mammalian_usually', 'fur_fluffy_hair_brown_looks', 'ears_long_tufted_hearing_two', 'tail_short_long_tails_bushy', 'herbivorous_herbivore_herbivores_diet_insectivorous', 'legs_hind_short_long_spurs', 'lives_underground_burrows_caves_live']"
4208,cane,4.87,2.6,"[3, 3, 3, 2, 2]","['tail', 'hill', 'cuff', 'tarp', 'year']","['folded_foldable_storage_flat_fold', 'walking_used_hiking_running_mobility', 'balance_helps_coordination_improves_promotes', 'grip_gripping_rubber_tip_textured', 'age_used_groups_elderly_younger']"
28612,ship,4.87,2.9,"[6, 2, 3, 4, 2, 2, 3, 3, 2, 2]","['boat', 'port', 'semi', 'meld', 'isle']","['cargo_passengers_carries_terminals_carry', 'decks_cards_multiple_sequence_number', 'docking_dock_docked_boats_pier', 'boats_boat_lifeboats_marina_accessible', 'hull_planks_boats_reinforced_strong', 'sails_powered_propulsion_engines_propelled', 'maritime_subject_laws_port_conducts', 'crew_members_fans_team_per', 'navigation_gps_navigational_equipped_radar', 'navigation_maritime_affects_seas_sailing']"
18053,knot,4.87,3.75,"[6, 3, 4, 2]","['loop', 'sail', 'tack', 'glue', 'rope']","['used_sailing_nautical_boats_ships', 'fastening_materials_used_fasten_linear', 'loop_loops_coasters_end_roller', 'rope_string_ropes_tied_done']"
8333,desk,4.87,4.375,"[7, 5, 5, 5, 4, 4, 1, 4]","['deck', 'seat', 'room', 'sofa', 'lyre']","['writing_used_books_calligraphy_text', 'flat_surface_surfaces_top_bottom', 'wood_made_often_handle_plastic', 'furniture_piece_outdoor_part_chairs', 'drawers_furnished_storage_drawer_desks', 'educational_used_education_grading_purposes', 'found_stores_offices_often_hardware', 'adjustable_height_adjusted_width_louvers']"
11415,face,4.87,4.555555555555555,"[5, 9, 7, 6, 5, 3, 1, 3, 2]","['head', 'nose', 'back', 'oval', 'tush']","['mouth_mouthpiece_blowing_wide_mouthfeel', 'body_part_human_object_fault', 'ears_long_tufted_hearing_two', 'skin_brown_soft_smooth_fuzzy', 'identification_used_biometric_identify_forensic', 'nose_nostrils_two_cheeks_either', 'unique_individual_person_individuals_object', 'symmetrical_symmetric_asymmetrical_bilaterally_two', 'eyelashes_eyebrows_irises_lid_fake']"
3486,bowl,4.87,5.333333333333333,"[7, 5, 10, 8, 3, 7, 4, 2, 2]","['dish', 'vase', 'vial', 'sink', 'bath']","['opening_top_open_front_openings', 'food_serving_used_serve_hold', 'glass_made_plastic_metal_sheet', 'container_containers_secure_shipping_comes', 'liquids_holds_holding_liquid_bowl', 'ceramic_porcelain_made_ceramics_stainless', 'kitchens_found_bathrooms_restaurants_dining', 'food_holds_picks_chickens_pot', 'microwave_safe_microwaved_cooking_microwavable']"
15212,hose,4.87,6,"[9, 4, 5, 6, 6]","['cord', 'ball', 'soap', 'rope', 'bath']","['rubber_made_leather_plastic_synthetic', 'flexible_rigid_elasticated_functionality_material', 'coiled_storage_tightly_spooled_hair', 'washing_used_dishes_handwashing_hands', 'water_used_plumbing_accessing_purification']"
1292,anus,4.86,2.625,"[4, 5, 2, 2, 2, 2, 3, 1]","['anal', 'guts', 'stay', 'anew', 'neck']","['located_cavity_abdominal_rectum_chest', 'digestive_system_tract_intestines_stomach', 'feces_expels_animal_forcibly_semen', 'defecation_rectum_bowel_involved_movements', 'sphincter_muscles_sphincters_surrounded_urinary', 'hemorrhoids_site_issues_medical_like', 'persistent_continence_persistence_enduring_maintains', 'endings_nerve_nerves_contains_sensory']"
7082,crib,4.86,3,"[4, 6, 1, 3, 1, 4, 4, 1]","['bunk', 'ream', 'deck', 'cent', 'dice']","['used_sleeping_bedding_mattresses_soothe', 'sides_two_sided_side_six', 'bed_toddler_convertible_infants_baby', 'mattress_500_mattresses_contains_sheets', 'children_nursery_seen_often_placed', 'children_used_adults_play_infants', 'decorated_designs_ornate_carvings_beads', 'stationary_rocking_floating_rock_feature']"
8721,dirt,4.86,3.2,"[3, 3, 4, 3, 3]","['soil', 'ooze', 'stem', 'dune', 'land']","['ground_found_landed_humans_winds', 'organic_matter_contains_inorganic_composed', 'supports_plant_growth_vegetation_life', 'fertile_barren_infertile_environment_pregnant', 'microorganisms_microorganism_hosts_organisms_microbes']"
6043,cone,4.86,3.5,"[2, 5, 2, 5, 5, 5, 3, 4, 2, 2]","['cube', 'mass', 'lane', 'curl', 'pine']","['pointed_end_tapers_one_point', 'base_custard_broth_circular_stock', 'cream_ice_scoops_consume_used', 'shape_geometric_defined_object_shapes', 'hollow_solid_plant_species_body', 'traffic_congestion_used_flow_management', 'volume_varies_density_calculated_vary', 'geometry_mathematics_geometric_3d_used', 'cones_pine_produces_cone_trees', 'area_surface_raised_extent_side']"
27016,rice,4.86,4,"[7, 2, 2, 8, 4, 2, 3]","['bran', 'oats', 'spud', 'corn', 'dung']","['brown_color_brownish_reddish_green', 'carbohydrates_carbohydrate_source_rich_high', 'staple_food_cultures_many_cuisine', 'grains_grain_corn_grained_product', 'cereal_grain_grains_crop_outer', 'flour_ground_hamburger_refine_cornmeal', 'gluten_free_canbe_nature_contains']"
35924,wall,4.86,4.5,"[9, 6, 3, 5, 2, 2]","['door', 'data', 'fame', 'horn', 'well']","['privacy_provides_offers_laws_security', 'sound_produces_blown_sounds_captures', 'painted_varnished_finished_paint_fouling', 'may_mechanism_might_attached_locking', 'stone_made_stones_clay_pit', 'loads_load_heavy_bearing_supports']"
6615,cork,4.86,4.5,"[6, 9, 5, 3, 5, 3, 10, 4, 5, 1, 1, 2]","['silk', 'pier', 'lion', 'yarn', 'lure']","['lightweight_easy_handling_transport_designed', 'biodegradable_options_available_depending_lifecycle', 'elastic_elasticity_inelastic_cuff_pliability', 'seal_seals_sealing_bottles_cap', 'harvested_harvesting_alginate_oryza_palms', 'recyclable_disposal_special_depending_material', 'fishing_used_sport_fish_fishermen', 'brown_color_golden_coat_brownish', 'vibrations_vibration_shuddering_absorbs_detecting', 'bulletin_boards_used_notice_commonly', 'buoyancy_buoyant_flammability_bladders_loss', 'flooring_used_floors_roofs_covering']"
28600,shin,4.86,4.666666666666667,"[12, 4, 2, 5, 2, 3]","['nape', 'foot', 'chin', 'boob', 'hand']","['skin_covered_covering_exposes_exposed', 'protection_protected_guards_shin_protect', 'prone_injuries_sprains_injury_damage', 'located_back_torso_neck_ankle', 'bone_bones_boneless_mortis_rigor', 'leg_located_thigh_knee_end']"
18005,kiwi,4.86,4.7272727272727275,"[6, 6, 3, 6, 6, 7, 5, 3, 4, 4, 2]","['plum', 'lime', 'pear', 'kale', 'beet']","['green_color_inside_putting_occurs', 'fruit_fruits_maturity_vegetables_color', 'vitamin_rich_vitamins_source_potassium', 'shape_round_oval_rounded_shaped', 'skin_brown_soft_smooth_fuzzy', 'raw_eaten_cooked_fried_baked', 'salads_salad_dressings_used_smoothies', 'meat_tender_juicy_flesh_fleshy', 'seeds_contains_seed_tiny_black', 'fibrous_texture_core_root_tissue', 'chinese_china_native_chow_mein']"
33137,tuba,4.86,4.888888888888889,"[9, 5, 5, 10, 4, 4, 3, 3, 1]","['oboe', 'harp', 'lung', 'dive', 'yogi']","['music_used_genres_jazz_songs', 'mouth_mouthpiece_blowing_wide_mouthfeel', 'stands_standing_upright_stand_hind', 'breath_breathing_control_requires_holding', 'orchestras_used_music_orchestral_ensembles', 'pitched_high_low_sound_produces', 'valves_backflow_valve_tap_prevent', 'brass_made_steel_stainless_bronze', 'bell_bells_large_flared_end']"
15437,husk,4.86,5,"[9, 5, 3, 8, 4, 4, 4, 3]","['moat', 'moss', 'junk', 'wood', 'bran']","['biodegradable_options_available_depending_lifecycle', 'gardening_used_mulch_planting_gardens', 'seeds_seed_disperse_pollen_dispersal', 'grains_grain_corn_grained_product', 'fuel_electricity_gasoline_fossil_biomass', 'fibrous_texture_core_root_tissue', 'dry_drying_moist_wet_dried', 'discarded_disposed_often_use_material']"
14704,heel,4.86,5,"[3, 9, 8, 6, 2, 2]","['boot', 'sock', 'shoe', 'clog', 'pair']","['bears_weight_standing_body_loads', 'footwear_shoe_shoes_type_worn', 'foot_covers_feet_ankle_bottom', 'heel_heels_ankle_shoe_height', 'located_bottom_foot_back_cockpit', 'blisters_calluses_blister_prevents_prone']"
32505,tofu,4.86,5.3,"[13, 4, 4, 6, 6, 5, 3, 6, 5, 1]","['idly', 'curd', 'sear', 'veal', 'sake']","['white_color_off_black_bluish', 'used_meat_vegan_vegetarian_food', 'flavor_enhances_flavors_enhance_absorbs', 'texture_soft_rough_chewy_crunchy', 'cuisines_used_dishes_cuisine_various', 'originates_originated_japan_asia_hawaii', 'calories_low_high_calorie_deficit', 'protein_high_rich_fat_higher', 'made_rice_barley_soybeans_corn', 'food_product_item_apply_items']"
21117,nest,4.86,5.571428571428571,"[8, 12, 3, 7, 6, 2, 1]","['coop', 'lair', 'dock', 'mast', 'wing']","['trees_tree_uproot_found_leaf', 'birds_bird_crows_crow_chickens', 'found_environments_outdoors_caves_nature', 'structure_structural_network_unit_basic', 'reusable_reused_disposable_rebuilt_annually', 'eggs_laying_preening_feathers_egg', 'breeding_raising_used_chicks_offspring']"
8548,dice,4.86,5.636363636363637,"[9, 18, 2, 3, 6, 8, 4, 4, 1, 4, 3]","['odds', 'maul', 'boxy', 'dart', 'hint']","['games_used_video_game_darts', 'wood_metal_made_plastic_materials', 'cube_shaped_resembles_recess_rectangle', 'rounded_edges_corners_straight_edge', 'sides_two_sided_side_six', 'plastic_metal_made_typically_clay', 'small_size_sized_island_medium', 'rolls_rolled_comes_steel_cut', 'dots_die_side_six_standard', 'probability_chance_probabilities_associated_randomly', 'betting_gambling_used_bets_bet']"
36716,wool,4.86,5.666666666666667,"[2, 13, 11, 9, 3, 3, 6, 3, 1]","['silk', 'lace', 'mesh', 'pita', 'lacy']","['moisture_absorbs_hygroscopic_rainfall_reduces', 'soft_inside_bodied_feels_hard', 'clothing_used_making_garment_garments', 'biodegradable_options_available_depending_lifecycle', 'dyed_colors_various_different_dyes', 'insulating_insulates_properties_outer_layer', 'comes_animals_cattle_sheep_young', 'woven_knitted_yarn_spun_sewn', 'shrink_washed_shrinkage_shrinking_drying']"
25165,puma,4.86,6.666666666666667,"[19, 18, 4, 3, 2, 5, 3, 3, 3]","['lion', 'lynx', 'hawk', 'puss', 'mole']","['mammal_mammals_small_mammalian_usually', 'tail_short_long_tails_bushy', 'retractable_claws_sharp_zygote_fatale', 'predator_apex_stealthy_weaker_smaller', 'eyesight_keen_vision_night_excellent', 'hunting_hunts_treasure_animals_small', 'native_americas_america_asia_africa', 'solitary_alone_solitude_prefer_isolation', 'lions_lion_cougar_male_mountain']"
36526,wing,4.86,6.666666666666667,"[9, 12, 11, 2, 2, 4]","['flew', 'soar', 'cock', 'fowl', 'dove']","['body_part_human_object_fault', 'birds_bird_crows_crow_chickens', 'feathers_feathery_black_white_vary', 'lift_flight_thrust_airplanes_hollow', 'jumping_used_flying_jump_sports', 'gliding_glides_muscular_soaring_moves']"
35702,vine,4.86,7.4,"[7, 13, 12, 1, 4]","['bush', 'fern', 'tree', 'herb', 'reed']","['stem_stems_slender_tough_square', 'plant_animal_zygote_fathering_fatales', 'leaves_edible_trees_needle_buds', 'tendrils_suckers_battens_support_fashion', 'invasive_unwelcome_non_impolite_native']"
9771,duck,4.86,8.4,"[5, 15, 7, 21, 5, 14, 10, 11, 15, 11, 4, 2, 3, 1, 2]","['gull', 'swan', 'fish', 'fowl', 'bird']","['webbed_feet_lobed_forelimbs_partially', 'lays_eggs_laying_water_lay', 'lives_water_near_bodies_land', 'edible_species_humans_inedible_though', 'hunted_predators_humans_people_sport', 'bird_part_small_fatale_fatales', 'flies_fly_wind_speeds_air', 'feathers_feathery_black_white_vary', 'animal_dog_pet_creature_game', 'freshwater_lives_saltwater_lakes_ponds', 'swims_swim_well_fast_swam', 'migrates_migratory_species_distances_migrate', 'omnivorous_omnivore_diet_zygote_father', 'waddles_quacks_caws_wags_dogs', 'bill_white_number_invoice_serial']"
7845,deer,4.86,9.1,"[5, 19, 14, 18, 7, 4, 8, 5, 9, 2]","['buck', 'stag', 'calf', 'lamb', 'lynx']","['hunted_predators_humans_people_sport', 'mammal_mammals_small_mammalian_usually', 'fur_fluffy_hair_brown_looks', 'tail_short_long_tails_bushy', 'lives_forests_wooded_forest_areas', 'antlers_males_male_grows_typically', 'herbivorous_herbivore_herbivores_diet_insectivorous', 'grazes_grass_plants_graze_grazer', 'hooves_cloven_grows_typically_zygote', 'migrates_seasonally_migration_seasonal_migrate']"
974,ammo,4.85,2.6666666666666665,"[2, 3, 3, 3, 1, 3, 3, 2, 4]","['trap', 'stun', 'stab', 'ripe', 'club']","['stored_stores_barns_warehouses_fields', 'shelf_life_long_shorter_unopened', 'firearms_ammunition_bullets_gun_shot', 'brass_made_steel_stainless_bronze', 'projectile_contains_projectiles_parabolic_reloaded', 'weapon_weapons_used_sword_punch', 'hunting_used_lookout_animals_historically', 'enforcement_law_used_espionage_military', 'lethal_fatal_inhumane_non_considered']"
11394,eyes,4.85,2.8,"[5, 3, 4, 4, 4, 2, 2, 1, 1, 2]","['head', 'face', 'brow', 'tell', 'dual']","['tears_shedding_crying_involves_accompanied', 'colors_come_different_various_coat', 'pairs_pair_comes_two_pairings', 'located_face_head_mouth_sides', 'emotions_express_feelings_convey_emotion', 'eyelashes_eyebrows_irises_lid_fake', 'organs_vision_organ_houses_sense', 'cornea_corneas_visible_pupils_fatty', 'light_detect_cones_detection_rods', 'pupil_optic_nerve_contains_eye']"
3884,bull,4.85,3.75,"[4, 5, 4, 5, 3, 3, 1, 5]","['oxen', 'stag', 'buff', 'kilo', 'swan']","['strength_symbol_symbolizes_virility_bravery', 'cattle_bovine_cow_bull_male', 'horns_horn_car_produced_keyboards', 'muscular_muscle_mass_build_muscles', 'neck_thick_chin_curved_narrow', 'larger_cows_pony_horse_smaller', 'rodeos_rodeo_used_present_events', 'weight_weighs_pounds_grams_ounces']"
20383,mold,4.85,3.7777777777777777,"[2, 3, 4, 3, 5, 1, 4, 4, 8]","['fern', 'moss', 'smut', 'slug', 'mite']","['fungus_fungi_mycorrhiza_symbiotic_relationships', 'texture_flaky_spongy_slimy_fizzy', 'spores_reproduces_via_produces_dark', 'grows_rosette_stalks_bulbs_walls', 'thrives_environments_damp_grows_moist', 'penicillin_production_used_biotechnology_transpiration', 'organic_matter_eats_decaying_feeds', 'decay_spoilage_decomposition_associated_result', 'allergic_reactions_allergies_cause_caused']"
14480,harp,4.85,3.909090909090909,"[3, 5, 4, 5, 5, 3, 4, 4, 3, 5, 2]","['lyre', 'oboe', 'gong', 'tuba', 'yoyo']","['shape_triangular_symmetrical_often_shaped', 'instrument_musical_stringed_instruments_guitars', 'orchestras_used_music_orchestral_ensembles', 'classical_music_contemporary_used_genres', 'melody_melodic_melodies_sounds_produces', 'strings_string_tuning_pegs_gut', 'fingers_plucked_plucking_palm_played', 'sound_soundboard_speakers_keynote_system', 'pedals_treadles_pedal_wah_foot', 'ancient_persia_originated_since_greece', 'resonant_resonating_tone_resonance_body']"
13456,girl,4.85,4.333333333333333,"[5, 3, 5, 4, 5, 4]","['lady', 'teen', 'papa', 'acne', 'kids']","['skirts_skirt_dresses_wear_trousers', 'puberty_secondary_sexual_characteristics_develops', 'human_humanoid_settlement_powered_animal', 'wordplay_dolls_play_may_involve', 'school_attend_attends_schools_high', 'parent_sister_family_female_relative']"
2413,bath,4.85,4.5,"[6, 3, 7, 8, 7, 4, 4, 1, 3, 2]","['sink', 'vase', 'bowl', 'dish', 'soap']","['washing_used_dishes_handwashing_hands', 'bathrooms_bathroom_found_shared_typically', 'hygiene_used_cleaning_smelling_personal', 'container_containers_secure_shipping_comes', 'ceramic_porcelain_made_ceramics_stainless', 'water_holds_hold_watertight_dispense', 'drainage_drain_drains_gutters_drained', 'relaxation_relaxing_promotes_bathing_muscles', 'faucet_source_groundwater_water_drinking', 'freestanding_built_in_mounted_wall']"
29478,snow,4.85,4.545454545454546,"[13, 4, 7, 3, 3, 5, 4, 5, 2, 2, 2]","['hail', 'rain', 'thaw', 'brie', 'arid']","['white_color_off_black_bluish', 'precipitation_rain_rainfall_form_snow', 'melts_heated_molten_rock_melting', 'compact_compacted_snowballs_compaction_snowball', 'cold_snow_used_winter_weather', 'cold_coldness_colder_freezing_moderate', 'winter_cold_climates_snow_associated', 'flooding_prevents_cause_avalanches_sea', 'ice_crystals_consists_snowflake_pellets', 'clouds_falls_sky_cumulus_cumulonimbus', 'accumulate_accumulation_ground_landfills_accumulates']"
31766,tarp,4.85,4.875,"[7, 4, 3, 7, 6, 4, 5, 3]","['tent', 'yard', 'hood', 'bare', 'limo']","['covering_protective_covered_cover_covers', 'tear_ripping_tearing_punctures_tears', 'folded_foldable_storage_flat_fold', 'weather_protects_rain_protection_wind', 'plastic_made_materials_canvas_paper', 'ground_grounding_sheet_inground_staked', 'camping_used_gatherings_occasions_outdoor', 'resistant_water_uv_weather_available']"
14766,hemp,4.85,5,"[5, 13, 9, 7, 4, 5, 1, 2, 2, 2, 5]","['crop', 'sage', 'dill', 'fern', 'aloe']","['paper_used_make_production_products', 'plant_animal_zygote_fathering_fatales', 'biodegradable_options_available_depending_lifecycle', 'green_leaves_fronds_feathery_tops', 'fibers_made_produces_textile_fiber', 'textile_textiles_used_make_industry', 'cannabis_cbd_weed_sativa_cannabidiol', 'therapeutic_psychoactive_effects_effect_achieve', 'cultivated_grown_worldwide_fields_seeds', 'seeds_edible_contain_spice_fruits', 'grows_continuously_rapidly_bush_childhood']"
12378,foam,4.85,5.142857142857143,"[13, 6, 3, 3, 5, 4, 2]","['silk', 'drug', 'tape', 'tutu', 'soak']","['soft_inside_bodied_feels_hard', 'lightweight_easy_handling_transport_designed', 'insulation_lined_used_electrical_quilted', 'packaging_used_bags_rese_packing', 'bubbles_produces_liquid_creates_rising', 'cushions_pillows_blankets_cushioned_plush', 'substance_chemical_unhurriedly_tendency_unclean']"
8793,disc,4.85,5.4,"[8, 2, 5, 10, 2]","['disk', 'sack', 'file', 'foil', 'shed']","['holes_hole_center_18_gap', 'reflective_surface_mirrors_diffraction_side', 'data_stores_store_stored_storage', 'storage_used_store_storing_equipment', 'recording_medium_information_cds_lasers']"
23939,plum,4.85,5.833333333333333,"[7, 3, 8, 21, 6, 6, 6, 4, 3, 4, 1, 1]","['pear', 'kiwi', 'date', 'lime', 'sage']","['dried_fresh_prunes_eaten_used', 'desserts_pies_used_tarts_salads', 'grows_trees_forests_palm_branches', 'edible_species_humans_inedible_though', 'fruit_fruits_maturity_vegetables_color', 'shape_round_oval_rounded_shaped', 'skin_brown_soft_smooth_fuzzy', 'baking_cooking_used_pancakes_lining', 'meat_tender_juicy_flesh_fleshy', 'sweet_taste_tart_sweetened_sweetness', 'yellow_brown_white_green_red', 'jam_jams_made_chutneys_jammed']"
36674,wood,4.85,6.3,"[5, 17, 5, 11, 2, 8, 6, 6, 2, 1]","['clay', 'glue', 'sand', 'lace', 'felt']","['paper_used_make_production_products', 'construction_used_sites_building_demolition', 'carved_sculpture_carving_sculpted_shapes', 'crafts_used_crafting_making_pottery', 'comes_trees_tree_clouds_shrub', 'grains_grain_corn_grained_product', 'fabric_material_piece_strips_band', 'sand_dunes_sandy_sanded_burrow', 'organic_organically_grown_inorganic_conventional', 'hardness_varies_differs_lacks_zygote']"
18101,lace,4.85,6.454545454545454,"[9, 4, 8, 11, 3, 4, 11, 3, 5, 7, 6]","['lacy', 'felt', 'bead', 'mesh', 'zips']","['fashion_used_lingerie_clothing_uniform', 'decoration_used_decorative_decor_tablecloths', 'holes_hole_center_18_gap', 'clothing_used_making_garment_garments', 'dyed_colors_various_different_dyes', 'handmade_made_machine_manufactured_telephone', 'crafts_used_crafting_making_pottery', 'delicate_texture_subtle_thin_appearance', 'white_black_often_ivory_dots', 'weddings_used_wedding_arrangements_floral', 'fabric_material_piece_strips_band']"
3286,bomb,4.84,5.5,"[3, 17, 3, 5, 6, 3, 4, 3]","['nuke', 'rope', 'tank', 'mace', 'slam']","['destruction_collapse_cause_destroys_massive', 'construction_used_sites_building_demolition', 'shock_absorbs_absorption_walking_shocks', 'noise_sound_loud_produces_cracking', 'military_used_operations_rescue_forces', 'weapon_nuclear_destruction_weapons_ancient', 'explosions_explosion_explosive_detonation_detonator', 'warfare_used_combat_fighting_firefighting']"
27436,sack,4.84,5.666666666666667,"[7, 6, 10, 10, 4, 2, 3, 3, 6]","['pack', 'tote', 'clip', 'wrap', 'bike']","['opening_top_open_front_openings', 'shoulders_shoulder_attached_torso_attaches', 'transportation_used_transporting_goods_transport', 'storage_used_store_storing_equipment', 'holds_items_objects_together_hold', 'bag_type_backpacks_bucket_bags', 'sealed_handshake_airtight_signature_cap', 'portable_handheld_individually_sized_fatality', 'reusable_reused_disposable_rebuilt_annually']"
25544,rake,4.84,7.571428571428571,"[5, 13, 16, 5, 8, 2, 4]","['pail', 'prod', 'vice', 'pick', 'plow']","['soil_turns_conditions_decomposes_furrows', 'tool_categorized_garden_instrument_hand', 'handle_long_handles_knob_leverage', 'gardening_used_mulch_planting_gardens', 'plastic_metal_made_typically_clay', 'tines_prongs_teeth_four_tinnitus', 'adjustable_height_adjusted_width_louvers']"
19902,mice,4.84,8.3,"[19, 14, 7, 18, 4, 4, 4, 3, 6, 4]","['puss', 'lynx', 'wolf', 'hare', 'bats']","['mammal_mammals_small_mammalian_usually', 'fur_fluffy_hair_brown_looks', 'ears_long_tufted_hearing_two', 'tail_short_long_tails_bushy', 'nocturnal_mostly_alleged_behavior_creature', 'rodents_rodent_hunts_mice_catches', 'reproduce_reproduces_quickly_rapidly_able', 'whiskers_sensing_environment_zygote_father', 'teeth_sharp_cogs_fine_wide', 'pest_considered_pests_bites_insect']"
17611,jail,4.83,2.8,"[2, 3, 4, 2, 3]","['mall', 'goon', 'yard', 'fund', 'acre']","['rehabilitation_programs_necessitate_therapy_recover', 'security_personnel_bodyguard_guards_emergency', 'fence_fences_fenced_unfenced_walls', 'prisoners_prison_inmates_convicted_holds', 'managed_private_organizations_operated_government']"
19275,mall,4.83,3,"[4, 4, 2, 3, 4, 2, 3, 1, 4]","['cafe', 'show', 'site', 'jail', 'town']","['urban_areas_found_suburban_located', 'restaurants_food_served_serves_courts', 'parking_sidewalks_garages_offers_cars', 'security_personnel_bodyguard_guards_emergency', 'toilets_restrooms_toilet_disposed_latrines', 'escalators_elevators_ladder_bed_climbing', 'theaters_entertainment_comedy_theater_movies', 'stores_multiple_anchor_contains_includes', 'hosts_events_host_community_promotional']"
14961,hive,4.83,3.5,"[8, 3, 4, 3, 1, 2]","['bees', 'mead', 'balm', 'stub', 'nest']","['trees_tree_uproot_found_leaf', 'beeswax_bees_made_shea_butter', 'bees_attracts_butterflies_bee_pollinators', 'honey_fermented_produce_made_stores', 'hexagonal_cells_crystal_hexadecimal_lattice', 'bee_hives_colony_live_beehives']"
36980,yoke,4.83,3.6,"[10, 4, 2, 1, 1]","['mill', 'bale', 'land', 'plow', 'hull']","['agriculture_used_farming_farmers_agricultural', 'neck_necks_covers_located_back', 'bow_stern_bows_loops_front', 'distributes_load_weight_evenly_changes', 'plowing_shoveling_farming_pathways_roads']"
5189,claw,4.83,3.7,"[7, 8, 4, 4, 3, 3, 2, 2, 1, 3]","['hoof', 'gate', 'kill', 'coop', 'peak']","['predators_predatory_predation_associated_protects', 'found_animals_mammals_horses_deer', 'grasping_objects_hold_grasp_used', 'climbing_climb_used_climbable_climbs', 'hunting_used_lookout_animals_historically', 'used_protection_defense_safety_security', 'fossils_fossilized_fossil_cryptozoology_found', 'keratin_made_species_animal_material', 'retractable_fixed_reloadable_retract_extendable', 'marks_leave_scratches_leaves_scars']"
5520,coke,4.83,4.285714285714286,"[5, 4, 8, 5, 6, 3, 5, 3, 5, 4, 5, 3, 3, 1]","['cola', 'soda', 'beer', 'cake', 'flan']","['promoted_promotion_bonuses_promotions_advertising', 'vending_machines_sold_used_stored', 'beverage_alcoholic_drink_mulled_japanese', 'carbonated_still_sometimes_often_fatal', 'sugar_sugars_sweeteners_contains_diet', 'fructose_syrup_corn_sugar_high', 'ice_served_zamboni_cubes_slides', 'caffeine_contains_varieties_available_caffeinated', 'served_cold_hot_chilled_warm', 'cans_bottles_comes_bottle_served', 'flavors_flavored_vanilla_flavor_comes', 'mixer_cocktails_alcoholic_drinks_used', 'worldwide_marketed_globally_consumed_eaten', 'logo_logos_distinctive_company_branding']"
13606,gnat,4.83,6.833333333333333,"[7, 7, 10, 8, 5, 4]","['moth', 'gull', 'duck', 'bees', 'bird']","['lives_water_near_bodies_land', 'insect_insects_creepy_presence_crawlies', 'flies_fly_wind_speeds_air', 'wings_two_pairs_broad_father', 'light_attracted_ray_rays_circular', 'pest_considered_pests_bites_insect']"
22761,palm,4.83,12,[12],"['fall', 'beet', 'herb', 'vine', 'bush']",['leaves_edible_trees_needle_buds']
19084,lung,4.82,3.4545454545454546,"[5, 10, 3, 4, 4, 3, 4, 2, 1, 1, 1]","['guts', 'aids', 'gill', 'spry', 'coma']","['oxygen_respiration_extracts_produces_water', 'breath_breathing_control_requires_holding', 'vitality_vital_health_oxygenating_blood', 'organ_organs_tissue_part_liver', 'located_cavity_abdominal_rectum_chest', 'smoking_cigarette_puff_smoke_draw', 'diseases_disease_affected_pneumonia_prone', 'gel_alveoli_contains_substance_like', 'respiratory_system_part_bronchopulmonary_pneumostome', 'lobes_right_left_three_lobed', 'ribcage_protected_cage_rib_shielded']"
18293,lava,4.82,3.8333333333333335,"[3, 4, 7, 4, 2, 3]","['waxy', 'mesa', 'neon', 'lint', 'glow']","['room_temperature_solid_solidifies_igneous', 'volcanic_volcanoes_eruptions_volcano_lava', 'melts_heated_molten_rock_melting', 'glow_orange_glows_glowing_red', 'flammable_fire_hazard_fires_cause', 'landform_new_create_landmasses_landmass']"
17943,kiln,4.82,4.75,"[5, 4, 11, 3, 3, 4, 4, 4]","['clay', 'reef', 'damn', 'glue', 'weld']","['used_manufacturing_making_industries_die', 'oven_baked_ovens_if_safe', 'crafts_used_crafting_making_pottery', 'chamber_reservoirs_chambers_creates_reservoir', 'made_materials_metal_various_plaster', 'temperature_control_maintains_constant_controlled', 'loading_unloading_goods_door_load', 'temperature_temperatures_high_sensitive_occurs']"
36926,yard,4.82,4.916666666666667,"[2, 5, 5, 14, 4, 4, 4, 5, 3, 2, 6, 5]","['deck', 'boat', 'glen', 'home', 'luau']","['gardens_grown_pots_garden_planted', 'grass_covered_grassy_turf_grasses', 'may_trees_garden_yard_farmhouse', 'recreation_recreational_used_activities_leisure', 'outdoors_outdoor_activities_held_activity', 'measured_inches_centimeters_meters_feet', 'fence_fences_fenced_unfenced_walls', 'camping_used_gatherings_occasions_outdoor', 'lakes_ponds_water_rivers_lake', 'deck_patio_include_board_surrounding', 'apartment_house_living_quarters_residential', 'landscapes_landscape_landscaped_landscaping_natural']"
33140,tube,4.82,6.5,"[4, 17, 10, 9, 3, 5, 3, 1]","['pipe', 'stud', 'pill', 'wiry', 'bong']","['flexible_rigid_elasticated_functionality_material', 'construction_used_sites_building_demolition', 'glass_made_plastic_metal_sheet', 'used_medical_treat_medicine_medication', 'cylindrical_rectangular_filled_tube_zygote', 'hollow_solid_plant_species_body', 'transports_gases_liquids_fluids_substances', 'systems_pneumatic_mechanical_used_hydraulic']"
19142,mace,4.81,3,"[2, 4, 3, 3, 3]","['bomb', 'maul', 'whip', 'helm', 'bolt']","['chain_yank_flail_chains_connecting', 'head_heavy_forehead_metal_weighted', 'weapon_nuclear_destruction_weapons_ancient', 'warfare_used_combat_fighting_firefighting', 'authority_symbolizes_symbol_leadership_power']"
15001,hole,4.81,4.25,"[9, 5, 2, 1]","['clot', 'chop', 'mine', 'moat', 'digs']","['digging_excavation_drilling_dug_drilled', 'dangerous_safe_misused_hazard_safety', 'filled_water_fill_nitrogen_fluid', 'depth_depths_perception_vary_varying']"
13653,gold,4.81,4.3076923076923075,"[2, 3, 6, 2, 6, 7, 9, 6, 4, 5, 2, 1, 3]","['lead', 'foil', 'ruby', 'iron', 'ring']","['ingredients_recipes_purity_karats_measure', 'malleable_soft_bendable_pliable_heated', 'electricity_conducts_conductive_conductor_conduct', 'heat_conducts_conductivity_radiant_poorly', 'metal_metallic_metals_heavy_steel', 'yellow_color_green_orange_yellowish', 'jewelry_used_earrings_piece_making', 'metal_made_metals_alloyed_plastic', 'valuable_scarcity_due_value_desirable', 'earth_crust_surface_mined_found', 'shiny_appearance_glistening_looks_sparkly', 'ductile_blockages_ducts_arise_may', 'dense_density_less_heavy_fog']"
4110,cake,4.81,4.375,"[3, 6, 4, 6, 5, 5, 3, 3]","['flan', 'soda', 'coke', 'cola', 'malt']","['layers_multiple_consists_strength_safety', 'flour_wheat_made_aerate_whole', 'decorated_designs_ornate_carvings_beads', 'sugar_sugars_sweeteners_contains_diet', 'flavors_flavored_vanilla_flavor_comes', 'dessert_desserts_served_eaten_type', 'sweet_opposite_usually_often_zygote', 'occasions_special_occasion_anniversaries_weddings']"
27078,ring,4.81,4.888888888888889,"[8, 4, 9, 4, 6, 2, 7, 3, 1]","['opal', 'ruby', 'gold', 'posy', 'oval']","['circular_shape_circle_resembles_elongated', 'fingers_thumb_five_worn_slot', 'jewelry_used_earrings_piece_making', 'gemstone_gemstones_precious_pearls_produce', 'metal_made_metals_alloyed_plastic', 'succession_heirloom_passed_heirlooms_council', 'weddings_used_wedding_arrangements_floral', 'commitment_symbolizes_committed_serves_moral', 'engraved_engravings_decorated_text_engraving']"
27388,rump,4.81,5.6,"[5, 6, 5, 7, 5]","['hock', 'lean', 'lamb', 'slim', 'body']","['animal_part_anatomy_located_rear', 'muscles_contains_made_muscle_skin', 'fat_low_content_body_marbled', 'meat_cut_beef_pork_meats', 'located_back_torso_neck_ankle']"
17864,kale,4.81,5.818181818181818,"[7, 21, 7, 4, 3, 4, 7, 5, 2, 3, 1]","['leek', 'beet', 'pear', 'meat', 'kiwi']","['stem_stems_slender_tough_square', 'edible_species_humans_inedible_though', 'green_leaves_fronds_feathery_tops', 'vegetable_cabbage_family_root_member', 'curly_wavy_straight_hair_straightening', 'bitter_taste_slightly_tannins_contains', 'raw_eaten_cooked_fried_baked', 'salads_salad_dressings_used_smoothies', 'fiber_dietary_source_contains_natural', 'calories_low_high_calorie_deficit', 'rich_vitamins_minerals_nutrients_iron']"
9470,door,4.81,7,"[6, 4, 4, 9, 16, 5, 18, 5, 3, 5, 2]","['reel', 'sill', 'gate', 'maul', 'ward']","['building_part_architecture_larger_covers', 'rooms_room_multiple_bedrooms_contains', 'security_measures_provides_cybersecurity_offers', 'privacy_provides_offers_laws_security', 'handle_long_handles_knob_leverage', 'locked_locking_lockable_security_unlocked', 'wood_metal_made_plastic_materials', 'may_mechanism_might_attached_locking', 'hinges_bolts_frames_extra_equipped', 'entrance_exit_entrances_exits_entry', 'window_windows_frame_supports_large']"
12429,food,4.8,3.8,"[4, 3, 7, 3, 2]","['diet', 'beet', 'leek', 'meat', 'kiwi']","['nutrition_nutritional_dietary_value_supplement', 'calories_counting_burns_calorific_calorie', 'raw_eaten_cooked_fried_baked', 'spoil_spoiled_spoiling_spoilage_perceived', 'solid_liquid_solids_gas_liquids']"
3211,boar,4.8,4.090909090909091,"[5, 7, 5, 2, 5, 5, 3, 6, 3, 2, 2]","['bear', 'deer', 'duck', 'stag', 'kick']","['hunted_predators_humans_people_sport', 'lives_forests_wooded_forest_areas', 'roots_root_leaves_true_stems', 'wild_animal_counterparts_aggressive_domestic', 'aggressive_threatened_non_intimidating_aggressiveness', 'noise_sound_loud_produces_cracking', 'husk_tusks_husks_encased_green', 'smell_sense_keen_senses_hearing', 'omnivorous_omnivore_diet_zygote_father', 'pig_pigs_distress_noise_indicative', 'male_sex_biological_sows_boars']"
31728,tank,4.8,4.166666666666667,"[7, 3, 3, 6, 3, 3]","['bomb', 'army', 'halt', 'ruse', 'goat']","['weapons_carry_looting_involve_armaments', 'terrain_rough_traverse_steep_climb', 'firearms_ammunition_bullets_gun_shot', 'military_used_operations_rescue_forces', 'warfare_used_combat_fighting_firefighting', 'warfare_missions_tanks_participates_armored']"
9020,disk,4.8,5.4,"[8, 7, 5, 3, 4]","['disc', 'node', 'bore', 'slab', 'mesa']","['holes_hole_center_18_gap', 'flat_topped_circular_bottomed_rate', 'data_stores_store_stored_storage', 'magnetic_magnets_ferromagnetic_electromagnet_resonance', 'software_version_distribution_hardware_utilizes']"
17663,jeep,4.8,5.555555555555555,"[2, 6, 5, 14, 8, 5, 6, 3, 1]","['quad', 'deck', 'taxi', 'bike', 'pond']","['rugged_shield_hard_sturdy_build', 'vehicle_automobile_road_part_car', 'wheels_four_drive_wheel_two', 'recreation_recreational_used_activities_leisure', 'vehicles_used_bicycles_road_off', 'elevated_ground_surrounding_clearance_level', 'military_used_operations_rescue_forces', 'backrest_armrests_spare_tire_mounted', 'shape_resembles_shaped_boxy_slits']"
2570,beet,4.8,5.7,"[12, 4, 6, 8, 7, 4, 7, 5, 3, 1]","['kale', 'leek', 'fern', 'spud', 'bush']","['leaves_edible_trees_needle_buds', 'grows_underground_ground_close_tuber', 'cuisines_used_dishes_cuisine_various', 'stain_stains_surfaces_clothes_fabrics', 'green_leaves_fronds_feathery_tops', 'vegetable_cabbage_family_root_member', 'raw_eaten_cooked_fried_baked', 'salads_salad_dressings_used_smoothies', 'yellow_red_color_stripes_kernels', 'earthy_taste_smell_sweet_smells']"
5105,city,4.79,3.4,"[7, 2, 4, 2, 4, 2, 3, 1, 5, 4]","['town', 'slum', 'prom', 'quiz', 'toll']","['educational_institutions_students_settings_schools', 'pollution_levels_rural_higher_experiences', 'areas_recreational_area_parks_activities', 'population_populated_densely_density_area', 'buildings_building_towers_skyscrapers_skyline', 'governance_governing_involved_bodies_body', 'urban_areas_towns_area_city', 'transportation_public_hub_options_travel', 'museums_galleries_exhibits_theaters_exhibition', 'roads_infrastructure_bridges_highways_connected']"
29061,skin,4.79,3.4285714285714284,"[3, 3, 8, 3, 2, 2, 5, 4, 3, 3, 2, 5, 3, 2]","['pore', 'acne', 'bone', 'soil', 'sand']","['covers_body_legs_upper_lower', 'layers_multiple_consists_strength_safety', 'color_varies_brown_depending_yellow', 'acne_pimples_site_develop_formation', 'pores_clogged_porous_stomata_blocked', 'signs_aging_shows_deterioration_wrinkles', 'sweat_glands_sweating_absorbs_releases', 'temperature_regulate_homeostasis_body_helps', 'adorned_jewelry_necklaces_tattoos_tattooed', 'sheds_regrows_cells_regularly_dead', 'organs_internal_protects_protection_used', 'heals_heal_time_healing_injured', 'tan_tanned_tanning_sunlight_sun', 'senses_hearing_touch_sight_five']"
36518,wine,4.79,3.857142857142857,"[8, 5, 3, 4, 4, 1, 2]","['mead', 'beer', 'sake', 'cola', 'mull']","['beverage_alcoholic_drink_mulled_japanese', 'alcohol_contains_content_spirits_volume', 'aged_barrels_flavor_enhance_bottles', 'sweet_taste_tart_sweetened_sweetness', 'glasses_served_mugs_beer_standard', 'grapes_fermented_vineyards_wine_produced', 'varieties_coleslaw_comes_different_white']"
5521,cola,4.79,3.8666666666666667,"[3, 4, 8, 5, 6, 3, 5, 3, 5, 4, 3, 2, 3, 3, 1]","['coke', 'soda', 'beer', 'mead', 'flan']","['savory_taste_flavor_distinctive_distinct', 'brown_color_golden_coat_brownish', 'beverage_alcoholic_drink_mulled_japanese', 'carbonated_still_sometimes_often_fatal', 'sugar_sugars_sweeteners_contains_diet', 'fructose_syrup_corn_sugar_high', 'ice_served_zamboni_cubes_slides', 'caffeine_contains_varieties_available_caffeinated', 'served_cold_hot_chilled_warm', 'cans_bottles_comes_bottle_served', 'mixer_cocktails_alcoholic_drinks_used', 'phosphoric_acid_contains_colas_often', 'worldwide_marketed_globally_consumed_eaten', 'sweet_opposite_usually_often_zygote', 'pepsi_marketed_coca_cola_brands']"
27228,roof,4.79,4.4,"[6, 7, 7, 2, 3, 6, 3, 4, 2, 4]","['deck', 'eave', 'dent', 'cast', 'sink']","['building_part_architecture_larger_covers', 'weather_protects_rain_protection_wind', 'flat_topped_circular_bottomed_rate', 'chimneys_vents_ventilation_may_windows', 'made_materials_metal_various_plaster', 'lighting_headlights_skylights_lights_equipped', 'support_structural_provides_supports_poles', 'drainage_drain_drains_gutters_drained', 'structure_structures_structurally_part_man', 'aesthetic_aesthetics_aesthetically_pleasing_appeal']"
27236,room,4.79,4.533333333333333,"[9, 5, 4, 10, 2, 5, 3, 6, 5, 4, 3, 3, 3, 2, 4]","['shed', 'loft', 'lift', 'barn', 'hall']","['door_doors_open_opening_four', 'public_private_privately_publicly_owned', 'decorated_designs_ornate_carvings_beads', 'storage_used_store_storing_equipment', 'windows_may_limited_large_refer', 'walls_thick_reinforcements_drawings_writings', 'acoustically_acoustics_sound_efficient_designed', 'lighting_headlights_skylights_lights_equipped', 'furniture_piece_outdoor_part_chairs', 'drawers_furnished_storage_drawer_desks', 'enclosed_space_open_surrounded_spaces', 'ceiling_high_ceilings_chandeliers_ceilinged', 'floor_plan_floors_buttons_selection', 'infrastructure_outlets_may_electrical_inadequate', 'used_purposes_collecting_puzzles_instructions']"
3249,body,4.79,4.8,"[6, 12, 7, 5, 4, 4, 2, 4, 3, 1]","['arms', 'limb', 'back', 'bone', 'hand']","['muscles_contains_made_muscle_skin', 'skin_covered_covering_exposes_exposed', 'contains_bones_marrow_knuckles_organs', 'oxygen_respiration_extracts_produces_water', 'reproduce_reproduces_quickly_rapidly_able', 'skeletal_skeleton_structure_part_system', 'waste_produces_produced_production_wastewater', 'temperature_regulate_homeostasis_body_helps', 'lifespan_years_several_30_short', 'movement_capable_move_reachable_impede']"
2341,barn,4.79,5.625,"[9, 4, 4, 4, 5, 7, 10, 2]","['silo', 'shed', 'room', 'home', 'pack']","['door_doors_open_opening_four', 'roof_pitched_roofs_shelter_edge', 'farms_found_typically_often_farm', 'livestock_grazing_used_pastures_animals', 'shelter_shelters_provides_makeshift_animals', 'structure_structural_network_unit_basic', 'storage_used_store_storing_equipment', 'grain_stores_silage_pollen_storage']"
12090,flag,4.79,6.333333333333333,"[13, 13, 10, 2, 2, 2, 10, 3, 2]","['sail', 'peso', 'plus', 'card', 'grid']","['fabric_made_tulle_cloth_denim', 'symbol_symbolized_ne_pb_zn', 'flies_fly_wind_speeds_air', 'insignia_emblems_emblem_symbols_symbol', 'mast_masts_attached_mourning_boom', 'national_symbols_features_symbol_country', 'rectangular_shape_square_round_rectangles', 'etiquette_manners_good_subject_protocols', 'displays_colors_color_play_of']"
5419,cock,4.79,6.571428571428571,"[12, 14, 11, 3, 2, 1, 3]","['fowl', 'gull', 'crow', 'beak', 'swan']","['birds_bird_crows_crow_chickens', 'bird_part_small_fatale_fatales', 'feathers_feathery_black_white_vary', 'hair_comb_beard_chauffeur_top', 'bulb_wattle_wattles_lamp_packaging', 'male_female_chicken_males_ruler', 'sperm_fertilized_fertilizes_eggs_produces']"
18806,loaf,4.79,6.875,"[6, 21, 6, 8, 7, 3, 2, 2]","['roll', 'pita', 'bake', 'mill', 'pork']","['crust_browned_creates_crustacean_caramelized', 'edible_species_humans_inedible_though', 'flour_wheat_made_aerate_whole', 'grains_grain_corn_grained_product', 'sandwiches_used_topping_making_make', 'bread_type_shape_spread_biscuit', 'sliced_slice_pickled_crushed_cut', 'dough_made_batter_transforms_leavened']"
15123,hook,4.79,7.428571428571429,"[11, 7, 13, 10, 6, 3, 2]","['vise', 'axes', 'boat', 'wool', 'darn']","['clothing_used_making_garment_garments', 'sharp_sharpened_blade_blunt_tool', 'tool_categorized_garden_instrument_hand', 'fishing_used_sport_fish_fishermen', 'curved_shape_curvature_curves_surface', 'hanging_used_objects_hold_holding', 'walls_mounted_wall_ceiling_installed']"
36639,wolf,4.79,8.625,"[3, 19, 14, 18, 2, 6, 6, 1]","['puss', 'mice', 'lion', 'bear', 'dogs']","['carnivore_carnivores_omnivore_herbivore_smaller', 'mammal_mammals_small_mammalian_usually', 'fur_fluffy_hair_brown_looks', 'tail_short_long_tails_bushy', 'roars_howls_roar_howl_frightening', 'teeth_sharp_cogs_fine_wide', 'smell_sense_keen_senses_hearing', 'packs_lives_hunts_alpha_pack']"
2272,bank,4.78,2.769230769230769,"[3, 3, 6, 3, 6, 2, 3, 3, 1, 2, 2, 1, 1]","['bond', 'lend', 'loan', 'porn', 'rent']","['regulated_laws_government_agencies_policies', 'exchange_exchanged_currency_currencies_foreign', 'building_part_architecture_larger_covers', 'lender_borrower_mortgages_loans_offers', 'interest_accrues_accrue_loans_pays', 'financial_banking_institution_banks_services', 'insurance_healthcare_access_retirement_benefits', 'stores_money_valuables_well_storehouse', 'accounts_savings_account_offers_checking', 'atms_withdrawn_teller_dispensed_withdrawal', 'deposit_deposited_checks_paychecks_security', 'credit_cards_debit_check_card', 'transfers_transfer_transferring_data_something']"
36982,yolk,4.78,3.5,"[7, 3, 3, 4, 3, 1]","['gold', 'feed', 'taxi', 'malt', 'mayo']","['yellow_color_green_orange_yellowish', 'embryo_foals_developing_birth_gives', 'used_make_making_sauces_malted', 'vitamins_minerals_vitamin_contains_fortified', 'egg_eggs_white_separated_topped', 'cholesterol_levels_lower_high_contains']"
28056,seat,4.78,3.6,"[4, 5, 3, 2, 4]","['sofa', 'desk', 'room', 'butt', 'rake']","['sitting_used_designed_lounging_posting', 'furniture_piece_outdoor_part_chairs', 'backrest_armrests_spare_tire_mounted', 'upholstered_leather_fabric_padded_inside', 'adjustable_height_adjusted_width_louvers']"
21798,oats,4.78,5.545454545454546,"[6, 5, 21, 4, 3, 4, 4, 6, 3, 3, 2]","['bran', 'rice', 'corn', 'okra', 'whey']","['used_cosmetics_products_skincare_lips', 'baking_used_powder_bread_pastries', 'edible_species_humans_inedible_though', 'cereal_grain_grains_crop_outer', 'husk_tusks_husks_encased_green', 'rolls_rolled_comes_steel_cut', 'cooked_texture_chewy_crispy_mucilaginous', 'milk_produces_ducts_produce_component', 'cereals_breakfast_cereal_used_granola', 'gluten_free_canbe_nature_contains', 'nutty_flavor_mild_rich_fruity']"
21999,okra,4.78,5.777777777777778,"[21, 3, 4, 5, 5, 4, 4, 4, 2]","['pear', 'leek', 'bean', 'kale', 'meat']","['edible_species_humans_inedible_though', 'green_skin_yellow_blackheads_red', 'grilled_fried_boiled_roasted_baked', 'soups_stews_used_chowders_soup', 'thrives_environments_damp_grows_moist', 'vegetable_cabbage_family_root_member', 'cooked_texture_chewy_crispy_mucilaginous', 'seeds_contains_seed_tiny_black', 'cuisine_common_cuisines_western_popular']"
7760,deck,4.77,5,"[4, 6, 2, 6, 7, 14, 5, 4, 5, 4, 5, 4, 5, 2, 2]","['step', 'jeep', 'room', 'yard', 'tier']","['barbecues_grilling_barbecue_grill_charcoal', 'seating_arrangements_area_outdoor_seat', 'levels_level_multiple_different_security', 'building_part_architecture_larger_covers', 'weather_protects_rain_protection_wind', 'recreation_recreational_used_activities_leisure', 'flat_surface_surfaces_top_bottom', 'decorated_designs_ornate_carvings_beads', 'maintenance_requires_regular_require_cleaning', 'outdoors_outdoor_activities_held_activity', 'elevated_ground_surrounding_clearance_level', 'railings_safety_handrails_guardrails_handrail', 'furniture_piece_outdoor_part_chairs', 'attached_objects_house_surfaces_spigots', 'stairs_staircase_accessible_via_access']"
27347,ruby,4.77,5.454545454545454,"[5, 7, 6, 9, 4, 10, 6, 4, 3, 4, 2]","['opal', 'bead', 'gold', 'ring', 'jade']","['durable_durability_hard_sturdy_lasting', 'measured_measurement_voltmeter_calculated_scales', 'synthetic_natural_organic_candy_grass', 'jewelry_used_earrings_piece_making', 'gemstone_gemstones_precious_pearls_produce', 'transparent_opaque_transparency_translucent_colored', 'red_color_white_rosé_reddish', 'valuable_scarcity_due_value_desirable', 'hard_tough_reputation_opposite_difficult', 'love_symbolizes_romance_symbol_affection', 'crystalline_structure_zona_pellucida_diffractive']"
24115,pool,4.77,5.5,"[6, 10, 4, 14, 4, 4, 5, 5, 1, 2]","['pond', 'plug', 'mere', 'lake', 'whey']","['diving_dives_board_scuba_fish', 'rectangular_shape_square_round_rectangles', 'swimming_freestyle_breaststroke_lessons_styles', 'recreation_recreational_used_activities_leisure', 'indoors_outdoors_found_occur_indoor', 'ground_grounding_sheet_inground_staked', 'exercise_used_training_fitness_exercises', 'water_body_oceans_bodies_freshwater', 'end_shallow_deep_ditch_wide', 'deck_patio_surrounded_located_area']"
4249,cape,4.77,6.5,"[9, 4]","['vest', 'gown', 'spur', 'garb', 'coat']","['worn_protection_torso_shoulders_ages', 'scenic_views_offers_vantage_scenery']"
30135,spud,4.76,3.4,"[4, 3, 4, 1, 3, 5, 4, 2, 6, 2]","['chip', 'rice', 'beet', 'corn', 'veal']","['potatoes_potato_made_often_term', 'tubular_tubeless_tuber_tubers_tubing', 'grows_underground_ground_close_tuber', 'starchy_starch_breakdown_potatoes_begins', 'food_mashed_scavenges_snack_comfort', 'baked_goods_fried_cookies_good', 'grilled_fried_boiled_roasted_baked', 'carbohydrates_carbohydrate_source_rich_high', 'cuisines_used_dishes_cuisine_various', 'staple_food_cultures_many_cuisine']"
20312,mitt,4.76,4.428571428571429,"[9, 2, 3, 9, 4, 3, 1]","['puck', 'ball', 'posy', 'toss', 'shoe']","['sports_used_hockey_basketball_games', 'crease_padding_creases_bend_lines', 'hand_hands_wrist_covers_ends', 'rubber_made_leather_plastic_synthetic', 'fingers_thumb_five_worn_slot', 'hand_held_one_traditionally_handedness', 'glove_typeface_type_set_fatuus']"
33218,tusk,4.76,5.125,"[9, 8, 7, 3, 5, 6, 1, 2]","['fang', 'pore', 'bury', 'arch', 'cusp']","['digging_excavation_drilling_dug_drilled', 'found_animals_mammals_horses_deer', 'teeth_tooth_baby_develops_dental', 'mouth_visible_pucker_moistens_outside', 'carved_sculpture_carving_sculpted_shapes', 'curved_shape_curvature_curves_surface', 'ivory_made_poached_carved_sought', 'conservation_efforts_poaching_subject_ethical']"
2425,bats,4.76,6.454545454545454,"[7, 3, 19, 14, 4, 10, 8, 2, 1, 1, 2]","['bird', 'lynx', 'mole', 'mice', 'bear']","['insects_eats_seeds_worms_feeds', 'hibernates_hibernate_winter_cold_hibernation', 'mammal_mammals_small_mammalian_usually', 'fur_fluffy_hair_brown_looks', 'nocturnal_mostly_alleged_behavior_creature', 'flies_fly_wind_speeds_air', 'wings_two_pairs_broad_father', 'roost_trees_perches_upside_coops', 'echolocation_echo_use_animals_location', 'diseases_carry_may_zygote_fatalism', 'colonies_live_lives_forms_form']"
27141,road,4.75,3.272727272727273,"[6, 3, 4, 2, 5, 3, 2, 3, 3, 2, 3]","['path', 'lane', 'ford', 'sack', 'pave']","['shoulders_shoulder_attached_torso_attaches', 'asphalt_concrete_gravel_materials_stones', 'network_paths_pathway_internodes_complex', 'paved_unpaved_pathways_dirt_rural', 'maintenance_requires_regular_require_cleaning', 'weather_conditions_affected_subject_climate', 'lanes_parallel_multiple_supermarket_lap', 'pedestrians_vehicles_used_sidewalks_pedestrianism', 'traffic_lights_marked_markings_lines', 'toll_tolls_booths_collected_usage', 'bridge_bridges_drawbridge_tunnels_crossing']"
35510,veal,4.75,4.6,"[6, 7, 6, 4, 6, 5, 6, 2, 3, 1]","['beef', 'meat', 'pita', 'tofu', 'loin']","['cuisines_used_dishes_cuisine_various', 'meat_cut_beef_pork_meats', 'protein_high_rich_fat_higher', 'cuts_loin_different_sirloin_chops', 'flavor_mild_taste_rich_onion', 'cattle_bovine_cow_bull_male', 'comes_animals_cattle_sheep_young', 'meat_type_substitute_based_canned', 'tender_juicy_touch_lean_fatigue', 'controversial_concerns_welfare_animal_due']"
14558,head,4.75,4.666666666666667,"[5, 9, 7, 3, 4, 3, 3, 2, 6]","['face', 'oral', 'sole', 'lynx', 'hear']","['mouth_mouthpiece_blowing_wide_mouthfeel', 'body_part_human_object_fault', 'ears_long_tufted_hearing_two', 'eyes_two_red_one_side', 'neck_necks_covers_located_back', 'brain_neurons_contains_nervous_generated', 'nose_nostrils_two_cheeks_either', 'organs_vision_organ_houses_sense', 'emotions_expresses_emotion_strong_facial']"
18042,knob,4.75,4.75,"[2, 10, 3, 4]","['tray', 'dish', 'sewn', 'vane', 'vase']","['grip_gripping_rubber_tip_textured', 'decorative_plain_utilitarian_ornate_decoration', 'doors_open_used_knocking_close', 'drawers_furnished_storage_drawer_desks']"
4026,butt,4.75,4.875,"[9, 12, 4, 5, 4, 2, 2, 1]","['tush', 'back', 'boob', 'foot', 'nape']","['body_part_human_object_fault', 'skin_covered_covering_exposes_exposed', 'tendons_muscles_ligaments_gluteal_tendon', 'sensitive_touch_sensitivity_nerve_stimulation', 'sitting_used_designed_lounging_posting', 'spine_column_spinal_located_end', 'fat_store_stores_rich_fats', 'strengthened_exercise_exercises_strengthening_rump']"
33252,twig,4.75,5.222222222222222,"[12, 5, 4, 10, 3, 2, 3, 2, 6]","['tree', 'wilt', 'bird', 'beet', 'cord']","['leaves_edible_trees_needle_buds', 'broken_fragile_damaged_snapped_easily', 'thin_sheet_material_flat_strip', 'nests_builds_nest_dome_build', 'branches_algebra_geometry_calculus_branch', 'comes_trees_tree_clouds_shrub', 'ground_found_landed_humans_winds', 'fires_fire_used_tinder_firefighters', 'length_varies_lengths_comes_various']"
19402,mare,4.75,5.230769230769231,"[18, 7, 4, 8, 3, 5, 9, 2, 3, 3, 3, 2, 1]","['pony', 'colt', 'lamb', 'deer', 'foal']","['tail_short_long_tails_bushy', 'domesticated_wild_domestication_worker_humans', 'horse_young_adult_stallion_sheep', 'herbivorous_herbivore_herbivores_diet_insectivorous', 'embryo_foals_developing_birth_gives', 'mane_tail_stalk_males_male', 'hooves_cloven_grows_typically_zygote', 'herds_lives_live_bachelor_small', 'equestrian_sports_equestrianism_used_competitions', 'larger_cows_pony_horse_smaller', 'lifespan_years_several_30_short', 'gallop_slower_galloping_gallops_movement', 'eats_grass_hay_grains_seeds']"
27746,scar,4.74,1.6666666666666667,"[3, 1, 1]","['spot', 'bump', 'zing', 'kite', 'sand']","['skin_appear_mark_blemish_underneath', 'surgery_injury_rupture_subjected_severe', 'cosmetic_surgery_procedures_liposuction_skincare']"
22911,park,4.74,3.1666666666666665,"[5, 4, 3, 4, 1, 2]","['town', 'room', 'cave', 'mall', 'city']","['public_private_privately_publicly_owned', 'areas_recreational_area_parks_activities', 'lakes_ponds_water_rivers_lake', 'hosts_events_host_community_promotional', 'open_spaces_space_green_openness', 'benches_lights_cabin_picnic_tables']"
2551,beef,4.74,3.8461538461538463,"[5, 6, 4, 3, 3, 6, 4, 3, 6, 4, 2, 2, 2]","['meat', 'veal', 'pork', 'loin', 'wine']","['fat_low_content_body_marbled', 'protein_high_rich_fat_higher', 'cuts_loin_different_sirloin_chops', 'savory_taste_flavor_distinctive_distinct', 'aged_barrels_flavor_enhance_bottles', 'red_color_white_rosé_reddish', 'ground_grounding_sheet_inground_staked', 'refrigeration_refrigerated_perishable_stored_needs', 'comes_animals_cattle_sheep_young', 'iron_source_steel_curling_smelting', 'meat_type_substitute_based_canned', 'steaks_steak_served_eaten_fillets', 'roasted_grilled_roasting_roast_often']"
28965,sink,4.74,4.375,"[6, 3, 4, 7, 4, 4, 4, 3]","['bath', 'bowl', 'taps', 'vase', 'hull']","['washing_used_dishes_handwashing_hands', 'bathrooms_bathroom_found_shared_typically', 'ship_undermount_vessel_part_boat', 'ceramic_porcelain_made_ceramics_stainless', 'water_holds_hold_watertight_dispense', 'kitchens_found_bathrooms_restaurants_dining', 'drainage_drain_drains_gutters_drained', 'faucet_source_groundwater_water_drinking']"
9778,duct,4.74,4.428571428571429,"[6, 4, 2, 4, 8, 3, 4]","['vent', 'wire', 'wrap', 'tube', 'oven']","['buildings_found_ceilings_entrances_often', 'heating_systems_used_cooling_hvac', 'waste_material_considered_plumbing_carries', 'insulated_heat_loss_prevent_retain', 'cylindrical_shape_body_spherical_elongated', 'transports_gases_liquids_fluids_substances', 'flexible_rigid_allowing_determined_stiff']"
9428,dome,4.74,4.75,"[9, 6, 5, 3, 2, 4, 3, 6]","['arch', 'hall', 'duct', 'base', 'tidy']","['sports_used_hockey_basketball_games', 'buildings_found_ceilings_entrances_often', 'space_empty_encloses_spaces_occupies', 'astronomical_celestial_astronomers_telescopes_studied', 'architectural_architecture_design_feature_element', 'supports_structures_support_objects_structure', 'acoustically_acoustics_sound_efficient_designed', 'curved_shape_curvature_curves_surface']"
32916,tray,4.74,6.363636363636363,"[5, 10, 5, 18, 4, 5, 2, 5, 10, 4, 2]","['dish', 'case', 'sill', 'tote', 'bunk']","['compartments_compartment_inside_pockets_tray', 'rectangular_shape_square_round_rectangles', 'food_serving_used_serve_hold', 'wood_metal_made_plastic_materials', 'slip_surface_non_slipping_on', 'edge_ridged_edges_ridges_raised', 'restaurants_used_cafeterias_dining_hospitality', 'carrying_carry_used_items_liquids', 'decorative_plain_utilitarian_ornate_decoration', 'dishwasher_safe_wash_washed_hand', 'stackable_stacked_stacks_storage_arranged']"
19313,mane,4.73,3,"[3, 3]","['roar', 'slug', 'puma', 'kilt', 'fern']","['tentacles_sporran_head_found_neck', 'lions_lion_cougar_male_mountain']"
35938,wand,4.73,3.8333333333333335,"[10, 6, 2, 2, 2, 1]","['myth', 'slay', 'typo', 'joke', 'muse']","['folklore_mythology_mythical_creature_myths', 'length_varies_lengths_comes_various', 'magic_wizards_magicians_used_magical', 'spellcheckers_spells_detected_casts_casting', 'core_magical_substances_cores_contain', 'power_absolute_symbolic_symbol_struggle']"
32506,toga,4.73,4.333333333333333,"[4, 7, 3, 4, 5, 3]","['vest', 'robe', 'gown', 'suit', 'kilt']","['garment_textile_garments_part_set', 'sleeves_sleeveless_sleeve_sleeved_long', 'roman_named_goddess_juno_caesar', 'wool_made_linen_shorn_blend', 'white_black_often_ivory_dots', 'worn_occasions_formal_attire_ceremonial']"
23740,piss,4.73,4.571428571428571,"[6, 7, 4, 6, 2, 3, 4]","['snot', 'peed', 'poop', 'shit', 'wasp']","['excreted_body_excretion_decompose_animals', 'yellow_color_green_orange_yellowish', 'bodily_fluid_transmitted_fluids_orifice', 'liquid_liquids_semi_food_wet', 'smell_distinctive_distinct_odor_smells', 'urination_bladder_urethra_pee_peed', 'sterile_fresh_reproduce_cannot_packaged']"
32537,tomb,4.73,4.714285714285714,"[14, 5, 2, 4, 1, 4, 3]","['bury', 'arch', 'tree', 'isle', 'bird']","['size_varies_large_small_color', 'underground_pit_open_space_economy', 'cemeteries_burial_place_remains_dead', 'stone_made_brick_diamonds_often', 'inscriptions_inscription_may_kanji_runes', 'mourning_funerals_associated_deceased_respect', 'tourist_attraction_destination_pilgrimage_attractions']"
37001,yoyo,4.73,5.222222222222222,"[18, 5, 7, 3, 2, 2, 3, 6, 1]","['bunk', 'sofa', 'sled', 'seal', 'boat']","['wood_metal_made_plastic_materials', 'ancient_persia_originated_since_greece', 'sleep_sleeps_rest_sleeping_string', 'toy_toys_slime_plays_children', 'axle_axles_string_disks_central', 'tricks_perform_trained_performing_magic', 'entertainment_used_movies_culture_theaters', 'children_child_parents_rearing_childhood', 'disks_drives_disk_two_behavior']"
18569,lice,4.73,5.6,"[15, 2, 4, 7, 4, 6, 4, 6, 2, 6]","['flea', 'tick', 'afro', 'bald', 'mite']","['lays_eggs_laying_water_lay', 'infest_homes_invades_animals_crops', 'scalp_uv_hair_radiation_lice', 'hair_covered_damage_bristly_baldness', 'parasitic_parasite_insects_parasites_species', 'legs_six_eight_pairs_five', 'blood_feeds_supply_feed_carries', 'itchy_itching_itch_causes_cause', 'transmitted_communication_protocols_networks_contact', 'naked_eye_invisible_visible_see']"
23673,pill,4.72,3.2,"[7, 5, 9, 4, 4, 2, 3, 3, 2, 1, 1, 4, 1, 1, 1]","['drug', 'dose', 'burp', 'flea', 'spit']","['digestion_digestive_dissolves_fluid_system', 'date_expiration_publication_maturity_sell', 'used_medical_treat_medicine_medication', 'effects_side_cause_potential_may', 'swallowing_swallowed_swallow_sound_gulping', 'medication_intravenously_form_quantity_administer', 'dosage_dosing_instructions_dose_varies', 'contains_enzymes_active_preservatives_tannins', 'size_small_large_typically_tiny', 'comes_shapes_various_different_models', 'counter_over_the_prescription_only', 'packaged_packaging_bottles_packs_blister', 'brand_name_label_manufacturer_generic', 'manufactured_companies_pharmaceutical_developed_several', 'orally_oral_taken_told_passed']"
29729,soup,4.72,3.5555555555555554,"[6, 6, 3, 3, 2, 3, 5, 2, 2]","['taco', 'stew', 'crop', 'slaw', 'hash']","['vegetables_contains_grains_cabbage_fruits', 'liquid_liquids_semi_food_wet', 'canned_meat_fresh_product_homemade', 'meat_meats_filled_contain_beef', 'bowl_served_bowls_cup_plates', 'spoon_eaten_fork_done_spatula', 'dish_dishes_mexican_tastes_timing', 'cuisine_cuisines_cultures_many_part', 'processed_raw_pureed_transforms_refined']"
29123,slap,4.72,3.6666666666666665,"[4, 3, 2, 3, 4, 6]","['bite', 'flog', 'clap', 'grab', 'ding']","['leave_mark_marks_tracks_puncture', 'action_physical_actions_engaging_one', 'striking_hand_involves_flat_together', 'sound_struck_sharp_produces_makes', 'punishment_form_torture_used_historically', 'pain_cause_discomfort_causes_emotional']"
2567,bees,4.72,4,"[7, 6, 8, 7, 3, 3, 3, 3, 3, 2, 2, 1, 4]","['wasp', 'moth', 'hive', 'bats', 'gnat']","['insect_insects_creepy_presence_crawlies', 'legs_six_eight_pairs_five', 'wings_two_pairs_broad_father', 'dance_dancing_move_party_danced', 'beeswax_bees_made_shea_butter', 'honey_fermented_produce_made_stores', 'sting_bite_stinging_stings_bites', 'pollinates_flowers_pollination_pollinate_role', 'yellow_red_color_stripes_kernels', 'bee_hives_colony_live_beehives', 'colonies_live_lives_forms_form', 'nectar_feeds_insects_proboscis_gather', 'ecosystems_ecosystem_supports_local_unique']"
12651,fort,4.72,4,"[4, 7, 5, 4, 4, 1, 3]","['tank', 'arch', 'shed', 'kill', 'duel']","['defensive_defense_mechanism_form_reaction', 'weapons_carry_looting_involve_armaments', 'walls_thick_reinforcements_drawings_writings', 'buildings_building_towers_skyscrapers_skyline', 'stone_made_brick_diamonds_often', 'stronghold_military_barracks_soldiers_subdivisions', 'gates_barriers_spillways_sluices_gate']"
14323,hand,4.72,4.636363636363637,"[9, 4, 12, 7, 3, 4, 4, 3, 2, 1, 2]","['foot', 'limb', 'arms', 'butt', 'back']","['body_part_human_object_fault', 'joints_joint_knuckles_connected_pivoting', 'skin_covered_covering_exposes_exposed', 'contains_bones_marrow_knuckles_organs', 'pierced_rings_worn_earrings_wear', 'grasping_objects_hold_grasp_used', 'fingers_thumb_five_worn_slot', 'used_communication_gestures_gesturing_blinking', 'nails_toes_toenails_fingernails_nail', 'fingerprints_palm_unique_biometric_print', 'right_left_oblique_denote_handed']"
20036,mill,4.72,5.571428571428571,"[10, 6, 6, 2, 8, 5, 2]","['loaf', 'wood', 'rice', 'farm', 'bran']","['agriculture_used_farming_farmers_agricultural', 'wheels_wheel_rim_tiller_bearings', 'flour_wheat_made_aerate_whole', 'extracted_extract_grinds_minerals_extracting', 'grains_grain_corn_grained_product', 'noise_sound_loud_produces_cracking', 'landmark_monuments_landmarks_historic_historical']"
24128,pope,4.71,2,"[3, 3, 2, 1, 2, 1]","['lent', 'holy', 'noel', 'nine', 'halo']","['religious_services_church_presides_ceremonies', 'holiness_sanctity_his_holy_symbolizes', 'church_catholic_roman_leader_bishop', 'vatican_resides_city_chávez_jorge', 'cardinal_cardinals_elected_college_number', 'papal_encyclicals_ring_fisherman_apostolic']"
30001,spit,4.71,2.875,"[3, 4, 4, 3, 4, 3, 1, 1]","['flea', 'piss', 'bite', 'fang', 'mono']","['mouth_visible_pucker_moistens_outside', 'diseases_transmit_transmits_tapeworms_lyme', 'bodily_fluid_transmitted_fluids_orifice', 'digestion_helps_gut_gastrointestinal_health', 'saliva_salivation_salivary_glands_produced', 'contains_enzymes_active_preservatives_tannins', 'mouth_expelled_occurs_open_residual', 'varies_composition_production_throughout_depending']"
4914,chip,4.71,3.5555555555555554,"[4, 3, 5, 4, 4, 5, 4, 2, 1]","['spud', 'muff', 'pill', 'twig', 'bulk']","['potatoes_potato_made_often_term', 'food_mashed_scavenges_snack_comfort', 'baked_goods_fried_cookies_good', 'thin_sheet_material_flat_strip', 'cooked_texture_chewy_crispy_mucilaginous', 'flavors_flavored_vanilla_flavor_comes', 'packaged_packaging_bottles_packs_blister', 'dips_hummus_eaten_served_like', 'fast_food_associated_ramadan_fasting']"
28129,seed,4.71,3.625,"[4, 10, 2, 3, 5, 1, 2, 2]","['silo', 'sown', 'leaf', 'plow', 'bale']","['plant_part_reproductive_unit_vascular', 'agriculture_used_farming_farmers_agricultural', 'genetic_contains_material_embryo_chlorophyll', 'germination_germinate_germinates_stratification_water', 'genetic_traits_pedigree_information_makeup', 'dormant_extended_periods_period_revives', 'nutrients_nutrient_rich_iodine_provides', 'found_fruits_fruit_inside_yoghurt']"
28898,silt,4.71,3.8333333333333335,"[2, 6, 6, 6, 1, 2]","['sand', 'dune', 'scum', 'hull', 'clam']","['water_designed_currents_travel_transported', 'sand_dunes_sandy_sanded_burrow', 'rock_sedimentary_rocks_formations_sediment', 'water_bodies_occurs_shallow_surrounded', 'slippery_wet_become_feels_texture', 'found_rivers_lakes_near_water']"
36301,whey,4.71,4,"[2, 4, 5, 5, 6, 6, 5, 6, 3, 2, 3, 1]","['oats', 'slop', 'milk', 'brie', 'goat']","['powder_powdered_ground_dehydrated_powdery', 'used_meat_vegan_vegetarian_food', 'baking_used_powder_bread_pastries', 'feed_livestock_animal_used_feeding', 'liquid_liquids_semi_food_wet', 'flavor_mild_taste_rich_onion', 'exercise_used_training_fitness_exercises', 'milk_produces_ducts_produce_component', 'cheese_cheeses_production_ricotta_byproduct', 'lactose_intolerance_contains_maltose_amylase', 'protein_source_proteins_synthesis_contains', 'watery_consistency_texture_honey_paste']"
11917,film,4.71,4.538461538461538,"[5, 10, 6, 2, 4, 2, 9, 4, 5, 4, 3, 2, 3]","['show', 'band', 'skit', 'file', 'play']","['storytelling_medium_storyline_plot_common', 'digital_analog_physical_digitally_page', 'entertainment_form_adult_industry_entertain', 'effects_special_strobe_visuals_include', 'sound_soundboard_speakers_keynote_system', 'censorship_subject_ridicule_platforms_ratings', 'music_accompaniment_accompanied_instrumental_often', 'broadcasted_television_broadcast_online_streamed', 'fictional_fiction_non_real_documentary', 'educational_used_education_grading_purposes', 'actors_acting_involves_director_actor', 'genres_genre_drama_comedy_horror', 'edited_editing_revised_pacing_altered']"
17951,kilt,4.71,4.888888888888889,"[6, 3, 10, 4, 4, 7, 3, 2, 5]","['jean', 'belt', 'prom', 'toga', 'gown']","['worn_women_men_genders_clothing', 'pleats_pleat_pleated_back_clothing', 'attire_formal_dressed_wears_part', 'wool_made_linen_shorn_blend', 'waist_around_worn_thorax_narrow', 'falls_falling_fall_gravity_naturally', 'tentacles_sporran_head_found_neck', 'buckle_buckles_straps_laces_secured', 'symbol_symbolized_symbolizes_symbols_depicted']"
27701,scab,4.71,5,"[3, 6, 7, 4, 7, 6, 5, 2]","['cast', 'gash', 'welt', 'flop', 'mono']","['wound_wounds_leave_cut_blood', 'scar_scars_leave_may_scarring', 'brown_color_brownish_reddish_green', 'skin_healing_wound_soothes_tissues', 'falls_falling_fall_gravity_naturally', 'itchy_itching_itch_causes_cause', 'blood_platelets_contains_deoxygenated_cells', 'healing_process_properties_natural_crystal']"
18678,limo,4.7,4.111111111111111,"[5, 6, 3, 4, 5, 2, 5, 6, 1]","['taxi', 'sofa', 'auto', 'jeep', 'dove']","['luxury_luxurious_luxuries_afford_prefers', 'vehicle_automobile_road_part_car', 'passengers_driver_multiple_partition_seats', 'sound_soundboard_speakers_keynote_system', 'white_black_often_ivory_dots', 'tinted_windows_privacy_binarized_white', 'camping_used_gatherings_occasions_outdoor', 'rented_owned_landlord_leasing_rental', 'interior_spacious_soft_starchy_juicy']"
26057,reef,4.7,4.375,"[3, 6, 3, 6, 4, 2, 5, 6]","['kelp', 'mead', 'sunk', 'prop', 'cell']","['coastal_erosion_coastlines_ecosystems_influences', 'diving_dives_board_scuba_fish', 'underwater_submerged_submersion_drowning_water', 'colors_color_variety_golden_range', 'temperature_temperatures_high_sensitive_occurs', 'coral_algae_marine_reefs_reef', 'marine_habitat_life_chain_serves', 'shape_varies_size_depending_among']"
1559,army,4.7,4.545454545454546,"[7, 3, 7, 6, 8, 3, 4, 3, 1, 5, 3]","['navy', 'tank', 'crew', 'dose', 'raid']","['hierarchy_hierarchical_structure_maslow_hierarchies', 'trains_train_combat_supports_guides', 'weapons_carry_looting_involve_armaments', 'command_commands_used_chain_following', 'unit_units_measured_measurement_volume', 'warfare_missions_tanks_participates_armored', 'military_forces_armed_branch_nation', 'uniforms_wears_uniform_blue_part', 'defends_nation_country_defend_territory', 'legal_subject_laws_restrictions_age', 'military_soldiers_forces_infantry_national']"
28887,silk,4.7,5.166666666666667,"[2, 13, 2, 3, 6, 4, 11, 9, 3, 3, 2, 4]","['wool', 'lace', 'cork', 'foam', 'dung']","['silk_satin_made_cotton_silkworms', 'soft_inside_bodied_feels_hard', 'matte_glossy_shimmering_finish_shiny', 'smooth_rough_granular_smoothness_bumpy', 'lightweight_easy_handling_transport_designed', 'strong_weak_weaker_siblings_weight', 'clothing_used_making_garment_garments', 'biodegradable_options_available_depending_lifecycle', 'dyed_colors_various_different_dyes', 'insulating_insulates_properties_outer_layer', 'breathable_breath_breathability_underwater_hold', 'used_sleeping_bedding_mattresses_soothe']"
13670,gong,4.7,6.125,"[11, 8, 11, 5, 6, 4, 2, 2]","['harp', 'oboe', 'drum', 'bell', 'lock']","['ceremonies_rituals_used_religious_celebrations', 'meditation_mindfulness_meditates_meditative_watchfulness', 'metal_made_father_fatale_fatales', 'instrument_musical_stringed_instruments_guitars', 'sound_produces_blown_sounds_captures', 'orchestras_used_music_orchestral_ensembles', 'resonant_resonating_tone_resonance_body', 'mallet_mallets_struck_rings_uses']"
26055,reed,4.7,6.8,"[7, 3, 13, 7, 4]","['vine', 'tree', 'bush', 'ooze', 'fern']","['stem_stems_slender_tough_square', 'used_musical_instruments_music_audio', 'plant_animal_zygote_fathering_fatales', 'habitat_wildlife_animals_provides_fish', 'wetlands_marshes_swamps_grows_found']"
30305,star,4.69,3.1538461538461537,"[3, 5, 2, 5, 4, 3, 5, 3, 3, 2, 2, 2, 2]","['nova', 'glow', 'moon', 'magi', 'dome']","['astronomical_celestial_astronomers_telescopes_studied', 'star_stars_binary_stellar_supernova', 'galaxy_occurs_galaxies_part_others', 'emits_light_radiation_emitted_emission', 'light_produces_converts_diffuses_bright', 'consists_carbon_hydrogen_particles_gases', 'gravity_gravitational_pull_force_moon', 'spherical_shape_circular_ovular_freefall', 'visible_night_sky_dark_light', 'core_magical_substances_cores_contain', 'fusion_nuclear_undergoes_fission_reactor', 'cycle_life_lifecycle_stage_stages', 'planet_planets_orbiting_fourth_solar']"
20322,moat,4.69,3.25,"[4, 5, 4, 2, 3, 2, 2, 4]","['bury', 'fort', 'keep', 'hole', 'bite']","['defensive_defense_mechanism_form_reaction', 'water_body_oceans_bodies_freshwater', 'dry_drying_moist_wet_dried', 'filled_water_fill_nitrogen_fluid', 'bridge_bridges_drawbridge_tunnels_crossing', 'castle_surrounds_moat_fortification_fortress', 'attack_attackers_deterrent_sieges_designed', 'disposal_waste_sewage_method_dump']"
36414,wick,4.69,3.7777777777777777,"[4, 2, 2, 7, 5, 4, 3, 4, 3]","['swab', 'part', 'auto', 'soak', 'neon']","['wax_waxy_waxed_primed_opposite', 'burns_burned_burning_slowly_flame', 'candle_candles_blowing_make_part', 'absorbs_absorb_liquid_absorbed_water', 'lighting_illumination_lamps_used_fluorescent', 'combustion_flame_burning_produced_sparks', 'cotton_made_silk_braided_materials', 'fuel_electricity_gasoline_fossil_biomass', 'replaced_replaceable_lamps_replacement_spare']"
2204,bald,4.69,3.8333333333333335,"[4, 4, 7, 4, 3, 1]","['afro', 'lice', 'fade', 'curl', 'hair']","['aging_associated_age_youthfulness_elderly', 'scalp_uv_hair_radiation_lice', 'hair_covered_damage_bristly_baldness', 'result_medical_conditions_disease_complications', 'indicate_medical_illness_condition_health', 'cultures_symbol_symbolizes_cultural_religious']"
20580,moth,4.69,5.5,"[15, 4, 4, 7, 5, 8, 5, 4, 8, 2, 3, 1]","['gnat', 'bees', 'wasp', 'gull', 'bass']","['lays_eggs_laying_water_lay', 'metamorphosis_undergoes_tadpole_larvae_undergo', 'nocturnal_mostly_alleged_behavior_creature', 'insect_insects_creepy_presence_crawlies', 'habitats_lives_various_variety_diverse', 'wings_two_pairs_broad_father', 'light_attracted_ray_rays_circular', 'scales_covered_wings_scale_butterflies', 'color_varies_brown_depending_yellow', 'feeding_proboscis_siphon_survive_breathing', 'pollinates_flowers_pollination_pollinate_role', 'antennae_pair_zygote_fathering_fatales']"
25555,ramp,4.69,5.9,"[4, 17, 8, 4, 8, 4, 4, 3, 5, 2]","['step', 'axel', 'pick', 'jack', 'clog']","['skating_figure_ice_skaters_skateboarding', 'construction_used_sites_building_demolition', 'vehicles_used_bicycles_road_off', 'loading_unloading_goods_door_load', 'access_accessible_accessibility_allows_wheelchairs', 'slip_surface_non_slipping_on', 'railings_safety_handrails_guardrails_handrail', 'portable_mounted_carried_fixed_collapsible', 'slope_steep_sides_sloped_gradient', 'inclined_inclination_position_angled_tilt']"
7351,curb,4.68,2.75,"[3, 6, 3, 1, 1, 4, 2, 2]","['damn', 'trod', 'site', 'area', 'zone']","['stepped_sideways_stepping_walks_walk', 'boundaries_boundary_marker_line_demonstrates', 'concrete_made_earth_metal_color', 'walkway_curb_sidewalks_accessibility_walkways', 'mounted_vehicles_structures_pedestal_parking', 'flood_control_flooding_controls_helps', 'road_separates_part_streets_city', 'parking_sidewalks_garages_offers_cars']"
32390,tile,4.68,3.75,"[5, 2, 4, 6, 7, 3, 1, 2]","['cork', 'sink', 'zips', 'tart', 'pane']","['durable_durability_hard_sturdy_lasting', 'flooring_used_floors_roofs_covering', 'glazed_glaze_topped_double_insulation', 'fabric_material_piece_strips_band', 'ceramic_porcelain_made_ceramics_stainless', 'resistant_water_uv_weather_available', 'clean_easy_difficult_easier_challenging', 'grated_grout_shaved_fine_grates']"
2800,bill,4.68,4.076923076923077,"[5, 10, 4, 7, 5, 3, 3, 2, 2, 3, 3, 3, 3]","['rent', 'visa', 'wage', 'levy', 'fare']","['items_portability_may_item_electronics', 'digital_analog_physical_digitally_page', 'issued_governments_government_authorities_corporations', 'taxes_tax_subject_deductible_taxation', 'recipient_sender_address_return_received', 'document_travel_documents_digital_written', 'paid_cash_electronically_payable_online', 'amount_total_unspecified_owed_number', 'deadline_date_deadlines_may_due', 'payment_methods_offer_cash_expectation', 'unpaid_late_fees_paid_incur', 'monthly_recurring_weekly_periodically_annually', 'charges_surcharges_fees_taxes_services']"
2248,band,4.68,4.222222222222222,"[9, 5, 5, 9, 2, 1, 3, 1, 3]","['song', 'trio', 'opus', 'sang', 'film']","['instruments_played_accompanied_musical_piano', 'recorded_record_later_history_public', 'live_concerts_performed_music_performances', 'music_accompaniment_accompanied_instrumental_often', 'genres_genre_drama_comedy_horror', 'musicians_group_muses_domain_nine', 'release_releases_custody_albums_temporary', 'singer_bruce_banner_ego_lead', 'music_artists_performed_musicians_collaborate']"
11979,fire,4.68,5.3,"[11, 14, 3, 5, 4, 3, 6, 2, 1, 4]","['boil', 'oven', 'lard', 'ashy', 'sage']","['ceremonies_rituals_used_religious_celebrations', 'cooking_used_frying_food_chefs', 'smoke_produces_extinguished_emits_point', 'emits_light_radiation_emitted_emission', 'fire_brimstone_flames_fireplaces_fiery', 'ash_ashes_burning_leaves_transforms', 'spread_spreadable_rapidly_quickly_spreads', 'heat_produces_generates_heaters_process', 'extinguished_water_zygote_fatales_fatalism', 'burns_cause_chemical_fires_start']"
33225,tutu,4.68,5.428571428571429,"[3, 13, 5, 6, 5, 3, 3]","['pant', 'jean', 'suit', 'tent', 'lady']","['waistband_elastic_ribbon_patch_perimeter', 'fabric_made_tulle_cloth_denim', 'dance_dancing_worn_used_ballet', 'lightweight_easy_handling_transport_designed', 'skirts_skirt_dresses_wear_trousers', 'dance_music_dancing_hop_hip', 'layers_multiple_consists_strength_safety']"
2042,axes,4.68,6.363636363636363,"[4, 7, 4, 7, 13, 16, 5, 5, 3, 4, 2]","['maul', 'pick', 'rasp', 'vice', 'hook']","['used_chopping_sharpening_cutting_shaping', 'woodworking_carpentry_used_timber_forestry', 'edge_sharp_edges_talons_curved', 'sharp_sharpened_blade_blunt_tool', 'tool_categorized_garden_instrument_hand', 'handle_long_handles_knob_leverage', 'head_covers_wedge_supports_connects', 'wood_made_often_handle_plastic', 'weapon_weapons_used_sword_punch', 'head_heavy_forehead_metal_weighted', 'splitting_wood_used_split_shaping']"
36322,whip,4.68,6.7,"[6, 9, 13, 16, 4, 5, 4, 3, 3, 4]","['axes', 'swab', 'prod', 'rake', 'vice']","['shape_round_oval_rounded_shaped', 'rubber_made_leather_plastic_synthetic', 'tool_categorized_garden_instrument_hand', 'handle_long_handles_knob_leverage', 'pain_associated_inflict_response_discomfort', 'noise_sound_loud_produces_cracking', 'riding_horse_used_horses_riders', 'marks_leave_scratches_leaves_scars', 'authority_symbolizes_symbol_leadership_power', 'used_purposes_collecting_puzzles_instructions']"
27627,sash,4.67,3.5,"[2, 4, 6, 2]","['belt', 'lace', 'tile', 'kilt', 'zips']","['silk_satin_made_cotton_silkworms', 'waist_around_worn_thorax_narrow', 'fabric_material_piece_strips_band', 'rank_achievement_martial_arts_importance']"
9971,eave,4.67,3.8333333333333335,"[6, 1, 7, 2, 3, 4]","['deck', 'roof', 'gimp', 'sill', 'shed']","['building_part_architecture_larger_covers', 'extends_beyond_overhangs_exterior_walls', 'weather_protects_rain_protection_wind', 'supports_gutters_plugins_layers_scripts', 'shade_provides_shades_shaded_offers', 'roof_pitched_roofs_shelter_edge']"
14287,hall,4.67,4.285714285714286,"[6, 6, 4, 3, 5, 3, 3]","['room', 'dome', 'hour', 'yard', 'tarp']","['buildings_found_ceilings_entrances_often', 'seating_arrangements_area_outdoor_seat', 'rooms_room_multiple_bedrooms_contains', 'acoustically_acoustics_sound_efficient_designed', 'camping_used_gatherings_occasions_outdoor', 'ceiling_high_ceilings_chandeliers_ceilinged', 'events_schedule_used_organize_calendar']"
19788,menu,4.67,4.666666666666667,"[5, 4, 10, 3, 1, 5]","['bill', 'note', 'chef', 'copy', 'fest']","['items_portability_may_item_electronics', 'categorized_category_classification_categories_categorization', 'digital_analog_physical_digitally_page', 'food_drinks_includes_beverages_include', 'prices_price_peak_items_sold', 'food_offers_sells_meals_attractively']"
3283,bolt,4.67,6.125,"[3, 11, 17, 8, 2, 4, 2, 2]","['stud', 'nail', 'lock', 'vise', 'axes']","['machinery_used_engines_functions_vacuum', 'metal_made_father_fatale_fatales', 'construction_used_sites_building_demolition', 'cylindrical_shape_body_spherical_elongated', 'fastener_type_functions_small_father', 'head_heavy_forehead_metal_weighted', 'threads_thread_multithreading_supports_shuttle', 'tightened_loosened_tightening_clenched_tightly']"
3829,buck,4.67,6.363636363636363,"[5, 19, 14, 7, 3, 4, 8, 5, 2, 2, 1]","['deer', 'stag', 'bear', 'lamb', 'lynx']","['currency_dollar_currencies_hundredth_form', 'mammal_mammals_small_mammalian_usually', 'fur_fluffy_hair_brown_looks', 'lives_forests_wooded_forest_areas', 'deer_male_young_female_called', 'antlers_males_male_grows_typically', 'herbivorous_herbivore_herbivores_diet_insectivorous', 'grazes_grass_plants_graze_grazer', 'antlers_annually_sheds_grows_new', 'family_part_cervidae_member_belongs', 'fast_run_runs_running_capable']"
18198,lane,4.66,2.857142857142857,"[3, 2, 2, 5, 2, 3, 3]","['road', 'stop', 'curb', 'path', 'ford']","['way_one_two_unable_find', 'road_separates_part_streets_city', 'road_path_narrow_narrower_pathway', 'traffic_congestion_used_flow_management', 'lanes_parallel_multiple_supermarket_lap', 'pedestrians_vehicles_used_sidewalks_pedestrianism', 'traffic_lights_marked_markings_lines']"
5376,coal,4.66,3.909090909090909,"[2, 2, 4, 6, 7, 3, 3, 4, 6, 2, 4]","['fuel', 'ashy', 'sand', 'grit', 'vise']","['combustible_zygote_fatale_fatales_fatalism', 'burned_dioxide_emits_carbon_releases', 'heating_systems_used_cooling_hvac', 'metalworking_used_welding_soldering_blacksmithing', 'black_color_neither_white_brownish', 'ash_ashes_burning_leaves_transforms', 'forms_plants_plant_remains_isotopic', 'fuel_electricity_gasoline_fossil_biomass', 'rock_sedimentary_rocks_formations_sediment', 'carbon_carbonation_sequestration_content_dioxide', 'generation_energy_power_harnessed_hydroelectric']"
24030,pole,4.66,8.666666666666666,"[5, 18, 3]","['cart', 'tray', 'sill', 'hoop', 'dice']","['dance_dancing_worn_used_ballet', 'wood_metal_made_plastic_materials', 'hanging_used_objects_hold_holding']"
20007,mike,4.65,3.8,"[3, 9, 6, 3, 4, 4, 2, 3, 3, 1]","['clef', 'tune', 'yeah', 'lock', 'reed']","['used_musical_instruments_music_audio', 'music_used_genres_jazz_songs', 'sound_produces_blown_sounds_captures', 'sizes_shapes_comes_various_different', 'sound_produce_electrical_converts_heard', 'sound_soundboard_speakers_keynote_system', 'handheld_mounted_stand_usually_shaft', 'exoskeleton_hard_diaphragm_endoskeleton_chitinous', 'device_devices_optical_enabled_system', 'used_speech_statements_reported_speaking']"
18841,lock,4.65,4.444444444444445,"[4, 11, 3, 4, 2, 3, 4, 5, 4]","['safe', 'hack', 'trap', 'case', 'open']","['security_measures_provides_cybersecurity_offers', 'metal_made_father_fatale_fatales', 'access_unauthorized_prevents_restricted_protected', 'key_combination_keys_keyboard_opened', 'mechanism_piston_moving_parts_switch', 'device_devices_optical_enabled_system', 'mechanical_device_electronic_component_hydraulic', 'closed_opened_conserved_open_locked', 'lock_locking_locks_mechanism_padlocks']"
13586,glue,4.65,6.090909090909091,"[8, 3, 3, 2, 3, 17, 10, 11, 3, 4, 3]","['inks', 'tape', 'lube', 'wrap', 'clay']","['odor_strong_smell_unpleasant_musty', 'liquid_form_comes_gel_pills', 'water_based_solvent_silicone_hydrophobic', 'tubes_bottles_packaged_comes_sticks', 'fastening_materials_used_fasten_linear', 'construction_used_sites_building_demolition', 'transparent_opaque_transparency_translucent_colored', 'crafts_used_crafting_making_pottery', 'adhesive_tape_secured_adheres_substance', 'toxic_amounts_humans_cats_animals', 'dries_application_hardens_paper_quickly']"
17843,jury,4.64,2.5,"[5, 5, 2, 3, 1, 2, 2, 1, 2, 2]","['bail', 'hung', 'slum', 'fact', 'folk']","['community_sense_communities_gathering_promotes', 'legal_subject_laws_restrictions_age', 'trial_trials_sequestered_defendant_posted', 'evidence_verified_based_listens_deliberates', 'verdict_verdicts_guilty_deliberates_decides', 'consists_members_multiple_selected_soldiers', 'court_royal_judge_judicial_defendant', 'objects_object_foreperson_directed_putter', 'hung_hangs_hanging_hang_unable', 'confidentiality_confidential_discreetly_information_adheres']"
32688,town,4.64,2.909090909090909,"[4, 4, 5, 4, 3, 4, 1, 2, 2, 2, 1]","['city', 'slum', 'park', 'toll', 'shop']","['areas_recreational_area_parks_activities', 'smaller_lake_mountain_city_continent', 'human_humanoid_settlement_powered_animal', 'hosts_events_host_community_promotional', 'urban_areas_towns_area_city', 'roads_infrastructure_bridges_highways_connected', 'local_government_services_public_municipal', 'shops_storefront_checkout_businesses_stores', 'economy_economic_local_economies_informal', 'rural_areas_found_often_communities', 'contains_schools_boxes_nesting_armories']"
23935,plug,4.64,3.6923076923076925,"[3, 2, 4, 4, 8, 2, 6, 3, 2, 2, 4, 4, 4]","['fuse', 'pool', 'bulb', 'watt', 'lamp']","['removed_detachable_removable_deleted_stripped', 'socket_fits_sockets_screws_outlets', 'voltage_rating_current_wattage_amperage', 'circuit_electrical_breaker_part_circuits', 'plastic_metal_made_typically_clay', 'prongs_proactive_prong_pins_electrodes', 'safety_device_protocols_measures_safekeeping', 'electrical_device_electricity_power_devices', 'connect_power_appliances_used_supply', 'pins_safety_accessories_kilt_cuffs', 'indoors_outdoors_found_occur_indoor', 'ground_grounding_sheet_inground_staked', 'neutral_polarized_charge_overall_shade']"
29273,slug,4.64,3.909090909090909,"[6, 5, 4, 3, 4, 8, 4, 2, 2, 4, 1]","['mold', 'clam', 'fern', 'lure', 'male']","['prey_predators_preyed_toads_tongue', 'thrives_environments_damp_grows_moist', 'organic_matter_eats_decaying_feeds', 'tentacles_sporran_head_found_neck', 'reproductive_hermaphroditic_male_female_organs', 'color_varies_brown_depending_yellow', 'pest_considered_pests_bites_insect', 'invertebrate_fatal_fatale_fatales_fatalism', 'shell_mollusk_outer_shells_hinged', 'gliding_glides_muscular_soaring_moves', 'salt_salted_sensitive_salami_ham']"
9366,dock,4.64,4,"[5, 4, 7, 3, 4, 1]","['silo', 'dive', 'punt', 'ramp', 'port']","['tying_tie_shod_horseshoes_cleats', 'loading_unloading_goods_door_load', 'structure_structural_network_unit_basic', 'boats_boat_mooring_moor_dangerous', 'water_extends_repels_rainwater_involves', 'float_floating_water_sink_fixed']"
18492,lens,4.64,4.222222222222222,"[2, 5, 10, 6, 4, 5, 1, 3, 2]","['zoom', 'tusk', 'blur', 'moth', 'dome']","['coated_protective_coating_glare_coatings', 'light_attracted_ray_rays_circular', 'glass_made_plastic_metal_sheet', 'curved_shape_curvature_curves_surface', 'photography_cameras_used_cinematography_camera', 'focus_attention_focusing_concentration_focused', 'glasses_used_blinds_sunglasses_glassblowing', 'magnification_magnify_details_binoculars_view', 'telescopes_microscopes_optical_used_laser']"
19210,maid,4.64,4.75,"[9, 2, 8, 3, 5, 6, 3, 2]","['noel', 'stew', 'farm', 'peon', 'sons']","['tasks_performs_task_perform_household', 'laundry_facilities_ironing_rooms_fitting', 'served_meals_meal_rice_often', 'time_full_part_flexible_hours', 'cleaning_cleans_services_provides_cleansing', 'children_child_parents_rearing_childhood', 'uniform_wear_uniformity_uniforms_may', 'owned_family_families_employed_works']"
29144,slaw,4.64,4.9,"[6, 10, 6, 5, 7, 3, 4, 4, 2, 2]","['mayo', 'spam', 'gyro', 'hash', 'prom']","['texture_soft_rough_chewy_crunchy', 'attire_formal_dressed_wears_part', 'vegetables_contains_grains_cabbage_fruits', 'salads_salad_dressings_used_smoothies', 'sandwiches_used_topping_making_make', 'vinegar_juice_lemon_malt_vinegars', 'tangy_flavor_taste_sweet_piquant', 'onions_vegetables_carrots_shredded_tomatoes', 'varieties_coleslaw_comes_different_white', 'dish_side_served_eaten_meals']"
22052,onyx,4.64,5,"[6, 13, 2, 4, 7, 1, 9, 4, 1, 5, 3]","['jade', 'talc', 'salt', 'opal', 'bead']","['mineral_minerals_composed_stores_essential', 'white_color_off_black_bluish', 'luster_pearly_glassy_vitreous_shiny', 'volcanic_volcanoes_eruptions_volcano_lava', 'black_color_neither_white_brownish', 'variety_chalcedony_varieties_sorts_assortment', 'jewelry_used_earrings_piece_making', 'polished_shine_polishes_polishing_cut', 'found_worldwide_asia_various_world', 'carved_sculpture_carving_sculpted_shapes', 'contains_minerals_silica_oxides_formed']"
18654,limb,4.64,5.1,"[9, 3, 4, 6, 12, 7, 2, 1, 6, 1]","['arms', 'hand', 'body', 'back', 'foot']","['body_part_human_object_fault', 'limbs_lacks_movable_limb_arm', 'joints_joint_knuckles_connected_pivoting', 'muscles_contains_made_muscle_skin', 'skin_covered_covering_exposes_exposed', 'contains_bones_marrow_knuckles_organs', 'surgically_removed_surgery_amputated_transplanted', 'supports_walking_pelvic_movement_standing', 'shoulders_shoulder_attached_torso_attaches', 'prosthetics_prosthetic_replaced_prosthesis_orthotics']"
36816,wort,4.64,5.4,"[4, 13, 3, 5, 2]","['herb', 'aloe', 'musk', 'tree', 'malt']","['climates_grows_temperate_grown_grow', 'plant_animal_zygote_fathering_fatales', 'medicine_traditional_used_herbal_remedies', 'brewing_beer_breweries_brewed_whiskey', 'antibacterial_properties_antimicrobial_antiseptic_antiviral']"
9821,dung,4.64,5.833333333333333,"[9, 8, 6, 7, 2, 3]","['crap', 'shit', 'turd', 'poop', 'kelp']","['biodegradable_options_available_depending_lifecycle', 'odor_strong_smell_unpleasant_musty', 'fertilizer_used_agriculture_fertilizers_soil', 'brown_color_brownish_reddish_green', 'texture_varies_powdery_clay_vary', 'spread_diseases_disease_spreads_prevents']"
12716,fowl,4.64,10.166666666666666,"[15, 21, 12, 14, 7, 11, 4, 15, 6, 8, 7, 2]","['gull', 'bird', 'duck', 'dove', 'swan']","['lays_eggs_laying_water_lay', 'edible_species_humans_inedible_though', 'birds_bird_crows_crow_chickens', 'bird_part_small_fatale_fatales', 'beak_hooked_strong_curved_beaking', 'feathers_feathery_black_white_vary', 'farms_found_typically_often_farm', 'animal_dog_pet_creature_game', 'legs_four_legged_two_walks', 'wings_two_pairs_broad_father', 'domesticated_wild_domestication_worker_humans', 'roost_trees_perches_upside_coops']"
8144,dent,4.63,1.8,"[4, 2, 1, 1, 1]","['arts', 'roof', 'bump', 'neat', 'zing']","['aesthetic_aesthetics_aesthetically_pleasing_appeal', 'impact_collision_caused_sudden_ripple', 'accidental_often_slide_could_deliberate', 'occur_wood_metal_plastic_materials', 'object_value_devalue_decrease_reduction']"
28014,seal,4.63,3.1,"[2, 7, 5, 3, 3, 4, 2, 2, 1, 2]","['tuna', 'fish', 'clam', 'temp', 'mink']","['breathable_breath_breathability_underwater_hold', 'fur_covered_hunted_coat_farmed', 'fins_flippers_dorsal_flights_fin', 'whiskers_sensing_environment_zygote_father', 'streamlined_body_aerodynamic_aerodynamics_designed', 'eats_fish_plants_aquatic_feeds', 'ocean_lives_floor_seafloor_temperatures', 'tricks_perform_trained_performing_magic', 'blubber_layer_hazy_outline_shrapnel', 'climate_change_impacts_risk_affected']"
30436,stem,4.63,3.111111111111111,"[4, 3, 4, 4, 4, 4, 2, 1, 2]","['root', 'leaf', 'pore', 'vein', 'path']","['plant_part_reproductive_unit_vascular', 'photosynthetic_photosynthesizes_photosynthesis_photosynthesize_organ', 'grows_underground_ground_close_tuber', 'network_paths_pathway_internodes_complex', 'supports_plant_growth_vegetation_life', 'plants_plant_found_phloem_leaves', 'transports_nutrients_oxygen_waste_blood', 'woody_herbaceous_stems_botanically_berry', 'plants_new_propagate_plant_propagation']"
19877,meth,4.63,3.6153846153846154,"[4, 2, 3, 7, 6, 7, 3, 3, 2, 4, 1, 1, 4]","['drug', 'dope', 'fang', 'jowl', 'dose']","['alertness_alert_alarm_alarms_notification', 'brain_cognitive_function_impairment_functions', 'powdered_form_comes_powder_crystal', 'teeth_tooth_baby_develops_dental', 'injected_injections_injection_venom_orally', 'illegal_lawful_jurisdictions_unlawful_jurisdiction', 'violence_abuse_result_unrest_potential', 'smoked_cured_snorted_flavor_salted', 'euphoria_feelings_cause_describe_causes', 'drugs_drug_interact_methamphetamine_trafficking', 'stimulant_stimulants_extreme_cases_use', 'quartz_crystalline_feldspar_meth_crystal', 'addictive_habit_addiction_potential_addictions']"
19606,meal,4.62,3.1818181818181817,"[4, 3, 2, 4, 3, 3, 5, 5, 2, 3, 1]","['hash', 'diet', 'bake', 'chef', 'flan']","['utensils_utensil_kitchen_forks_spoons', 'diet_weight_loss_malnutrition_dieting', 'courses_course_multiple_deviates_sensei', 'nutrition_nutritional_dietary_value_supplement', 'homemade_produced_commercially_commercial_manufactured', 'social_event_events_parties_significant', 'dish_dishes_mexican_tastes_timing', 'dessert_desserts_served_eaten_type', 'consists_food_meat_lentils_piece', 'breakfast_lunch_dinner_eaten_served', 'paired_often_fast_food_chair']"
23635,pier,4.62,3.25,"[10, 3, 2, 3, 4, 1, 2, 1]","['ship', 'dock', 'bait', 'chum', 'isle']","['fishing_used_sport_fish_fishermen', 'docking_dock_docked_boats_pier', 'benches_lights_cabin_picnic_tables', 'tourist_attraction_destination_pilgrimage_attractions', 'water_extends_repels_rainwater_involves', 'pedestrian_traffic_crossings_supports_designed', 'concrete_wood_made_metal_stone', 'surroundings_view_views_offers_water']"
28861,sign,4.62,3.3333333333333335,"[2, 4, 4, 5, 3, 2]","['pomp', 'east', 'math', 'text', 'demo']","['illuminated_lighting_light_visibility_illuminates', 'navigation_used_maps_directions_gmt', 'symbols_numbers_uses_notation_letters', 'marketing_used_branding_market_logos', 'information_conveys_convey_prediction_conveying', 'display_displays_displayed_information_projector']"
23440,peso,4.62,4.25,"[13, 5, 2, 4, 3, 3, 2, 2]","['euro', 'flag', 'cent', 'cash', 'watt']","['symbol_symbolized_ne_pb_zn', 'united_used_states_countries_kingdom', 'coins_banknotes_comes_paper_bills', 'denominations_denomination_smallest_currency_comes', 'exchange_exchanged_currency_currencies_foreign', 'unit_currency_language_power_zygote', 'national_symbols_features_symbol_country', 'inflation_rates_depreciate_due_subject']"
12077,fizz,4.62,4.857142857142857,"[12, 2, 9, 5, 2, 2, 2]","['suds', 'yelp', 'boil', 'purr', 'beep']","['sound_quality_zygote_father_fatale', 'occurs_liquids_porous_substance_malting', 'sensation_sensations_skin_feel_physical', 'bubbles_produces_liquid_creates_rising', 'carbon_carbonation_sequestration_content_dioxide', 'carbonated_fizzy_beverages_drinks_soda', 'chemical_reaction_reactions_reacts_reactivity']"
25614,rash,4.62,5.75,"[7, 5, 5, 8, 14, 6, 4, 3, 6, 2, 4, 5]","['welt', 'itch', 'acne', 'sore', 'sick']","['contagious_groups_social_among_others', 'redness_red_cause_eyes_inflammation', 'painful_painless_tender_may_sensitive', 'allergic_reactions_allergies_cause_caused', 'size_varies_large_small_color', 'itchy_itching_itch_causes_cause', 'skin_complexion_condition_flushed_describe', 'creams_treated_relieved_medication_ointments', 'spread_spreadable_rapidly_quickly_spreads', 'touch_warm_feel_might_hot', 'irritation_cause_irritants_skin_caused', 'symptom_sign_illness_disease_symptoms']"
4360,carp,4.62,7.666666666666667,"[15, 9, 11, 4, 5, 2]","['bass', 'fish', 'pike', 'tuna', 'moth']","['lays_eggs_laying_water_lay', 'fish_attracts_game_popular_species', 'freshwater_lives_saltwater_lakes_ponds', 'scales_covered_wings_scale_butterflies', 'fins_flippers_dorsal_flights_fin', 'grow_large_quite_size_sized']"
23169,peel,4.61,2.3333333333333335,"[3, 3, 3, 2, 1, 2]","['rind', 'lime', 'herb', 'husk', 'junk']","['oils_essential_secretes_contains_contain', 'zested_zesty_zest_flavor_zealous', 'discarded_disposed_often_use_material', 'fruit_protects_vegetable_fruits_inside', 'thick_thin_thicker_thickens_thickening', 'composting_compost_composted_compostable_used']"
17936,kids,4.61,3.5,"[3, 3, 4, 5, 2, 4]","['tyke', 'teen', 'bunt', 'prom', 'girl']","['play_played_players_plays_unfair', 'dependent_adults_care_dependents_filings', 'young_child_human_humans_newborn', 'school_attend_attends_schools_high', 'development_rapid_developing_cognitive_experiences', 'friendliness_friendships_friends_friend_conveys']"
29670,soot,4.61,3.8,"[1, 7, 3, 8, 4, 2, 1, 4, 4, 4]","['inks', 'inky', 'tire', 'oily', 'fart']","['combustion_byproduct_engines_reaction_process', 'black_color_neither_white_brownish', 'consists_carbon_hydrogen_particles_gases', 'stain_stains_surfaces_clothes_fabrics', 'combustion_flame_burning_produced_sparks', 'chimneys_vents_ventilation_may_windows', 'pollutant_polluted_pollutants_susceptible_become', 'pigments_pigment_pigmentation_dyes_inks', 'air_pollution_quality_affects_contribute', 'fire_brimstone_flames_fireplaces_fiery']"
21671,note,4.61,4.625,"[4, 10, 8, 6, 2, 3, 2, 2]","['memo', 'copy', 'word', 'oral', 'menu']","['musical_notation_music_symbol_sheet', 'digital_analog_physical_digitally_page', 'written_oral_writing_piece_unwritten', 'communication_used_communicate_telecommunications_telephones', 'paper_printed_papers_glued_copy', 'printed_handwritten_written_printer_digital', 'attached_objects_house_surfaces_spigots', 'typed_strongly_written_typing_printed']"
13736,gown,4.61,5.714285714285714,"[6, 7, 9, 3, 5, 7, 3]","['suit', 'toga', 'coat', 'vest', 'robe']","['worn_women_men_genders_clothing', 'sleeves_sleeveless_sleeve_sleeved_long', 'worn_protection_torso_shoulders_ages', 'adjustable_fit_tailored_size_adjusted', 'cleaning_requires_cleaned_dry_regular', 'weddings_used_wedding_arrangements_floral', 'worn_occasions_formal_attire_ceremonial']"
32565,tool,4.6,4.75,"[4, 17, 3, 5, 4, 2, 2, 1]","['clot', 'grab', 'pick', 'tube', 'chop']","['edge_sharp_edges_talons_curved', 'construction_used_sites_building_demolition', 'manual_automatic_motorized_powered_automated', 'dangerous_safe_misused_hazard_safety', 'used_purposes_collecting_puzzles_instructions', 'function_specific_functions_determiner_whole', 'skill_requires_effectively_use_require', 'specialized_versatile_bookshop_domains_multipurpose']"
11578,farm,4.59,3.7,"[2, 4, 10, 5, 4, 2, 4, 2, 3, 1]","['glen', 'reap', 'home', 'barn', 'plow']","['crop_crops_rotation_grows_buries', 'food_production_supply_foods_sells', 'agriculture_used_farming_farmers_agricultural', 'may_trees_garden_yard_farmhouse', 'livestock_grazing_used_pastures_animals', 'organic_organically_grown_inorganic_conventional', 'buildings_building_towers_skyscrapers_skyline', 'owned_family_families_employed_works', 'area_land_unit_soil_measures', 'agricultural_farming_agriculture_machinery_work']"
25147,puke,4.59,4.8,"[8, 12, 2, 4, 4, 3, 3, 4, 3, 5]","['barf', 'shit', 'sick', 'bile', 'gasp']","['odor_strong_smell_unpleasant_musty', 'involuntary_voluntary_often_action_response', 'expelled_sneezing_anus_expulsion_body', 'nausea_vomiting_vomit_throwing_induce', 'bile_liver_gallstones_contains_salts', 'undigested_food_spoiled_contain_rotten', 'acidic_acid_rain_ph_slightly', 'dehydration_drinking_eating_lead_frequent', 'waste_product_eliminates_products_blood', 'symptom_sign_illness_disease_symptoms']"
27491,sail,4.59,4.875,"[13, 2, 3, 2, 3, 4, 6, 6]","['flag', 'tent', 'bale', 'dune', 'cube']","['fabric_made_tulle_cloth_denim', 'ship_boat_component_vessel_repair', 'wind_catches_carried_winds_currents', 'mast_masts_attached_mourning_boom', 'shape_triangular_symmetrical_often_shaped', 'ropes_rope_wire_twine_lines', 'used_sailing_nautical_boats_ships', 'plastic_made_materials_canvas_paper']"
1476,arch,4.59,4.888888888888889,"[4, 6, 7, 2, 2, 6, 10, 4, 3]","['vase', 'dome', 'slit', 'lens', 'tomb']","['weight_supports_body_sitting_upper', 'opening_narrow_small_spans_wide', 'structure_structural_network_unit_basic', 'landmark_monuments_landmarks_historic_historical', 'architectural_architecture_design_feature_element', 'curved_shape_curvature_curves_surface', 'decorative_plain_utilitarian_ornate_decoration', 'stone_made_brick_diamonds_often', 'victory_defeat_triumph_surrender_honor']"
31071,suds,4.59,5.833333333333333,"[13, 6, 3, 5, 3, 5]","['soap', 'wash', 'wipe', 'curd', 'maid']","['white_color_off_black_bluish', 'washing_used_dishes_handwashing_hands', 'soap_detergent_detergents_chemicals_uses', 'bubbles_produces_liquid_creates_rising', 'foam_foamy_poured_produces_lather', 'cleaning_cleans_services_provides_cleansing']"
17440,iron,4.59,5.857142857142857,"[6, 3, 3, 6, 3, 3, 17]","['nail', 'spur', 'zinc', 'gold', 'lead']","['electricity_conducts_conductive_conductor_conduct', 'steel_made_stainless_often_metals', 'rust_corrode_prevent_prevents_treated', 'metal_metallic_metals_heavy_steel', 'melting_point_low_419_boiling', 'magnetic_magnets_ferromagnetic_electromagnet_resonance', 'construction_used_sites_building_demolition']"
28894,sill,4.59,6.142857142857143,"[6, 18, 10, 3, 3, 2, 1]","['door', 'rung', 'tray', 'sled', 'wall']","['building_part_architecture_larger_covers', 'wood_metal_made_plastic_materials', 'decorative_plain_utilitarian_ornate_decoration', 'painted_varnished_finished_paint_fouling', 'horizontal_vertical_diagonal_horizontally_bar', 'window_windows_frame_supports_large', 'internal_external_exterior_interior_internalized']"
15322,hula,4.58,4.3,"[5, 5, 5, 7, 5, 3, 5, 3, 3, 2]","['sumo', 'rave', 'lady', 'tutu', 'gait']","['storytelling_medium_storyline_plot_common', 'skirts_skirt_dresses_wear_trousers', 'involves_muscles_movement_arm_movements', 'dance_dancing_move_party_danced', 'originates_originated_japan_asia_hawaii', 'chanting_applause_chants_accompanied_singing', 'live_concerts_performed_music_performances', 'gestures_sign_language_use_exaggerated', 'hawaiian_hawaii_feast_traditional_guests', 'masculinity_men_women_traditionally_performed']"
20116,mink,4.58,7.111111111111111,"[5, 7, 19, 14, 7, 2, 2, 6, 2]","['hare', 'bear', 'frog', 'pike', 'wolf']","['webbed_feet_lobed_forelimbs_partially', 'lives_water_near_bodies_land', 'mammal_mammals_small_mammalian_usually', 'fur_fluffy_hair_brown_looks', 'fur_covered_hunted_coat_farmed', 'slender_body_long_lean_tall', 'carnivorous_diet_primarily_animals_found', 'aquatic_watercraft_animal_supports_life', 'legs_hind_short_long_spurs']"
31318,surf,4.57,3.2857142857142856,"[4, 3, 5, 4, 3, 2, 2]","['yoga', 'hair', 'dune', 'chum', 'peak']","['swimsuit_vest_swimwear_wetsuit_come', 'weather_conditions_affected_subject_climate', 'beaches_found_beach_beached_often', 'styles_styled_different_style_various', 'waves_wave_riding_resembles_water', 'surfers_surfboard_surfer_culture_cutbacks', 'water_performed_thrown_juts_results']"
6874,cove,4.57,3.6,"[2, 4, 4, 4, 4, 5, 2, 5, 4, 2]","['lair', 'glen', 'isle', 'gulf', 'ship']","['water_content_high_stagnant_levels', 'secluded_valley_hidden_retreat_small', 'hills_mountains_cliffs_surrounded_mountainous', 'swimming_freestyle_breaststroke_lessons_styles', 'boats_boat_lifeboats_marina_accessible', 'marine_habitat_life_chain_serves', 'inlet_outlet_coastal_small_inlets', 'entrance_exit_entrances_exits_entry', 'beaches_beach_shoreline_shores_bed', 'bay_larger_smaller_lagoon_sheltered']"
19285,malt,4.57,4,"[5, 3, 8, 6, 3, 3, 5, 2, 1]","['mayo', 'sake', 'beer', 'alum', 'mill']","['brewing_beer_breweries_brewed_whiskey', 'powdered_form_comes_powder_crystal', 'grains_grain_corn_grained_product', 'sugar_sugars_sweeteners_contains_diet', 'vinegar_juice_lemon_malt_vinegars', 'used_make_making_sauces_malted', 'made_rice_barley_soybeans_corn', 'nutty_flavor_mild_rich_fruity', 'beer_contributes_color_bitterness_mouthfeel']"
18173,land,4.57,4,"[10, 3, 2, 4, 1]","['soil', 'dirt', 'prod', 'mesa', 'mill']","['agriculture_used_farming_farmers_agricultural', 'fertile_barren_infertile_environment_pregnant', 'erosion_weathering_subject_wind_water', 'ecosystems_ecosystem_supports_local_unique', 'resources_natural_oil_minerals_reserves']"
32348,tick,4.57,4.1,"[6, 7, 4, 1, 4, 6, 4, 4, 2, 3]","['flea', 'lice', 'mite', 'nape', 'limb']","['shoulders_shoulder_attached_torso_attaches', 'lives_forests_wooded_forest_areas', 'flat_head_body_end_shoulders', 'arachnid_spiders_present_small_zygote', 'parasitic_parasite_insects_parasites_species', 'legs_six_eight_pairs_five', 'blood_feeds_supply_feed_carries', 'diseases_transmit_transmits_tapeworms_lyme', 'rugged_shield_hard_sturdy_build', 'expansion_expand_expands_expandable_pregnancy']"
7996,deli,4.57,4.285714285714286,"[6, 4, 4, 7, 5, 2, 2]","['cafe', 'mayo', 'runt', 'farm', 'tier']","['seating_arrangements_area_outdoor_seat', 'food_production_supply_foods_sells', 'restaurants_food_served_serves_courts', 'sandwiches_used_topping_making_make', 'food_offers_sells_meals_attractively', 'counter_ordering_often_countertop_customers', 'condiment_condiments_variety_provides_features']"
30140,spur,4.57,4.375,"[9, 3, 7, 6, 2, 4, 1, 3]","['trot', 'pony', 'iron', 'vest', 'mule']","['worn_protection_torso_shoulders_ages', 'steel_made_stainless_often_metals', 'horse_horses_horseback_played_riding', 'metal_metallic_metals_heavy_steel', 'shaft_shafts_rowel_wheel_tunnels', 'riding_horse_used_horses_riders', 'cowboys_associated_cowboy_lumberjacks_horse', 'equestrian_sports_equestrianism_used_competitions']"
3944,buoy,4.57,4.5,"[3, 6, 6, 8, 3, 1]","['grub', 'drum', 'ahoy', 'boat', 'reef']","['floats_water_float_sinks_liquids', 'used_sailing_nautical_boats_ships', 'colors_color_variety_golden_range', 'cylindrical_shape_body_spherical_elongated', 'anchored_anchors_anchor_anchoring_seabed', 'navigation_navigational_facilitates_aid_landmarks']"
14780,herb,4.57,5.75,"[4, 3, 4, 13, 12, 2, 2, 7, 14, 3, 3, 2]","['sage', 'wort', 'mint', 'aloe', 'tree']","['climates_grows_temperate_grown_grow', 'flavoring_used_candies_smoothies_flavor', 'tea_teas_coffee_used_leaves', 'plant_animal_zygote_fathering_fatales', 'leaves_edible_trees_needle_buds', 'aromatic_often_properties_enhances_fatuus', 'medicinal_medicinally_used_herbal_purposes', 'dried_fresh_prunes_eaten_used', 'cooking_used_frying_food_chefs', 'medicine_traditional_used_herbal_remedies', 'oils_essential_secretes_contains_contain', 'gardens_grown_pots_garden_planted']"
23663,pile,4.56,2.6666666666666665,"[4, 2, 2]","['loop', 'item', 'heap', 'cube', 'mail']","['materials_made_various_metal_different', 'unstable_uncontrollable_stable_wobbly_collapse', 'sorted_order_prioritized_sorting_maintain']"
35555,vent,4.56,3.25,"[6, 4, 2, 2, 4, 5, 1, 2]","['duct', 'hall', 'fuel', 'edit', 'body']","['buildings_found_ceilings_entrances_often', 'heating_systems_used_cooling_hvac', 'ventilation_ventilated_ventilate_provides_dissipate', 'air_airflow_allows_flow_pass', 'temperature_regulate_homeostasis_body_helps', 'closed_opened_conserved_open_locked', 'hvac_conditioning_systems_air_ventilation', 'manually_done_automatically_mechanically_rung']"
5502,coil,4.56,3.8,"[4, 6, 6, 2, 1]","['fuse', 'plug', 'gold', 'wire', 'watt']","['circuit_electrical_breaker_part_circuits', 'metal_made_metals_alloyed_plastic', 'used_electrical_electronics_devices_circuits', 'magnetic_generates_pulse_electromagnetic_field', 'found_vehicles_machinery_machines_cars']"
28987,site,4.56,3.8181818181818183,"[4, 4, 6, 8, 3, 4, 4, 3, 3, 1, 2]","['area', 'zone', 'node', 'isle', 'farm']","['purpose_specific_used_intended_function', 'significance_historical_may_cultural_accurate', 'boundaries_boundary_marker_line_demonstrates', 'access_accessible_accessibility_allows_wheelchairs', 'website_url_hyperlink_web_websites', 'hosts_events_host_community_promotional', 'buildings_building_towers_skyscrapers_skyline', 'location_physical_place_office_change', 'virtual_physical_machine_runs_face', 'undeveloped_developed_development_state_subdivided', 'zoning_regulations_subject_laws_parks']"
13417,gift,4.56,4.111111111111111,"[9, 3, 6, 2, 3, 2, 4, 3, 5]","['gimp', 'fuck', 'wish', 'real', 'raid']","['surprise_expresses_amazement_express_element', 'tangible_intangible_physically_items_object', 'gift_gifts_giving_given_give', 'social_bonding_bonds_promotes_enhances', 'customizable_custom_personalized_customized_customization', 'gratitude_appreciation_blessing_token_joy', 'packaged_plastic_paper_wrapped_glass', 'occasions_special_occasion_anniversaries_weddings', 'recipient_sender_address_return_received']"
31845,tear,4.56,4.875,"[12, 3, 6, 4, 3, 5, 3, 3]","['seen', 'take', 'milk', 'drop', 'puke']","['involuntary_voluntary_often_action_response', 'salty_taste_flavor_tastes_slightly', 'comes_animals_cattle_sheep_young', 'irritation_cause_irritants_skin_caused', 'evaporates_evaporate_evaporation_air_quickly', 'vision_blur_affected_glaucoma_impairments', 'eyes_eye_done_involves_help', 'eyes_protects_sweat_eyelids_protect']"
19071,lump,4.56,5,"[5, 5, 6, 4]","['burn', 'mono', 'hunk', 'kilo', 'gash']","['mass_unit_small_mc_energy', 'painful_painless_tender_may_sensitive', 'swelling_swell_swollen_cause_lymph', 'irregular_shape_irregularly_regular_shaped']"
27089,rink,4.56,5.142857142857143,"[9, 4, 3, 6, 3, 5, 6]","['iced', 'puck', 'axel', 'roof', 'ball']","['sports_used_hockey_basketball_games', 'skating_figure_ice_skaters_skateboarding', 'spectators_attract_seating_crowds_celebrated', 'lighting_headlights_skylights_lights_equipped', 'ice_made_frozen_water_freezing', 'ice_served_zamboni_cubes_slides', 'rented_owned_landlord_leasing_rental']"
36087,wave,4.55,3.1818181818181817,"[7, 2, 5, 2, 3, 2, 4, 6, 2, 1, 1]","['gale', 'isle', 'cash', 'bowl', 'sack']","['opening_top_open_front_openings', 'energy_transfers_transfer_carries_equation', 'wind_strong_burst_winds_windfall', 'waves_interfere_light_ocean_barrier', 'vertebrae_cervical_crest_contains_spine', 'disturbance_public_oscillation_results_commotion', 'sound_produce_electrical_converts_heard', 'water_bodies_occurs_shallow_surrounded', 'medium_mediums_travel_exchange_various', 'frequency_frequencies_amplitude_measured_range', 'wavelength_wavelengths_measured_spectrum_520']"
13064,fuse,4.55,4.636363636363637,"[7, 8, 3, 4, 4, 2, 3, 6, 6, 7, 1]","['plug', 'watt', 'coil', 'bulb', 'volt']","['melts_heated_molten_rock_melting', 'printing_used_ink_printmaking_cartridge', 'filament_filaments_diode_consists_contains', 'voltage_rating_current_wattage_amperage', 'circuit_electrical_breaker_part_circuits', 'flow_interrupts_electric_electrical_current', 'replaced_replaceable_lamps_replacement_spare', 'safety_device_protocols_measures_safekeeping', 'used_electrical_electronics_devices_circuits', 'ceramic_porcelain_made_ceramics_stainless', 'electrical_overloads_prevents_protects_wires']"
13926,grid,4.55,5.125,"[10, 9, 3, 2, 6, 6, 2, 3]","['plus', 'card', 'stat', 'zero', 'cube']","['rectangular_shape_square_round_rectangles', 'games_used_video_game_darts', 'graphs_graph_charts_data_graphed', 'lines_line_horizontal_intersecting_consists', 'mathematics_used_mathematical_algebra_science', 'programming_computing_used_computer_data', 'organization_used_organizations_un_workforce', 'drawing_tools_graphic_sketching_pencils']"
28545,shed,4.55,5.181818181818182,"[9, 4, 5, 7, 10, 3, 6, 2, 3, 3, 5]","['room', 'barn', 'silo', 'cage', 'maze']","['door_doors_open_opening_four', 'roof_pitched_roofs_shelter_edge', 'locked_locking_lockable_security_unlocked', 'structure_structural_network_unit_basic', 'storage_used_store_storing_equipment', 'gardens_found_backyards_grasslands_often', 'metal_made_metals_alloyed_plastic', 'windows_may_limited_large_refer', 'customizable_custom_personalized_customized_customization', 'workshops_seminars_workshop_project_toolboxes', 'walls_thick_reinforcements_drawings_writings']"
30447,step,4.54,3.2857142857142856,"[4, 5, 4, 4, 2, 2, 2]","['deck', 'ramp', 'boxy', 'beam', 'spat']","['weight_supports_body_sitting_upper', 'flat_surface_surfaces_top_bottom', 'slip_surface_non_slipping_on', 'railings_safety_handrails_guardrails_handrail', 'stairs_staircase_accessible_via_access', 'descending_ascending_used_terrain_motion', 'height_tall_riser_stature_adjustable']"
20121,mint,4.54,3.625,"[3, 2, 4, 3, 3, 3, 4, 7]","['herb', 'zest', 'aloe', 'soda', 'wort']","['herb_zygote_faults_fatales_fatalism', 'refreshing_taste_feels_effect_gives', 'climates_grows_temperate_grown_grow', 'flavoring_used_candies_smoothies_flavor', 'medicinal_properties_astringent_inflammatory_anti', 'garnish_garnishes_used_garnishing_dishes', 'tea_teas_coffee_used_leaves', 'stem_stems_slender_tough_square']"
17437,iris,4.54,3.875,"[4, 3, 6, 5, 3, 5, 2, 3]","['bull', 'wavy', 'name', 'face', 'mark']","['pigments_pigment_pigmentation_dyes_inks', 'face_part_eye_human_father', 'patterns_pattern_intricate_cyclical_sequences', 'muscular_muscle_mass_build_muscles', 'light_lightness_lighting_conditions_dreaming', 'identification_used_biometric_identify_forensic', 'pupil_optic_nerve_contains_eye', 'genetic_traits_genetics_factors_inherit']"
8627,dike,4.54,4,"[6, 4, 5, 4, 5, 5, 3, 2, 2]","['damn', 'dyke', 'taps', 'dune', 'curb']","['river_rivers_stream_crossing_streams', 'flood_control_flooding_controls_helps', 'maintenance_requires_regular_require_cleaning', 'water_holds_hold_watertight_dispense', 'flooding_prevents_cause_avalanches_sea', 'slope_steep_sides_sloped_gradient', 'gates_barriers_spillways_sluices_gate', 'earth_made_rock_minerals_rocks', 'plumbing_system_systems_sprinkler_part']"
27485,sage,4.54,7,"[11, 3, 13, 2, 7, 14, 8, 7, 6, 2, 4]","['herb', 'dill', 'fern', 'lily', 'plum']","['ceremonies_rituals_used_religious_celebrations', 'herb_zygote_faults_fatales_fatalism', 'plant_animal_zygote_fathering_fatales', 'aromatic_often_properties_enhances_fatuus', 'dried_fresh_prunes_eaten_used', 'cooking_used_frying_food_chefs', 'grows_trees_forests_palm_branches', 'green_leaves_fronds_feathery_tops', 'grayish_gray_grey_spelled_brown', 'perennial_plant_annual_growth_nature', 'bees_attracts_butterflies_bee_pollinators']"
36193,weep,4.54,8,"[20, 11, 4, 5, 5, 3]","['bawl', 'wept', 'mope', 'wail', 'stir']","['verb_form_english_language_zygote', 'sadness_depression_expresses_sorrow_pain', 'sobbing_accompanied_sighing_crying_often', 'tears_shedding_crying_involves_accompanied', 'redness_red_cause_eyes_inflammation', 'nasal_runny_nose_passages_accompanied']"
36977,yoga,4.53,4.333333333333333,"[8, 6, 10, 2, 2, 4, 5, 3, 4, 3, 3, 2]","['pray', 'flex', 'monk', 'swim', 'calm']","['meditation_mindfulness_meditates_meditative_watchfulness', 'posture_postures_kneeling_body_ergonomic', 'breath_breathing_control_requires_holding', 'practiced_mat_mats_tatami_dojo', 'group_groups_people_often_involves', 'spiritual_religious_spirituality_growth_faith', 'stress_relief_inducing_absence_relieve', 'balance_helps_coordination_improves_promotes', 'styles_styled_different_style_various', 'physical_activity_exercise_activities_restrict', 'flexibility_associated_materials_improves_limited', 'originates_india_originated_east_middle']"
27413,rust,4.52,3.4,"[2, 3, 3, 8, 4, 6, 4, 1, 1, 2]","['cork', 'trim', 'dust', 'gore', 'disk']","['compound_chemical_compounds_combination_single', 'corrosion_resistance_corrosive_resistant_corrode', 'magnetic_magnets_ferromagnetic_electromagnet_resonance', 'stain_stains_surfaces_clothes_fabrics', 'brown_color_golden_coat_brownish', 'removed_remove_cleaning_removes_material', 'iron_source_steel_curling_smelting', 'oxidation_results_states_exists_various', 'weaken_metal_materials_cause_structures', 'saltwater_accelerated_salt_large_body']"
15101,honk,4.52,3.5,"[3, 4, 5, 2]","['toll', 'goat', 'stop', 'cone', 'oxen']","['pitch_varies_vary_duration_volume', 'horns_horn_car_produced_keyboards', 'traffic_congestion_used_flow_management', 'loud_quiet_boisterous_hear_disruptive']"
2041,axel,4.52,3.5714285714285716,"[4, 4, 6, 3, 2, 5, 1]","['spin', 'romp', 'tray', 'judo', 'skip']","['rotation_rotational_involves_spinning_angular', 'skating_figure_ice_skaters_skateboarding', 'jumping_jump_involves_jumps_grappling', 'named_paulsen_alessandro_axel_volta', 'foot_one_lands_landing_footed', 'edge_ridged_edges_ridges_raised', 'double_triple_quadruple_single_multiplies']"
2333,bark,4.52,3.6,"[3, 8, 4, 2, 1]","['gall', 'oink', 'silk', 'ease', 'hive']","['smooth_rough_granular_smoothness_bumpy', 'trees_tree_uproot_found_leaf', 'sound_dog_made_makes_pigs', 'outer_layer_fruit_tree_vegetable', 'insects_habitat_organisms_larvae_animals']"
13662,golf,4.52,3.727272727272727,"[8, 6, 4, 3, 4, 3, 6, 2, 2, 2, 1]","['polo', 'wear', 'bore', 'yarn', 'leaf']","['holes_hole_center_18_gap', 'green_color_inside_putting_occurs', 'ball_balls_dimpled_small_skeins', 'golf_golfers_clubs_carts_sports', 'sport_olympic_competitive_combat_categorized', 'dress_code_codes_enforce_subject', 'scored_scoring_score_graded_points', 'tournament_tournaments_part_professional_sports', 'played_grass_outdoors_field_rectangular', 'precision_requires_skill_precise_work', 'tee_area_off_header_tees']"
9824,dunk,4.52,4.4,"[3, 6, 6, 4, 3]","['axel', 'exam', 'bunt', 'jock', 'putt']","['ball_hoop_lightly_tapping_hole', 'jumping_jump_involves_jumps_grappling', 'scored_scoring_score_graded_points', 'hands_done_performed_hand_one', 'athleticism_athletic_scholarships_receive_prowess']"
586,afro,4.52,5,"[6, 5, 5, 4, 4, 4, 7]","['lice', 'jazz', 'perm', 'jive', 'bald']","['shape_round_oval_rounded_shaped', 'coiled_storage_tightly_spooled_hair', 'hair_hairstyle_hairstyles_mohawks_spiked', '1970s_1960s_1940s_1930s_era', 'african_american_communities_roots_descent', 'scalp_uv_hair_radiation_lice', 'hair_covered_damage_bristly_baldness']"
8529,dial,4.52,5.166666666666667,"[3, 4, 10, 5, 5, 4]","['bell', 'film', 'lift', 'spun', 'yarn']","['setting_settings_adjust_setup_adjusts', 'volume_radios_increases_decrease_sound', 'digital_analog_physical_digitally_page', 'rotated_rotates_rotation_spinning_spun', 'numbers_number_256_decimal_floor', 'clocks_clock_watches_timers_alarms']"
17819,jump,4.52,5.6,"[9, 6, 6, 3, 4]","['skip', 'flex', 'puck', 'walk', 'fury']","['sports_used_hockey_basketball_games', 'movement_movements_action_involves_physical', 'heart_rate_increases_elevated_increase', 'leg_legs_uses_muscles_feet', 'coordination_requires_balance_improves_coordinated']"
35616,vest,4.52,6.181818181818182,"[6, 7, 9, 4, 7, 7, 5, 9, 10, 2, 2]","['robe', 'coat', 'pant', 'jean', 'cuff']","['buttons_zipper_buttoned_zippers_button', 'pockets_pocket_inside_catching_may', 'fashion_used_lingerie_clothing_uniform', 'garment_textile_garments_part_set', 'sleeves_sleeveless_sleeve_sleeved_long', 'opening_top_open_front_openings', 'clothing_wears_worn_clothes_layered', 'worn_protection_torso_shoulders_ages', 'attire_formal_dressed_wears_part', 'warmth_worn_winter_fall_cold', 'protection_bulletproof_protected_offers_protective']"
18578,lick,4.52,6.625,"[7, 20, 6, 6, 1, 4, 2, 7]","['kiss', 'balm', 'gape', 'soap', 'atop']","['moist_skin_moisturizing_smooth_dried', 'verb_form_english_language_zygote', 'mouth_involves_muscles_tongue_lips', 'affection_affectionate_embracing_hugging_loving', 'sensory_tactile_information_experience_processing', 'skin_healing_wound_soothes_tissues', 'cream_ice_scoops_consume_used', 'surface_surfaces_tension_object_driven']"
2295,barb,4.52,6.666666666666667,"[9, 7, 8, 10, 4, 2]","['stab', 'lure', 'bait', 'harm', 'kick']","['injury_cause_injuries_causes_susceptible', 'sharp_sharpness_object_point_pointed', 'found_animals_mammals_horses_deer', 'fishing_used_sport_fish_fishermen', 'hooks_hook_teeth_hanger_hanging', 'fencing_fences_used_barriers_wire']"
20274,mist,4.51,4.428571428571429,"[2, 6, 6, 3, 5, 6, 3]","['haze', 'dusk', 'dewy', 'lush', 'hazy']","['weather_phenomenon_gusts_tornadoes_phenomena', 'visibility_reduces_limited_enables_allows', 'morning_evening_afternoon_occurs_night', 'droplets_water_tiny_gauges_composed', 'landscapes_landscape_landscaped_landscaping_natural', 'water_bodies_occurs_shallow_surrounded', 'feels_moist_damp_touch_wet']"
18684,line,4.5,3,"[3, 3, 3, 2, 3, 4]","['stat', 'away', 'cube', 'sill', 'east']","['direction_indicates_indicate_orientation_arrow', 'graphs_graph_charts_data_graphed', 'infinite_infinitely_endless_directions_scope', 'length_material_lengths_unit_280', 'horizontal_vertical_diagonal_horizontally_bar', 'geometry_mathematics_geometric_3d_used']"
13133,game,4.5,3,"[3, 6, 3, 3, 3, 6, 2, 1, 2, 1, 4, 2]","['play', 'show', 'bout', 'task', 'gala']","['play_played_players_plays_unfair', 'entertainment_form_adult_industry_entertain', 'games_card_cards_game_term', 'played_tennis_play_table_sticks', 'winner_loser_win_winning_result', 'rules_governed_regulations_rule_guidelines', 'skill_requires_effectively_use_require', 'activity_activities_human_coordinates_level', 'competitive_sport_leisurely_offs_cooperative', 'solo_cooperative_ensemble_multiplayer_played', 'educational_informational_learning_instructive_informative', 'goal_goals_objective_objectives_purpose']"
28021,seam,4.5,3.2,"[6, 3, 3, 1, 3]","['sewn', 'lint', 'darn', 'worn', 'mend']","['sewing_stitches_stitch_stitching_involves', 'found_shirts_clothing_jackets_pants', 'fraying_fray_frayed_edges_properly', 'visible_invisible_surface_seen_imaging', 'joins_together_pieces_joining_two']"
20056,mime,4.5,3.888888888888889,"[4, 5, 10, 3, 7, 1, 1, 1, 3]","['sulk', 'slaw', 'host', 'hula', 'fake']","['imitates_imitation_real_something_miming', 'audience_audiences_entertains_participation_interactive', 'attire_formal_dressed_wears_part', 'gestures_sign_language_use_exaggerated', 'silent_silently_aloud_performs_suppressed', 'white_wears_face_paint_frontal', 'language_body_communicated_communicates_conveyed', 'street_performances_theatres_performer_artist', 'originates_originated_france_europe_origin']"
18954,loot,4.5,4.25,"[6, 5, 5, 9, 1, 4, 2, 2]","['cube', 'lurk', 'grid', 'gory', 'dope']","['enforcement_law_subject_police_plate', 'crime_criminal_rates_severity_associated', 'items_portability_may_item_electronics', 'games_used_video_game_darts', 'theft_stolen_robbery_stealing_illegally', 'hidden_hide_hiding_buried_walls', 'pirates_piracy_pirate_anti_associated', 'ownership_claims_legal_rights_asserts']"
2046,axle,4.5,4.5,"[5, 2, 6, 5]","['tire', 'cart', 'pipe', 'yarn', 'cube']","['rotated_rotates_rotation_spinning_spun', 'vehicle_supports_weight_vehicles_repair', 'wheels_wheel_rim_tiller_bearings', 'hollow_solid_plant_species_body']"
31625,tack,4.5,4.6,"[2, 4, 3, 3, 11]","['nail', 'hood', 'plug', 'wire', 'glue']","['upholstery_used_quilting_furniture_utilized', 'flat_head_body_end_shoulders', 'fastening_materials_used_fasten_linear', 'removed_detachable_removable_deleted_stripped', 'metal_made_father_fatale_fatales']"
25129,puck,4.5,4.7,"[9, 9, 3, 7, 3, 5, 4, 5, 1, 1]","['rink', 'mitt', 'tire', 'ball', 'ream']","['sports_used_hockey_basketball_games', 'rubber_made_leather_plastic_synthetic', 'rounded_edges_corners_straight_edge', 'black_color_neither_white_brownish', 'hard_tough_reputation_opposite_difficult', 'ice_served_zamboni_cubes_slides', 'freeze_winter_frozen_icicles_frosted', 'weight_weighs_pounds_grams_ounces', 'diameter_inches_75_17_millimeters', 'speeds_high_speed_limits_reach']"
18939,loom,4.5,6,"[6, 5, 18, 3, 5, 4, 1]","['sewn', 'yarn', 'tuck', 'bead', 'knit']","['fabric_textiles_fabrics_creates_strengthens', 'used_weaving_knitting_sewing_crocheting', 'wood_metal_made_plastic_materials', 'pedals_treadles_pedal_wah_foot', 'textile_textiles_used_make_industry', 'manually_operated_automatically_manual_operates', 'beam_warp_weft_beams_cross']"
19127,lynx,4.5,9.5,"[19, 14, 7, 18, 4, 7, 4, 3]","['mice', 'lion', 'puss', 'hare', 'deer']","['mammal_mammals_small_mammalian_usually', 'fur_fluffy_hair_brown_looks', 'ears_long_tufted_hearing_two', 'tail_short_long_tails_bushy', 'retractable_claws_sharp_zygote_fatale', 'lives_forests_wooded_forest_areas', 'nocturnal_mostly_alleged_behavior_creature', 'endangered_wild_species_habitat_predation']"
4408,cash,4.48,2.4285714285714284,"[4, 2, 2, 4, 2, 2, 1]","['peso', 'ream', 'wave', 'data', 'bank']","['denominations_denomination_smallest_currency_comes', 'inflation_rates_depreciate_due_subject', 'stored_wallets_databases_folders_banks', 'paper_made_electronic_plastic_polymer', 'atms_withdrawn_teller_dispensed_withdrawal', 'medium_mediums_travel_exchange_various', 'tender_legal_debts_eurozone_transactions']"
3696,brig,4.48,2.5,"[3, 2, 2, 3, 2, 2, 2, 4]","['jail', 'pool', 'free', 'gate', 'mask']","['cells_cell_blood_cellular_composed', 'confinement_captivity_imprisoned_absence_temporary', 'ships_found_boats_vessels_harbors', 'used_protection_defense_safety_security', 'straps_secured_ties_locks_ropes', 'prisoners_prison_inmates_convicted_holds', 'deck_patio_surrounded_located_area', 'military_forces_armed_branch_nation']"
25452,rack,4.48,2.857142857142857,"[4, 4, 2, 3, 4, 2, 1]","['slab', 'desk', 'rake', 'clip', 'acre']","['used_furniture_buildings_homes_walls', 'holds_items_objects_together_hold', 'organization_used_organizations_un_workforce', 'shelves_racks_shelf_inside_hooks', 'adjustable_height_adjusted_width_louvers', 'freestanding_built_in_mounted_wall', 'drying_clothes_dry_dishes_items']"
17992,kiss,4.48,2.875,"[6, 6, 2, 2, 2, 1, 1, 3]","['lick', 'blow', 'papa', 'yawn', 'dame']","['mouth_involves_muscles_tongue_lips', 'affection_affectionate_embracing_hugging_loving', 'respect_respectful_sign_encourages_politeness', 'romantic_romanticized_dreamy_idealized_romance', 'greeting_greetings_greet_hello_warn', 'metaphorical_physical_platonic_conceptual_literal', 'duration_varies_vary_minutes_ten', 'love_intimacy_fondness_sexual_romance']"
19452,mars,4.48,3.25,"[3, 6, 4, 5, 2, 3, 1, 2]","['wane', 'trek', 'roam', 'snow', 'star']","['exploration_adventure_explored_rovers_associated', 'red_color_white_rosé_reddish', 'ice_polar_snow_glaciers_caps', 'cold_coldness_colder_freezing_moderate', 'planet_planets_orbiting_fourth_solar', 'moon_moons_deimos_phobos_two', 'solar_largest_volcano_canyon_system', 'atmosphere_earth_dioxide_trace_carbon']"
3555,bran,4.48,3.888888888888889,"[7, 3, 2, 8, 3, 4, 3, 1, 4]","['rice', 'oats', 'dung', 'malt', 'shit']","['brown_color_brownish_reddish_green', 'texture_flaky_spongy_slimy_fizzy', 'fiber_dietary_source_contains_natural', 'grains_grain_corn_grained_product', 'digestion_helps_gut_gastrointestinal_health', 'cereal_grain_grains_crop_outer', 'cereals_breakfast_cereal_used_granola', 'antioxidants_contains_carbohydrates_fats_omega', 'food_type_health_street_considered']"
9730,drug,4.48,4,"[6, 6, 5, 9, 4, 2, 3, 2, 2, 4, 4, 1]","['pill', 'dose', 'meth', 'cure', 'shot']","['synthetic_natural_organic_candy_grass', 'injected_injections_injection_venom_orally', 'date_expiration_publication_maturity_sell', 'used_medical_treat_medicine_medication', 'effects_side_cause_potential_may', 'trials_clinical_tested_undergone_researched', 'dosage_dosing_instructions_dose_varies', 'prescribed_prescription_medication_reasons_require', 'substance_chemical_unhurriedly_tendency_unclean', 'drugs_drug_interact_methamphetamine_trafficking', 'addictive_habit_addiction_potential_addictions', 'functions_physiological_biological_function_ceased']"
29474,snot,4.48,4.363636363636363,"[6, 3, 7, 8, 7, 4, 3, 2, 2, 4, 2]","['nose', 'piss', 'pure', 'bait', 'bile']","['crust_browned_creates_crustacean_caramelized', 'nasal_runny_nose_passages_accompanied', 'viscous_substance_viscosity_liquid_substances', 'allergic_reactions_allergies_cause_caused', 'yellow_color_green_orange_yellowish', 'bodily_fluid_transmitted_fluids_orifice', 'mucus_mucous_membranes_musky_produced', 'nose_contains_nostrils_trachea_found', 'clear_blurry_described_healthy_stock', 'traps_trap_insects_pathogens_swat', 'expelled_sneezing_anus_expulsion_body']"
10959,exam,4.48,4.375,"[7, 6, 3, 8, 4, 2, 3, 2]","['test', 'quiz', 'coed', 'word', 'dean']","['educational_institutions_students_settings_schools', 'scored_scoring_score_graded_points', 'knowledge_skills_measures_assesses_skill', 'written_oral_writing_piece_unwritten', 'anxiety_stress_cause_anxious_induce', 'preparation_requires_require_study_prepared', 'choice_multiple_questions_may_include', 'standardized_guns_dimensions_internationally_representation']"
12396,foil,4.48,4.444444444444445,"[14, 4, 2, 3, 6, 2, 3, 3, 3]","['gold', 'twig', 'stir', 'dill', 'oily']","['cooking_used_frying_food_chefs', 'thin_sheet_material_flat_strip', 'reflective_surface_mirrors_diffraction_side', 'malleable_soft_bendable_pliable_heated', 'electricity_conducts_conductive_conductor_conduct', 'heat_conducts_conductivity_radiant_poorly', 'wrapping_wrap_popped_popcorn_food', 'insulation_lined_used_electrical_quilted', 'seal_seals_sealing_bottles_cap']"
4130,calf,4.48,8.5,"[19, 18, 5, 6, 5, 5, 9, 1]","['deer', 'lamb', 'pony', 'puss', 'lion']","['mammal_mammals_small_mammalian_usually', 'tail_short_long_tails_bushy', 'milk_drinks_mother_initially_dependency', 'legs_four_legged_two_walks', 'grazes_grass_plants_graze_grazer', 'cattle_bovine_cow_bull_male', 'hooves_cloven_grows_typically_zygote', 'weaned_mother_months_old_six']"
4986,chow,4.47,6.2,"[21, 3, 2, 2, 3]","['bass', 'meat', 'glop', 'root', 'akin']","['edible_species_humans_inedible_though', 'food_meal_drink_used_describe', 'cuisine_cuisines_cultures_many_part', 'chinese_china_native_chow_mein', 'shared_communal_friends_characteristics_often']"
2795,bile,4.46,3.5454545454545454,"[7, 2, 7, 5, 4, 4, 1, 1, 3, 2, 3]","['guts', 'puke', 'acid', 'piss', 'anal']","['digestion_digestive_dissolves_fluid_system', 'produced_derived_liver_plants_sources', 'yellow_color_green_orange_yellowish', 'digestive_system_tract_intestines_stomach', 'bitter_taste_slightly_tannins_contains', 'bile_liver_gallstones_contains_salts', 'stored_gallbladder_cool_dry_place', 'aids_digestion_deficiency_syndrome_immune', 'ph_alkaline_level_neutral_less', 'nutrients_absorbs_absorption_soluble_vitamins', 'waste_product_eliminates_products_blood']"
29657,song,4.46,4,"[3, 3, 3, 5, 5, 5, 4, 5, 2, 2, 9, 2]","['tune', 'hymn', 'poem', 'band', 'funk']","['verses_chorus_stanzas_hymnals_found', 'poetry_writes_literary_songwriters_publish', 'emotions_evoke_evokes_negative_memories', 'genre_music_genres_literature_punk', 'lyrics_address_issues_chorus_political', 'sung_congregation_carols_choir_singing', 'live_recorded_performed_albums_perform', 'recorded_record_later_history_public', 'rhythm_melody_heartbeat_beat_tracks', 'radio_signals_transmitted_waves_ohms', 'music_accompaniment_accompanied_instrumental_often', 'composition_musical_music_composed_compositions']"
23926,plow,4.46,4.125,"[5, 10, 5, 3, 5, 2, 2, 1]","['rake', 'sown', 'pail', 'lead', 'seed']","['soil_turns_conditions_decomposes_furrows', 'agriculture_used_farming_farmers_agricultural', 'gardening_used_mulch_planting_gardens', 'seeds_planting_seed_sowing_preceded', 'earth_crust_surface_mined_found', 'pulled_animals_gravity_driven_machinery', 'soil_aeration_composting_helps_improves', 'tractor_tractors_attached_mower_plows']"
14219,gyro,4.46,4.125,"[4, 3, 6, 8, 4, 2, 4, 2]","['stew', 'taco', 'slaw', 'crop', 'lard']","['pork_beef_lamb_ham_rendered', 'sauce_tzatziki_salsa_served_topped', 'vegetables_contains_grains_cabbage_fruits', 'served_meals_meal_rice_often', 'onions_vegetables_carrots_shredded_tomatoes', 'consists_food_meat_lentils_piece', 'food_type_health_street_considered', 'seasoned_spices_herbs_salt_oregano']"
16783,inks,4.46,4.142857142857143,"[7, 3, 3, 3, 8, 8, 4, 4, 3, 6, 5, 2, 1, 1]","['inky', 'glue', 'tint', 'lead', 'ream']","['writing_used_books_calligraphy_text', 'stored_bottles_containers_tanks_cartridges', 'liquid_form_comes_gel_pills', 'water_based_solvent_silicone_hydrophobic', 'printing_used_ink_printmaking_cartridge', 'stain_stains_surfaces_clothes_fabrics', 'pigments_pigment_pigmentation_dyes_inks', 'toxic_amounts_humans_cats_animals', 'dries_application_hardens_paper_quickly', 'art_used_painting_drawing_sculptures', 'colors_comes_various_different_patterns', 'pens_used_tattoos_pentameter_iambic', 'fade_time_sunlight_may_fades', 'permanent_untied_intervention_necessarily_semi']"
17646,jaws,4.46,4.142857142857143,"[6, 4, 4, 4, 4, 2, 5]","['bony', 'gill', 'bone', 'dish', 'chew']","['teeth_chewing_involves_gum_prongs', 'species_varies_size_depending_among', 'skeletal_skeleton_structure_part_system', 'vertebrates_found_amphibians_fish_vertebrate', 'closes_opens_closing_open_opening', 'hinged_hinges_hinge_mechanism_squeezed', 'eating_used_food_chewing_biting']"
9820,dune,4.46,4.142857142857143,"[5, 3, 4, 6, 5, 5, 1]","['sand', 'mesa', 'clam', 'surf', 'sail']","['found_deserts_regions_arid_climates', 'wind_catches_carried_winds_currents', 'supports_plant_growth_vegetation_life', 'sand_dunes_sandy_sanded_burrow', 'beaches_found_beach_beached_often', 'slope_steep_sides_sloped_gradient', 'dispersed_wind_water_animals_formed']"
36932,yawn,4.46,5.333333333333333,"[7, 3, 5, 12, 4, 6, 4, 6, 1]","['gape', 'suck', 'rave', 'blow', 'knit']","['contagious_groups_social_among_others', 'stretch_stretchable_stretching_stretched_stretchy', 'night_heard_occurs_precedes_sleep', 'involuntary_voluntary_often_action_response', 'jaw_movable_facial_fixed_stretches', 'mouth_involves_muscles_tongue_lips', 'boredom_boring_uninteresting_bored_blah', 'fatigue_tiredness_tired_exhausted_lead', 'occurs_humans_animals_biological_mammals']"
24901,prop,4.46,6.5,"[14, 6, 3, 3]","['scat', 'cell', 'nose', 'yoyo', 'bird']","['size_varies_large_small_color', 'shape_varies_size_depending_among', 'entertainment_used_movies_culture_theaters', 'replica_replicate_replicated_original_reproduction']"
6562,coop,4.46,7.5,"[9, 7, 12, 2]","['nest', 'lurk', 'cage', 'mast', 'cock']","['door_doors_open_opening_four', 'predators_predatory_predation_associated_protects', 'birds_bird_crows_crow_chickens', 'eggs_laying_preening_feathers_egg']"
7653,dean,4.45,3,"[6, 7, 3, 4, 2, 1, 1, 1, 2]","['coed', 'levy', 'sped', 'judo', 'city']","['discipline_disciplinary_actions_emphasizes_handles', 'educational_institutions_students_settings_schools', 'fundraising_fundraiser_public_revenue_raises', 'leadership_qualities_skills_tenure_position', 'education_curriculum_educational_schooling_development', 'academic_university_institution_accreditation_institutions', 'faculty_oversees_recruitment_academic_liaison', 'manage_manageability_handle_handled_effectively', 'degree_diploma_graduation_completed_completion']"
17768,jowl,4.45,3.3333333333333335,"[4, 5, 3, 3, 2, 3]","['chin', 'fade', 'nape', 'kiwi', 'pork']","['aging_associated_age_youthfulness_elderly', 'located_back_torso_neck_ankle', 'smoked_cured_snorted_flavor_salted', 'face_part_eye_human_father', 'dogs_dog_breeds_canines_canine', 'meat_tender_juicy_flesh_fleshy']"
27092,riot,4.45,3.769230769230769,"[8, 6, 6, 3, 2, 2, 1, 7, 5, 2, 3, 1, 3]","['thug', 'news', 'woke', 'wail', 'gory']","['violence_violent_associated_often_intimidation', 'enforcement_law_subject_police_plate', 'political_politics_power_issues_exercised', 'emotional_state_physical_civil_intellectual', 'group_groups_people_often_involves', 'disturbance_public_oscillation_results_commotion', 'property_damage_destruction_result_legal', 'weapons_carry_looting_involve_armaments', 'disrupt_disruptive_disruption_normal_activities', 'media_reported_journalists_covered_newspapers', 'activism_protest_protests_social_movements', 'lead_arrests_met_fulfillment_leads', 'discontent_resentment_displeasure_discontentment_feelings']"
19258,male,4.45,3.8,"[6, 3, 7, 4, 4, 4, 5, 2, 1, 2]","['ovum', 'womb', 'lady', 'buff', 'tone']","['worn_women_men_genders_clothing', 'sperm_fertilized_fertilizes_eggs_produces', 'vocal_voice_cords_vocalizes_deeper', 'reproductive_hermaphroditic_male_female_organs', 'chromosomes_xy_xx_two_located', 'hormonal_changes_testosterone_hormones_levels', 'muscular_muscle_mass_build_muscles', 'male_sex_biological_sows_boars', 'hair_growth_grows_facial_grow', 'hair_body_long_often_generally']"
29253,slot,4.45,4.2,"[5, 5, 6, 4, 1]","['dime', 'peek', 'flip', 'cent', 'arch']","['coin_coins_side_penny_national', 'items_portability_may_item_electronics', 'opening_narrow_small_spans_wide', 'vending_machines_sold_used_stored', 'casinos_found_house_rules_feature']"
2189,bait,4.45,4.5,"[6, 4, 10, 4, 2, 1]","['lure', 'barb', 'slug', 'chum', 'hook']","['prey_predators_preyed_toads_tongue', 'traps_trap_insects_pathogens_swat', 'fishing_used_sport_fish_fishermen', 'hooks_hook_teeth_hanger_hanging', 'attract_animals_prey_fish_lure', 'living_live_space_artificial_survive']"
19597,maze,4.45,5.125,"[13, 5, 4, 3, 5, 5, 3, 3]","['shed', 'pond', 'room', 'neon', 'prop']","['symbol_symbolized_ne_pb_zn', 'patterns_designs_pattern_design_puzzle', 'network_paths_pathway_internodes_complex', 'gardens_found_backyards_grasslands_often', 'walls_thick_reinforcements_drawings_writings', 'entrance_exit_entrances_exits_entry', 'entertainment_used_movies_culture_theaters', 'dimensional_three_two_3d_2d']"
33217,tush,4.45,5.333333333333333,"[6, 9, 12, 2, 2, 5, 4, 4, 4]","['butt', 'boob', 'back', 'foot', 'nape']","['posture_postures_kneeling_body_ergonomic', 'body_part_human_object_fault', 'skin_covered_covering_exposes_exposed', 'squat_buttocks_body_gyrations_squatting', 'vary_size_shape_greatly_caliber', 'sensitive_touch_sensitivity_nerve_stimulation', 'occurs_occur_erogenous_zone_urban', 'fat_tissue_fats_fatty_contains', 'sitting_used_designed_lounging_posting']"
35525,veil,4.45,7.142857142857143,"[13, 11, 4, 6, 6, 7, 3]","['jade', 'robe', 'lily', 'mask', 'cuff']","['fabric_made_tulle_cloth_denim', 'ceremonies_rituals_used_religious_celebrations', 'translucent_opaque_transparent_appearance_white', 'purity_symbolizes_morality_symbol_modesty', 'length_varies_lengths_comes_various', 'weddings_used_wedding_arrangements_floral', 'face_covers_adversity_faces_hides']"
18823,lobe,4.44,3,"[3, 4, 3, 3, 2]","['bony', 'hand', 'hear', 'guts', 'idea']","['pierced_rings_worn_earrings_wear', 'organ_organs_tissue_part_liver', 'anatomy_part_posterior_human_tissue', 'brain_neurons_contains_nervous_generated', 'auditory_hearing_sense_nerves_overwhelms']"
4557,cell,4.44,3.090909090909091,"[3, 4, 3, 3, 3, 2, 3, 6, 3, 2, 2]","['ovum', 'prop', 'bios', 'life', 'scat']","['organisms_organism_living_prokaryotic_eukaryotic', 'organ_organs_tissue_part_liver', 'cells_cell_blood_cellular_composed', 'nucleus_electrons_orbit_positron_electron', 'membrane_cell_enclosed_surrounded_patagium', 'cytoplasm_organelles_contains_mitochondria_whiteheads', 'life_basic_unit_energy_force', 'shape_varies_size_depending_among', 'replica_replicate_replicated_original_reproduction', 'metabolism_metabolic_metabolizes_exhibits_undergoes', 'stimuli_responds_triggered_external_stimulus']"
2919,bite,4.44,4.571428571428571,"[5, 3, 6, 4, 4, 4, 6]","['slap', 'mild', 'jaws', 'moat', 'chew']","['severity_varies_severe_vary_glasgow', 'eating_meal_drinking_occurs_eaten', 'teeth_chewing_involves_gum_prongs', 'defensive_defense_mechanism_form_reaction', 'diseases_transmit_transmits_tapeworms_lyme', 'leave_mark_marks_tracks_puncture', 'pain_cause_discomfort_causes_emotional']"
20931,nape,4.44,5.555555555555555,"[12, 6, 7, 4, 3, 5, 5, 5, 3]","['arms', 'chin', 'limb', 'tush', 'neck']","['skin_covered_covering_exposes_exposed', 'shoulders_shoulder_attached_torso_attaches', 'hair_covered_damage_bristly_baldness', 'neck_necks_covers_located_back', 'vertebrae_cervical_crest_contains_spine', 'sensitive_touch_sensitivity_nerve_stimulation', 'head_covers_wedge_supports_connects', 'located_back_torso_neck_ankle', 'sun_sunburn_sunlight_uv_protection']"
31474,swim,4.43,3.5,"[10, 3, 3, 4, 4, 3, 2, 2, 2, 2]","['swam', 'yoga', 'dive', 'suit', 'lung']","['breath_breathing_control_requires_holding', 'water_moving_movement_walk_refers', 'shallow_water_done_oceans_lakes', 'swimming_freestyle_breaststroke_lessons_styles', 'swimsuit_vest_swimwear_wetsuit_come', 'physical_activity_exercise_activities_restrict', 'competitive_sport_leisurely_offs_cooperative', 'cardiovascular_health_improves_blood_heart', 'muscles_muscle_strengthens_endurance_supported', 'recreational_recreationally_professionally_played_activity']"
21844,oboe,4.43,3.75,"[3, 10, 5, 6, 1, 1, 4, 1, 1, 4, 4, 5]","['harp', 'gong', 'tuba', 'lyre', 'yoga']","['tone_notes_pitch_varies_tones', 'breath_breathing_control_requires_holding', 'instrument_musical_stringed_instruments_guitars', 'sound_produces_blown_sounds_captures', 'reed_double_blowing_played_reeds', 'wood_made_grenadilla_twigs_pulp', 'key_combination_keys_keyboard_opened', 'woodwind_instruments_wind_belongs_family', 'bore_conical_flared_zygote_fatigued', 'orchestras_used_music_orchestral_ensembles', 'fingers_thumb_five_worn_slot', 'classical_music_contemporary_used_genres']"
13146,gang,4.43,4.25,"[7, 6, 7, 4, 4, 3, 2, 1]","['goon', 'cult', 'thug', 'clan', 'crew']","['hierarchy_hierarchical_structure_maslow_hierarchies', 'group_people_dynamics_collective_carried', 'leader_captain_leaders_disciples_followers', 'criminal_activity_activities_justice_associated', 'illegal_involved_activities_trafficking_illicit', 'territorial_territory_territories_roams_homeland', 'loyalty_members_loyal_group_show', 'rite_initiation_passage_rites_consecration']"
25422,quiz,4.43,4.5,"[7, 6, 3, 3, 5, 6, 3, 4, 6, 2]","['test', 'exam', 'babe', 'true', 'redo']","['educational_institutions_students_settings_schools', 'scored_scoring_score_graded_points', 'knowledge_skills_measures_assesses_skill', 'choice_multiple_questions_may_include', 'questions_ended_question_asks_open', 'false_falsehood_true_falsehoods_information', 'topics_science_focus_subject_technology', 'timed_time_timer_limit_downtime', 'learning_learns_learn_speak_passion', 'test_testing_tested_tests_testers']"
29667,sons,4.43,4.6,"[5, 4, 4, 6, 4]","['papa', 'aunt', 'runt', 'yoyo', 'gene']","['family_families_generations_role_involved', 'lineage_kinship_ancestry_family_shares', 'siblings_nieces_nephews_children_bond', 'children_child_parents_rearing_childhood', 'offspring_heredity_parents_unit_human']"
30487,stew,4.43,4.714285714285714,"[6, 4, 3, 8, 3, 5, 4]","['gyro', 'soup', 'coke', 'prom', 'mayo']","['vegetables_contains_grains_cabbage_fruits', 'spices_herbs_flavored_spice_fruits', 'cooked_precooked_cooking_eaten_pot', 'served_meals_meal_rice_often', 'meat_meats_filled_contain_beef', 'served_cold_hot_chilled_warm', 'food_type_health_street_considered']"
22815,papa,4.43,4.777777777777778,"[6, 6, 6, 7, 4, 6, 2, 2, 4]","['mama', 'sons', 'love', 'guru', 'aunt']","['discipline_disciplinary_actions_emphasizes_handles', 'day_holidays_valentine_celebrated_holiday', 'affection_affectionate_embracing_hugging_loving', 'taught_teach_teaching_schools_teacher', 'parent_sister_family_female_relative', 'children_child_parents_rearing_childhood', 'guidance_provides_guidelines_offers_offer', 'familial_support_family_inherit_roles', 'offspring_heredity_parents_unit_human']"
23723,pint,4.43,5,"[5, 2, 3, 8, 8, 4]","['inch', 'span', 'beer', 'kilo', 'gram']","['measure_used_measuring_measurements_blood', 'ounces_equals_fluid_16_converted', 'pubs_bars_pub_associated_nightclub', 'unit_units_measured_measurement_volume', 'container_containers_secure_shipping_comes', 'glasses_served_mugs_beer_standard']"
36229,welt,4.43,6.444444444444445,"[6, 5, 10, 8, 14, 6, 3, 5, 1]","['rash', 'sore', 'acne', 'scab', 'gash']","['scar_scars_leave_may_scarring', 'painful_painless_tender_may_sensitive', 'injury_caused_illness_incapacitation_result', 'allergic_reactions_allergies_cause_caused', 'size_varies_large_small_color', 'itchy_itching_itch_causes_cause', 'sting_bite_stinging_stings_bites', 'heals_heal_time_healing_injured', 'discolored_discoloration_skin_pale_red']"
24149,pore,4.42,4.3,"[7, 3, 8, 6, 3, 5, 4, 2, 1, 4]","['skin', 'wilt', 'fear', 'musk', 'tuft']","['opening_top_open_front_openings', 'found_skin_body_hypoallergenic_feet', 'found_animals_mammals_horses_deer', 'naked_eye_invisible_visible_see', 'acne_pimples_site_develop_formation', 'sweat_glands_sweating_absorbs_releases', 'temperature_regulate_homeostasis_body_helps', 'clog_clogged_become_waterways_block', 'follicles_hair_contains_visible_base', 'plants_plant_found_phloem_leaves']"
22059,opal,4.42,4.777777777777778,"[2, 9, 3, 4, 4, 2, 3, 10, 6]","['ruby', 'bead', 'onyx', 'ring', 'glue']","['mohs_hardness_scale_softest_mineral', 'jewelry_used_earrings_piece_making', 'contains_minerals_silica_oxides_formed', 'gemstone_gemstones_precious_pearls_produce', 'glow_orange_glows_glowing_red', 'displays_colors_color_play_of', 'colors_come_different_various_coat', 'transparent_opaque_transparency_translucent_colored', 'colors_color_variety_golden_range']"
23031,path,4.41,2.5,"[3, 1, 2, 3, 4, 2]","['road', 'stem', 'lane', 'maze', 'pave']","['asphalt_concrete_gravel_materials_stones', 'destinations_destination_leads_routes_connects', 'road_path_narrow_narrower_pathway', 'walking_used_hiking_running_mobility', 'network_paths_pathway_internodes_complex', 'paved_unpaved_pathways_dirt_rural']"
9494,dorm,4.41,3.111111111111111,"[3, 4, 3, 3, 2, 2, 3, 4, 4]","['door', 'coed', 'frat', 'lock', 'hack']","['university_college_students_campuses_colleges', 'rooms_room_multiple_bedrooms_contains', 'bathrooms_bathroom_found_shared_typically', 'living_communal_house_home_quarters', 'gender_ed_genders_co_students', 'laundry_facilities_ironing_rooms_fitting', 'study_grades_studying_studied_academic', 'security_measures_provides_cybersecurity_offers', 'housing_homeless_substandard_residents_students']"
17573,item,4.41,3.125,"[3, 4, 4, 2, 4, 4, 1, 3]","['loop', 'call', 'real', 'lacy', 'wire']","['tangible_intangible_physically_items_object', 'purpose_specific_used_intended_function', 'materials_made_various_metal_different', 'sold_soldered_bought_traded_sets', 'categorized_category_classification_categories_categorization', 'handmade_made_machine_manufactured_telephone', 'mass_weight_occupies_volume_space', 'outdated_obsolete_become_new_latest']"
24165,port,4.41,3.375,"[6, 4, 3, 1, 4, 5, 2, 2]","['ship', 'semi', 'navy', 'expo', 'ramp']","['cargo_passengers_carries_terminals_carry', 'loading_unloading_goods_door_load', 'docking_dock_docked_boats_pier', 'warehouses_customs_facilities_warehouse_integrate', 'boats_boat_lifeboats_marina_accessible', 'tides_tidal_currents_affected_affects', 'commerce_trade_industry_logistics_promotes', 'maritime_shipwrecks_fleet_ships_submarines']"
11902,file,4.41,3.6363636363636362,"[5, 10, 4, 3, 2, 2, 4, 3, 3, 3, 1]","['data', 'byte', 'film', 'copy', 'redo']","['data_stores_store_stored_storage', 'digital_analog_physical_digitally_page', 'encrypted_encryption_privacy_security_cryptid', 'access_unauthorized_prevents_restricted_protected', 'transferred_transfer_moved_relocation_translatable', 'compressed_compress_compressible_compression_easily', 'shared_sharing_others_platforms_information', 'file_formats_various_pdf_jpg', 'edited_editing_revised_pacing_altered', 'backed_backups_backing_backup_data', 'documents_storing_tool_important_dissemination']"
18036,knit,4.41,3.909090909090909,"[1, 6, 5, 5, 5, 2, 3, 3, 2, 3, 8]","['sewn', 'darn', 'wove', 'taut', 'yarn']","['interlocking_yarn_loops_thread_involves', 'fabric_textiles_fabrics_creates_strengthens', 'needle_needles_syringe_uses_thread', 'hand_done_machine_person_face', 'patterns_designs_pattern_design_puzzle', 'hobby_profession_occupation_skill_professional', 'yarn_thread_knitting_types_ply', 'stretch_stretchable_stretching_stretched_stretchy', 'blankets_make_used_clothing_making', 'done_machine_machines_using_computer', 'warmth_provides_comfort_associated_conveys']"
19822,mesh,4.41,6.8,"[8, 11, 9, 3, 3]","['wool', 'lace', 'pelt', 'pill', 'hook']","['holes_hole_center_18_gap', 'clothing_used_making_garment_garments', 'used_medical_treat_medicine_medication', 'strands_fibers_braided_twisted_interlocked', 'woven_knitted_yarn_spun_sewn']"
20388,mole,4.41,7.375,"[7, 3, 9, 19, 14, 2, 2, 3]","['hare', 'bats', 'mice', 'mink', 'puma']","['insects_eats_seeds_worms_feeds', 'eyesight_eyes_eye_poor_retina', 'digging_excavation_drilling_dug_drilled', 'mammal_mammals_small_mammalian_usually', 'fur_fluffy_hair_brown_looks', 'snout_pointed_possesses_long_father', 'lives_underground_burrows_caves_live', 'solitary_alone_solitude_prefer_isolation']"
37030,zinc,4.4,4.909090909090909,"[13, 6, 4, 6, 6, 3, 4, 5, 3, 1, 3]","['lead', 'neon', 'weld', 'volt', 'iron']","['symbol_symbolized_ne_pb_zn', 'mineral_minerals_composed_stores_essential', 'chemical_element_unit_basic_substance', 'metal_metallic_metals_heavy_steel', 'metalworking_used_welding_soldering_blacksmithing', 'melting_point_low_419_boiling', 'batteries_used_battery_acid_anode', 'used_manufacturing_making_industries_die', 'corrosion_resistance_corrosive_resistant_corrode', 'sunscreen_microsystems_oxide_zinc_sun', 'atomic_number_82_10_30']"
30804,stub,4.4,5.25,"[8, 3, 6, 4]","['snag', 'skim', 'nest', 'oust', 'trim']","['trees_tree_uproot_found_leaf', 'smoking_cigarette_puff_smoke_draw', 'removed_remove_cleaning_removes_material', 'completion_completeness_incomplete_complete_incompleteness']"
9845,dust,4.4,6,"[8, 4, 6]","['mite', 'stub', 'snot', 'trim', 'oust']","['allergic_reactions_allergies_cause_caused', 'particles_fine_composed_particulate_small', 'removed_remove_cleaning_removes_material']"
32552,tong,4.4,6.5,"[14, 4, 11, 13, 4, 2, 5, 2, 5, 5]","['spat', 'rasp', 'vise', 'whip', 'hold']","['cooking_used_frying_food_chefs', 'barbecues_grilling_barbecue_grill_charcoal', 'metal_made_father_fatale_fatales', 'tool_categorized_garden_instrument_hand', 'grasping_objects_hold_grasp_used', 'arms_two_yoke_curved_connecting', 'food_serving_used_serve_hold', 'flipping_food_used_pancakes_turn', 'spring_mechanism_springy_springtime_springs', 'locked_locking_lockable_security_unlocked']"
3780,brow,4.39,3.75,"[4, 4, 3, 4]","['wane', 'gill', 'wick', 'leaf', 'glam']","['wax_waxy_waxed_primed_opposite', 'located_face_head_mouth_sides', 'accompanied_furrowed_frown_facial_frowning', 'makeup_enhanced_mascara_cosmetics_use']"
30233,stag,4.39,6.5,"[5, 19, 7, 3, 4, 8, 4, 2]","['buck', 'deer', 'fawn', 'goat', 'hare']","['hunted_predators_humans_people_sport', 'mammal_mammals_small_mammalian_usually', 'lives_forests_wooded_forest_areas', 'deer_male_young_female_called', 'antlers_males_male_grows_typically', 'herbivorous_herbivore_herbivores_diet_insectivorous', 'strength_symbol_symbolizes_virility_bravery', 'antlers_annually_sheds_grows_new']"
22638,ovum,4.38,2.8461538461538463,"[3, 3, 6, 4, 2, 3, 3, 3, 2, 2, 4, 1, 1]","['cell', 'male', 'mite', 'cock', 'brig']","['sperm_fertilized_fertilizes_eggs_produces', 'cells_cell_blood_cellular_composed', 'reproduction_reproductive_reproduce_involves_reproduces', 'reproductive_hermaphroditic_male_female_organs', 'genetic_contains_material_embryo_chlorophyll', 'nucleus_electrons_orbit_positron_electron', 'membrane_cell_enclosed_surrounded_patagium', 'embryo_foals_developing_birth_gives', 'microscopic_macroscopic_micro_scales_occurs', 'cytoplasm_organelles_contains_mitochondria_whiteheads', 'chromosomes_xy_xx_two_located', 'ovulation_released_ovaries_lives_fathering', 'meiosis_undergoes_mitosis_undergo_senescence']"
18891,loin,4.38,3.1666666666666665,"[7, 3, 2, 3, 2, 2]","['beef', 'veal', 'sore', 'lamb', 'rump']","['meat_cut_beef_pork_meats', 'anatomy_part_posterior_human_tissue', 'cooked_ways_various_cooking_roasting', 'tender_juicy_touch_lean_fatigue', 'steaks_steak_served_eaten_fillets', 'roasted_grilled_roasting_roast_often']"
7367,curl,4.38,3.857142857142857,"[7, 5, 2, 4, 4, 3, 2]","['posy', 'wilt', 'oval', 'form', 'cone']","['hair_covered_damage_bristly_baldness', 'shape_geometric_defined_object_shapes', 'ribbons_ribbon_paper_bows_twisted', 'plants_plant_found_phloem_leaves', 'iron_source_steel_curling_smelting', 'waves_wave_riding_resembles_water', 'helical_bevel_worm_spur_spiral']"
35741,visa,4.38,4,"[7, 5, 4, 11, 4, 5, 3, 1, 1, 4, 1, 2]","['bond', 'bail', 'bill', 'hint', 'news']","['duration_set_time_indicate_variable', 'date_expiration_publication_maturity_sell', 'issued_governments_government_authorities_corporations', 'information_piece_personal_seeks_summarizes', 'process_processes_biological_application_end', 'legal_subject_laws_restrictions_age', 'document_travel_documents_digital_written', 'grants_country_permission_enter_entry', 'fee_require_prepaid_budget_free', 'fraud_forged_background_involve_fraudulent', 'single_one_multiple_multi_humps', 'revoked_denied_forfeited_violated_conditions']"
3328,boob,4.38,4.2,"[12, 3, 5, 4, 4, 6, 1, 2, 2, 3]","['teat', 'tush', 'butt', 'nape', 'toad']","['skin_covered_covering_exposes_exposed', 'mammary_glands_gland_parotoid_lupulin', 'sensitive_touch_sensitivity_nerve_stimulation', 'breastfeeding_breastfeed_infants_lactation_milk', 'fat_tissue_fats_fatty_contains', 'milk_produces_ducts_produce_component', 'pairs_comes_typically_found_fish', 'nipple_areola_protruding_central_nipples', 'cancer_medical_subject_issues_prostate', 'femininity_associated_sexuality_females_prominently']"
32648,tote,4.38,4.833333333333333,"[5, 6, 5, 16, 3, 2, 3, 6, 5, 2, 3, 2]","['case', 'sack', 'tray', 'till', 'pail']","['compartments_compartment_inside_pockets_tray', 'plastic_made_materials_canvas_paper', 'bottom_flat_top_dweller_perforated', 'handle_long_handles_knob_leverage', 'washable_washed_machine_washing_wash', 'bag_type_backpacks_bucket_bags', 'portable_handheld_individually_sized_fatality', 'reusable_reused_disposable_rebuilt_annually', 'carrying_carry_used_items_liquids', 'environmentally_friendly_sustainable_sustainability_eco', 'shopping_used_cashiers_retail_mini', 'filled_custard_unfastened_cream_fruit']"
31866,teat,4.38,5.285714285714286,"[3, 5, 3, 14, 6, 4, 2]","['boob', 'burr', 'scat', 'tree', 'toad']","['mammary_glands_gland_parotoid_lupulin', 'sensitive_touch_sensitivity_nerve_stimulation', 'humans_animals_ape_mammals_seen', 'size_varies_large_small_color', 'milk_produces_ducts_produce_component', 'offspring_heredity_parents_unit_human', 'nipple_areola_protruding_central_nipples']"
17602,jade,4.38,5.444444444444445,"[5, 6, 4, 6, 6, 9, 4, 5, 4]","['onyx', 'ruby', 'veil', 'talc', 'salt']","['durable_durability_hard_sturdy_lasting', 'mineral_minerals_composed_stores_essential', 'translucent_opaque_transparent_appearance_white', 'green_color_inside_putting_occurs', 'purity_symbolizes_morality_symbol_modesty', 'jewelry_used_earrings_piece_making', 'polished_shine_polishes_polishing_cut', 'carved_sculpture_carving_sculpted_shapes', 'luck_bad_good_associated_fortune']"
22804,pant,4.38,6.888888888888889,"[3, 3, 6, 7, 13, 10, 5, 9, 6]","['jean', 'robe', 'suit', 'vest', 'tutu']","['covers_body_legs_upper_lower', 'waistband_elastic_ribbon_patch_perimeter', 'buttons_zipper_buttoned_zippers_button', 'pockets_pocket_inside_catching_may', 'fabric_made_tulle_cloth_denim', 'sizes_comes_various_different_styles', 'belt_loops_belts_rank_ranks', 'fashion_used_lingerie_clothing_uniform', 'worn_women_men_genders_clothing']"
27234,rook,4.38,8.142857142857142,"[14, 7, 10, 15, 7, 2, 2]","['lark', 'coot', 'bird', 'fowl', 'crow']","['bird_part_small_fatale_fatales', 'beak_hooked_strong_curved_beaking', 'nests_builds_nest_dome_build', 'animal_dog_pet_creature_game', 'black_color_neither_white_brownish', 'family_part_cervidae_member_belongs', 'chess_piece_chessboard_smallest_numerous']"
36656,womb,4.37,2.7,"[3, 3, 4, 4, 2, 4, 2, 2, 1, 2]","['male', 'vest', 'teen', 'born', 'anus']","['childbirth_pregnancy_contracts_pregnancies_unwanted', 'expansion_expand_expands_expandable_pregnancy', 'located_cavity_abdominal_rectum_chest', 'reproductive_hermaphroditic_male_female_organs', 'fetus_womb_shares_developing_amniotic', 'hormonal_changes_testosterone_hormones_levels', 'lining_endometrium_lined_called_cotton', 'protection_bulletproof_protected_offers_protective', 'fallopian_tubes_ovaries_connects_via', 'menstruation_menopause_menstruate_experience_menstrual']"
13084,fuzz,4.37,4,"[6, 2]","['tofu', 'spam', 'idly', 'slaw', 'ripe']","['texture_soft_rough_chewy_crunchy', 'appearance_looks_superficial_concerned_superficiality']"
21605,nook,4.37,4.4,"[9, 2, 5, 4, 2]","['sofa', 'fame', 'bush', 'nosy', 'damp']","['privacy_provides_offers_laws_security', 'reading_used_readings_readers_comments', 'found_homes_often_basements_houses', 'cushions_pillows_blankets_cushioned_plush', 'cozy_chill_quaint_space_eerie']"
23699,pine,4.37,4.454545454545454,"[12, 8, 7, 5, 3, 4, 4, 2, 1, 1, 2]","['tree', 'leaf', 'sage', 'beet', 'pear']","['leaves_edible_trees_needle_buds', 'grows_trees_forests_palm_branches', 'woodworking_carpentry_used_timber_forestry', 'trunk_storage_woody_luggage_car', 'years_live_many_15_generations', 'aroma_emits_scent_stronger_strong', 'bark_dog_barking_barks_dogs', 'cones_pine_produces_cone_trees', 'tree_type_types_pine_oak', 'evergreen_species_stay_year_round', 'christmas_santa_claus_associated_season']"
16132,inch,4.37,4.571428571428571,"[5, 5, 4, 8, 3, 4, 3]","['span', 'kilo', 'pint', 'mile', 'army']","['measure_used_measuring_measurements_blood', 'united_used_states_countries_kingdom', 'measurement_distance_measure_length_used', 'unit_units_measured_measurement_volume', 'imperial_system_customary_us_systems', 'measured_inches_centimeters_meters_feet', 'fractions_fraction_expressed_ratios_division']"
15382,hump,4.36,3,"[2, 7, 2, 1]","['tail', 'butt', 'clad', 'mink', 'yeti']","['insulation_provides_insulates_thermal_heat', 'fur_covered_hunted_coat_farmed', 'fat_store_stores_rich_fats', 'camels_camel_survive_found_backs']"
23991,poet,4.36,3.5,"[2, 3, 4, 4, 6, 2]","['poem', 'song', 'make', 'acts', 'gala']","['metaphorical_metaphors_similes_metaphorically_figurative', 'poetry_writes_literary_songwriters_publish', 'awards_award_prizes_medals_honored', 'influenced_culture_cultural_culturally_society', 'emotions_expresses_emotion_strong_facial', 'artistic_expression_art_artistically_music']"
8626,digs,4.36,5.666666666666667,"[9, 6, 2]","['mine', 'ruin', 'pick', 'bury', 'mole']","['digging_excavation_drilling_dug_drilled', 'apartment_house_living_quarters_residential', 'archaeological_ancient_historical_sites_artifacts']"
7077,crew,4.36,5.666666666666667,"[7, 7, 3]","['army', 'gang', 'guru', 'clan', 'sect']","['hierarchy_hierarchical_structure_maslow_hierarchies', 'leader_captain_leaders_disciples_followers', 'uniforms_wears_uniform_blue_part']"
8552,dick,4.35,3,[3],"['piss', 'peed', 'zing', 'fern', 'bike']",['urination_bladder_urethra_pee_peed']
20435,monk,4.35,3.272727272727273,"[8, 7, 4, 1, 2, 1, 3, 2, 2, 4, 2]","['hell', 'lent', 'yoga', 'pray', 'oath']","['meditation_mindfulness_meditates_meditative_watchfulness', 'texts_religious_jesus_bible_biblical', 'sexual_practices_celibacy_normative_sex', 'monastery_monks_monastic_lives_community', 'religions_christianity_religion_associated_buddhism', 'male_female_typically_gender_traditionally', 'promises_promise_vows_solemn_chastity', 'robes_wears_monks_priests_worn', 'hair_beard_shaves_facial_goatee', 'spiritual_religious_spirituality_growth_faith', 'religious_rituals_practices_cultural_traditions']"
5224,clef,4.35,3.5555555555555554,"[4, 3, 3, 4, 3, 3, 2, 9, 1]","['alto', 'tune', 'mike', 'funk', 'reed']","['musical_notation_music_symbol_sheet', 'tone_notes_pitch_varies_tones', 'used_musical_instruments_music_audio', 'bass_alto_instrument_instruments_tenor', 'music_associated_reading_swing_essential', 'originated_century_20th_mid_evolved', 'altered_modified_alters_modification_alteration', 'music_used_genres_jazz_songs', 'clef_alto_bass_treble_tenor']"
36002,wash,4.35,3.6666666666666665,"[5, 3, 3, 6, 5, 4, 4, 1, 2]","['suds', 'wipe', 'knit', 'grab', 'dock']","['hand_done_machine_person_face', 'soap_detergent_detergents_chemicals_uses', 'agitation_agitated_formed_easily_state', 'gentle_forceful_vigorous_aggressive_strong', 'cleaning_cleans_services_provides_cleansing', 'dry_drying_moist_wet_dried', 'water_extends_repels_rainwater_involves', 'hygiene_poor_personal_oral_sanitary', 'dirt_removes_grime_dust_surfaces']"
4170,camp,4.35,4.714285714285714,"[4, 14, 3, 4, 2, 3, 3]","['trek', 'hike', 'punt', 'quad', 'boat']","['hiking_trails_paths_walking_trail', 'recreation_recreational_used_activities_leisure', 'camping_tents_campfire_camps_campfires', 'toilets_restrooms_toilet_disposed_latrines', 'wildlife_encounter_encounters_attract_supports', 'temporary_settlement_often_nature_state', 'sleeping_sleeper_bags_cabins_hauls']"
3980,burp,4.34,3.4,"[7, 3, 2, 4, 4, 2, 2, 7, 1, 2]","['barf', 'fart', 'pill', 'mute', 'mime']","['digestion_digestive_dissolves_fluid_system', 'bodily_function_term_fatal_fatales', 'stomach_expels_contents_esophagus_relieve', 'dehydration_drinking_eating_lead_frequent', 'swallowing_swallowed_swallow_sound_gulping', 'carbonated_fizzy_beverages_drinks_soda', 'loud_quiet_boisterous_hear_disruptive', 'silent_silently_aloud_performs_suppressed', 'mouth_exits_houses_comes_cheek', 'smell_odor_bad_unpleasant_hygiene']"
19533,mate,4.34,3.8,"[3, 5, 4, 3, 4]","['exes', 'ogre', 'nosy', 'lone', 'kids']","['interests_shares_common_interest_affairs', 'human_humanoid_settlement_powered_animal', 'friendliness_friendships_friends_friend_conveys', 'companion_companionship_companions_lacks_friend', 'romantic_relationship_relationships_partner_dating']"
27247,root,4.34,5.875,"[4, 21, 5, 3, 2, 4, 6, 2]","['pulp', 'stem', 'leek', 'leaf', 'chow']","['plant_part_reproductive_unit_vascular', 'edible_species_humans_inedible_though', 'roots_root_leaves_true_stems', 'anchored_anchors_anchor_anchoring_seabed', 'nutrients_absorbs_absorption_soluble_vitamins', 'fibrous_texture_core_root_tissue', 'shape_varies_size_depending_among', 'plants_new_propagate_plant_propagation']"
28944,sing,4.34,6.2,"[10, 3, 7, 5, 6]","['sang', 'yell', 'yoga', 'roam', 'song']","['breath_breathing_control_requires_holding', 'alone_solo_groups_done_performed', 'vocal_voice_cords_vocalizes_deeper', 'lyrics_address_issues_chorus_political', 'emotions_expresses_emotion_strong_facial']"
31398,swab,4.34,7.111111111111111,"[7, 13, 16, 2, 9, 3, 7, 4, 3]","['pure', 'pick', 'vice', 'prod', 'soak']","['absorbs_absorb_liquid_absorbed_water', 'tool_categorized_garden_instrument_hand', 'handle_long_handles_knob_leverage', 'medical_used_tests_diagnosis_diagnostics', 'used_medical_treat_medicine_medication', 'cotton_made_silk_braided_materials', 'hygiene_used_cleaning_smelling_personal', 'sterile_fresh_reproduce_cannot_packaged', 'disposable_reusable_wood_dispensable_made']"
18129,lady,4.33,3.4,"[5, 2, 4, 4, 2, 5, 2, 4, 2, 4]","['male', 'girl', 'mama', 'porn', 'tutu']","['skirts_skirt_dresses_wear_trousers', 'adult_adults_restricted_child_young', 'chromosomes_xy_xx_two_located', 'breastfeeding_breastfeed_infants_lactation_milk', 'gender_equality_genders_promotes_men', 'human_humanoid_settlement_powered_animal', 'hair_body_long_often_generally', 'makeup_enhanced_mascara_cosmetics_use', 'menstruation_menopause_menstruate_experience_menstrual', 'mother_maternal_nurses_parent_child']"
12081,flab,4.33,3.75,"[7, 3, 4, 1]","['heft', 'reps', 'bike', 'dogs', 'walk']","['exercise_form_exercises_exertion_workout', 'weight_overweight_refers_mass_body', 'fat_tissue_fats_fatty_contains', 'jiggles_jiggle_jitterbug_wiggles_jiggly']"
13437,gill,4.33,4,"[5, 9, 4, 4, 3, 4, 1, 2]","['bony', 'jaws', 'hoof', 'body', 'vein']","['oxygen_respiration_extracts_produces_water', 'fish_attracts_game_popular_species', 'species_varies_size_depending_among', 'vertebrates_found_amphibians_fish_vertebrate', 'filament_filaments_diode_consists_contains', 'located_face_head_mouth_sides', 'organ_respiratory_breathing_lungs_similarly', 'blood_vessels_nerves_vessel_endothelial']"
28634,shit,4.33,4.75,"[8, 6, 7, 6, 4, 3, 3, 1]","['crap', 'puke', 'dung', 'musk', 'poop']","['odor_strong_smell_unpleasant_musty', 'fertilizer_used_agriculture_fertilizers_soil', 'brown_color_brownish_reddish_green', 'excreted_body_excretion_decompose_animals', 'produced_animals_humans_frog_geese', 'undigested_food_spoiled_contain_rotten', 'waste_product_eliminates_products_blood', 'varies_consistency_interpretation_durability_force']"
17916,kick,4.33,5.8,"[9, 7, 5, 6, 2]","['maim', 'opus', 'clot', 'rave', 'fist']","['injury_cause_injuries_causes_susceptible', 'dance_dancing_move_party_danced', 'aggressive_threatened_non_intimidating_aggressiveness', 'movement_movements_action_involves_physical', 'target_targets_targeted_objects_towards']"
6546,cook,4.32,2.7,"[5, 3, 4, 3, 2, 2, 3, 2, 2, 1]","['chef', 'bake', 'sear', 'eats', 'fork']","['cooking_method_techniques_food_cooks', 'heat_uses_retains_dry_involves', 'utensils_utensil_kitchen_forks_spoons', 'dietary_restrictions_exclude_foods_certain', 'food_preparation_prepares_cooking_meal', 'recipes_recipe_creates_blueprint_follows', 'kitchen_works_establishments_work_kitchens', 'culinary_trained_arts_compete_competitions', 'safety_food_understands_hygiene_insecurity', 'cuisine_specialize_restaurant_certain_feature']"
18863,loft,4.32,4.166666666666667,"[5, 6, 2, 6, 3, 3]","['room', 'home', 'unit', 'flat', 'boat']","['walls_thick_reinforcements_drawings_writings', 'lighting_headlights_skylights_lights_equipped', 'may_moat_mezzanine_lighthouse_visiting', 'apartment_house_living_quarters_residential', 'ceiling_high_ceilings_chandeliers_ceilinged', 'floor_plan_floors_buttons_selection']"
17802,judo,4.32,4.181818181818182,"[5, 2, 6, 4, 5, 1, 6, 4, 2, 4, 7]","['dojo', 'sumo', 'axel', 'tofu', 'pace']","['belt_loops_belts_rank_ranks', 'martial_arts_judo_art_ijf', 'discipline_disciplinary_actions_emphasizes_handles', 'defense_self_used_teaches_mechanism', 'originates_originated_japan_asia_hawaii', 'kano_jigoro_developed_moos_zygote', 'jumping_jump_involves_jumps_grappling', 'throwing_throw_thrown_throwable_throws', 'practiced_mat_mats_tatami_dojo', 'sport_olympic_competitive_combat_categorized', 'fitness_physical_promotes_health_bodybuilding']"
31683,talc,4.32,4.4,"[6, 13, 2, 2, 2, 4, 2, 6, 5, 2]","['onyx', 'salt', 'jade', 'wool', 'veil']","['mineral_minerals_composed_stores_essential', 'white_color_off_black_bluish', 'mohs_hardness_scale_softest_mineral', 'powder_powdered_ground_dehydrated_powdery', 'moisture_absorbs_hygroscopic_rainfall_reduces', 'translucent_opaque_transparent_appearance_white', 'luster_pearly_glassy_vitreous_shiny', 'used_cosmetics_products_skincare_lips', 'paper_used_make_production_products', 'greasy_texture_buttery_feel_unctuous']"
14247,hail,4.32,4.444444444444445,"[4, 4, 3, 5, 14, 3, 3, 2, 2]","['snow', 'rain', 'burn', 'burr', 'scat']","['storms_thunderstorms_associated_stormy_flares', 'precipitation_rain_rainfall_form_snow', 'crops_crop_yield_damage_affects', 'damage_cause_result_tissue_joint', 'size_varies_large_small_color', 'spherical_shape_circular_ovular_freefall', 'large_small_size_peas_quite', 'ice_crystals_consists_snowflake_pellets', 'clouds_falls_sky_cumulus_cumulonimbus']"
12377,foal,4.32,6.5,"[3, 5, 7, 15, 4, 5, 9, 4]","['colt', 'mare', 'pony', 'calf', 'lamb']","['birth_shortly_walk_learns_stand', 'milk_drinks_mother_initially_dependency', 'teeth_tooth_baby_develops_dental', 'animal_dog_pet_creature_game', 'horse_young_adult_stallion_sheep', 'mane_tail_stalk_males_male', 'hooves_cloven_grows_typically_zygote', 'playful_playfulness_activity_expresses_nature']"
28667,shop,4.31,2.4,"[5, 3, 2, 3, 2, 3, 3, 1, 1, 1]","['work', 'fare', 'cost', 'rack', 'site']","['discounts_offer_sales_may_loyalty', 'chain_part_food_independently_owned', 'carts_basket_shopping_baskets_carrying', 'shelves_racks_shelf_inside_hooks', 'shops_storefront_checkout_businesses_stores', 'location_physical_place_office_change', 'services_goods_sells_service_sale', 'customer_offer_service_may_services', 'hours_business_subject_hourly_operational', 'traded_market_markets_second_hand']"
25169,pump,4.31,3.5714285714285716,"[6, 5, 3, 4, 2, 3, 2]","['raft', 'salt', 'cove', 'stir', 'jack']","['water_used_plumbing_accessing_purification', 'inflated_inflate_inflatable_air_tires', 'liquid_fluid_movement_moves_fluids', 'manually_operated_automatically_manual_operates', 'mechanism_piston_moving_parts_switch', 'valves_backflow_valve_tap_prevent', 'inlet_outlet_coastal_small_inlets']"
23337,perm,4.31,4.25,"[9, 5, 7, 2, 3, 2, 1, 5]","['comb', 'afro', 'tint', 'kink', 'nape']","['permanent_temporary_persistent_lasting_semi', 'hair_hairstyle_hairstyles_mohawks_spiked', 'hair_covered_damage_bristly_baldness', 'texture_changes_hair_skin_surface', 'soap_detergent_detergents_chemicals_uses', 'curls_waves_curl_bicep_tightness', '1980s_popular_argentina_identified_eras', 'maintenance_requires_regular_require_cleaning']"
13693,goop,4.31,5.5,"[7, 4]","['glop', 'pogo', 'doll', 'glob', 'crib']","['viscous_substance_viscosity_liquid_substances', 'children_used_adults_play_infants']"
24208,post,4.3,3,"[5, 6, 2, 1, 1]","['gold', 'warn', 'neon', 'dish', 'ring']","['signs_sign_marked_signage_advertising', 'metal_made_metals_alloyed_plastic', 'mailboxes_stored_mailbox_holds_toolbox', 'wood_made_wooden_fiberglass_steel', 'vertical_vertically_extent_played_held']"
10850,euro,4.3,3,"[5, 5, 2, 4, 1, 5, 1, 3, 1]","['peso', 'cent', 'dime', 'coin', 'bank']","['currency_dollar_currencies_hundredth_form', 'united_used_states_countries_kingdom', 'coins_banknotes_comes_paper_bills', 'denominations_denomination_smallest_currency_comes', 'counterfeiting_anti_features_watermarks_security', 'coin_coins_side_penny_national', 'bank_central_european_monetary_policy', 'exchange_exchanged_currency_currencies_foreign', 'goods_services_pricing_purchase_used']"
4833,chef,4.3,3.0833333333333335,"[5, 4, 4, 5, 5, 2, 2, 3, 2, 2, 2, 1]","['cook', 'duke', 'deli', 'prep', 'taco']","['cooking_method_techniques_food_cooks', 'planning_requires_plans_organization_menus', 'coat_arms_thick_wears_white', 'food_offers_sells_meals_attractively', 'dish_dishes_mexican_tastes_timing', 'food_preparation_prepares_cooking_meal', 'recipes_recipe_creates_blueprint_follows', 'kitchen_works_establishments_work_kitchens', 'culinary_trained_arts_compete_competitions', 'safety_food_understands_hygiene_insecurity', 'hat_hats_chef_wears_cape', 'staff_kitchen_manages_salespeople_household']"
12980,fuel,4.3,3.25,"[2, 3, 2, 1, 2, 4, 2, 10]","['coal', 'wick', 'vent', 'inks', 'bike']","['combustible_zygote_fatale_fatales_fatalism', 'stored_bottles_containers_tanks_cartridges', 'gallons_liters_liter_measured_mass', 'renewable_resource_biofuel_solar_panels', 'burned_dioxide_emits_carbon_releases', 'heating_systems_used_cooling_hvac', 'burns_burned_burning_slowly_flame', 'transportation_used_transporting_goods_transport']"
19291,mama,4.3,3.3,"[4, 7, 4, 6, 4, 2, 1, 1, 2, 2]","['aunt', 'papa', 'wife', 'lady', 'sons']","['breastfeeding_breastfeed_infants_lactation_milk', 'taught_teach_teaching_schools_teacher', 'parent_sister_family_female_relative', 'children_child_parents_rearing_childhood', 'mother_maternal_nurses_parent_child', 'nurturing_nurtured_rearing_care_parental', 'protective_protector_instincts_children_family', 'birth_gives_young_live_give', 'support_emotional_provide_offers_offer', 'caregiver_primary_caregivers_could_dependent']"
13970,grip,4.3,3.5,"[3, 4]","['redo', 'fail', 'boon', 'rasp', 'belt']","['tools_tool_equipment_like_multi', 'improvement_improves_improve_circumstances_practice']"
32310,thug,4.3,4.181818181818182,"[8, 6, 7, 3, 2, 4, 4, 4, 3, 4, 1]","['goon', 'riot', 'pimp', 'dope', 'gang']","['violence_violent_associated_often_intimidation', 'enforcement_law_subject_police_plate', 'weapons_carry_looting_involve_armaments', 'triggered_threats_harassment_intimidates_escalate', 'crime_thug_gang_gangs_organized', 'criminal_activity_activities_justice_associated', 'illegal_involved_activities_trafficking_illicit', 'operates_within_urban_outside_miners', 'person_entity_zygote_fatigue_fatalism', 'drugs_drug_interact_methamphetamine_trafficking', 'feared_community_humans_fearsome_insecurity']"
32886,trap,4.3,4.333333333333333,"[5, 5, 6, 3, 4, 5, 3, 4, 4]","['lock', 'ammo', 'clip', 'tote', 'stun']","['spring_mechanism_springy_springtime_springs', 'bait_fishing_lure_used_hook', 'reusable_reused_disposable_rebuilt_annually', 'hunting_used_lookout_animals_historically', 'lethal_fatal_inhumane_non_considered', 'dangerous_safe_misused_hazard_safety', 'device_devices_optical_enabled_system', 'mechanical_device_electronic_component_hydraulic', 'hidden_hide_hiding_buried_walls']"
2211,bale,4.3,4.363636363636363,"[6, 4, 1, 2, 10, 2, 5, 2, 10, 2, 4]","['silo', 'prod', 'bulk', 'hall', 'tier']","['seating_arrangements_area_outdoor_seat', 'ropes_rope_wire_twine_lines', 'bundle_bale_stratagem_bundled_offer', 'straw_hay_made_straws_bunch', 'agriculture_used_farming_farmers_agricultural', 'stored_stores_barns_warehouses_fields', 'feed_livestock_animal_used_feeding', 'heavy_light_cumbersome_fluffy_lightweight', 'rectangular_shape_square_round_rectangles', 'trucks_transported_tractors_trains_freight', 'sold_stores_purchased_grocery_online']"
20305,mite,4.3,4.444444444444445,"[4, 4, 8, 4, 6, 5, 4, 2, 3]","['lice', 'mold', 'crab', 'flea', 'tick']","['reproduce_reproduces_quickly_rapidly_able', 'organic_matter_eats_decaying_feeds', 'allergic_reactions_allergies_cause_caused', 'parasitic_parasite_insects_parasites_species', 'legs_six_eight_pairs_five', 'habitats_lives_various_variety_diverse', 'dust_dusty_smoke_surface_covered', 'microscopic_macroscopic_micro_scales_occurs', 'exoskeleton_hard_diaphragm_endoskeleton_chitinous']"
28897,silo,4.3,4.888888888888889,"[4, 10, 5, 7, 10, 2, 2, 2, 2]","['barn', 'shed', 'bale', 'safe', 'well']","['farms_found_typically_often_farm', 'agriculture_used_farming_farmers_agricultural', 'feed_livestock_animal_used_feeding', 'structure_structural_network_unit_basic', 'storage_used_store_storing_equipment', 'grain_stores_silage_pollen_storage', 'concrete_wood_made_metal_stone', 'height_tall_riser_stature_adjustable', 'protects_elements_contents_valuables_protect']"
3935,bunk,4.3,4.888888888888889,"[4, 3, 18, 3, 7, 2, 2, 4, 1]","['sofa', 'crib', 'yoyo', 'dark', 'mall']","['used_sleeping_bedding_mattresses_soothe', 'bed_beds_convertible_sofa_type', 'wood_metal_made_plastic_materials', 'mattress_500_mattresses_contains_sheets', 'sleep_sleeps_rest_sleeping_string', 'escalators_elevators_ladder_bed_climbing', 'space_storage_saves_requires_room', 'railings_safety_handrails_guardrails_handrail', 'disassembled_assembled_pry_transport_easy']"
17592,jack,4.3,5,"[4, 5, 8, 3, 4, 7, 4]","['gear', 'pump', 'zips', 'vise', 'lock']","['operated_screw_mechanism_lever_operates', 'base_custard_broth_circular_stock', 'vehicles_used_bicycles_road_off', 'lifting_objects_lift_heavy_weights', 'manually_operated_automatically_manual_operates', 'portable_small_lightweight_compact_durable', 'mechanical_device_electronic_component_hydraulic']"
11677,fawn,4.3,5.875,"[6, 3, 19, 3, 4, 3, 4, 5]","['stag', 'buck', 'foal', 'calf', 'hare']","['prey_predators_preyed_toads_tongue', 'camouflage_camouflaged_camouflages_seabed_protection', 'mammal_mammals_small_mammalian_usually', 'deer_male_young_female_called', 'born_birth_spring_ewe_begins', 'birth_shortly_walk_learns_stand', 'antlers_males_male_grows_typically', 'milk_drinks_mother_initially_dependency']"
25154,pulp,4.3,6.333333333333333,"[5, 5, 21, 4, 2, 1]","['root', 'fowl', 'sole', 'duck', 'damp']","['fruit_fruits_berries_bear_apple', 'paper_used_make_production_products', 'edible_species_humans_inedible_though', 'fibrous_texture_core_root_tissue', 'found_fruits_fruit_inside_yoghurt', 'juice_juiced_juices_squeezing_make']"
15326,hull,4.29,2.7142857142857144,"[2, 3, 4, 3, 2, 2, 3]","['keel', 'mast', 'punt', 'sail', 'sill']","['ship_boat_component_vessel_repair', 'vessel_framework_vessels_supports_depending', 'ship_undermount_vessel_part_boat', 'keel_stability_bottom_along_lacks', 'water_designed_currents_travel_transported', 'bow_stern_bows_loops_front', 'painted_varnished_finished_paint_fouling']"
7549,dark,4.29,4,"[6, 5, 3, 2, 7, 4, 2, 3]","['dusk', 'hell', 'baby', 'rang', 'hush']","['visibility_reduces_limited_enables_allows', 'fear_induce_panic_fears_cause', 'evil_symbolizes_cultures_malevolence_ultimate', 'secrecy_maintains_associated_deliberations_deliberation', 'sleep_sleeps_rest_sleeping_string', 'night_nighttime_transition_nights_evening', 'light_absence_blackout_sources_dark', 'color_shade_colors_used_describe']"
22651,oxen,4.29,4.2,"[7, 4, 5, 9, 2, 4, 2, 1, 5, 3]","['bull', 'mule', 'veal', 'mare', 'goat']","['meat_cut_beef_pork_meats', 'domesticated_animals_animal_hybrid_domestic', 'cattle_bovine_cow_bull_male', 'hooves_cloven_grows_typically_zygote', 'pulling_carts_towing_used_plows', 'horns_horn_car_produced_keyboards', 'herds_lives_live_bachelor_small', 'ruminant_digestive_system_stomach_ruminants', 'muscular_muscle_mass_build_muscles', 'neck_thick_chin_curved_narrow']"
23747,pita,4.29,5.25,"[7, 13, 6, 7, 6, 3, 7, 6, 3, 2, 2, 1]","['loaf', 'roll', 'brie', 'veal', 'yoga']","['pockets_pocket_inside_catching_may', 'soft_inside_bodied_feels_hard', 'cuisines_used_dishes_cuisine_various', 'flat_topped_circular_bottomed_rate', 'flour_wheat_made_aerate_whole', 'leaving_leavened_away_place_means', 'sandwiches_used_topping_making_make', 'flavor_mild_taste_rich_onion', 'bread_type_shape_spread_biscuit', 'dips_hummus_eaten_served_like', 'originates_india_originated_east_middle', 'round_shape_flat_rounded_nn']"
29103,slab,4.29,7.666666666666667,"[4, 10, 7, 17, 4, 4]","['pane', 'rock', 'bolt', 'disk', 'rope']","['used_furniture_buildings_homes_walls', 'rectangular_shape_square_round_rectangles', 'flat_topped_circular_bottomed_rate', 'construction_used_sites_building_demolition', 'polished_shine_polishes_polishing_cut', 'supports_structures_support_objects_structure']"
18356,leak,4.28,2,"[4, 1, 2, 1, 2]","['musk', 'damp', 'mend', 'kink', 'torn']","['repair_repaired_requires_fixative_fix', 'gas_release_fluid_unintentional_caused', 'pipes_hoses_containers_occurs_tubes', 'water_damage_cause_protects_groundwater', 'mold_growth_mildew_lead_kits']"
13254,gear,4.28,4.090909090909091,"[8, 3, 8, 4, 5, 6, 2, 2, 4, 2, 1]","['jack', 'tire', 'turn', 'ring', 'beep']","['circular_shape_circle_resembles_elongated', 'machinery_used_engines_functions_vacuum', 'vehicles_used_bicycles_road_off', 'clocks_clock_watches_timers_alarms', 'direction_change_suddenly_changes_object', 'teeth_sharp_cogs_fine_wide', 'gears_gear_equipped_engages_interlocks', 'axle_axles_string_disks_central', 'mechanical_device_electronic_component_hydraulic', 'helical_bevel_worm_spur_spiral', 'torque_transfers_mechanics_leverage_propulsion']"
21721,nude,4.28,5,"[7, 2, 6]","['doll', 'puny', 'hack', 'weak', 'bare']","['vulnerability_vulnerable_imply_vulnerabilities_exploitation', 'clothing_clothes_clothed_piece_lacks', 'purity_symbolizes_morality_symbol_modesty']"
3689,brie,4.28,5.9,"[13, 13, 7, 6, 6, 5, 3, 3, 2, 1]","['whey', 'curd', 'milk', 'pita', 'grub']","['white_color_off_black_bluish', 'soft_inside_bodied_feels_hard', 'melts_heated_molten_rock_melting', 'flavor_mild_taste_rich_onion', 'spread_spreadable_rapidly_quickly_spreads', 'creamy_texture_waxy_inside_father', 'cheese_cheeses_production_ricotta_byproduct', 'originates_originated_france_europe_origin', 'milk_cow_made_yolks_goat', 'served_room_temperature_chilled_temperatures']"
18228,lark,4.28,8.4,"[7, 14, 7, 10, 10, 11, 15, 5, 4, 1]","['bird', 'hawk', 'gull', 'crow', 'duck']","['insects_eats_seeds_worms_feeds', 'bird_part_small_fatale_fatales', 'beak_hooked_strong_curved_beaking', 'flies_fly_wind_speeds_air', 'nests_builds_nest_dome_build', 'feathers_feathery_black_white_vary', 'animal_dog_pet_creature_game', 'song_songs_sings_melodically_complex', 'small_size_sized_island_medium', 'active_diurnal_mostly_night_day']"
31421,swat,4.27,4,"[4, 4, 3, 5]","['slap', 'snot', 'bait', 'grab', 'miss']","['traps_trap_insects_pathogens_swat', 'hands_done_performed_hand_one', 'sound_struck_sharp_produces_makes', 'hit_strike_means_failure_reach']"
3318,bong,4.27,5.857142857142857,"[7, 14, 10, 3, 2, 3, 2]","['bulb', 'pane', 'bowl', 'rose', 'tube']","['stem_stems_slender_tough_square', 'recreation_recreational_used_activities_leisure', 'glass_made_plastic_metal_sheet', 'chamber_reservoirs_chambers_creates_reservoir', 'bowl_served_bowls_cup_plates', 'filters_air_smoke_filter_particles', 'smoking_cannabis_used_consuming_tobacco']"
24155,porn,4.26,3.2,"[3, 5, 2, 2, 4]","['orgy', 'monk', 'mood', 'lady', 'bank']","['regulated_laws_government_agencies_policies', 'sexual_activity_explicit_behaviors_intercourse', 'adult_adults_restricted_child_young', 'amateur_professional_professionally_amateurishly_done', 'sexual_practices_celibacy_normative_sex']"
11555,fang,4.26,4.222222222222222,"[7, 7, 2, 1, 6, 4, 5, 3, 3]","['meth', 'tusk', 'fury', 'stab', 'drug']","['sharp_sharpness_object_point_pointed', 'teeth_tooth_baby_develops_dental', 'pointed_end_tapers_one_point', 'piercing_pierce_piercings_used_solid', 'injected_injections_injection_venom_orally', 'species_varies_size_depending_among', 'aggression_symbol_territorial_warning_threat', 'eerie_gothic_vampire_haunting_transylvania', 'mouth_visible_pucker_moistens_outside']"
18944,loop,4.26,4.875,"[8, 4, 6, 4, 3, 9, 4, 1]","['tied', 'icon', 'pile', 'cube', 'knot']","['circular_shape_circle_resembles_elongated', 'materials_made_various_metal_different', 'programming_computing_used_computer_data', 'sequence_sequences_position_follows_fibonacci', 'knot_knots_knotted_tied_loops', 'music_accompaniment_accompanied_instrumental_often', 'loop_loops_coasters_end_roller', 'roads_paths_road_path_transportation']"
18941,loon,4.26,7,"[6, 14, 10, 3, 11, 2, 6, 4]","['gull', 'swan', 'duck', 'coot', 'lark']","['diving_dives_board_scuba_fish', 'bird_part_small_fatale_fatales', 'flies_fly_wind_speeds_air', 'eyes_two_red_one_side', 'freshwater_lives_saltwater_lakes_ponds', 'plumage_black_white_brown_stripe', 'aquatic_watercraft_animal_supports_life', 'call_distinctive_calls_makes_loud']"
19747,memo,4.25,2.625,"[6, 3, 3, 3, 2, 2, 1, 1]","['text', 'note', 'info', 'word', 'meow']","['communication_used_communicate_telecommunications_telephones', 'information_conveys_convey_prediction_conveying', 'stored_digitally_electronically_record_archived', 'document_travel_documents_digital_written', 'typed_strongly_written_typing_printed', 'brief_briefness_usually_action_moment', 'settings_industrial_used_business_residential', 'instructions_directions_may_come_contain']"
254,acid,4.25,3,"[4, 3, 6, 4, 3, 3, 4, 2, 1, 1, 2]","['sour', 'zinc', 'lime', 'heat', 'lead']","['citrus_fruits_lemons_limes_oranges', 'sour_taste_bitter_sourness_smell', 'electricity_conducts_conductive_conductor_conduct', 'batteries_used_battery_acid_anode', 'corrosion_resistance_corrosive_resistant_corrode', 'ph_alkaline_level_neutral_less', 'burns_cause_chemical_fires_start', 'chemical_reaction_reactions_reacts_reactivity', 'litmus_red_paper_turns_changes', 'bases_salts_reacts_water_salt', 'ions_hydrogen_electrons_ionized_donate']"
25199,punt,4.25,5.875,"[6, 6, 7, 3, 14, 5, 3, 3]","['boat', 'dike', 'stow', 'dock', 'swim']","['cargo_passengers_carries_terminals_carry', 'river_rivers_stream_crossing_streams', 'flat_topped_circular_bottomed_rate', 'shallow_water_done_oceans_lakes', 'recreation_recreational_used_activities_leisure', 'wood_made_often_handle_plastic', 'boats_boat_mooring_moor_dangerous', 'keel_stability_bottom_along_lacks']"
23660,pike,4.25,6.222222222222222,"[18, 9, 11, 2, 6, 2, 2, 4, 2]","['tuna', 'carp', 'bass', 'wolf', 'puss']","['tail_short_long_tails_bushy', 'fish_attracts_game_popular_species', 'freshwater_lives_saltwater_lakes_ponds', 'grow_large_quite_size_sized', 'teeth_sharp_cogs_fine_wide', 'slender_body_long_lean_tall', 'snout_pointed_possesses_long_father', 'fishing_overfishing_activities_fisheries_site', 'carnivorous_diet_primarily_animals_found']"
9876,dyke,4.24,2.25,"[4, 2, 1, 2]","['dike', 'damn', 'curb', 'isle', 'zing']","['flood_control_flooding_controls_helps', 'earth_made_rock_minerals_rocks', 'embankment_fatale_fatalism_fatalities_fatality', 'coastal_found_near_coastlines_areas']"
9842,dusk,4.24,4.142857142857143,"[5, 7, 5, 4, 6, 6, 4, 3, 2, 1, 3, 2, 6, 4]","['dawn', 'days', 'haze', 'dark', 'noon']","['night_heard_occurs_precedes_sleep', 'sun_sunrise_sunset_sunsets_obscures', 'star_stars_binary_stellar_supernova', 'peaceful_quiet_peacefulness_considered_serene', 'visibility_reduces_limited_enables_allows', 'morning_evening_afternoon_occurs_night', 'night_nighttime_transition_nights_evening', 'sky_pink_orange_purple_color', 'temperatures_cooler_associated_extreme_cool', 'nocturnal_animals_prepare_crepuscular_active', 'light_lightness_lighting_conditions_dreaming', 'romantic_romanticized_dreamy_idealized_romance', 'lighting_headlights_skylights_lights_equipped', 'daylight_shadows_shortest_shorter_changes']"
7147,crop,4.24,4.5,"[13, 5, 6, 2, 2, 5, 2, 1]","['hemp', 'bush', 'reap', 'soup', 'wort']","['plant_animal_zygote_fathering_fatales', 'harvested_harvesting_alginate_oryza_palms', 'vegetables_contains_grains_cabbage_fruits', 'sunlight_grow_needs_water_requires', 'cultivated_grown_worldwide_fields_seeds', 'grows_continuously_rapidly_bush_childhood', 'genetically_modified_crispr_edited_genetic', 'pests_diseases_pest_subject_susceptible']"
10015,edge,4.24,5.25,"[7, 5, 6, 3]","['ache', 'curb', 'axed', 'nosy', 'hook']","['sharp_sharpened_blade_blunt_tool', 'shape_geometric_defined_object_shapes', 'boundaries_boundary_marker_line_demonstrates', 'dull_dulled_honed_sharp_appears']"
36533,wink,4.23,2.8,"[3, 3, 2, 2, 4]","['sexy', 'give', 'quit', 'help', 'grin']","['facial_expression_blank_surprised_peaceful', 'secret_secrets_secretive_complicity_confidential', 'eyes_closing_closed_eye_open', 'flirtatious_playfully_flirting_friends_among', 'voluntary_forced_obligatory_action_voluntarily']"
3708,brim,4.23,3,"[3, 4, 3, 2]","['wide', 'lamp', 'eave', 'glen', 'chef']","['shade_provides_shades_shaded_offers', 'narrow_wide_width_broad_opposite', 'eyes_protects_sweat_eyelids_protect', 'hat_hats_chef_wears_cape']"
7469,cyst,4.23,3.75,"[2, 3, 14, 2, 2, 2, 4, 1]","['sink', 'foot', 'hail', 'scat', 'roof']","['surgically_removed_surgery_amputated_transplanted', 'infections_infection_infected_infectious_treated', 'size_varies_large_small_color', 'diseases_mononucleosis_infectious_associated_disease', 'detected_imaging_detectable_ultrasound_microscope', 'benign_malignant_cancerous_hallucinogenic_cysts', 'drainage_drain_drains_gutters_drained', 'diagnosis_diagnosed_medical_condition_requires']"
19128,lyre,4.23,4.5,"[5, 2, 5, 5, 3, 4, 5, 5, 6, 5]","['harp', 'muse', 'oboe', 'idol', 'clog']","['poetry_literature_poetic_used_rhyme', 'arms_two_yoke_curved_connecting', 'instrument_musical_stringed_instruments_guitars', 'classical_music_contemporary_used_genres', 'strings_string_tuning_pegs_gut', 'fingers_plucked_plucking_palm_played', 'ancient_persia_originated_since_greece', 'wood_made_often_handle_plastic', 'deity_divine_deities_god_figure', 'art_depicted_literature_paintings_arts']"
19599,mead,4.22,4.5,"[7, 6, 8, 3, 1, 5, 5, 4, 3, 3]","['wine', 'beer', 'sake', 'mull', 'cola']","['alcoholic_drinks_beverages_drunk_alcohol', 'colors_color_variety_golden_range', 'beverage_alcoholic_drink_mulled_japanese', 'honey_fermented_produce_made_stores', 'sweet_taste_sweeter_slightly_flavor', 'alcohol_contains_content_spirits_volume', 'carbonated_still_sometimes_often_fatal', 'spices_herbs_flavored_spice_fruits', 'aged_barrels_flavor_enhance_bottles', 'medieval_times_lived_fantasy_often']"
32616,torn,4.21,2.8,"[4, 1, 3, 4, 2]","['musk', 'mend', 'rend', 'tore', 'tarp']","['tear_ripping_tearing_punctures_tears', 'appearance_changes_affects_physical_false', 'fabric_fabrics_materials_paper_happen', 'repair_repaired_requires_fixative_fix', 'functionality_affect_bugs_reduces_function']"
25251,push,4.21,3.75,"[6, 3, 2, 4]","['blow', 'poke', 'herd', 'move', 'dead']","['gentle_forceful_vigorous_aggressive_strong', 'force_requires_physical_manual_mechanical', 'position_change_object_changes_location', 'movement_moves_move_side_moving']"
2191,bake,4.21,4.111111111111111,"[5, 6, 3, 5, 4, 4, 2, 5, 3]","['sear', 'loaf', 'roll', 'tart', 'flan']","['cooking_method_techniques_food_cooks', 'crust_browned_creates_crustacean_caramelized', 'heat_uses_retains_dry_involves', 'baked_goods_fried_cookies_good', 'oven_baked_ovens_if_safe', 'aroma_emits_scent_stronger_strong', 'dough_made_batter_transforms_leavened', 'dessert_desserts_served_eaten_type', 'heat_requires_source_preheating_low']"
30087,spot,4.21,5.666666666666667,"[13, 3, 1]","['neon', 'flag', 'scar', 'volt', 'maze']","['symbol_symbolized_ne_pb_zn', 'skin_appear_mark_blemish_underneath', 'marks_mark_marker_permanent_marked']"
29516,soak,4.21,5.666666666666667,"[13, 7, 3, 2, 7, 2]","['swab', 'nose', 'roll', 'taco', 'wool']","['soft_inside_bodied_feels_hard', 'absorbs_absorb_liquid_absorbed_water', 'expansion_expand_expands_expandable_pregnancy', 'texture_changes_hair_skin_surface', 'hygiene_used_cleaning_smelling_personal', 'time_requires_takes_consuming_free']"
9712,drop,4.21,5.833333333333333,"[7, 7, 3, 7, 8, 3]","['drip', 'atop', 'area', 'dewy', 'swab']","['absorbs_absorb_liquid_absorbed_water', 'surface_surfaces_tension_object_driven', 'liquid_small_drop_amount_dropping', 'falls_falling_fall_gravity_naturally', 'unit_units_measured_measurement_volume', 'evaporates_evaporate_evaporation_air_quickly']"
19422,mark,4.21,6.8,"[13, 6, 5, 4, 6]","['iris', 'ours', 'test', 'plus', 'desk']","['symbol_symbolized_ne_pb_zn', 'scar_scars_leave_may_scarring', 'identification_used_biometric_identify_forensic', 'educational_used_education_grading_purposes', 'ownership_owned_owner_indicates_previously']"
25263,puss,4.21,7.846153846153846,"[19, 14, 18, 4, 4, 15, 6, 4, 4, 3, 6, 4, 1]","['mice', 'dogs', 'wolf', 'lynx', 'lamb']","['mammal_mammals_small_mammalian_usually', 'fur_fluffy_hair_brown_looks', 'tail_short_long_tails_bushy', 'retractable_claws_sharp_zygote_fatale', 'rodents_rodent_hunts_mice_catches', 'animal_dog_pet_creature_game', 'legs_four_legged_two_walks', 'contentment_content_purrs_indicates_sense', 'pet_pets_cat_kept_cats', 'whiskers_sensing_environment_zygote_father', 'teeth_sharp_cogs_fine_wide', 'domesticated_animals_animal_hybrid_domestic', 'colloquial_term_usage_colloquialism_cat']"
23119,peak,4.2,3,"[4, 4, 3, 3, 4, 3, 1, 2]","['apex', 'hike', 'noon', 'view', 'hill']","['elevation_altitude_high_gain_elevations', 'ice_polar_snow_glaciers_caps', 'highest_point_sun_mountain_sky', 'summit_peak_top_summits_volcanic', 'climbing_climb_used_climbable_climbs', 'weather_conditions_affected_subject_climate', 'mountain_mountains_range_part_mountaineering', 'panoramic_views_offers_view_offer']"
5312,clot,4.2,4.5,"[9, 3, 3, 2, 5, 5]","['gore', 'maim', 'trap', 'hole', 'vein']","['injury_cause_injuries_causes_susceptible', 'bleed_bleeding_profusely_injured_blood', 'soluble_water_dissolve_dissolved_solution', 'coagulation_coagulates_coagulate_clotting_anticoagulant', 'blood_platelets_contains_deoxygenated_cells', 'dangerous_safe_misused_hazard_safety']"
3265,boil,4.2,4.555555555555555,"[4, 14, 4, 3, 5, 4, 3, 2, 2]","['fire', 'herb', 'foil', 'cool', 'tong']","['tea_teas_coffee_used_leaves', 'cooking_used_frying_food_chefs', 'temperature_temperatures_high_sensitive_occurs', 'sterilized_sterilizes_sterilize_sterilization_animal', 'bubbles_produces_liquid_creates_rising', 'burns_cause_chemical_fires_start', 'heat_requires_source_preheating_low', 'liquids_liquid_involves_solids_ingesting', 'steam_steamed_boiled_ironing_blow']"
8507,dewy,4.19,3,"[3, 6, 3, 3, 3, 1, 2]","['mist', 'hazy', 'drop', 'rain', 'damp']","['humidity_moisture_humid_high_conditions', 'morning_evening_afternoon_occurs_night', 'forms_plants_plant_remains_isotopic', 'droplets_water_tiny_gauges_composed', 'evaporates_evaporate_evaporation_air_quickly', 'touch_cold_cool_feels_feel', 'condensation_snowflakes_atmospheric_forms_results']"
14148,gulp,4.19,3.25,"[2, 6, 4, 1]","['blow', 'spry', 'burp', 'lick', 'chug']","['reflex_reflexes_reflexive_action_reflexively', 'mouth_involves_muscles_tongue_lips', 'swallowing_swallowed_swallow_sound_gulping', 'quickly_done_slowly_rapidly_rapid']"
12507,ford,4.19,3.75,"[5, 6, 8, 3, 3, 2, 1, 2]","['road', 'vial', 'tire', 'sole', 'jeep']","['bottom_flat_top_dweller_perforated', 'river_rivers_stream_crossing_streams', 'vehicles_used_bicycles_road_off', 'pedestrians_vehicles_used_sidewalks_pedestrianism', 'bridge_bridges_drawbridge_tunnels_crossing', 'natural_process_material_state_substance', 'vehicles_vehicle_driving_drive_expensive', 'rural_areas_found_urban_undeveloped']"
4578,cent,4.19,4,"[5, 4, 5, 3, 6, 3, 5, 4, 3, 3, 5, 2]","['dime', 'coin', 'euro', 'peso', 'axel']","['currency_dollar_currencies_hundredth_form', 'denominations_denomination_smallest_currency_comes', 'coin_coins_side_penny_national', 'unit_currency_language_power_zygote', 'sides_two_sided_side_six', 'pig_piggy_kalua_fed_banks', 'edge_ridged_edges_ridges_raised', 'metal_made_plastic_often_typically', 'transactions_used_financial_monetary_estate', 'minting_minted_year_mint_governments', 'weight_weighs_pounds_grams_ounces', 'numismatists_collected_collectible_collectors_coin']"
36234,wept,4.19,4.75,"[11, 4, 5, 5, 5, 3, 1, 4]","['bawl', 'wail', 'weep', 'mope', 'grin']","['sadness_depression_expresses_sorrow_pain', 'sobbing_accompanied_sighing_crying_often', 'tears_shedding_crying_involves_accompanied', 'cries_cry_crying_communicate_loud', 'happiness_joy_associated_feelings_tears', 'occur_private_happen_public_online', 'therapeutic_cathartic_relaxing_counseling_relieving', 'grief_associated_grieving_pain_mourning']"
7355,curd,4.19,5.5,"[13, 5, 6, 4, 6, 4, 4, 2]","['brie', 'tofu', 'milk', 'mayo', 'june']","['white_color_off_black_bluish', 'dairy_milk_butter_product_cream', 'protein_high_rich_fat_higher', 'bacteria_germs_contain_harbor_live', 'milk_produces_ducts_produce_component', 'tangy_flavor_taste_sweet_piquant', 'consistency_thick_thin_smooth_wobbly', 'milk_cow_made_yolks_goat']"
13160,garb,4.19,7,"[9, 9, 3]","['wore', 'glam', 'spur', 'wear', 'coat']","['worn_protection_torso_shoulders_ages', 'fashion_trends_style_styles_associated', 'clothing_accessories_refers_refer_pants']"
287,acre,4.18,3,"[4, 3, 4, 2, 3, 2]","['mile', 'town', 'gate', 'rack', 'zone']","['used_furniture_buildings_homes_walls', 'imperial_system_customary_us_systems', 'fence_fences_fenced_unfenced_walls', 'rural_areas_found_often_communities', 'area_land_unit_soil_measures', 'equals_square_yards_feet_560']"
36221,weld,4.18,3.4545454545454546,"[7, 6, 5, 4, 4, 2, 2, 3, 1, 2, 2]","['zinc', 'quad', 'lava', 'tart', 'vise']","['melts_heated_molten_rock_melting', 'metalworking_used_welding_soldering_blacksmithing', 'used_manufacturing_making_industries_die', 'light_produces_converts_diffuses_bright', 'combustion_flame_burning_produced_sparks', 'gear_protective_helmet_safety_requires', 'requires_skill_skills_training_practice', 'joins_together_pieces_joining_two', 'bonds_bond_strong_creates_forms', 'techniques_technique_mig_tig_various', 'filling_filler_fillings_materials_firm']"
29792,spam,4.18,3.4545454545454546,"[3, 4, 6, 3, 3, 3, 2, 3, 3, 1, 7]","['slaw', 'salt', 'pork', 'luau', 'deli']","['gelatinous_gelatin_glaze_texture_made', 'pork_beef_lamb_ham_rendered', 'texture_soft_rough_chewy_crunchy', 'pink_color_red_raw_flesh', 'hawaiian_hawaii_feast_traditional_guests', 'canned_meat_fresh_product_homemade', 'sodium_chloride_composed_high_content', 'cooked_precooked_cooking_eaten_pot', 'salty_taste_flavor_tastes_slightly', 'shelf_stable_dried_fatigue_fatalism', 'sandwiches_used_topping_making_make']"
23686,pimp,4.18,3.5,"[5, 4, 1, 4]","['thug', 'goon', 'loot', 'mine', 'gang']","['crime_criminal_rates_severity_associated', 'illegal_involved_activities_trafficking_illicit', 'sex_workers_earnings_provide_prostitution', 'operates_within_urban_outside_miners']"
11593,fart,4.18,5,"[7, 12, 3, 3, 2, 3]","['barf', 'burp', 'soot', 'move', 'spit']","['digestion_digestive_dissolves_fluid_system', 'involuntary_voluntary_often_action_response', 'consists_carbon_hydrogen_particles_gases', 'bodily_function_term_fatal_fatales', 'unpleasant_smells_smell_odor_fishy', 'digestion_helps_gut_gastrointestinal_health']"
1914,aunt,4.17,3.1818181818181817,"[5, 5, 4, 3, 3, 4, 2, 4, 2, 1, 2]","['wife', 'mama', 'sons', 'papa', 'twin']","['family_families_generations_role_involved', 'genetic_traits_pedigree_information_makeup', 'siblings_nieces_nephews_children_bond', 'married_spouse_husband_wedding_marry', 'age_years_19_13_ages', 'parent_sister_family_female_relative', 'familial_support_family_inherit_roles', 'mother_maternal_nurses_parent_child', 'caregiver_primary_caregivers_could_dependent', 'blood_marriage_related_classifications_relations', 'family_gatherings_families_relatives_attend']"
9591,drag,4.17,3.6666666666666665,"[4, 5, 4, 3, 4, 2]","['wipe', 'maul', 'bite', 'trot', 'urge']","['resistance_resists_resisted_resist_low', 'friction_reduces_involves_created_caused', 'pull_pulling_pulled_force_tab', 'strength_requires_effort_physical_required', 'leave_mark_marks_tracks_puncture', 'racing_races_sports_used_drag']"
33255,twin,4.17,3.6666666666666665,"[4, 4, 2, 5, 4, 3]","['mutt', 'aunt', 'born', 'ditz', 'seed']","['born_birth_spring_ewe_begins', 'identical_similar_fraternal_look_original', 'fetus_womb_shares_developing_amniotic', 'genetic_traits_pedigree_information_makeup', 'siblings_nieces_nephews_children_bond', 'personality_trait_traits_personalities_behavioral']"
13960,grin,4.17,3.8333333333333335,"[4, 6, 3, 4, 5, 1]","['real', 'faux', 'jaws', 'kids', 'mate']","['genuine_authentic_forced_feigned_actual', 'teeth_chewing_involves_gum_prongs', 'facial_expression_blank_surprised_peaceful', 'friendliness_friendships_friends_friend_conveys', 'happiness_joy_associated_feelings_tears', 'mouth_corners_upward_tongue_turning']"
11732,feed,4.17,4.75,"[10, 3, 4, 2]","['farm', 'bask', 'seed', 'bale', 'scat']","['agriculture_used_farming_farmers_agricultural', 'animals_used_animal_pets_zoos', 'vitamins_minerals_vitamin_contains_fortified', 'animal_animals_feed_diet_food']"
21220,newt,4.17,7.4,"[3, 4, 7, 15, 4, 7, 7, 18, 6, 3]","['frog', 'toad', 'fish', 'bird', 'dogs']","['amphibian_amphibians_larval_frogs_stages', 'breathes_skin_lungs_underwater_breathe', 'moist_skin_moisturizing_smooth_dried', 'lays_eggs_laying_water_lay', 'metamorphosis_undergoes_tadpole_larvae_undergo', 'insects_eats_seeds_worms_feeds', 'lives_water_near_bodies_land', 'tail_short_long_tails_bushy', 'legs_four_legged_two_walks', 'regenerate_parts_lizards_lost_regeneration']"
31887,teen,4.16,3.1666666666666665,"[6, 2, 3, 3, 3, 4, 3, 5, 5, 2, 1, 1]","['acne', 'kids', 'girl', 'visa', 'role']","['identity_individual_personal_collective_sense', 'peer_pressure_academic_pressures_peers', 'independence_4th_seeks_day_july', 'time_full_part_flexible_hours', 'puberty_secondary_sexual_characteristics_develops', 'hormonal_changes_testosterone_hormones_levels', 'age_years_19_13_ages', 'school_attend_attends_schools_high', 'legal_subject_laws_restrictions_age', 'development_rapid_developing_cognitive_experiences', 'puberty_undergoes_changes_physical_pregnancy', 'growth_development_experiences_personal_rapid']"
5148,clap,4.16,4.5,"[9, 12, 4, 5, 2, 2, 1, 1]","['moan', 'purr', 'echo', 'skip', 'like']","['music_used_genres_jazz_songs', 'sound_quality_zygote_father_fatale', 'rhythmic_pattern_tuned_ticklish_groove', 'approval_satisfaction_expresses_media_approved', 'striking_hand_involves_flat_together', 'signals_signal_error_agreement_electronic', 'speed_vary_varies_data_overnight', 'performances_audience_entertainment_includes_cultural']"
27203,roll,4.16,6.285714285714286,"[6, 13, 5, 8, 7, 3, 2]","['loaf', 'pita', 'bake', 'grub', 'drum']","['crust_browned_creates_crustacean_caramelized', 'soft_inside_bodied_feels_hard', 'baked_goods_fried_cookies_good', 'cylindrical_shape_body_spherical_elongated', 'sandwiches_used_topping_making_make', 'bread_type_shape_spread_biscuit', 'sliced_slice_pickled_crushed_cut']"
23138,peck,4.16,9.5,"[12, 7]","['fowl', 'coop', 'wing', 'beak', 'gull']","['birds_bird_crows_crow_chickens', 'beak_hooked_strong_curved_beaking']"
18680,limp,4.15,5.25,"[5, 10, 4, 2]","['lame', 'stun', 'pain', 'gore', 'sore']","['strength_lacks_weakness_muscle_physical', 'injury_caused_illness_incapacitation_result', 'pain_associated_inflict_response_discomfort', 'gait_beat_walk_diagonal_analysis']"
13202,gasp,4.15,6.4,"[9, 12, 2, 4, 5]","['moan', 'sigh', 'gape', 'raid', 'awed']","['surprise_expresses_amazement_express_element', 'involuntary_voluntary_often_action_response', 'vocalization_vocal_expression_vocalized_absence', 'exhalation_inhalation_inhaling_exhaling_lungs', 'shock_surprise_stunned_indicate_shockwaves']"
9688,drip,4.14,3.142857142857143,"[3, 3, 3, 3, 7, 2, 1]","['seep', 'drop', 'oozy', 'rain', 'scab']","['leak_leaks_leaking_spills_something', 'erosion_cause_lead_soil_prevents', 'wetness_cause_wet_puddle_spots', 'liquid_small_drop_amount_dropping', 'falls_falling_fall_gravity_naturally', 'condensation_snowflakes_atmospheric_forms_results', 'plumbing_problem_attached_showerhead_plumber']"
24294,pour,4.14,3.2,"[7, 2, 2, 2, 3]","['dine', 'mead', 'slob', 'plop', 'sake']","['alcoholic_drinks_beverages_drunk_alcohol', 'splash_splashing_cause_differentiated_flits', 'liquids_liquid_involves_solids_ingesting', 'flow_flows_gravity_flowing_fluid', 'messy_handle_mess_appearance_carefully']"
14907,hike,4.14,3.3333333333333335,"[4, 7, 4, 3, 4, 1, 1, 2, 4]","['camp', 'trek', 'reps', 'peak', 'atop']","['walking_walk_faster_involves_feet', 'fitness_physical_promotes_health_bodybuilding', 'elevation_altitude_high_gain_elevations', 'camping_tents_campfire_camps_campfires', 'outdoors_outdoor_activities_held_activity', 'trails_trail_terrains_occur_occurs', 'difficulty_varies_complexity_levels_vary', 'wildlife_encounter_encounters_attract_supports', 'scenic_views_offers_vantage_scenery']"
7472,czar,4.14,3.6,"[6, 5, 2, 2, 3]","['tsar', 'duke', 'dame', 'king', 'lord']","['title_nobility_ruler_woman_noble', 'monarch_monarchy_royalty_royal_kingdom', 'emperor_empire_equivalent_king_imperial', 'russian_revolution_1917_overthrown_romanov', 'palace_lives_palaces_castle_lived']"
12129,flap,4.14,4,"[7, 3, 2]","['hoof', 'over', 'soar', 'clad', 'flew']","['covering_protective_covered_cover_covers', 'wings_wingless_wing_aircraft_birds', 'hinged_hinges_hinge_mechanism_squeezed']"
35631,vial,4.14,6.222222222222222,"[5, 10, 10, 5, 10, 2, 3, 8, 3]","['bowl', 'pane', 'vase', 'dish', 'bead']","['bottom_flat_top_dweller_perforated', 'glass_made_plastic_metal_sheet', 'transparent_opaque_transparency_translucent_colored', 'used_scientific_research_experiments_science', 'storage_used_store_storing_equipment', 'samples_sample_population_testing_holds', 'sterilized_sterilizes_sterilize_sterilization_animal', 'container_containers_secure_shipping_comes', 'liquids_holds_holding_liquid_bowl']"
26060,reel,4.14,7,"[2, 16, 18, 10, 5, 3, 1, 1]","['door', 'boat', 'maul', 'cart', 'fork']","['axis_around_rotates_rotation_spins', 'handle_long_handles_knob_leverage', 'wood_metal_made_plastic_materials', 'fishing_used_sport_fish_fishermen', 'may_mechanism_might_attached_locking', 'manual_automatic_motorized_powered_automated', 'rod_stick_fishing_mounted_slender', 'cable_cables_utility_manage_line']"
36440,wife,4.13,3.857142857142857,"[9, 5, 3, 4, 2, 1, 3]","['aunt', 'mama', 'busy', 'maid', 'feud']","['tasks_performs_task_perform_household', 'family_families_generations_role_involved', 'married_spouse_husband_wedding_marry', 'mother_maternal_nurses_parent_child', 'support_emotional_provide_offers_offer', 'bear_children_reaching_maturity_typically', 'financial_financially_support_partner_responsibilities']"
12397,fold,4.13,4.166666666666667,"[2, 9, 2, 3, 5, 4]","['tuck', 'join', 'lack', 'bent', 'tall']","['crease_padding_creases_bend_lines', 'permanent_temporary_persistent_lasting_semi', 'shape_changes_original_object_change', 'pleats_pleat_pleated_back_clothing', 'items_portability_may_item_electronics', 'reduces_size_clothing_fit_item']"
20691,muff,4.12,4,"[3, 5]","['spud', 'bake', 'cuff', 'mitt', 'roll']","['hand_hands_wrist_covers_ends', 'baked_goods_fried_cookies_good']"
14980,hobo,4.12,4.285714285714286,"[5, 3, 2, 10, 4, 1, 5]","['pity', 'home', 'rich', 'earl', 'dorm']","['clothing_wears_worn_clothes_layered', 'carries_goods_people_bundle_possessions', 'trucks_transported_tractors_trains_freight', 'charitable_charity_philanthropy_philanthropic_charities', 'housing_homeless_substandard_residents_students', 'nomadic_lifestyle_lifestyles_urban_lives', 'shelter_shelters_provides_makeshift_animals']"
24256,posy,4.12,5,"[6, 8, 4, 3, 7, 2]","['rose', 'lily', 'gown', 'mitt', 'lace']","['gift_gifts_giving_given_give', 'flowers_flower_roses_produce_bloom', 'love_symbolizes_romance_symbol_affection', 'hand_held_one_traditionally_handedness', 'weddings_used_wedding_arrangements_floral', 'ribbons_ribbon_paper_bows_twisted']"
14789,herd,4.11,3.2857142857142856,"[7, 5, 4, 1, 3, 1, 2]","['lurk', 'lamb', 'claw', 'roam', 'lair']","['predators_predatory_predation_associated_protects', 'grazes_grass_plants_graze_grazer', 'movement_moves_move_side_moving', 'animals_social_herd_animal_herds', 'social_socializing_socializes_socialization_structure', 'behavior_exhibits_social_collective_displays', 'dominant_recessive_led_individual_side']"
33065,trot,4.11,3.4,"[4, 7, 6, 2, 2, 4, 3, 2, 2, 2]","['spur', 'mare', 'pony', 'whip', 'walk']","['walking_walk_faster_involves_feet', 'horse_horses_horseback_played_riding', 'rhythm_syncopated_beat_rhythms_rhythmic', 'racing_races_sports_used_drag', 'distances_long_maintained_cover_distance', 'riding_horse_used_horses_riders', 'equestrian_sports_equestrianism_used_competitions', 'gallop_slower_galloping_gallops_movement', 'gait_beat_walk_diagonal_analysis', 'move_forward_squares_first_two']"
15026,home,4.11,3.6666666666666665,"[5, 5, 6, 6, 3, 3, 1, 2, 2]","['flat', 'yard', 'slob', 'club', 'digs']","['may_trees_garden_yard_farmhouse', 'shelter_shelters_provides_makeshift_animals', 'apartment_house_living_quarters_residential', 'rented_owned_landlord_leasing_rental', 'sleeping_sleeper_bags_cabins_hauls', 'kitchen_works_establishments_work_kitchens', 'residence_place_residing_displace_somewhere', 'belongings_personal_possessions_items_scattered', 'gatherings_social_gathering_parties_events']"
3973,burn,4.11,3.7142857142857144,"[6, 3, 2, 6, 5, 2, 2]","['gash', 'gout', 'slam', 'mono', 'cyst']","['scar_scars_leave_may_scarring', 'infections_infection_infected_infectious_treated', 'attention_medical_requires_severe_immediate', 'swelling_swell_swollen_cause_lymph', 'damage_cause_result_tissue_joint', 'heat_cooling_heated_radiation_convection', 'blisters_calluses_blister_prevents_prone']"
11574,fare,4.11,4,"[5, 6, 3, 3, 3, 4]","['ride', 'toll', 'bill', 'load', 'lift']","['discounts_offer_sales_may_loyalty', 'transportation_transports_transport_transported_goods', 'paid_cash_electronically_payable_online', 'charges_surcharges_fees_taxes_services', 'varies_person_jurisdiction_individuals_depending', 'ticket_tickets_entry_require_ticketed']"
36839,wrap,4.11,5.111111111111111,"[9, 3, 4, 10, 3, 6, 4, 3, 4]","['glue', 'tape', 'bead', 'vial', 'cube']","['fashion_used_lingerie_clothing_uniform', 'wrapping_wrap_popped_popcorn_food', 'waterproof_resistant_water_waterproofed_weatherproofing', 'transparent_opaque_transparency_translucent_colored', 'adhesive_tape_secured_adheres_substance', 'reusable_reused_disposable_rebuilt_annually', 'paper_made_electronic_plastic_polymer', 'disposable_reusable_wood_dispensable_made', 'flexible_rigid_allowing_determined_stiff']"
13924,grey,4.11,6.333333333333333,"[13, 7, 6, 6, 4, 2]","['gray', 'blue', 'drab', 'teal', 'atom']","['white_color_off_black_bluish', 'weather_overcast_skies_describe_cloudy', 'grayish_gray_grey_spelled_brown', 'color_colored_hair_zygote_fathering', 'neutral_polarized_charge_overall_shade', 'interior_design_used_look_modern']"
29399,snap,4.1,2.75,"[3, 4, 2, 2]","['harp', 'data', 'once', 'info', 'fist']","['decision_making_used_decisions_snap', 'fingers_plucked_plucking_palm_played', 'abrupt_abruptness_abruptly_manner_shifts', 'action_quick_sudden_momentary_repeated']"
17972,king,4.1,2.857142857142857,"[5, 3, 2, 4, 1, 4, 1]","['tsar', 'duke', 'lord', 'czar', 'dame']","['monarch_monarchy_royalty_royal_kingdom', 'palace_lives_palaces_castle_lived', 'crown_wears_crowning_wore_symbolized', 'authority_power_holds_autocratic_established', 'decrees_issue_decree_arbitrary_issued', 'addressed_your_majesty_lord_grace', 'may_consort_hair_nemesis_thorns']"
36919,yank,4.1,3.5,"[4, 3, 2, 5]","['meek', 'gust', 'racy', 'kick', 'drag']","['pull_pulling_pulled_force_tab', 'quick_motion_paced_fast_movement', 'cause_objects_move_object_sway', 'aggressive_threatened_non_intimidating_aggressiveness']"
36102,waxy,4.1,3.5714285714285716,"[6, 3, 3, 2, 7, 2, 2]","['lava', 'brie', 'oats', 'weld', 'alum']","['used_cosmetics_products_skincare_lips', 'room_temperature_solid_solidifies_igneous', 'seal_seals_sealing_bottles_cap', 'candle_candles_blowing_make_part', 'melts_heated_molten_rock_melting', 'produced_derived_liver_plants_sources', 'coated_protective_coating_glare_coatings']"
14496,hash,4.1,4,"[4, 5, 4, 3]","['taco', 'meal', 'idly', 'chip', 'slaw']","['potatoes_potato_made_often_term', 'dish_dishes_mexican_tastes_timing', 'onions_vegetables_carrots_shredded_tomatoes', 'breakfast_lunch_dinner_eaten_served']"
32365,tide,4.1,4.3,"[3, 5, 5, 6, 4, 5, 2, 6, 4, 3]","['gulf', 'iris', 'lacy', 'wove', 'port']","['coastal_erosion_coastlines_ecosystems_influences', 'gravity_gravitational_pull_force_moon', 'tides_tidal_currents_affected_affects', 'patterns_pattern_intricate_cyclical_sequences', 'fishing_overfishing_activities_fisheries_site', 'flooding_prevents_cause_avalanches_sea', 'navigation_maritime_affects_seas_sailing', 'water_bodies_occurs_shallow_surrounded', 'generation_energy_power_harnessed_hydroelectric', 'moon_moons_deimos_phobos_two']"
18342,lead,4.1,4.3125,"[13, 3, 4, 6, 3, 4, 3, 3, 4, 6, 6, 5, 3, 2, 3, 1]","['zinc', 'gold', 'neon', 'iron', 'inks']","['symbol_symbolized_ne_pb_zn', 'malleable_soft_bendable_pliable_heated', 'chemical_element_unit_basic_substance', 'metal_metallic_metals_heavy_steel', 'melting_point_low_419_boiling', 'batteries_used_battery_acid_anode', 'atomic_number_82_10_30', 'recyclable_disposal_special_depending_material', 'toxic_amounts_humans_cats_animals', 'grayish_gray_grey_spelled_brown', 'art_used_painting_drawing_sculptures', 'earth_crust_surface_mined_found', 'firearms_ammunition_bullets_gun_shot', 'pale_white_yellow_color_freshly', 'dense_density_less_heavy_fog', 'radiation_shielding_gamma_electromagnetic_exposure']"
29221,slip,4.1,4.333333333333333,"[3, 3, 7]","['skid', 'flop', 'drop', 'kilt', 'lube']","['slippery_surfaces_texture_slick_surface', 'traction_tread_loss_pattern_tip', 'falls_falling_fall_gravity_naturally']"
3917,bump,4.1,4.428571428571429,"[3, 5, 10, 6, 2, 2, 3]","['sore', 'scar', 'coma', 'dent', 'leaf']","['skin_appear_mark_blemish_underneath', 'color_changes_change_colors_leaves', 'injury_caused_illness_incapacitation_result', 'swelling_swell_swollen_cause_lymph', 'area_surface_raised_extent_side', 'impact_collision_caused_sudden_ripple', 'temporary_settlement_often_nature_state']"
33192,turf,4.1,5.142857142857143,"[9, 7, 6, 5, 3, 2, 4]","['lawn', 'oats', 'bare', 'hill', 'dome']","['sports_used_hockey_basketball_games', 'covering_protective_covered_cover_covers', 'synthetic_natural_organic_candy_grass', 'grass_covered_grassy_turf_grasses', 'landscaping_used_gardening_land_decoration', 'mowing_mowed_needs_swing_natural', 'rolls_rolled_comes_steel_cut']"
15412,hurl,4.1,5.25,"[8, 5, 4, 4]","['judo', 'barf', 'gory', 'puke', 'slay']","['violence_violent_associated_often_intimidation', 'involves_muscles_movement_arm_movements', 'throwing_throw_thrown_throwable_throws', 'nausea_vomiting_vomit_throwing_induce']"
23190,pelt,4.1,5.625,"[11, 14, 5, 7, 2, 3, 1, 2]","['hide', 'mink', 'mesh', 'puma', 'lion']","['clothing_used_making_garment_garments', 'fur_fluffy_hair_brown_looks', 'hunting_hunts_treasure_animals_small', 'fur_covered_hunted_coat_farmed', 'currency_historically_trade_1999_used', 'tan_tanned_tanning_sunlight_sun', 'species_animal_different_differently_cat', 'skin_animal_noun_referring_also']"
14142,gulf,4.08,2.875,"[3, 5, 4, 4, 2, 2, 2, 1]","['lake', 'tide', 'cove', 'rust', 'pike']","['climate_local_climates_climatic_regions', 'tides_tidal_currents_affected_affects', 'fishing_overfishing_activities_fisheries_site', 'beaches_beach_shoreline_shores_bed', 'land_enclosed_partially_protects_surrounded', 'bay_larger_smaller_lagoon_sheltered', 'saltwater_accelerated_salt_large_body', 'route_routes_path_shipping_predetermined']"
14143,gull,4.08,8.153846153846153,"[5, 15, 7, 14, 7, 10, 11, 15, 8, 5, 4, 4, 1]","['swan', 'duck', 'fowl', 'bird', 'coot']","['webbed_feet_lobed_forelimbs_partially', 'lays_eggs_laying_water_lay', 'lives_water_near_bodies_land', 'bird_part_small_fatale_fatales', 'beak_hooked_strong_curved_beaking', 'flies_fly_wind_speeds_air', 'feathers_feathery_black_white_vary', 'animal_dog_pet_creature_game', 'wings_two_pairs_broad_father', 'beaches_found_beach_beached_often', 'call_distinctive_calls_makes_loud', 'eats_fish_plants_aquatic_feeds', 'flocks_forms_swarms_flock_murder']"
29040,skid,4.07,2.6666666666666665,"[5, 3, 2, 1, 3, 2]","['slip', 'drag', 'harm', 'racy', 'wipe']","['friction_reduces_involves_created_caused', 'traction_tread_loss_pattern_tip', 'vehicles_cars_vehicle_associated_car', 'motion_movement_sliding_sweeping_involves', 'intentional_design_motorsports_unintentional_intentionally', 'surface_surfaces_occurs_adheres_spot']"
3663,brew,4.07,3.5714285714285716,"[4, 5, 4, 8, 1, 2, 1]","['sake', 'beer', 'mead', 'cola', 'herb']","['tea_teas_coffee_used_leaves', 'brewing_beer_breweries_brewed_whiskey', 'temperature_control_maintains_constant_controlled', 'beverage_alcoholic_drink_mulled_japanese', 'yeast_fermentation_fermenting_boiling_ingredient', 'time_management_timing_sensitive_process', 'significance_cultural_societies_significant_culturally']"
31691,talk,4.07,3.6666666666666665,"[5, 5, 2, 4, 4, 4, 4, 2, 3]","['oral', 'tell', 'skit', 'eyes', 'gaze']","['storytelling_medium_storyline_plot_common', 'informal_formal_casual_colloquial_aimless', 'verbal_non_cues_gestures_gesture', 'persuasive_persuasion_informative_skilled_tactics', 'emotions_express_feelings_convey_emotion', 'communication_form_visual_written_act', 'speaking_involves_dialogue_simmering_words', 'language_elevated_languages_uses_skills', 'listening_listen_attentively_requires_paying']"
7628,dead,4.07,4,"[6, 5, 4, 1]","['roam', 'duel', 'grim', 'herd', 'crap']","['excreted_body_excretion_decompose_animals', 'death_life_ends_alive_results', 'movement_moves_move_side_moving', 'grow_time_develop_quickly_worse']"
21106,neon,4.07,4.230769230769231,"[13, 5, 6, 4, 3, 5, 4, 3, 6, 2, 1, 1, 2]","['lead', 'zinc', 'watt', 'wire', 'glow']","['symbol_symbolized_ne_pb_zn', 'signs_sign_marked_signage_advertising', 'electricity_conducts_conductive_conductor_conduct', 'chemical_element_unit_basic_substance', 'atomic_number_82_10_30', 'lighting_illumination_lamps_used_fluorescent', 'glow_orange_glows_glowing_red', 'gas_gases_noble_argon_inert', 'used_electrical_electronics_devices_circuits', 'atmosphere_earth_dioxide_trace_carbon', 'colorless_voluminous_bloodless_monotonous_colorful', 'odorless_colorless_tasteless_pure_smell', 'inertia_inert_inertial_nonreactive_inelastic']"
13543,glob,4.07,4.25,"[7, 2, 5, 3]","['ooze', 'blob', 'lube', 'goop', 'snot']","['viscous_substance_viscosity_liquid_substances', 'amorphous_shape_assumed_fate_fatal', 'sticky_side_non_notes_stick', 'form_change_original_forms_straight']"
30216,stab,4.07,4.5,"[9, 3, 7, 4, 3, 1]","['gash', 'barb', 'harm', 'keen', 'edgy']","['injury_cause_injuries_causes_susceptible', 'wound_wounds_leave_cut_blood', 'sharp_sharpness_object_point_pointed', 'lethal_fatal_inhumane_non_considered', 'force_requires_physical_manual_mechanical', 'violent_aggressive_potentially_intense_act']"
8639,dill,4.07,4.888888888888889,"[3, 7, 14, 3, 7, 4, 2, 1, 3]","['sage', 'hemp', 'herb', 'spat', 'lard']","['herb_zygote_faults_fatales_fatalism', 'dried_fresh_prunes_eaten_used', 'cooking_used_frying_food_chefs', 'grows_rosette_stalks_bulbs_walls', 'green_leaves_fronds_feathery_tops', 'aroma_emits_scent_stronger_strong', 'seeds_edible_contain_spice_fruits', 'yellow_flowers_produces_shoots_bloomy', 'attract_insects_flies_pests_attracts']"
29070,skip,4.07,5,"[4, 6, 6, 4]","['jump', 'sync', 'clap', 'beat', 'leap']","['rhythmic_pattern_tuned_ticklish_groove', 'jumping_jump_involves_jumps_grappling', 'heart_rate_increases_elevated_increase', 'coordination_requires_balance_improves_coordinated']"
25297,quad,4.07,5.142857142857143,"[5, 14, 8, 1, 3, 3, 2]","['jeep', 'bike', 'taxi', 'ball', 'goat']","['wheels_four_drive_wheel_two', 'recreation_recreational_used_activities_leisure', 'vehicles_used_bicycles_road_off', 'atv_vehicle_all_terrain_type', 'handlebars_steering_toolbars_minibar_handlebar', 'terrain_rough_traverse_steep_climb', 'gear_protective_helmet_safety_requires']"
31838,teal,4.07,5.4,"[9, 5, 6, 6, 1]","['blue', 'cyan', 'aqua', 'wrap', 'grey']","['fashion_used_lingerie_clothing_uniform', 'marketing_used_branding_market_logos', 'blue_green_color_shade_dark', 'color_colored_hair_zygote_fathering', 'tone_cool_neutral_timbre_pessimistic']"
12147,flat,4.07,6,"[6, 6]","['home', 'yard', 'digs', 'rent', 'loft']","['apartment_house_living_quarters_residential', 'rented_owned_landlord_leasing_rental']"
3078,blob,4.06,4.333333333333333,"[5, 3, 2, 5, 4, 7]","['glob', 'swab', 'oozy', 'kilo', 'icky']","['mass_unit_small_mc_energy', 'gelatinous_gelatin_glaze_texture_made', 'amorphous_shape_assumed_fate_fatal', 'sticky_side_non_notes_stick', 'slimy_slime_associated_squishy_mud', 'absorbs_absorb_liquid_absorbed_water']"
12123,flan,4.05,3.8181818181818183,"[5, 4, 3, 5, 5, 5, 5, 3, 3, 3, 1]","['cake', 'coke', 'bake', 'soda', 'cola']","['base_custard_broth_circular_stock', 'oven_baked_ovens_if_safe', 'spoon_eaten_fork_done_spatula', 'served_cold_hot_chilled_warm', 'flavors_flavored_vanilla_flavor_comes', 'creamy_texture_waxy_inside_father', 'dessert_desserts_served_eaten_type', 'sweet_opposite_usually_often_zygote', 'egg_eggs_white_separated_topped', 'originates_originated_france_europe_origin', 'caramel_topping_toppings_fruit_silky']"
29130,slat,4.04,2.8,"[4, 3, 2, 4, 1]","['slab', 'sofa', 'bunk', 'chip', 'rack']","['thin_sheet_material_flat_strip', 'bed_beds_convertible_sofa_type', 'light_allows_pass_passage_blocks', 'used_furniture_buildings_homes_walls', 'blinds_venetian_shutters_photograph_holder']"
21276,nine,4.04,3.375,"[5, 2, 8, 3, 2, 2, 2, 3]","['five', 'four', 'even', 'much', 'math']","['number_integer_prime_numbers_specificity', 'cardinal_cardinals_elected_college_number', 'quantity_represents_scalar_used_describe', 'odd_number_opposite_even_zero', 'ten_eight_less_greater_half', 'digit_single_ends_decimal_number', 'square_three_number_81_squared', 'numerals_arabic_roman_numeral_written']"
32395,tilt,4.04,3.6,"[8, 4, 2, 1, 3]","['find', 'zoom', 'emit', 'slid', 'lens']","['intentional_accidental_unintentional_accidentally_intentionally', 'photography_cameras_used_cinematography_camera', 'inclined_inclination_position_angled_tilt', 'orientation_horizontal_changes_angle_object', 'measured_degrees_thermometers_fahrenheit_celsius']"
14549,haze,4.04,3.7777777777777777,"[4, 2, 6, 4, 4, 6, 2, 2, 4]","['smog', 'mist', 'hazy', 'dusk', 'mite']","['air_pollution_quality_affects_contribute', 'weather_phenomenon_gusts_tornadoes_phenomena', 'visibility_reduces_limited_enables_allows', 'particles_fine_composed_particulate_small', 'dust_dusty_smoke_surface_covered', 'morning_evening_afternoon_occurs_night', 'pollution_levels_rural_higher_experiences', 'respiratory_problems_cause_breathing_issues', 'occurs_occur_erogenous_zone_urban']"
27108,rise,4.04,4,"[7, 3, 3, 5, 2]","['gain', 'tide', 'chop', 'port', 'more']","['sun_sunrise_sunset_sunsets_obscures', 'downward_upward_movement_force_motion', 'increase_increases_increased_amount_value', 'tides_tidal_currents_affected_affects', 'economic_growth_affected_activity_conditions']"
19029,luau,4.04,4.125,"[7, 3, 3, 4, 3, 8, 1, 4]","['fest', 'noel', 'bash', 'stew', 'gala']","['celebration_celebrations_celebrated_celebrates_commemorate', 'hawaiian_hawaii_feast_traditional_guests', 'pig_piggy_kalua_fed_banks', 'outdoors_outdoor_activities_held_activity', 'costumes_costume_elaborate_leis_props', 'served_meals_meal_rice_often', 'decor_decorations_tropical_decorated_decorum', 'dancing_music_includes_include_flicks']"
11503,fall,4.04,4.125,"[3, 12, 5, 4, 2, 4, 2, 1]","['july', 'june', 'pine', 'deer', 'bush']","['seasonal_seasonally_season_summer_winter', 'leaves_edible_trees_needle_buds', 'color_changes_change_colors_leaves', 'year_school_end_academic_many', 'harvest_season_crops_many_time', 'daylight_shadows_shortest_shorter_changes', 'migrates_seasonally_migration_seasonal_migrate', 'festivals_festive_events_celebrated_holi']"
10809,etch,4.04,4.6,"[5, 6, 8, 3, 1]","['ream', 'dish', 'knit', 'sand', 'cyan']","['patterns_designs_pattern_design_puzzle', 'metal_metallic_metals_heavy_steel', 'printing_used_ink_printmaking_cartridge', 'glass_cleaner_windows_stained_done', 'lines_straight_fine_creates_string']"
22379,oval,4.04,4.714285714285714,"[8, 5, 6, 6, 3, 2, 3]","['dime', 'face', 'inks', 'cone', 'maze']","['circular_shape_circle_resembles_elongated', 'shape_geometric_defined_object_shapes', 'curved_shape_curvature_curves_surface', 'art_used_painting_drawing_sculptures', 'symmetrical_symmetric_asymmetrical_bilaterally_two', 'vertices_corners_12_vertex_edges', 'dimensional_three_two_3d_2d']"
7443,cyan,4.04,5,"[8, 6, 3, 6, 2]","['blue', 'teal', 'etch', 'ease', 'jean']","['printing_used_ink_printmaking_cartridge', 'blue_green_color_shade_dark', 'tranquility_tranquil_sense_calmness_associated', 'color_colored_hair_zygote_fathering', 'color_colors_model_subtractive_primary']"
15491,hymn,4.04,5.2,"[11, 3, 4, 5, 5, 9, 3, 5, 5, 2]","['sang', 'song', 'tune', 'amen', 'riff']","['ceremonies_rituals_used_religious_celebrations', 'verses_chorus_stanzas_hymnals_found', 'religious_used_worship_contexts_islam', 'lyrics_address_issues_chorus_political', 'sung_congregation_carols_choir_singing', 'instruments_played_accompanied_musical_piano', 'praise_god_means_graced_gracious', 'song_songs_sings_melodically_complex', 'melody_melodic_melodies_sounds_produces', 'liturgy_liturgical_period_christian_part']"
12263,flog,4.04,7.142857142857143,"[6, 20, 6, 4, 6, 3, 5]","['slap', 'obey', 'like', 'seem', 'veer']","['discipline_disciplinary_actions_emphasizes_handles', 'verb_form_english_language_zygote', 'criticism_sensitive_criticized_critique_critics', 'punishment_form_torture_used_historically', 'pain_cause_discomfort_causes_emotional', 'marks_leave_scratches_leaves_scars', 'hit_strike_means_failure_reach']"
19575,maul,4.04,8,"[7, 13, 16, 18, 6, 3, 4, 3, 2]","['axes', 'vice', 'pick', 'rasp', 'nail']","['woodworking_carpentry_used_timber_forestry', 'tool_categorized_garden_instrument_hand', 'handle_long_handles_knob_leverage', 'wood_metal_made_plastic_materials', 'sides_two_sided_side_six', 'strength_requires_effort_physical_required', 'head_heavy_forehead_metal_weighted', 'end_ends_pointed_two_flat', 'splitting_wood_used_split_shaping']"
23990,poem,4.03,2.75,"[2, 3, 5, 2, 4, 3, 1, 2]","['poet', 'song', 'grad', 'doom', 'lyre']","['literature_used_books_contexts_literary', 'verses_chorus_stanzas_hymnals_found', 'poetry_literature_poetic_used_rhyme', 'metaphorical_metaphors_similes_metaphorically_figurative', 'story_stories_tell_tells_convey', 'poetry_writes_literary_songwriters_publish', 'cultural_reflects_values_beliefs_culture', 'speeches_speaker_recited_speaking_spoken']"
29282,slum,4.03,3.0833333333333335,"[5, 5, 4, 4, 3, 4, 2, 2, 3, 2, 2, 1]","['poor', 'aids', 'city', 'town', 'lung']","['crime_criminal_rates_severity_associated', 'community_sense_communities_gathering_promotes', 'housing_homeless_substandard_residents_students', 'water_requires_watering_food_needs', 'stigma_stigmatized_social_faces_discrimination', 'diseases_disease_affected_pneumonia_prone', 'infrastructure_outlets_may_electrical_inadequate', 'population_populated_densely_density_area', 'urban_areas_towns_area_city', 'economy_economic_local_economies_informal', 'poverty_characterized_deprivation_socioeconomic_vows', 'sanitation_services_hygienic_lacks_requires']"
14301,halo,4.03,3.6666666666666665,"[3, 5, 5, 3, 5, 1]","['reek', 'hood', 'neck', 'nape', 'pope']","['metaphorically_used_describe_often_metaphorical', 'head_covers_wedge_supports_connects', 'light_attracted_ray_rays_circular', 'holiness_sanctity_his_holy_symbolizes', 'art_depicted_literature_paintings_arts', 'angels_saints_associated_angelus_prays']"
9302,dive,4.03,4.5,"[10, 3, 6, 2, 4, 2]","['flip', 'reef', 'pool', 'coma', 'yogi']","['breath_breathing_control_requires_holding', 'maneuvers_acrobatic_acrobatics_maneuver_maneuvering', 'diving_dives_board_scuba_fish', 'action_behavior_state_singular_series', 'water_extends_repels_rainwater_involves', 'techniques_technique_mig_tig_various']"
23078,pave,4.03,4.666666666666667,"[7, 3, 4]","['city', 'road', 'town', 'laid', 'toll']","['surface_surfaces_tension_object_driven', 'asphalt_concrete_gravel_materials_stones', 'roads_infrastructure_bridges_highways_connected']"
33285,tyke,4,2.25,"[3, 4, 1, 1]","['kids', 'tame', 'babe', 'baby', 'doll']","['dependent_adults_care_dependents_filings', 'young_child_human_humans_newborn', 'supervision_requires_management_supervised_control', 'curious_curiosity_neat_nature_learning']"
21729,nuke,4,2.4166666666666665,"[2, 3, 3, 3, 4, 2, 2, 3, 2, 1, 2, 2]","['bomb', 'bang', 'mace', 'star', 'coup']","['fallout_desertification_nuclear_lead_radioactive', 'destruction_collapse_cause_destroys_massive', 'smoke_fog_vapor_cloud_mushroom', 'weapon_nuclear_destruction_weapons_ancient', 'explosions_explosion_explosive_detonation_detonator', 'fusion_nuclear_undergoes_fission_reactor', 'magnetic_generates_pulse_electromagnetic_field', 'aircraft_missiles_carriers_airplanes_delivered', 'requires_power_electricity_plutonium_uranium', 'energy_releases_stores_kinetic_expends', 'environmental_impact_damage_cause_pollution', 'treaties_sanctions_international_condemnation_trigger']"
19030,lube,4,3.6666666666666665,"[3, 5, 3, 1, 3, 2, 3, 5, 7, 3, 3, 6]","['glue', 'inks', 'oily', 'ooze', 'bolt']","['lubrication_lubricant_lubricants_oil_used', 'friction_reduces_involves_created_caused', 'liquid_form_comes_gel_pills', 'oil_based_petroleum_produce_derived', 'water_based_solvent_silicone_hydrophobic', 'tubes_bottles_packaged_comes_sticks', 'slippery_surfaces_texture_slick_surface', 'sexual_activity_explicit_behaviors_intercourse', 'viscous_substance_viscosity_liquid_substances', 'machinery_used_engines_functions_vacuum', 'rust_corrode_prevent_prevents_treated', 'synthetic_natural_organic_candy_grass']"
33191,turd,4,3.875,"[9, 6, 6, 2, 4, 1, 1, 2]","['poop', 'crap', 'dung', 'dump', 'shit']","['biodegradable_options_available_depending_lifecycle', 'fertilizer_used_agriculture_fertilizers_soil', 'excreted_body_excretion_decompose_animals', 'solid_state_sturdy_dashed_stranded', 'disposal_waste_sewage_method_dump', 'smell_unpleasant_foul_musty_smelled', 'health_status_indicate_indicates_indicator', 'attracts_insects_flies_birds_scavengers']"
32393,till,4,4,"[5, 4, 3, 4]","['tote', 'cart', 'case', 'stow', 'room']","['compartments_compartment_inside_pockets_tray', 'key_combination_keys_keyboard_opened', 'shopping_used_cashiers_retail_mini', 'drawers_furnished_storage_drawer_desks']"
4138,call,4,4,"[2, 4, 5, 4, 5]","['item', 'sung', 'rape', 'band', 'lace']","['occur_happen_private_spontaneously_various', 'handmade_made_machine_manufactured_telephone', 'recorded_record_later_history_public', 'video_multimedia_audio_videos_images', 'scheduled_schedule_schedules_unscheduled_appointments']"
22055,ooze,4,4.166666666666667,"[7, 4, 5, 4, 3, 2]","['glob', 'soil', 'mold', 'glop', 'reed']","['viscous_substance_viscosity_liquid_substances', 'decay_spoilage_decomposition_associated_result', 'sticky_side_non_notes_stick', 'wetlands_marshes_swamps_grows_found', 'organic_matter_contains_inorganic_composed', 'hazardous_health_environment_harmful_potentially']"
36553,wipe,4,4.2,"[5, 7, 2, 5, 2]","['soap', 'wash', 'lube', 'drag', 'skid']","['friction_reduces_involves_created_caused', 'hygiene_used_cleaning_smelling_personal', 'disinfectants_disinfects_killed_disinfectant_cleansers', 'cleaning_cleans_services_provides_cleansing', 'dirt_removes_grime_dust_surfaces']"
29113,slam,4,4.25,"[5, 5, 4, 3]","['cuss', 'whip', 'swag', 'hail', 'fray']","['damage_cause_result_tissue_joint', 'noise_sound_loud_produces_cracking', 'doors_windows_containers_refer_associated', 'anger_frustration_express_expresses_indicate']"
13775,gram,4,4.714285714285714,"[5, 3, 3, 2, 5, 2, 13]","['kilo', 'pint', 'heft', 'flag', 'load']","['mass_unit_small_mc_energy', 'metric_system_kilograms_prefix_used', 'kilograms_pounds_measured_kilogram_equals', 'ingredients_recipes_purity_karats_measure', 'measure_used_measuring_measurements_blood', 'ounces_equals_fluid_16_converted', 'symbol_symbolized_ne_pb_zn']"
1946,auto,4,4.75,"[9, 5, 6, 5, 6, 4, 5, 5, 6, 1, 3, 2]","['sled', 'taxi', 'room', 'lift', 'helm']","['door_doors_open_opening_four', 'license_driver_licensed_operate_requires', 'vehicle_automobile_road_part_car', 'trunk_storage_woody_luggage_car', 'wheels_wheel_rim_tiller_bearings', 'fuel_electricity_gasoline_fossil_biomass', 'steering_steered_rudder_wheel_controlling', 'safety_accidents_airbags_precautions_seatbelts', 'lighting_headlights_skylights_lights_equipped', 'powered_engine_engines_combustion_internal', 'seat_seats_flat_platform_saddle', 'emissions_exhaust_produces_vehicle_industrial']"
9793,duke,4,4.846153846153846,"[10, 4, 6, 3, 4, 4, 10, 6, 5, 2, 3, 4, 2]","['lord', 'earl', 'dame', 'tsar', 'grad']","['attire_formal_dressed_wears_part', 'aristocracy_nobility_feudal_royalty_associated', 'title_nobility_ruler_woman_noble', 'peerage_system_british_honours_part', 'land_estate_owns_property_estates', 'coat_arms_thick_wears_white', 'charitable_charity_philanthropy_philanthropic_charities', 'ceremonies_ceremony_ceremonial_associated_involved', 'monarch_monarchy_royalty_royal_kingdom', 'inherits_inheritance_title_inherit_monarch', 'military_soldiers_forces_infantry_national', 'addressed_your_majesty_lord_grace', 'influence_political_campaigns_global_influenced']"
32446,tint,4,5.428571428571429,"[9, 9, 3, 6, 5, 3, 3]","['inks', 'bush', 'lack', 'lead', 'wall']","['permanent_temporary_persistent_lasting_semi', 'privacy_provides_offers_laws_security', 'sun_sunburn_sunlight_uv_protection', 'art_used_painting_drawing_sculptures', 'colors_comes_various_different_patterns', 'dark_color_darker_black_light', 'color_shade_colors_used_describe']"
35747,vise,4,5.5,"[11, 6, 13, 2, 4, 2, 3, 3]","['vice', 'rasp', 'hook', 'tong', 'comb']","['metal_made_father_fatale_fatales', 'metalworking_used_welding_soldering_blacksmithing', 'tool_categorized_garden_instrument_hand', 'jaws_parallel_two_double_chin', 'operated_screw_mechanism_lever_operates', 'workbench_mounted_workbenches_typically_usually', 'pressure_applies_resistant_withstand_applied', 'hanging_used_objects_hold_holding']"
2563,beep,4,6,"[4, 12, 4, 5, 8, 3]","['toil', 'task', 'jeep', 'echo', 'fizz']","['alertness_alert_alarm_alarms_notification', 'sound_quality_zygote_father_fatale', 'pitched_high_sound_sharp_noise', 'emits_light_radiation_emitted_emission', 'vehicles_used_bicycles_road_off', 'repetitive_unique_often_repetitiveness_repetitively']"
25240,purr,4,6,"[12, 5, 5, 4, 4]","['thud', 'hoot', 'yelp', 'puss', 'hiss']","['sound_quality_zygote_father_fatale', 'made_cats_animals_birds_humans', 'vibrations_vibration_shuddering_absorbs_detecting', 'contentment_content_purrs_indicates_sense', 'pet_pets_cat_kept_cats']"
30815,stud,4,7.75,"[17, 9, 2, 3]","['bolt', 'bomb', 'ramp', 'rope', 'nail']","['construction_used_sites_building_demolition', 'jewelry_used_earrings_piece_making', 'fastener_type_functions_small_father', 'support_structural_provides_supports_poles']"
2500,beat,3.97,3.25,"[4, 5, 4, 4, 2, 2, 1, 4]","['pace', 'drum', 'pain', 'clap', 'task']","['rhythmic_pattern_tuned_ticklish_groove', 'song_songs_sings_melodically_complex', 'tempo_music_paced_tempos_fast', 'complex_simple_complicated_intricate_multifaceted', 'percussion_drum_drums_snares_instrument', 'slow_fast_rapid_laborious_slower', 'measure_bpm_beats_minute_time', 'intensity_varies_vary_duration_mild']"
25148,pull,3.97,3.8333333333333335,"[7, 4, 4, 4, 3, 1]","['turn', 'deep', 'onto', 'axis', 'bale']","['direction_clockwise_cardinal_directional_counterclockwise', 'ropes_rope_wire_twine_lines', 'hands_done_performed_hand_one', 'distance_diminishes_measures_time_measured', 'doors_open_used_knocking_close', 'push_opposite_envelope_pull_limits']"
28719,show,3.97,3.909090909090909,"[5, 5, 6, 4, 4, 2, 3, 4, 4, 3, 3]","['skit', 'play', 'plot', 'game', 'film']","['audience_audiences_entertains_participation_interactive', 'narrative_narratives_long_story_poem', 'entertainment_form_adult_industry_entertain', 'live_recorded_performed_albums_perform', 'broadcasted_television_broadcast_online_streamed', 'auditory_visual_textual_elements_monocular', 'theaters_entertainment_comedy_theater_movies', 'educational_informational_learning_instructive_informative', 'ticket_tickets_entry_require_ticketed', 'performers_performer_interpretation_performances_female', 'stage_theatrical_performances_performance_actors']"
9619,draw,3.97,4,"[2, 4, 10, 3, 2, 3, 4]","['drew', 'scan', 'blot', 'grid', 'menu']","['hobby_profession_occupation_skill_professional', 'coordination_eye_hand_requires_good', 'digital_analog_physical_digitally_page', 'image_images_producing_creates_diagrams', 'paper_canvas_done_loom_various', 'drawing_tools_graphic_sketching_pencils', 'art_artwork_artistic_used_artistically']"
12238,flip,3.97,4,"[5, 3, 2, 6, 4]","['dive', 'turn', 'slot', 'cent', 'spin']","['coin_coins_side_penny_national', 'maneuvers_acrobatic_acrobatics_maneuver_maneuvering', 'turning_turn_turns_something_refer', 'diving_dives_board_scuba_fish', 'rotation_rotational_involves_spinning_angular']"
33025,trio,3.97,4.6,"[6, 2, 9, 3, 3]","['band', 'duet', 'opus', 'tune', 'sect']","['group_people_dynamics_collective_carried', 'three_wise_people_men_trio', 'instruments_played_accompanied_musical_piano', 'harmony_harmonies_harmonious_include_parts', 'music_artists_performed_musicians_collaborate']"
21981,ogre,3.97,4.666666666666667,"[10, 5, 3, 2, 1, 7]","['yeti', 'huge', 'mate', 'lore', 'girl']","['folklore_mythology_mythical_creature_myths', 'human_humanoid_settlement_powered_animal', 'strength_physical_superhuman_great_strengths', 'isolated_isolation_lives_areas_ship', 'eaten_humans_animals_consumed_eats', 'large_size_extremely_stature_cat']"
19736,melt,3.96,2,"[3, 2, 1, 2]","['bond', 'thaw', 'atom', 'wilt', 'zing']","['bonds_chemical_atoms_molecules_forms', 'liquid_solid_change_state_changes', 'rigidity_rigid_mortis_rigor_structure', 'reversible_reversed_freezing_intervention_proper']"
14921,hind,3.96,3,"[5, 1, 3, 3]","['hoof', 'tail', 'rump', 'walk', 'fore']","['animal_part_anatomy_located_rear', 'quadrupedal_quadrupeds_quadruped_legs_quadrangle', 'locomotion_form_locomotive_cheetahs_sprinting', 'back_front_part_something_backside']"
23445,pest,3.96,3.375,"[3, 2, 7, 4, 2, 4, 2, 3]","['smut', 'mice', 'buzz', 'gnaw', 'dung']","['spread_diseases_disease_spreads_prevents', 'nuisance_hikers_gardeners_pets_unwanted', 'insect_insects_creepy_presence_crawlies', 'rodents_rodent_hunts_mice_catches', 'infest_homes_invades_animals_crops', 'reproduce_reproduces_quickly_rapidly_able', 'pesticides_fungicides_herbicides_resistant_treated', 'crops_crop_yield_damage_affects']"
904,alum,3.96,3.6666666666666665,"[3, 6, 5, 3, 6, 2, 3, 3, 2]","['aloe', 'oats', 'salt', 'pump', 'hose']","['medicinal_properties_astringent_inflammatory_anti', 'used_cosmetics_products_skincare_lips', 'baking_used_powder_bread_pastries', 'sour_taste_bitter_sourness_smell', 'water_used_plumbing_accessing_purification', 'compound_chemical_compounds_combination_single', 'powdered_form_comes_powder_crystal', 'soluble_water_dissolve_dissolved_solution', 'dyeing_dyes_dye_natural_process']"
6904,cowl,3.96,3.75,"[13, 4, 2, 2, 3, 2, 1, 3]","['jean', 'serf', 'tutu', 'monk', 'tent']","['fabric_made_tulle_cloth_denim', 'neck_necks_covers_located_back', 'robes_wears_monks_priests_worn', 'clothing_type_garment_traditional_scottish', 'medieval_times_lived_fantasy_often', 'superheroes_superhero_comics_marvel_costumes', 'pulled_buttoned_lowered_hoisted_needed', 'cold_snow_used_winter_weather']"
6613,core,3.96,4.25,"[5, 4, 3, 5]","['data', 'tier', 'clad', 'bush', 'hack']","['layer_layers_layering_subsoil_innermost', 'computers_processing_computer_processed_executed', 'central_primary_issue_aspect_main', 'fruit_fruits_berries_bear_apple']"
36965,yeti,3.96,4.5,"[3, 10, 3, 7, 4, 7, 1, 1]","['ogre', 'trod', 'vast', 'wand', 'huge']","['footprints_leave_leaves_leaving_large', 'folklore_mythology_mythical_creature_myths', 'humans_animals_ape_mammals_seen', 'fur_covered_hunted_coat_farmed', 'winter_cold_climates_snow_associated', 'large_size_extremely_stature_cat', 'elusive_rarely_seen_fleeting_infrequently', 'bipedal_bivalve_humans_considered_often']"
9414,dojo,3.96,4.666666666666667,"[5, 2, 3, 4, 6, 8]","['judo', 'obey', 'pray', 'shag', 'whiz']","['belt_loops_belts_rank_ranks', 'martial_arts_judo_art_ijf', 'carpet_mats_floor_dense_type', 'expertise_sensei_instructor_expert_field', 'discipline_disciplinary_actions_emphasizes_handles', 'meditation_mindfulness_meditates_meditative_watchfulness']"
32638,toss,3.96,4.666666666666667,"[9, 4, 1]","['judo', 'dome', 'turf', 'hurl', 'ball']","['sports_used_hockey_basketball_games', 'throwing_throw_thrown_throwable_throws', 'underhand_overhand_underhanded_overhanded_done']"
13749,grad,3.96,5,"[2, 10, 6, 7, 6, 2, 2]","['duke', 'nerd', 'gent', 'poem', 'dean']","['speeches_speaker_recited_speaking_spoken', 'attire_formal_dressed_wears_part', 'career_professional_development_opportunities_advancement', 'celebration_celebrations_celebrated_celebrates_commemorate', 'ceremonies_ceremony_ceremonial_associated_involved', 'degree_diploma_graduation_completed_completion', 'symbolizes_achievement_status_academic_represents']"
2471,beam,3.96,6,"[7, 1, 17, 5, 4, 2]","['bent', 'flex', 'clay', 'rock', 'arch']","['bending_bend_bent_twisting_easily', 'structural_component_element_components_hardware', 'construction_used_sites_building_demolition', 'light_attracted_ray_rays_circular', 'weight_supports_body_sitting_upper', 'bridges_bridge_charged_used_found']"
21009,navy,3.93,2.7777777777777777,"[3, 3, 2, 3, 3, 4, 3, 3, 1]","['army', 'sumo', 'tank', 'brig', 'rail']","['trains_train_combat_supports_guides', 'rank_ranks_coronet_ranking_matching', 'maritime_shipwrecks_fleet_ships_submarines', 'maritime_subject_laws_port_conducts', 'warfare_missions_tanks_participates_armored', 'military_forces_armed_branch_nation', 'uniforms_wears_uniform_blue_part', 'aircraft_missiles_carriers_airplanes_delivered', 'operates_bases_sea_naval_land']"
36488,wind,3.93,3,"[3, 4, 2, 3]","['coal', 'damn', 'gust', 'news', 'temp']","['weather_patterns_forecasts_influences_affects', 'generation_energy_power_harnessed_hydroelectric', 'felt_physically_felted_objects_seen', 'measured_km_per_mph_hour']"
9810,dump,3.93,3,"[4, 2, 3, 4, 2, 3, 3]","['turd', 'bury', 'damp', 'save', 'moat']","['urban_areas_found_suburban_located', 'environment_environmental_changes_sensitive_impact', 'waste_management_reducing_services_removal', 'disposal_waste_sewage_method_dump', 'attracts_insects_flies_birds_scavengers', 'garbage_pile_piles_deep_automatic', 'odor_smell_odors_emit_emits']"
33018,trim,3.93,3.3333333333333335,"[4, 6, 4, 3, 1, 2]","['chop', 'snip', 'skim', 'dust', 'tall']","['reduces_size_clothing_fit_item', 'removed_remove_cleaning_removes_material', 'cutting_cut_refers_trimmed_small', 'scissors_cutting_clippers_shears_tools', 'grooming_groomed_well_stylist_requires', 'touch_finishing_touches_lightly_touching']"
4857,chew,3.93,3.4,"[6, 4, 1, 4, 2]","['bite', 'mono', 'grin', 'sour', 'gape']","['teeth_chewing_involves_gum_prongs', 'jaw_movable_facial_fixed_stretches', 'food_breaks_bolus_digestible_digestion', 'saliva_salivation_salivary_glands_produced', 'noisy_when_silent_quiet_noise']"
9782,dude,3.93,3.6,"[5, 3, 5, 2, 3]","['gent', 'hers', 'surf', 'dear', 'josh']","['man_male_boyfriend_sir_refers', 'demeanor_personality_temperament_gentle_laid', 'english_language_used_speaking_countries', 'surfers_surfboard_surfer_culture_cutbacks', 'address_used_affectionately_friends_friendly']"
7576,data,3.93,3.6,"[4, 1, 1, 1, 3, 2, 1, 9, 10, 4]","['file', 'snap', 'wall', 'bush', 'nosy']","['computers_processing_computer_processed_executed', 'qualitative_quantitative_qualitatively_quantitatively_quantifiable', 'unstructured_structured_multimedia_imaginative_unorganized', 'analysis_analyzed_study_used_statistical', 'decision_making_used_decisions_snap', 'stored_wallets_databases_folders_banks', 'visualized_graphs_charts_diagrams_using', 'privacy_provides_offers_laws_security', 'digital_analog_physical_digitally_page', 'encrypted_encryption_privacy_security_cryptid']"
32061,test,3.93,3.8181818181818183,"[6, 3, 8, 4, 2, 3, 2, 5, 4, 4, 1]","['exam', 'quiz', 'poll', 'film', 'what']","['scored_scoring_score_graded_points', 'knowledge_skills_measures_assesses_skill', 'written_oral_writing_piece_unwritten', 'anxiety_stress_cause_anxious_induce', 'preparation_requires_require_study_prepared', 'choice_multiple_questions_may_include', 'standardized_guns_dimensions_internationally_representation', 'questions_ended_question_asks_open', 'timed_time_timer_limit_downtime', 'educational_used_education_grading_purposes', 'assessment_assessed_assessments_form_critics']"
29210,slim,3.93,4,"[5, 7, 4, 7, 2, 2, 1]","['nice', 'beau', 'reps', 'glen', 'jock']","['fat_low_content_body_marbled', 'attractiveness_attractive_unattractive_associated_man', 'narrow_wide_width_broad_opposite', 'fitness_physical_promotes_health_bodybuilding', 'objects_describe_used_concepts_resembling', 'health_healthiness_physical_issues_risk', 'electronics_used_charging_devices_phones']"
12427,font,3.93,4.333333333333333,"[7, 3, 5, 2, 2, 8, 5, 4, 3]","['type', 'bold', 'inks', 'ream', 'plot']","['writing_used_books_calligraphy_text', 'italic_bold_italicized_underlined_boldness', 'characters_character_encode_single_special', 'readability_legibility_affects_text_reading', 'serif_sans_font_encoded_fonts', 'printing_used_ink_printmaking_cartridge', 'license_driver_licensed_operate_requires', 'symbols_numbers_uses_notation_letters', 'brand_branding_brands_company_recognition']"
12283,flop,3.93,4.571428571428571,"[7, 7, 7, 2, 3, 3, 3]","['fail', 'hype', 'defy', 'kilt', 'slip']","['disappointment_leads_lead_result_response', 'expectations_expectation_expected_deviation_falling', 'falls_falling_fall_gravity_naturally', 'failure_fail_unsuccessful_failed_defeat', 'loss_financial_result_economic_failure', 'theaters_entertainment_comedy_theater_movies', 'lack_success_underperformance_indicates_imply']"
23711,pink,3.93,4.6,"[8, 3, 6, 3, 3]","['grey', 'vase', 'rose', 'lily', 'teal']","['flowers_flower_roses_produce_bloom', 'vividness_vibrant_bright_vivid_pale', 'color_colored_hair_zygote_fathering', 'femininity_associated_sexuality_females_prominently', 'calming_soothing_effect_soothe_annoying']"
3981,burr,3.93,4.625,"[2, 4, 3, 7, 3, 3, 14, 1]","['bead', 'scat', 'lure', 'prop', 'rash']","['nuisance_hikers_gardeners_pets_unwanted', 'hooks_hook_teeth_hanger_hanging', 'seeds_planting_seed_sowing_preceded', 'fur_covered_hunted_coat_farmed', 'found_environments_outdoors_caves_nature', 'seeds_seed_disperse_pollen_dispersal', 'size_varies_large_small_color', 'round_shape_oval_typically_rounded']"
11121,exit,3.93,4.666666666666667,"[3, 9, 5, 3, 6, 2]","['lift', 'raft', 'auto', 'shed', 'coop']","['way_one_two_unable_find', 'door_doors_open_opening_four', 'signs_sign_marked_signage_advertising', 'emergencies_emergency_used_situations_services', 'buildings_found_ceilings_entrances_often', 'illuminated_lighting_light_visibility_illuminates']"
35892,wail,3.93,4.777777777777778,"[11, 5, 5, 3, 2, 4, 5, 4, 4]","['bawl', 'wept', 'weep', 'babe', 'mope']","['sadness_depression_expresses_sorrow_pain', 'tears_shedding_crying_involves_accompanied', 'disrupt_disruptive_disruption_normal_activities', 'despair_gloom_sense_hopelessness_pessimism', 'reflects_emotional_emotion_emotions_strong', 'heard_distance_distances_long_far', 'cries_cry_crying_communicate_loud', 'mourning_funerals_associated_deceased_respect', 'grief_associated_grieving_pain_mourning']"
4402,case,3.93,6.6,"[10, 5, 6, 10, 4, 10, 5, 7, 5, 4]","['tote', 'tray', 'tent', 'lock', 'pack']","['sizes_comes_various_different_styles', 'compartments_compartment_inside_pockets_tray', 'plastic_made_materials_canvas_paper', 'rectangular_shape_square_round_rectangles', 'waterproof_resistant_water_waterproofed_weatherproofing', 'storage_used_store_storing_equipment', 'carrying_carry_used_items_liquids', 'portable_small_lightweight_compact_durable', 'closed_opened_conserved_open_locked', 'lock_locking_locks_mechanism_padlocks']"
3091,blog,3.92,2.5454545454545454,"[2, 3, 2, 3, 3, 4, 2, 3, 2, 2, 2]","['book', 'mail', 'lose', 'site', 'chat']","['updated_regularly_updates_upgrades_update', 'website_url_hyperlink_web_websites', 'text_contains_articles_posts_words', 'author_authors_publishing_published_publisher', 'topics_science_focus_subject_technology', 'video_multimedia_audio_videos_images', 'internet_accessed_via_proxy_electronic', 'professional_personal_professionalism_assistant_censured', 'advertisements_junk_ads_monetized_mail', 'interactive_friendly_user_digital_preview', 'searchable_search_searching_necessitate_searched']"
29836,spay,3.92,2.5555555555555554,"[4, 2, 2, 6, 3, 1, 1, 1, 3]","['vial', 'coma', 'bred', 'live', 'feed']","['recovery_recover_salvage_uncertain_period', 'animal_humans_affects_animals_pet', 'health_healthiness_physical_issues_risk', 'reproduction_reproductive_reproduce_involves_reproduces', 'sterilized_sterilizes_sterilize_sterilization_animal', 'veterinary_performed_veterinarian_procedure_pets', 'anesthesia_general_requires_experienced_local', 'surgical_surgery_incision_operative_post', 'animals_used_animal_pets_zoos']"
4421,cast,3.92,2.6666666666666665,"[3, 3, 6, 3, 4, 2, 1, 1, 1]","['scab', 'moan', 'welt', 'husk', 'wash']","['medical_hospitals_healthcare_equipment_custom', 'made_materials_metal_various_plaster', 'itchy_itching_itch_causes_cause', 'restricts_movement_restrict_prevents_restrains', 'dry_drying_moist_wet_dried', 'healing_process_properties_natural_crystal', 'bones_helps_support_broken_immobilize', 'shape_molded_body_stress_shapeless', 'removed_medical_professional_defused_reportable']"
32375,tied,3.92,3,"[3, 4, 2]","['loop', 'knot', 'rope', 'belt', 'zips']","['knot_knots_knotted_tied_loops', 'loop_loops_coasters_end_roller', 'fastening_fasten_device_objects_method']"
31806,taut,3.92,3,"[3, 4, 4, 1]","['pull', 'knit', 'yawn', 'lazy', 'bale']","['stretch_stretchable_stretching_stretched_stretchy', 'ropes_rope_wire_twine_lines', 'lacks_motivation_lack_experience_depressions', 'tension_holds_threads_situation_defuse']"
33133,tsar,3.92,3.3333333333333335,"[6, 5, 2, 2, 3, 2, 2, 4, 4]","['king', 'czar', 'lord', 'duke', 'dame']","['title_nobility_ruler_woman_noble', 'monarch_monarchy_royalty_royal_kingdom', 'emperor_empire_equivalent_king_imperial', 'russian_revolution_1917_overthrown_romanov', 'palace_lives_palaces_castle_lived', 'church_catholic_roman_leader_bishop', 'crown_wears_crowning_wore_symbolized', 'authority_power_holds_autocratic_established', 'addressed_your_majesty_lord_grace']"
8034,dell,3.92,5.333333333333333,"[4, 5, 7]","['glen', 'home', 'cove', 'tree', 'bush']","['secluded_valley_hidden_retreat_small', 'may_trees_garden_yard_farmhouse', 'habitat_wildlife_animals_provides_fish']"
29963,spin,3.9,2.4285714285714284,"[3, 4, 2, 4, 1, 1, 2]","['axel', 'spun', 'flip', 'knit', 'turn']","['yarn_thread_knitting_types_ply', 'rotation_rotational_involves_spinning_angular', 'circular_motion_swinging_involves_swing', 'skating_figure_ice_skaters_skateboarding', 'centrifugal_force_centavos_create_subdivided', 'dizziness_induce_cause_drunkenness_vertigo', 'axis_around_rotates_rotation_spins']"
23086,pawn,3.9,2.6,"[5, 3, 2, 2, 1]","['coke', 'bunt', 'sale', 'ploy', 'trot']","['promoted_promotion_bonuses_promotions_advertising', 'strategy_tactic_strategic_tactical_sports', 'chess_piece_chessboard_smallest_numerous', 'move_forward_squares_first_two', 'diagonally_captures_fathering_fatales_fatalism']"
27992,scum,3.9,3.2,"[5, 4, 4, 2, 1]","['blob', 'oozy', 'clad', 'silt', 'curd']","['layer_layers_layering_subsoil_innermost', 'slimy_slime_associated_squishy_mud', 'bacteria_germs_contain_harbor_live', 'found_rivers_lakes_near_water', 'pollution_indicates_contamination_polluted_contaminated']"
14624,heap,3.9,3.25,"[3, 4, 4, 2]","['same', 'slew', 'copy', 'sort', 'pile']","['collection_items_consists_unorganized_comprises', 'arranged_orderly_systematically_arranging_piled', 'identical_similar_fraternal_look_original', 'unstable_uncontrollable_stable_wobbly_collapse']"
36712,woof,3.9,3.7142857142857144,"[6, 5, 4, 4, 2, 2, 3]","['oink', 'wham', 'tree', 'dogs', 'bonk']","['onomatopoeic_onomatopoeia_word_onomatopoetic_frequently', 'excitement_exciting_exhilarating_alertness_fear', 'bark_dog_barking_barks_dogs', 'sound_dog_made_makes_pigs', 'communication_communicate_among_animals_used', 'dogs_dog_breeds_canines_canine', 'pitch_varies_vary_duration_volume']"
19828,mess,3.9,4.666666666666667,"[3, 5, 6]","['slob', 'suit', 'scat', 'barf', 'dill']","['attract_insects_flies_pests_attracts', 'cleaning_requires_cleaned_dry_regular', 'clutter_uncluttered_cluttered_unobstructed_free']"
4702,chap,3.9,5,[5],"['dude', 'beau', 'gent', 'dame', 'sled']",['man_male_boyfriend_sir_refers']
7583,date,3.9,5.285714285714286,"[7, 7, 8, 6, 4, 4, 1]","['plum', 'pear', 'lime', 'sage', 'kiwi']","['moist_skin_moisturizing_smooth_dried', 'dried_fresh_prunes_eaten_used', 'grows_trees_forests_palm_branches', 'fruit_fruits_maturity_vegetables_color', 'baking_cooking_used_pancakes_lining', 'seeds_contains_seed_tiny_black', 'fiber_high_rich_dietary_zygote']"
17937,kill,3.9,5.333333333333333,"[8, 7, 4, 7, 5, 1]","['duel', 'thug', 'herd', 'coop', 'veer']","['intentional_accidental_unintentional_accidentally_intentionally', 'predators_predatory_predation_associated_protects', 'defense_self_used_teaches_mechanism', 'weapons_carry_looting_involve_armaments', 'death_life_ends_alive_results', 'legal_consequences_lead_implications_result']"
13375,germ,3.89,2.8333333333333335,"[3, 6, 2, 3, 1, 4, 1, 2, 2, 2, 6, 2]","['fire', 'life', 'scum', 'heal', 'rash']","['microorganisms_microorganism_hosts_organisms_microbes', 'naked_eye_invisible_visible_see', 'studied_biological_microbiology_pharmacology_biology', 'immune_system_response_immunity_attacks', 'disease_cause_causes_diseases_hepatitis', 'bacteria_germs_contain_harbor_live', 'found_surfaces_various_materials_objects', 'airborne_aerosolized_airdropped_aerial_spray', 'detected_imaging_detectable_ultrasound_microscope', 'evolve_evolves_time_adapt_evolution', 'spread_spreadable_rapidly_quickly_spreads', 'disinfectants_disinfects_killed_disinfectant_cleansers']"
17546,isle,3.89,3.5,"[4, 4, 4, 4, 3, 6, 2, 1]","['cove', 'bead', 'site', 'dice', 'silt']","['significance_historical_may_cultural_accurate', 'small_size_sized_island_medium', 'boats_boat_lifeboats_marina_accessible', 'beaches_beach_shoreline_shores_bed', 'tourist_attraction_destination_pilgrimage_attractions', 'water_bodies_occurs_shallow_surrounded', 'coastal_found_near_coastlines_areas', 'uninhabited_populated_unpopulated_sparsely_refuge']"
13105,gala,3.89,4.2,"[3, 7, 2, 6, 3, 3, 4, 4, 7, 3]","['bash', 'fest', 'prom', 'expo', 'once']","['informal_often_ill_formal_well', 'event_events_sequence_organizes_current', 'invitation_invites_invitations_inviting_guests', 'entertainment_form_adult_industry_entertain', 'fundraising_fundraiser_public_revenue_raises', 'dress_code_codes_enforce_subject', 'venue_venues_held_decorated_takes', 'awards_award_prizes_medals_honored', 'celebration_celebrations_celebrated_celebrates_commemorate', 'theme_themes_may_specific_unique']"
20858,mutt,3.89,5.375,"[15, 7, 3, 3, 5, 3, 4, 3]","['dogs', 'puss', 'twin', 'gull', 'foal']","['animal_dog_pet_creature_game', 'exercise_form_exercises_exertion_workout', 'colors_come_different_various_coat', 'trained_tasks_trainable_improved_training', 'genetic_traits_pedigree_information_makeup', 'personality_trait_traits_personalities_behavioral', 'pet_pets_cat_kept_cats', 'breeds_breed_northern_mixed_dogs']"
28848,sigh,3.89,5.571428571428571,"[11, 12, 4, 6, 3, 2, 1]","['gasp', 'huff', 'gray', 'done', 'mope']","['sadness_depression_expresses_sorrow_pain', 'involuntary_voluntary_often_action_response', 'exhalation_inhalation_inhaling_exhaling_lungs', 'emotions_expresses_emotion_strong_facial', 'relief_sense_followed_result_satisfaction', 'frustration_indicate_express_anger_response', 'audible_farms_signal_nature_often']"
13442,gimp,3.88,2.25,"[2, 3, 3, 3, 1, 2, 1, 3]","['code', 'shed', 'eave', 'java', 'grid']","['supports_gutters_plugins_layers_scripts', 'customizable_custom_personalized_customized_customization', 'drawing_tools_graphic_sketching_pencils', 'programming_software_language_basis_agent', 'image_photo_editing_used_manipulation', 'open_source_proprietary_free_licensed', 'installed_operating_windows_systems_sod', 'file_formats_various_pdf_jpg']"
14736,helm,3.88,3.142857142857143,"[6, 4, 5, 2, 3, 1, 1]","['auto', 'cart', 'sled', 'ahoy', 'veer']","['wheels_wheel_rim_tiller_bearings', 'nautical_terms_mile_mainmast_mainsail', 'steering_steered_rudder_wheel_controlling', 'navigation_gps_navigational_equipped_radar', 'authority_symbolizes_symbol_leadership_power', 'stern_located_back_maneuvered_end', 'ocean_rudder_connected_sea_oceans']"
29570,soft,3.88,3.25,"[4, 4, 2, 3]","['whir', 'puck', 'ruby', 'easy', 'ease']","['sound_represents_sounds_soft_refers', 'comfort_associated_food_provides_levels', 'compressed_compress_compressible_compression_easily', 'hard_tough_reputation_opposite_difficult']"
17832,junk,3.88,3.3333333333333335,"[6, 3, 2, 2, 6, 1]","['ooze', 'case', 'open', 'tarp', 'tote']","['plastic_made_materials_canvas_paper', 'discarded_disposed_often_use_material', 'accumulate_accumulation_ground_landfills_accumulates', 'hazardous_health_environment_harmful_potentially', 'clutter_uncluttered_cluttered_unobstructed_free', 'recycled_repurposed_upcycled_decomposes_recycling']"
2663,bend,3.88,3.6666666666666665,"[3, 5, 3]","['warp', 'gear', 'turn', 'flex', 'veer']","['curved_straight_straightness_angle_flatness', 'direction_change_suddenly_changes_object', 'flexibility_associated_materials_improves_limited']"
12212,flex,3.88,4.666666666666667,"[5, 4, 7, 3, 3, 6]","['yoga', 'jump', 'cope', 'pass', 'kick']","['elastic_elasticity_inelastic_cuff_pliability', 'adaptation_adaptability_adapt_adaptable_adjustment', 'bending_bend_bent_twisting_easily', 'physical_activity_exercise_activities_restrict', 'flexibility_associated_materials_improves_limited', 'movement_movements_action_involves_physical']"
15138,hoot,3.88,4.857142857142857,"[12, 5, 5, 3, 2, 3, 4]","['hiss', 'purr', 'yelp', 'howl', 'moan']","['sound_quality_zygote_father_fatale', 'made_cats_animals_birds_humans', 'night_heard_occurs_precedes_sleep', 'echoes_echo_spaces_enclosed_forest', 'territory_territorial_presence_mark_territoriality', 'mimicked_humans_imitated_especially_mimic', 'wisdom_associated_sages_imparts_knowledge']"
22736,pair,3.88,7.25,"[9, 8, 4, 8]","['clog', 'shoe', 'boot', 'heel', 'sock']","['footwear_shoe_shoes_type_worn', 'foot_covers_feet_ankle_bottom', 'sole_toe_box_insoles_rubber', 'relationship_relationships_connection_association_shows']"
21230,nick,3.87,2.5,"[4, 1]","['trim', 'chop', 'snip', 'zing', 'dogs']","['cutting_cut_refers_trimmed_small', 'wear_tear_result_damage_cause']"
12065,five,3.87,3.727272727272727,"[4, 5, 4, 5, 2, 8, 3, 2, 3, 3, 2]","['four', 'nine', 'zero', 'some', 'skin']","['group_indicates_groups_things_item', 'numbers_number_256_decimal_floor', 'age_decade_rings_aging_old', 'number_integer_prime_numbers_specificity', 'senses_hearing_touch_sight_five', 'quantity_represents_scalar_used_describe', 'odd_number_opposite_even_zero', 'ten_eight_less_greater_half', 'numerals_arabic_roman_numeral_written', 'four_one_less_three_five', 'counting_counted_count_used_determine']"
18653,lima,3.87,6.2,"[21, 3, 3, 2, 2]","['bean', 'meat', 'puma', 'lard', 'sole']","['edible_species_humans_inedible_though', 'cooked_precooked_cooking_eaten_pot', 'native_americas_america_asia_africa', 'legume_legumes_vegetables_made_member', 'pods_grows_pod_immature_harvested']"
18742,lisp,3.86,2.4285714285714284,"[4, 3, 3, 2, 1, 2, 2]","['heal', 'said', 'bonk', 'crow', 'slur']","['intelligence_intelligent_indicative_intellect_associated', 'therapy_speech_managed_treated_cured', 'speech_impediment_speaking_understand_pattern', 'pronunciation_consonant_spelled_pronounced_pronounce', 'mispronunciation_sounds_difficulty_spoken_words', 'congenital_acquired_cleft_condition_palate', 'sound_effect_absorbs_creates_substitution']"
7835,deed,3.86,2.7777777777777777,"[1, 3, 1, 3, 5, 4, 2, 4, 2]","['song', 'rent', 'file', 'band', 'oath']","['legal_document_documents_testament_documentation', 'ownership_transfer_transfers_possession_transferring', 'signatures_requires_signature_signed_notarized', 'witnesses_notarized_seconds_witness_requires', 'recorded_record_later_history_public', 'grants_aid_assistance_government_grantor', 'property_properties_sure_word_please', 'title_theorems_name_punchline_proofs', 'transferred_transfer_moved_relocation_translatable']"
18365,leap,3.86,3,"[3, 6, 2, 3, 1]","['axel', 'dunk', 'skip', 'jerk', 'walk']","['sudden_movement_motion_quick_implies', 'jumping_jump_involves_jumps_grappling', 'obstacles_overcoming_obstacle_overcomes_avoid', 'leg_legs_uses_muscles_feet', 'requires_strength_physical_endurance_muscle']"
2186,bail,3.86,3.1,"[5, 4, 4, 5, 3, 2, 2, 2, 3, 1]","['jury', 'visa', 'rape', 'debt', 'army']","['crime_criminal_rates_severity_associated', 'collateral_require_secured_may_veto', 'criminal_activity_activities_justice_associated', 'legal_subject_laws_restrictions_age', 'release_releases_custody_albums_temporary', 'trial_trials_sequestered_defendant_posted', 'court_royal_judge_judicial_defendant', 'revoked_denied_forfeited_violated_conditions', 'legal_contexts_used_law_formal', 'bail_bondsman_bond_cash_may']"
29079,skit,3.86,3.3,"[5, 3, 4, 3, 4, 3, 3, 3, 2, 3]","['show', 'play', 'film', 'luau', 'mime']","['audience_audiences_entertains_participation_interactive', 'costumes_costume_elaborate_leis_props', 'broadcasted_television_broadcast_online_streamed', 'actors_acting_involves_director_actor', 'speaking_involves_dialogue_simmering_words', 'stage_theatrical_performances_performance_actors', 'comedy_slapstick_routine_comedic_performance', 'improvised_scripted_composed_precomposed_choreographed', 'beginning_end_middle_point_ending', 'humorous_sarcastically_sarcastic_joke_humorously']"
2370,base,3.86,3.3333333333333335,"[3, 4, 3]","['laid', 'math', 'dome', 'damn', 'curb']","['concrete_made_earth_metal_color', 'supports_structures_support_objects_structure', 'foundation_foundational_framework_foundations_laying']"
13607,gnaw,3.86,3.5,"[4, 6, 2, 2]","['puss', 'eats', 'hate', 'jaws', 'pest']","['rodents_rodent_hunts_mice_catches', 'teeth_chewing_involves_gum_prongs', 'destructive_furniture_capacity_process_behavior', 'animal_animals_behavior_pursuing_presence']"
36945,yell,3.86,4.333333333333333,"[4, 7, 4, 4, 3, 6, 3, 4, 4]","['sing', 'roar', 'yelp', 'sigh', 'male']","['danger_potential_caution_threat_warns', 'vocal_voice_cords_vocalizes_deeper', 'heard_distance_distances_long_far', 'anger_frustration_associated_rage_expressions', 'pitch_varies_vary_duration_volume', 'emotions_expresses_emotion_strong_facial', 'attention_used_get_someone_gain', 'communication_form_visual_written_act', 'loud_sound_loudness_vocal_noise']"
33146,tuck,3.86,5.1,"[6, 6, 11, 9, 3, 4, 3, 5, 2, 2]","['darn', 'sewn', 'fold', 'loom', 'tint']","['fabric_textiles_fabrics_creates_strengthens', 'sewing_stitches_stitch_stitching_involves', 'clothing_used_making_garment_garments', 'permanent_temporary_persistent_lasting_semi', 'pleats_pleat_pleated_back_clothing', 'reduces_size_clothing_fit_item', 'adjustable_fit_tailored_size_adjusted', 'used_weaving_knitting_sewing_crocheting', 'upholstery_used_quilting_furniture_utilized', 'clothing_clothes_garments_wear_structure']"
22787,pane,3.86,5.5,"[5, 10, 7, 10, 10, 4, 3, 2, 1, 3]","['bead', 'vial', 'slab', 'bong', 'pact']","['broken_fragile_damaged_snapped_easily', 'rectangular_shape_square_round_rectangles', 'flat_topped_circular_bottomed_rate', 'glass_made_plastic_metal_sheet', 'transparent_opaque_transparency_translucent_colored', 'glazed_glaze_topped_double_insulation', 'break_breaking_breakable_breaks_breakage', 'tinted_windows_privacy_binarized_white', 'lets_light_pass_fathering_fatale', 'glass_cleaner_windows_stained_done']"
14056,grub,3.86,6.857142857142857,"[4, 13, 13, 4, 5, 8, 1]","['roll', 'brie', 'worm', 'mold', 'lard']","['metamorphosis_undergoes_tadpole_larvae_undergo', 'white_color_off_black_bluish', 'soft_inside_bodied_feels_hard', 'organic_matter_eats_decaying_feeds', 'bait_fishing_lure_used_hook', 'cylindrical_shape_body_spherical_elongated', 'larva_stages_adult_egg_larval']"
35842,vote,3.85,2.375,"[7, 2, 2, 1, 2, 2, 1, 2]","['oust', 'deem', 'like', 'deaf', 'fame']","['opinion_public_opinions_influence_reflects', 'rights_right_limited_countries_entitlement', 'influence_political_campaigns_global_influenced', 'democratic_process_processes_non_part', 'preference_expresses_choice_indifference_individual', 'elections_ballot_cast_election_polling', 'registration_voter_registered_register_requires', 'protected_law_laws_rights_disability']"
21698,nova,3.85,2.7142857142857144,"[2, 3, 5, 2, 5, 1, 1]","['star', 'fade', 'dome', 'magi', 'glow']","['brightness_luminosity_gradual_increases_varying', 'astronomical_celestial_astronomers_telescopes_studied', 'star_stars_binary_stellar_supernova', 'galaxy_occurs_galaxies_part_others', 'emits_light_radiation_emitted_emission', 'dwarf_white_neutron_explode_star', 'dust_cosmic_contributes_particles_interstellar']"
14192,gust,3.85,2.7142857142857144,"[5, 4, 2, 3, 2, 1, 2]","['gale', 'yank', 'rain', 'emit', 'whim']","['wind_strong_burst_winds_windfall', 'storms_thunderstorms_associated_stormy_flares', 'cause_objects_move_object_sway', 'measured_km_per_mph_hour', 'naturally_occurs_occur_occurring_foods', 'felt_skin_tattoo_tongue_sensed', 'lived_short_enduring_sustained_prolonged']"
9500,dose,3.85,3.75,"[6, 3, 2, 4, 8, 2, 3, 2]","['drug', 'pill', 'aids', 'gout', 'fang']","['injected_injections_injection_venom_orally', 'managed_prescribed_medication_antiretroviral_therapy', 'therapeutic_psychoactive_effects_effect_achieve', 'effects_side_cause_potential_may', 'unit_units_measured_measurement_volume', 'medication_intravenously_form_quantity_administer', 'dosage_dosing_instructions_dose_varies', 'prescribed_prescription_medication_reasons_require']"
31414,swap,3.85,4,"[5, 3, 4, 9, 4, 4, 3, 2, 2]","['sell', 'deal', 'pact', 'sale', 'save']","['goods_exchange_services_exchanged_money', 'negotiation_price_involves_negotiations_interview', 'agreement_agreements_mutual_formal_parties', 'permanent_temporary_persistent_lasting_semi', 'contract_agreement_contracts_require_involves', 'parties_two_involves_after_least', 'equality_equal_value_unequal_equivalence', 'money_financial_often_finance_involves', 'marketplace_occur_markets_happen_organizations']"
5523,cold,3.85,4.428571428571429,"[7, 9, 3, 4, 3, 4, 1]","['warm', 'temp', 'grey', 'boil', 'itch']","['weather_overcast_skies_describe_cloudy', 'sensation_sensations_skin_feel_physical', 'preserves_food_preserved_preservation_preserve', 'winter_cold_climates_snow_associated', 'heat_requires_source_preheating_low', 'temperature_degrees_heat_fahrenheit_celsius', 'shivering_cause_frostbite_hypothermia_cold']"
33149,tuft,3.85,4.75,"[8, 5, 3, 3]","['pore', 'punk', 'yarn', 'hock', 'comb']","['found_animals_mammals_horses_deer', 'hair_hairstyle_hairstyles_mohawks_spiked', 'touch_soft_feels_touched_coarse', 'organized_organizes_items_cluster_notebooks']"
28409,sewn,3.85,5.5,"[6, 5, 5, 3, 6, 11, 5, 10, 3, 1]","['darn', 'tuck', 'knit', 'wove', 'loom']","['fabric_textiles_fabrics_creates_strengthens', 'needle_needles_syringe_uses_thread', 'hand_done_machine_person_face', 'done_machine_machines_using_computer', 'sewing_stitches_stitch_stitching_involves', 'clothing_used_making_garment_garments', 'used_weaving_knitting_sewing_crocheting', 'decorative_plain_utilitarian_ornate_decoration', 'joins_together_pieces_joining_two', 'seams_seam_bead_creates_seamstress']"
14199,guts,3.85,6.666666666666667,"[7, 13, 7, 4, 4, 5]","['lung', 'bile', 'anus', 'clam', 'wool']","['courage_bravery_brave_embodies_metaphorically', 'soft_inside_bodied_feels_hard', 'digestion_digestive_dissolves_fluid_system', 'organ_organs_tissue_part_liver', 'located_cavity_abdominal_rectum_chest', 'digestive_system_tract_intestines_stomach']"
35457,vane,3.84,5,"[4, 5, 10, 1]","['scat', 'barn', 'lamp', 'stat', 'tray']","['roof_pitched_roofs_shelter_edge', 'used_scientific_research_experiments_science', 'decorative_plain_utilitarian_ornate_decoration', 'wind_direction_windward_leeward_rewinds']"
18122,lacy,3.84,5.636363636363637,"[13, 9, 4, 11, 4, 3, 3, 5, 6, 3, 1]","['lace', 'faux', 'pant', 'tuck', 'sewn']","['fabric_made_tulle_cloth_denim', 'fashion_used_lingerie_clothing_uniform', 'decoration_used_decorative_decor_tablecloths', 'clothing_used_making_garment_garments', 'handmade_made_machine_manufactured_telephone', 'elegance_elegant_sophistication_appearance_style', 'delicate_texture_subtle_thin_appearance', 'white_black_often_ivory_dots', 'patterns_pattern_intricate_cyclical_sequences', 'femininity_associated_sexuality_females_prominently', 'decorative_designs_patterns_floral_geometric']"
32203,thin,3.83,2,"[3, 1]","['rope', 'yarn', 'kite', 'sand', 'cage']","['thicknesses_thickness_comes_different_various', 'lightweight_comfortable_thin_small_zygote']"
23178,peer,3.83,2.6666666666666665,"[3, 3, 2]","['mate', 'mind', 'clan', 'mood', 'lone']","['influences_behavior_influence_traits_retaliatory', 'companion_companionship_companions_lacks_friend', 'social_groups_group_murders_forms']"
3420,boss,3.83,4.636363636363637,"[5, 3, 8, 8, 4, 6, 3, 4, 4, 3, 3]","['doer', 'plan', 'duty', 'frat', 'demo']","['promoted_promotion_bonuses_promotions_advertising', 'goals_goal_achieving_achieve_sets', 'decision_decisions_making_makes_collective', 'enforced_law_enforceable_enforces_laws', 'assigned_delegated_delegates_tasks_override', 'employees_employs_employed_employer_employment', 'motivation_motivated_motivates_staff_drives', 'leadership_qualities_skills_tenure_position', 'authority_power_holds_autocratic_established', 'team_teamwork_teams_individual_responsible', 'feedback_evaluation_review_provides_user']"
36978,yogi,3.83,4.833333333333333,"[8, 2, 2, 3, 10, 4]","['yoga', 'diet', 'heal', 'swam', 'oboe']","['meditation_mindfulness_meditates_meditative_watchfulness', 'yoga_practices_teaches_meditation_retreats', 'lifestyle_disciplined_changes_diet_strict', 'vegetarian_vegan_keto_friendly_diet', 'breath_breathing_control_requires_holding', 'health_global_issue_holistic_restores']"
21994,oily,3.83,5.142857142857143,"[2, 14, 3, 3, 8, 4, 2]","['lube', 'soot', 'herb', 'boil', 'tong']","['greasy_texture_buttery_feel_unctuous', 'cooking_used_frying_food_chefs', 'lubrication_lubricant_lubricants_oil_used', 'slippery_surfaces_texture_slick_surface', 'stain_stains_surfaces_clothes_fabrics', 'fat_tissue_fats_fatty_contains', 'viscous_consistency_texture_viscosity_thick']"
22681,pack,3.83,5.571428571428571,"[3, 10, 10, 3, 7, 3, 3]","['sack', 'case', 'rail', 'cage', 'raft']","['collection_items_consists_unorganized_comprises', 'transportation_used_transporting_goods_transport', 'storage_used_store_storing_equipment', 'sealed_handshake_airtight_signature_cap', 'portable_small_lightweight_compact_durable', 'organized_organizes_items_cluster_notebooks', 'verb_verbs_auxiliary_modifies_to']"
32604,tops,3.83,7,[7],"['vest', 'robe', 'coat', 'toga', 'gown']",['sleeves_sleeveless_sleeve_sleeved_long']
17638,java,3.82,2.2222222222222223,"[3, 3, 2, 3, 3, 1, 1, 1, 3]","['gimp', 'icon', 'undo', 'code', 'site']","['object_oriented_objects_sentence_flying', 'programming_software_language_basis_agent', 'threads_thread_multithreading_supports_shuttle', 'virtual_physical_machine_runs_face', 'garbage_pile_piles_deep_automatic', 'syntax_similar_indexing_based_zero', 'platform_independent_platforms_online_swap', 'java_library_virtual_standard_jdbc', 'user_applications_used_interfaces_android']"
3986,bury,3.82,4,"[9, 3, 2, 4, 4, 2]","['tomb', 'tusk', 'mole', 'lurk', 'moat']","['digging_excavation_drilling_dug_drilled', 'preserves_food_preserved_preservation_preserve', 'cemeteries_burial_place_remains_dead', 'mourning_funerals_associated_deceased_respect', 'disposal_waste_sewage_method_dump', 'concealment_concealed_secrecy_conceal_something']"
23603,pick,3.82,9.428571428571429,"[9, 4, 13, 16, 17, 4, 3]","['axes', 'maul', 'prod', 'rasp', 'rake']","['digging_excavation_drilling_dug_drilled', 'used_chopping_sharpening_cutting_shaping', 'tool_categorized_garden_instrument_hand', 'handle_long_handles_knob_leverage', 'construction_used_sites_building_demolition', 'manually_operated_automatically_manual_operates', 'end_ends_pointed_two_flat']"
15404,hunt,3.81,2.888888888888889,"[5, 3, 5, 3, 2, 2, 2, 2, 2]","['hack', 'auto', 'taxi', 'font', 'send']","['ethical_unethical_considerations_ethically_ethics', 'food_mashed_scavenges_snack_comfort', 'license_driver_licensed_operate_requires', 'tracking_tracked_track_confirmed_animals', 'conservation_efforts_poaching_subject_ethical', 'recreational_recreationally_professionally_played_activity', 'humans_performed_animals_practiced_predators', 'animal_animals_behavior_pursuing_presence', 'stealth_stealthily_stealthy_stealthiness_requires']"
14524,haul,3.81,3.3333333333333335,"[2, 6, 2]","['word', 'ride', 'lift', 'mode', 'fare']","['noun_verb_adjective_used_etc', 'transportation_transports_transport_transported_goods', 'distances_long_maintained_cover_distance']"
7511,damp,3.81,3.5714285714285716,"[5, 3, 4, 5, 3, 2, 3]","['glop', 'arid', 'ware', 'sand', 'clay']","['paper_used_make_production_products', 'humidity_moisture_humid_high_conditions', 'wet_slightly_thick_soaked_substance', 'found_homes_often_basements_houses', 'feels_moist_damp_touch_wet', 'mold_growth_mildew_lead_kits', 'odor_smell_odors_emit_emits']"
27160,roar,3.81,4.166666666666667,"[5, 4, 4, 5, 3, 4]","['yell', 'boom', 'dark', 'omen', 'musk']","['aggression_symbol_territorial_warning_threat', 'produced_animals_humans_frog_geese', 'heard_distance_distances_long_far', 'fear_induce_panic_fears_cause', 'lions_lion_cougar_male_mountain', 'loud_sound_loudness_vocal_noise']"
5022,chum,3.81,6.8,"[8, 9, 10, 5, 2]","['lure', 'bass', 'crap', 'surf', 'fish']","['odor_strong_smell_unpleasant_musty', 'fish_attracts_game_popular_species', 'fishing_used_sport_fish_fishermen', 'bait_fishing_lure_used_hook', 'water_performed_thrown_juts_results']"
32107,thaw,3.8,4.2,"[7, 2, 4, 3, 5]","['snow', 'brie', 'rain', 'tide', 'weld']","['melts_heated_molten_rock_melting', 'liquid_solid_change_state_changes', 'ice_polar_snow_glaciers_caps', 'ice_made_frozen_water_freezing', 'flooding_prevents_cause_avalanches_sea']"
13321,gent,3.8,4.428571428571429,"[10, 3, 5, 4, 2, 4, 3]","['dame', 'beau', 'grad', 'prom', 'cuff']","['attire_formal_dressed_wears_part', 'status_social_class_high_higher', 'man_male_boyfriend_sir_refers', 'politeness_polite_sincerity_attitude_flattery', 'sophistication_asceticism_lacking_implies_worldly', 'chivalry_knighthood_associated_chivalrous_knights', 'etiquette_manners_good_subject_protocols']"
36858,wren,3.8,10.666666666666666,"[18, 14, 10, 15, 5, 2]","['lark', 'dove', 'rook', 'crow', 'coot']","['tail_short_long_tails_bushy', 'bird_part_small_fatale_fatales', 'nests_builds_nest_dome_build', 'animal_dog_pet_creature_game', 'song_songs_sings_melodically_complex', 'plumage_black_white_brown_stripe']"
18243,lash,3.79,3,"[3, 3, 3, 3, 3, 4, 3, 4, 1]","['hair', 'wire', 'odds', 'goat', 'skin']","['hair_comb_beard_chauffeur_top', 'curly_wavy_straight_hair_straightening', 'sheds_regrows_cells_regularly_dead', 'short_long_length_typically_pencil', 'used_communication_gestures_gesturing_blinking', 'flexible_rigid_allowing_determined_stiff', 'eyes_protects_sweat_eyelids_protect', 'makeup_enhanced_mascara_cosmetics_use', 'eyelids_grows_surrounded_eyes_swell']"
13724,gout,3.79,3.4545454545454546,"[5, 2, 3, 1, 6, 5, 1, 3, 3, 6, 3]","['achy', 'knee', 'burn', 'aids', 'mono']","['redness_red_cause_eyes_inflammation', 'arthritis_form_hock_suffer_symptom', 'joints_joint_elbows_wrists_inflammation', 'toe_big_bigfoot_sasquatch_affects', 'swelling_swell_swollen_cause_lymph', 'damage_cause_result_tissue_joint', 'uric_bilirubin_acid_kidney_levels', 'managed_prescribed_medication_antiretroviral_therapy', 'diet_weight_loss_malnutrition_dieting', 'chronic_temporary_intermittent_continuous_become', 'blood_diagnosed_tests_test_diagnosis']"
35882,wage,3.79,3.75,"[5, 6, 2, 3, 7, 3, 1, 3]","['earn', 'rent', 'bill', 'hire', 'rank']","['promoted_promotion_bonuses_promotions_advertising', 'salary_compensation_wages_pay_paid', 'labor_laws_wage_minimum_subject', 'value_worth_valued_cents_ten', 'taxes_tax_subject_deductible_taxation', 'payment_methods_offer_cash_expectation', 'varies_vary_job_occupation_etc', 'negotiated_renegotiated_negotiation_broken_offer']"
31839,team,3.79,3.875,"[2, 6, 7, 5, 5, 2, 3, 1]","['cult', 'sect', 'gang', 'race', 'maid']","['common_goals_collaborates_goal_collaborate', 'group_people_dynamics_collective_carried', 'leader_captain_leaders_disciples_followers', 'collaboration_cooperation_requires_consensus_teamwork', 'sports_associated_play_teams_events', 'consists_members_multiple_selected_soldiers', 'uniform_wear_uniformity_uniforms_may', 'roles_role_position_member_status']"
9970,eats,3.79,3.9,"[3, 6, 2, 4, 3, 5, 3, 3, 7, 3]","['cook', 'nose', 'wild', 'guts', 'meal']","['food_meal_drink_used_describe', 'teeth_chewing_involves_gum_prongs', 'table_chairs_tables_dining_bedside', 'utensils_utensil_kitchen_forks_spoons', 'alone_solo_groups_done_performed', 'survival_necessary_fittest_essential_mechanism', 'taste_buds_detected_sensation_tongue', 'pleasure_pleasurable_massaged_massage_necessity', 'digestion_digestive_dissolves_fluid_system', 'dietary_restrictions_exclude_foods_certain']"
28844,sift,3.79,4,"[1, 8, 4, 1, 6]","['pita', 'plum', 'milk', 'plug', 'date']","['particles_separation_coarse_fine_separates', 'plastic_metal_made_typically_clay', 'baking_cooking_used_pancakes_lining', 'substance_involves_molting_material_materials', 'flour_wheat_made_aerate_whole']"
15400,hunk,3.79,4.333333333333333,"[7, 4, 2]","['turd', 'lump', 'slim', 'foxy', 'nice']","['attractiveness_attractive_unattractive_associated_man', 'irregular_shape_irregularly_regular_shaped', 'solid_state_sturdy_dashed_stranded']"
22746,pale,3.79,4.5,"[4, 5]","['tote', 'case', 'acne', 'rash', 'pail']","['skin_complexion_condition_flushed_describe', 'carrying_carry_used_items_liquids']"
14664,heat,3.79,4.571428571428571,"[8, 6, 5, 4, 4, 3, 2]","['temp', 'zing', 'drag', 'snug', 'skid']","['warmth_provides_comfort_associated_conveys', 'energy_energetic_field_source_lively', 'friction_reduces_involves_created_caused', 'combustion_flame_burning_produced_sparks', 'burns_cause_chemical_fires_start', 'measured_degrees_thermometers_fahrenheit_celsius', 'thermal_heat_thermodynamics_transfers_convection']"
9784,duel,3.79,4.7,"[7, 7, 7, 3, 4, 2, 5, 3, 6, 3]","['race', 'kill', 'pact', 'bout', 'riot']","['conflict_conflicts_disputes_resolution_clans', 'illegal_lawful_jurisdictions_unlawful_jurisdiction', 'weapons_carry_looting_involve_armaments', 'witnesses_notarized_seconds_witness_requires', 'parties_two_involves_after_least', 'honor_code_follows_deserving_honorary', 'death_life_ends_alive_results', 'competition_competitions_contest_shiai_competitors', 'rules_governed_regulations_rule_guidelines', 'location_place_used_agreed_locations']"
15589,iced,3.79,4.833333333333333,"[4, 9, 5, 3, 3, 5]","['rink', 'snow', 'thaw', 'mars', 'shot']","['beverages_used_drinks_cocktails_consume', 'used_medical_treat_medicine_medication', 'cold_coldness_colder_freezing_moderate', 'ice_made_frozen_water_freezing', 'preserves_food_preserved_preservation_preserve', 'ice_served_zamboni_cubes_slides']"
9788,duet,3.78,4.142857142857143,"[5, 9, 4, 3, 5, 1, 2]","['tune', 'trio', 'jazz', 'sang', 'sync']","['singing_vocal_voice_music_singer', 'instruments_played_accompanied_musical_piano', 'live_recorded_performed_albums_perform', 'harmony_harmonies_harmonious_include_parts', 'collaboration_cooperation_requires_consensus_teamwork', 'performers_performed_two_person_interaction', 'musical_performance_music_musicality_experimentation']"
5342,club,3.78,5.4,"[3, 3, 16, 3, 2]","['axes', 'ammo', 'maul', 'reel', 'spat']","['golf_golfers_clubs_carts_sports', 'exclusive_access_available_membership_clubs', 'handle_long_handles_knob_leverage', 'weapon_weapons_used_sword_punch', 'gatherings_social_gathering_parties_events']"
19473,mash,3.78,7,"[21, 13, 4, 5, 4, 5, 2, 2]","['clam', 'brie', 'milk', 'pulp', 'kale']","['edible_species_humans_inedible_though', 'soft_inside_bodied_feels_hard', 'potatoes_potato_made_often_term', 'dairy_milk_butter_product_cream', 'mixture_substances_mixtures_unmixed_blends', 'creamy_texture_waxy_inside_father', 'dish_side_served_eaten_meals', 'seasoned_spices_herbs_salt_oregano']"
2262,bang,3.77,3,"[3, 3, 4, 4, 3, 2, 2]","['boom', 'wham', 'poof', 'muse', 'cave']","['echoes_echo_spaces_enclosed_forest', 'moment_suddenness_sudden_event_figuratively', 'explosions_explosion_explosive_detonation_detonator', 'loud_sound_loudness_vocal_noise', 'hearing_damage_cause_loss_ringing', 'fireworks_july_associated_4th_usa', 'comic_books_sound_effects_comics']"
20674,muck,3.77,3.2,"[6, 2, 4, 2, 2]","['crap', 'ooze', 'coot', 'dung', 'clay']","['fertilizer_used_agriculture_fertilizers_soil', 'bacteria_harbor_carries_microorganisms_pathogens', 'wetlands_marshes_swamps_grows_found', 'soil_type_component_soft_dirt', 'nutrients_nutrient_rich_iodine_provides']"
19821,mesa,3.77,4.333333333333333,"[5, 7, 5, 6, 3, 5, 3, 4, 1]","['hill', 'dune', 'sand', 'roof', 'damn']","['found_deserts_regions_arid_climates', 'flat_topped_circular_bottomed_rate', 'elevated_ground_surrounding_clearance_level', 'rock_sedimentary_rocks_formations_sediment', 'landform_new_create_landmasses_landmass', 'slope_steep_sides_sloped_gradient', 'large_small_size_peas_quite', 'ecosystems_ecosystem_supports_local_unique', 'erosion_formed_due_undergoes_processes']"
34407,unit,3.77,5,"[5, 6, 6, 6, 2, 8, 2]","['mass', 'long', 'less', 'much', 'vein']","['dimensions_dimension_width_length_physical', 'group_people_dynamics_collective_carried', 'mathematics_used_mathematical_algebra_science', 'apartment_house_living_quarters_residential', 'system_part_circulatory_systems_integumentary', 'quantity_represents_scalar_used_describe', 'part_whole_larger_segment_entire']"
24778,prod,3.77,11,"[10, 13, 16, 5]","['rake', 'whip', 'pick', 'maul', 'vice']","['agriculture_used_farming_farmers_agricultural', 'tool_categorized_garden_instrument_hand', 'handle_long_handles_knob_leverage', 'cattle_bovine_cow_bull_male']"
14418,hard,3.76,4,"[7, 3, 4, 2]","['vice', 'knee', 'flex', 'warp', 'kink']","['bending_bend_bent_twisting_easily', 'pressure_applies_resistant_withstand_applied', 'stone_made_brick_diamonds_often', 'scratch_scratching_scratched_desire_fingernail']"
29053,skim,3.76,4,"[5, 6, 1]","['june', 'mash', 'curd', 'milk', 'oust']","['dairy_milk_butter_product_cream', 'removed_remove_cleaning_removes_material', 'milk_fat_whole_referring_richer']"
19179,magi,3.76,4.333333333333333,"[4, 6, 5, 7, 2, 2]","['thou', 'gift', 'lent', 'aged', 'unto']","['wisdom_associated_sages_imparts_knowledge', 'gift_gifts_giving_given_give', 'star_stars_binary_stellar_supernova', 'texts_religious_jesus_bible_biblical', 'three_wise_people_men_trio', 'revered_religious_traditions_recognized_clergy']"
18142,lair,3.76,4.714285714285714,"[4, 7, 4, 3, 5, 5, 5]","['cove', 'lurk', 'herd', 'burr', 'mine']","['used_sleeping_bedding_mattresses_soothe', 'predators_predatory_predation_associated_protects', 'secluded_valley_hidden_retreat_small', 'found_environments_outdoors_caves_nature', 'entrance_exit_entrances_exits_entry', 'underground_pit_open_space_economy', 'animals_associated_wolves_snakes_fox']"
3163,blue,3.76,5.428571428571429,"[11, 6, 6, 6, 2, 3, 4]","['cyan', 'teal', 'gray', 'dawn', 'weep']","['sadness_depression_expresses_sorrow_pain', 'colors_color_variety_golden_range', 'blue_green_color_shade_dark', 'color_colored_hair_zygote_fathering', 'color_colors_model_subtractive_primary', 'sky_pink_orange_purple_color', 'calmness_calm_demeanor_calming_associated']"
30552,stir,3.76,6.111111111111111,"[20, 14, 2, 3, 3, 1, 4, 2, 6]","['soup', 'cope', 'tend', 'have', 'blow']","['verb_form_english_language_zygote', 'cooking_used_frying_food_chefs', 'circular_motion_swinging_involves_swing', 'liquid_fluid_movement_moves_fluids', 'spoon_eaten_fork_done_spatula', 'ingredients_mix_mixes_mixing_used', 'mixture_substances_mixtures_unmixed_blends', 'homogenized_homogenizes_homogeneous_mixtures_heterogeneous', 'gentle_forceful_vigorous_aggressive_strong']"
1633,arts,3.75,3.7142857142857144,"[7, 5, 4, 1, 3, 5, 1]","['muse', 'papa', 'mama', 'math', 'rule']","['taught_teach_teaching_schools_teacher', 'museums_galleries_exhibits_theaters_exhibition', 'aesthetic_aesthetics_aesthetically_pleasing_appeal', 'art_form_painting_sculpture_dance', 'creativity_creative_imagination_stimulates_expression', 'abstract_physical_representational_concepts_intangible', 'collaborative_individual_effort_multiple_stakeholders']"
27030,ride,3.75,3.8333333333333335,"[2, 5, 6, 5, 4, 1]","['fare', 'lift', 'zing', 'hype', 'heed']","['driver_operated_operator_conductor_checked', 'excitement_exciting_exhilarating_alertness_fear', 'transportation_transports_transport_transported_goods', 'safety_accidents_airbags_precautions_seatbelts', 'ticket_tickets_entry_require_ticketed', 'found_amusement_parks_gyms_shakers']"
18410,leer,3.75,5,"[6, 6, 3]","['ahem', 'jeer', 'gawk', 'curt', 'iffy']","['looking_stare_staring_look_glance', 'disapproval_dismissive_express_expresses_strong', 'skepticism_indicate_skeptical_distrustful_expresses']"
31753,taps,3.75,5.166666666666667,"[6, 16, 4, 2, 2, 1]","['sink', 'dike', 'tote', 'bath', 'oven']","['washing_used_dishes_handwashing_hands', 'handle_long_handles_knob_leverage', 'kitchens_found_bathrooms_restaurants_dining', 'plumbing_system_systems_sprinkler_part', 'flow_water_controlling_adjust_control', 'spout_spool_pouring_spouts_often']"
3143,blow,3.74,5,"[5, 5, 6, 3, 6]","['pump', 'kiss', 'wash', 'grab', 'push']","['wind_strong_burst_winds_windfall', 'inflated_inflate_inflatable_air_tires', 'mouth_involves_muscles_tongue_lips', 'seeds_seed_disperse_pollen_dispersal', 'gentle_forceful_vigorous_aggressive_strong']"
18978,loud,3.73,3,"[4, 5, 3, 1, 3, 2]","['hear', 'deaf', 'riot', 'wail', 'bang']","['volume_radios_increases_decrease_sound', 'disrupt_disruptive_disruption_normal_activities', 'hearing_damage_cause_loss_ringing', 'quantified_measured_decibels_cannot_scientifically', 'hearing_aids_ear_protection_devices', 'noise_produce_motion_make_pollution']"
4008,bust,3.73,3.857142857142857,"[5, 5, 4, 5, 5, 2, 1]","['tusk', 'onyx', 'bold', 'blur', 'fury']","['stands_standing_upright_stand_hind', 'carved_sculpture_carving_sculpted_shapes', 'art_artwork_artistic_used_artistically', 'museums_galleries_exhibits_theaters_exhibition', 'art_depicted_literature_paintings_arts', 'likeness_represents_figure_human_person', 'significance_historical_historically_significant_history']"
13108,gale,3.73,4,"[5, 4, 8, 1, 3, 7, 2, 2]","['gust', 'wave', 'temp', 'gall', 'snag']","['wind_strong_burst_winds_windfall', 'storms_thunderstorms_associated_stormy_flares', 'trees_tree_uproot_found_leaf', 'cause_may_result_casualties_outages', 'coastal_erosion_coastlines_ecosystems_influences', 'weather_overcast_skies_describe_cloudy', 'waves_interfere_light_ocean_barrier', 'structures_damage_cause_affect_structural']"
2505,beau,3.73,4.125,"[7, 6, 5, 4, 2, 3, 4, 2]","['sexy', 'gent', 'dame', 'dude', 'magi']","['attractiveness_attractive_unattractive_associated_man', 'gift_gifts_giving_given_give', 'man_male_boyfriend_sir_refers', 'chivalry_knighthood_associated_chivalrous_knights', 'mating_courtship_mates_displays_behavior', 'love_intimacy_fondness_sexual_romance', 'romantic_relationship_relationships_partner_dating', 'charm_charming_charisma_naive_flair']"
7504,dame,3.73,4.7,"[5, 5, 6, 3, 10, 5, 4, 2, 5, 2]","['duke', 'earl', 'lord', 'gent', 'czar']","['united_used_states_countries_kingdom', 'formal_used_contexts_writing_formality', 'title_nobility_ruler_woman_noble', 'peerage_system_british_honours_part', 'charitable_charity_philanthropy_philanthropic_charities', 'man_male_boyfriend_sir_refers', 'chivalry_knighthood_associated_chivalrous_knights', 'respect_respectful_sign_encourages_politeness', 'monarch_monarchy_royalty_royal_kingdom', 'honor_code_follows_deserving_honorary']"
12306,flow,3.72,2.8,"[2, 5, 2, 3, 2]","['mass', 'flux', 'neon', 'ever', 'star']","['instability_turbulent_laminar_indicate_unsteadiness', 'gravity_gravitational_pull_force_moon', 'continuity_continuous_implies_forever_change', 'gas_gases_noble_argon_inert', 'direction_lack_inability_find_planned']"
18809,loan,3.72,3.5555555555555554,"[4, 3, 4, 3, 3, 6, 3, 4, 2]","['debt', 'lend', 'bond', 'bank', 'bail']","['unsecured_secured_secure_hacked_unprotected', 'repayment_payment_requires_repaid_refinanced', 'collateral_require_secured_may_veto', 'credit_score_affect_borrower_rating', 'lender_borrower_mortgages_loans_offers', 'interest_accrues_accrue_loans_pays', 'debt_borrowing_money_leverage_debtor', 'terms_conditions_subject_includes_specifies', 'commercial_purposes_used_personal_use']"
1513,area,3.72,4.571428571428571,"[5, 6, 5, 8, 3, 2, 3]","['site', 'room', 'warp', 'wide', 'size']","['dimensions_dimension_width_length_physical', 'boundaries_boundary_marker_line_demonstrates', 'space_spaces_refer_physical_outer', 'unit_units_measured_measurement_volume', 'enclosed_space_open_surrounded_spaces', 'zoning_regulations_subject_laws_parks', 'dimensional_three_two_3d_2d']"
20319,moan,3.72,5.222222222222222,"[12, 12, 2, 7, 3, 4, 3, 2, 2]","['yelp', 'gasp', 'take', 'gape', 'meow']","['sound_quality_zygote_father_fatale', 'involuntary_voluntary_often_action_response', 'vocalization_vocal_expression_vocalized_absence', 'discomfort_pain_expresses_distress_soreness', 'enjoyment_pleasure_fun_expresses_associated', 'pitched_high_low_sound_produces', 'medical_hospitals_healthcare_equipment_custom', 'suffering_place_causes_associated_torment', 'reflects_emotional_emotion_emotions_strong']"
24860,prom,3.72,5.333333333333333,"[10, 4, 7, 7, 4, 3, 8, 3, 5, 6, 4, 3]","['gala', 'rink', 'gyro', 'fall', 'flat']","['attire_formal_dressed_wears_part', 'year_school_end_academic_many', 'educational_institutions_students_settings_schools', 'dance_dancing_move_party_danced', 'venue_venues_held_decorated_takes', 'theme_themes_may_specific_unique', 'served_meals_meal_rice_often', 'social_event_events_parties_significant', 'school_attend_attends_schools_high', 'rented_owned_landlord_leasing_rental', 'ticket_tickets_entry_require_ticketed', 'photographs_captured_photography_taken_captures']"
27193,rode,3.72,7,"[6, 7, 11, 4]","['lazy', 'sunk', 'walk', 'mule', 'trip']","['leisure_activity_leisurely_activities_prefers', 'horse_horses_horseback_played_riding', 'tense_past_verb_sink_weave', 'ridden_rides_bicycles_bicycle_ride']"
33026,trip,3.71,3.6666666666666665,"[4, 2, 3, 3, 6, 4]","['tour', 'self', 'walk', 'mail', 'knew']","['travel_involves_another_itinerary_one', 'sightseeing_involve_means_tourism_might', 'accommodation_accommodations_lodging_staying_include', 'international_domestic_internationally_national_multinational', 'leisure_activity_leisurely_activities_prefers', 'experiences_experience_inspired_personal_world']"
18414,left,3.7,2.6,"[2, 3, 2, 3, 3]","['posy', 'crux', 'mitt', 'woke', 'anti']","['opposite_right_opposition_first_opposites', 'hand_held_one_traditionally_handedness', 'sports_baseball_used_term_team', 'heart_chambered_side_symbolized_prominent', 'political_progressive_ideology_establishment_anti']"
4056,buzz,3.7,3.25,"[7, 4, 1, 1]","['flea', 'bees', 'moth', 'tuba', 'wasp']","['insect_insects_creepy_presence_crawlies', 'pitched_high_low_sound_produces', 'annoying_rude_polite_frustrating_people', 'buzzing_buzz_sound_ringing_phrase']"
14385,hang,3.7,3.4,"[4, 5, 4, 2, 2]","['hung', 'mass', 'faux', 'dome', 'star']","['decoration_used_decorative_decor_tablecloths', 'gravity_gravitational_pull_force_moon', 'supports_structures_support_objects_structure', 'suspension_suspended_air_involves_executing', 'hung_objects_hanging_swing_gravity']"
5616,coma,3.69,4,"[10, 2, 1, 1, 3, 2, 4, 2, 10, 5]","['trek', 'stun', 'oboe', 'lent', 'swim']","['breath_breathing_control_requires_holding', 'unconscious_unconsciousness_state_vegetative_unconsciously', 'induced_medically_artificially_medications_taser', 'patient_stimuli_respond_awakened_unresponsive', 'last_days_lasts_40_lasting', 'brain_cognitive_function_impairment_functions', 'recovery_recover_salvage_uncertain_period', 'monitored_monitoring_nurses_hospital_checking', 'injury_caused_illness_incapacitation_result', 'severity_varies_severe_vary_glasgow']"
36794,worn,3.68,2.125,"[4, 2, 1, 3, 2, 1, 1, 3]","['tree', 'seam', 'five', 'rope', 'aged']","['age_decade_rings_aging_old', 'signs_aging_shows_deterioration_wrinkles', 'color_faded_colors_may_colored', 'fashion_fashionable_worn_wears_sense', 'comfortable_uncomfortable_feels_due_lie', 'sentimental_value_vintage_hold_historical', 'societal_historical_history_past_reflects', 'fraying_fray_frayed_edges_properly']"
17668,jell,3.68,2.625,"[5, 4, 1, 3, 3, 1, 3, 1]","['jade', 'plum', 'mush', 'bush', 'tree']","['fruit_fruits_berries_bear_apple', 'translucent_opaque_transparent_appearance_white', 'semi_solid_substance_fluid_liquid', 'desserts_pies_used_tarts_salads', 'gelatinous_gelatin_glaze_texture_made', 'savory_sweet_sweetness_playfulness_symbolizes', 'served_cold_warm_hot_chilled', 'molded_shapes_shaped_bent_anthropomorphic']"
5021,chug,3.68,3,"[7, 2, 4, 1, 1]","['burp', 'pour', 'mull', 'toke', 'mead']","['alcoholic_drinks_beverages_drunk_alcohol', 'coughing_cause_jaundice_improperly_choking', 'swallowing_swallowed_swallow_sound_gulping', 'drinking_rapid_quickly_drunk_pauses', 'intoxication_overdose_chugged_lead_alcoholic']"
29440,snip,3.68,3,"[2, 4, 3, 3]","['chop', 'trim', 'nick', 'comb', 'half']","['grooming_hair_used_groom_feathers', 'cutting_cut_refers_trimmed_small', 'divides_divided_pieces_sections_whole', 'scissors_cutting_clippers_shears_tools']"
2233,balm,3.68,3.2,"[7, 6, 4, 1, 2, 1, 2, 3, 3, 3]","['soap', 'lick', 'aloe', 'talc', 'hive']","['moist_skin_moisturizing_smooth_dried', 'used_cosmetics_products_skincare_lips', 'skin_healing_wound_soothes_tissues', 'topical_topically_absorption_applied_preparation', 'oils_contains_oil_butter_fats', 'contain_may_shrapnel_herbs_methane', 'pain_relief_painkillers_relievers_treated', 'homemade_produced_commercially_commercial_manufactured', 'beeswax_bees_made_shea_butter', 'shelf_life_long_shorter_unopened']"
13558,glop,3.68,3.875,"[6, 7, 3, 4, 4, 3, 3, 1]","['ooze', 'eats', 'whip', 'slob', 'lime']","['shape_round_oval_rounded_shaped', 'viscous_substance_viscosity_liquid_substances', 'food_meal_drink_used_describe', 'wet_slightly_thick_soaked_substance', 'mixture_substances_mixtures_unmixed_blends', 'messy_handle_mess_appearance_carefully', 'consistency_ensures_consistent_pasty_symbolizes', 'sticky_texture_slimy_consistency_wet']"
11804,fest,3.68,4,"[7, 3, 3, 3, 4, 9, 3, 3, 3, 2]","['pomp', 'bash', 'luau', 'gala', 'noel']","['celebration_celebrations_celebrated_celebrates_commemorate', 'theme_themes_may_specific_unique', 'food_drinks_includes_beverages_include', 'costumes_costume_elaborate_leis_props', 'dancing_music_includes_include_flicks', 'music_accompaniment_accompanied_instrumental_often', 'monthly_recurring_weekly_periodically_annually', 'decorations_decoration_elaborate_involves_lights', 'processions_parades_carried_festivals_procession', 'competitions_contests_competitive_games_judged']"
14995,hold,3.68,4,"[4, 3, 5]","['take', 'maul', 'drag', 'hand', 'claw']","['grasping_objects_hold_grasp_used', 'strength_requires_effort_physical_required', 'possession_implies_indicates_denotes_possessed']"
29232,slit,3.68,4.25,"[2, 2, 7, 6]","['axes', 'arch', 'hook', 'axed', 'slot']","['long_longer_straight_wide_winded', 'light_allows_pass_passage_blocks', 'sharp_sharpened_blade_blunt_tool', 'opening_narrow_small_spans_wide']"
30610,stop,3.68,4.444444444444445,"[5, 6, 4, 6, 6, 5, 3, 2, 3]","['halt', 'undo', 'lane', 'army', 'rest']","['symbol_symbolized_symbolizes_symbols_depicted', 'red_color_white_rosé_reddish', 'process_processes_biological_application_end', 'command_commands_used_chain_following', 'safety_device_protocols_measures_safekeeping', 'traffic_congestion_used_flow_management', 'traffic_lights_marked_markings_lines', 'cease_stopping_activity_ceases_listen', 'inactivity_cessation_activity_state_movement']"
28814,side,3.68,5.333333333333333,"[7, 7, 2]","['axis', 'turn', 'west', 'atop', 'pull']","['direction_clockwise_cardinal_directional_counterclockwise', 'surface_surfaces_tension_object_driven', 'right_left_oblique_denote_handed']"
20806,mush,3.67,3.4,"[3, 4, 4, 5, 1]","['mash', 'fork', 'sake', 'jell', 'glop']","['served_cold_warm_hot_chilled', 'mixture_substances_mixtures_unmixed_blends', 'consistency_thick_thin_smooth_wobbly', 'eating_used_food_chewing_biting', 'ingredients_ingredient_made_transforms_various']"
22194,orgy,3.67,3.8333333333333335,"[5, 4, 7, 4, 2, 1]","['porn', 'lube', 'kink', 'race', 'chat']","['sexual_activity_explicit_behaviors_intercourse', 'sexual_practices_celibacy_normative_sex', 'alcoholic_drinks_beverages_drunk_alcohol', 'participants_multiple_involves_two_involve', 'planned_spontaneous_impromptu_rehearsed_advance', 'indulgence_overindulgence_excess_foods_consumed']"
29525,soar,3.67,4.166666666666667,"[12, 3, 4, 3, 1, 2]","['flew', 'wing', 'slug', 'cock', 'peep']","['birds_bird_crows_crow_chickens', 'wings_wingless_wing_aircraft_birds', 'gliding_glides_muscular_soaring_moves', 'aircraft_missiles_carriers_airplanes_delivered', 'freedom_symbolizes_liberty_speed_carefreeness', 'height_varies_vary_heights_average']"
3326,bony,3.67,4.333333333333333,"[4, 9, 3, 4, 4, 2]","['bone', 'gill', 'jaws', 'tuna', 'butt']","['tendons_muscles_ligaments_gluteal_tendon', 'fish_attracts_game_popular_species', 'anatomy_part_posterior_human_tissue', 'skeletal_skeleton_structure_part_system', 'vertebrates_found_amphibians_fish_vertebrate', 'bone_bones_boneless_mortis_rigor']"
2052,babe,3.67,4.666666666666667,"[5, 6, 5, 4, 6, 1, 3, 5, 7]","['baby', 'face', 'tyke', 'wail', 'calf']","['milk_drinks_mother_initially_dependency', 'skin_brown_soft_smooth_fuzzy', 'grows_continuously_rapidly_bush_childhood', 'young_child_human_humans_newborn', 'learning_learns_learn_speak_passion', 'child_baby_refers_infant_infants', 'care_constant_requires_needs_special', 'cries_cry_crying_communicate_loud', 'sleep_sleeps_rest_sleeping_string']"
32376,tier,3.67,5,"[5, 7, 6, 2]","['deck', 'cafe', 'army', 'clad', 'scum']","['layer_layers_layering_subsoil_innermost', 'hierarchy_hierarchical_structure_maslow_hierarchies', 'seating_arrangements_area_outdoor_seat', 'levels_level_multiple_different_security']"
37040,zips,3.67,5.111111111111111,"[11, 7, 4, 5, 4, 2, 6, 4, 3]","['lace', 'mesh', 'door', 'shed', 'darn']","['clothing_used_making_garment_garments', 'teeth_tooth_baby_develops_dental', 'operated_screw_mechanism_lever_operates', 'locked_locking_lockable_security_unlocked', 'pull_pulling_pulled_force_tab', 'fastening_fasten_device_objects_method', 'fabric_material_piece_strips_band', 'closes_opens_closing_open_opening', 'packaging_used_bags_rese_packing']"
6971,crap,3.67,5.714285714285714,"[9, 8, 6, 7, 2, 6, 2]","['dung', 'shit', 'turd', 'poop', 'muck']","['biodegradable_options_available_depending_lifecycle', 'odor_strong_smell_unpleasant_musty', 'fertilizer_used_agriculture_fertilizers_soil', 'brown_color_brownish_reddish_green', 'waste_material_considered_plumbing_carries', 'excreted_body_excretion_decompose_animals', 'bacteria_harbor_carries_microorganisms_pathogens']"
8074,demo,3.66,3,"[4, 5, 2, 3, 1, 3]","['disk', 'hype', 'sign', 'expo', 'blog']","['software_version_distribution_hardware_utilizes', 'marketing_used_branding_market_logos', 'interactive_friendly_user_digital_preview', 'feedback_evaluation_review_provides_user', 'demonstration_proven_demonstrates_submission_shortened', 'products_showcases_product_innovations_new']"
3369,boom,3.66,3.4,"[5, 4, 2, 4, 2]","['bang', 'roar', 'bomb', 'rise', 'omen']","['fear_induce_panic_fears_cause', 'explosions_explosion_explosive_detonation_detonator', 'economic_growth_affected_activity_conditions', 'loud_sound_loudness_vocal_noise', 'fireworks_july_associated_4th_usa']"
14626,hear,3.66,3.5,"[7, 2, 3, 2]","['loud', 'hare', 'head', 'lobe', 'mule']","['ears_long_tufted_hearing_two', 'auditory_hearing_sense_nerves_overwhelms', 'hearing_aids_ear_protection_devices', 'noise_produce_motion_make_pollution']"
4760,chat,3.66,3.6666666666666665,"[4, 3, 4, 5, 4, 2]","['zoom', 'rant', 'pray', 'sync', 'race']","['video_multimedia_audio_videos_images', 'occur_private_happen_public_online', 'communication_form_visual_written_act', 'communication_communicated_communicates_message_messages', 'participants_multiple_involves_two_involve', 'synchronization_asynchronous_synchronous_syncopation_refers']"
1451,aqua,3.66,4.6,"[6, 6, 3, 1, 7]","['tuna', 'jean', 'soap', 'swab', 'jade']","['purity_symbolizes_morality_symbol_modesty', 'blue_green_color_shade_dark', 'essential_important_health_life_point', 'water_associated_hydrating_often_relates', 'hygiene_used_cleaning_smelling_personal']"
8672,ding,3.65,2,"[3, 1]","['swat', 'slap', 'zing', 'sled', 'doll']","['sound_struck_sharp_produces_makes', 'doorbells_bell_sound_bicycles_bells']"
17720,jock,3.65,3.5,"[7, 2, 3, 5, 3, 1]","['race', 'hike', 'coed', 'reps', 'boss']","['fitness_physical_promotes_health_bodybuilding', 'injury_injured_injuries_result_strained', 'athleticism_athletic_scholarships_receive_prowess', 'sports_associated_play_teams_events', 'team_teamwork_teams_individual_responsible', 'athletes_athletic_athlete_wears_clothing']"
13578,glow,3.65,6.333333333333333,"[8, 13, 5, 5, 4, 3]","['neon', 'star', 'guts', 'silk', 'wick']","['warmth_provides_comfort_associated_conveys', 'soft_inside_bodied_feels_hard', 'emits_light_radiation_emitted_emission', 'lighting_illumination_lamps_used_fluorescent', 'glow_orange_glows_glowing_red', 'visible_night_sky_dark_light']"
33304,typo,3.64,2.875,"[7, 2, 2, 2, 3, 2, 2, 3]","['goof', 'edit', 'text', 'read', 'book']","['mistakes_mistake_correct_correction_makes', 'unintentional_unintended_undesirable_often_unintentionally', 'corrected_exaggerated_misleading_grammatical_elaborate', 'readability_legibility_affects_text_reading', 'punctuation_apostrophe_require_mark_include', 'libraries_books_isbn_found_library', 'spellcheckers_spells_detected_casts_casting', 'text_written_proofreading_occurs_overlooked']"
31154,sumo,3.64,3.5714285714285716,"[7, 3, 5, 4, 2, 3, 1]","['judo', 'hula', 'sake', 'frat', 'bout']","['rituals_ceremonies_ritual_traditions_involves', 'rank_ranks_coronet_ranking_matching', 'originates_originated_japan_asia_hawaii', 'sport_olympic_competitive_combat_categorized', 'masculinity_men_women_traditionally_performed', 'boxing_match_fight_scuffle_bullfighting', 'wrestlers_mawashi_sumo_wrestling_wear']"
9301,diva,3.64,3.75,"[7, 2, 5, 6, 3, 3, 3, 1]","['alto', 'feat', 'sang', 'hero', 'duet']","['vocal_voice_cords_vocalizes_deeper', 'opera_soprano_operas_tenor_theatre', 'singing_vocal_voice_music_singer', 'attention_demands_signals_attract_requires', 'performers_performer_interpretation_performances_female', 'powerful_voice_impressive_abilities_powers', 'talent_exceptional_performer_skill_highlights', 'presence_physical_liveliness_possesses_stage']"
26585,reps,3.64,4.333333333333333,"[7, 7, 5, 2, 1, 4]","['dogs', 'swim', 'bike', 'walk', 'judo']","['fitness_physical_promotes_health_bodybuilding', 'exercise_form_exercises_exertion_workout', 'exercise_used_training_fitness_exercises', 'muscles_muscle_strengthens_endurance_supported', 'motion_repetitive_involves_repeated_movement', 'repetition_repetitions_chords_notes_repeated']"
31407,swam,3.64,5.142857142857143,"[10, 5, 3, 3, 7, 4, 4]","['swim', 'yoga', 'gait', 'dogs', 'flab']","['breath_breathing_control_requires_holding', 'involves_muscles_movement_arm_movements', 'water_moving_movement_walk_refers', 'shallow_water_done_oceans_lakes', 'exercise_form_exercises_exertion_workout', 'swimming_freestyle_breaststroke_lessons_styles', 'swimsuit_vest_swimwear_wetsuit_come']"
23166,peed,3.63,3,"[3, 3]","['piss', 'dick', 'seed', 'sown', 'zing']","['germination_germinate_germinates_stratification_water', 'urination_bladder_urethra_pee_peed']"
20013,mile,3.63,3,"[4, 4, 3, 2, 4, 2, 2]","['acre', 'afar', 'inch', 'helm', 'from']","['measurement_distance_measure_length_used', 'nautical_terms_mile_mainmast_mainsail', 'imperial_system_customary_us_systems', 'equals_square_yards_feet_560', 'distance_unit_represents_denotes_point', 'per_calculate_speed_joule_miles', 'distance_far_reach_kilometer_something']"
15647,idol,3.63,3.5,"[4, 2, 6, 2, 7, 3, 1, 3]","['pray', 'yeti', 'fact', 'wall', 'vast']","['worship_temples_churches_found_places', 'religious_rituals_practices_cultural_traditions', 'deity_divine_deities_god_figure', 'stone_made_stones_clay_pit', 'large_size_extremely_stature_cat', 'processions_parades_carried_festivals_procession', 'devotion_object_degree_interest_high', 'modern_antique_ancient_historical_contemporary']"
15223,host,3.63,3.8,"[3, 3, 5, 7, 1]","['tour', 'expo', 'gala', 'ally', 'news']","['accommodation_accommodations_lodging_staying_include', 'individual_group_organization_person_perpetrated', 'audience_audiences_entertains_participation_interactive', 'event_events_sequence_organizes_current', 'guests_hospitality_responsible_lodging_offers']"
2684,bent,3.62,3.2,"[2, 3, 1, 7, 3]","['warp', 'beam', 'than', 'bend', 'kink']","['shape_changes_original_object_change', 'form_change_original_forms_straight', 'integrity_structural_weaken_reduces_affect', 'bending_bend_bent_twisting_easily', 'curved_straight_straightness_angle_flatness']"
3574,brat,3.62,3.25,"[3, 3, 6, 1]","['maid', 'sons', 'rude', 'food', 'mama']","['disrespectful_disrespect_seen_considered_rude', 'spoil_spoiled_spoiling_spoilage_perceived', 'children_child_parents_rearing_childhood', 'tantrums_exhibit_throw_courtly_temper']"
3298,bond,3.62,3.6666666666666665,"[4, 6, 2, 3, 5, 4, 4, 2, 3]","['loan', 'debt', 'bank', 'visa', 'deal']","['unsecured_secured_secure_hacked_unprotected', 'interest_accrues_accrue_loans_pays', 'connection_connections_connects_temporary_cufflink', 'debt_borrowing_money_leverage_debtor', 'date_expiration_publication_maturity_sell', 'issued_governments_government_authorities_corporations', 'terms_conditions_subject_includes_specifies', 'financial_banking_institution_banks_services', 'bonds_chemical_atoms_molecules_forms']"
29386,snag,3.62,5.666666666666667,"[8, 4, 5]","['wait', 'late', 'dire', 'slow', 'nest']","['trees_tree_uproot_found_leaf', 'situation_serious_issues_refers_mediocrity', 'delay_delays_delayed_slowed_cause']"
23167,peek,3.62,6.25,"[6, 6, 11, 2]","['slot', 'tend', 'arch', 'news', 'knew']","['looking_stare_staring_look_glance', 'opening_narrow_small_spans_wide', 'information_piece_personal_seeks_summarizes', 'brief_briefness_usually_action_moment']"
29200,slid,3.62,6.666666666666667,"[8, 8, 4]","['find', 'went', 'maim', 'soar', 'veer']","['intentional_accidental_unintentional_accidentally_intentionally', 'movement_indicates_denotes_towards_surface', 'gliding_glides_muscular_soaring_moves']"
29827,spat,3.62,7,"[14, 16, 2, 5, 4, 1]","['fork', 'tong', 'oven', 'reel', 'sage']","['cooking_used_frying_food_chefs', 'handle_long_handles_knob_leverage', 'flipping_food_used_pancakes_turn', 'flat_surface_surfaces_top_bottom', 'dishwasher_safe_wash_washed_hand', 'resistant_heat_heated_ovens_forging']"
36125,wear,3.61,3,"[3, 3, 3, 5, 1]","['golf', 'norm', 'rule', 'fall', 'gala']","['seasonal_seasonally_season_summer_winter', 'dress_code_codes_enforce_subject', 'clothing_accessories_refers_refer_pants', 'varies_culture_cultures_across_culturally', 'style_reflects_personal_fancy_individual']"
25593,rape,3.61,3.25,"[3, 5, 2, 3]","['bail', 'call', 'born', 'harm', 'pimp']","['trauma_psychological_blunt_lead_induce', 'crime_criminal_rates_severity_associated', 'occur_happen_private_spontaneously_various', 'childbirth_pregnancy_contracts_pregnancies_unwanted']"
3941,bunt,3.61,3.4,"[5, 2, 2, 3, 2, 3, 4, 6, 3, 4]","['balk', 'thug', 'polo', 'riot', 'kids']","['unexpected_often_surprises_defense_startling', 'sacrifice_sacrifices_result_endures_obligated', 'pitcher_baseball_batter_illegal_pitching', 'ball_hoop_lightly_tapping_hole', 'runners_advance_base_smooth_bottom', 'strategy_tactic_strategic_tactical_sports', 'coordination_eye_hand_requires_good', 'enforcement_law_subject_police_plate', 'play_played_players_plays_unfair', 'ball_balls_dimpled_small_skeins']"
24650,prey,3.61,3.5555555555555554,"[3, 7, 5, 1, 3, 4, 3, 3, 3]","['bios', 'lair', 'fawn', 'kill', 'deer']","['organisms_organism_living_prokaryotic_eukaryotic', 'predators_predatory_predation_associated_protects', 'hunted_predators_humans_people_sport', 'survival_instincts_instinct_skill_survives', 'carnivore_carnivores_omnivore_herbivore_smaller', 'protection_protected_guards_shin_protect', 'camouflage_camouflaged_camouflages_seabed_protection', 'chain_part_food_independently_owned', 'ecosystems_ecosystem_part_diverse_unique']"
15424,hurt,3.61,6,"[13, 6, 6, 8, 5, 8, 3, 4, 1]","['pain', 'need', 'feel', 'want', 'help']","['subjective_context_nature_personal_based', 'chronic_temporary_intermittent_continuous_become', 'pain_cause_discomfort_causes_emotional', 'physical_mental_psychological_nature_intellectual', 'heals_heal_time_healing_injured', 'emotional_companionship_love_psychological_fatigue', 'unpleasant_unpleasantness_pleasant_sensation_bothersome', 'acute_chronic_may_zygote_father', 'medical_attention_require_treatment_may']"
31424,sway,3.6,3.2,"[3, 3, 2, 6, 2]","['jump', 'opus', 'dune', 'pass', 'kick']","['dance_music_dancing_hop_hip', 'wind_catches_carried_winds_currents', 'influence_control_influences_others_social', 'movement_movements_action_involves_physical', 'gentle_gentleness_disposition_rhythmic_implies']"
14185,guru,3.6,3.7,"[4, 4, 7, 3, 3, 7, 3, 2, 3, 1]","['wise', 'papa', 'cult', 'team', 'whiz']","['expertise_sensei_instructor_expert_field', 'wisdom_associated_sages_imparts_knowledge', 'leader_captain_leaders_disciples_followers', 'respected_obedient_others_respectful_society', 'experienced_experience_humans_human_common', 'taught_teach_teaching_schools_teacher', 'spiritual_spirituality_enlightenment_significance_leader', 'guidance_provides_guidelines_offers_offer', 'knowledge_possesses_inherent_acquired_body', 'mentor_junior_faculty_mentors_mentorship']"
18141,laid,3.6,5.333333333333333,"[4, 11, 7, 4, 3, 3]","['yolk', 'kept', 'wove', 'wore', 'drop']","['used_phrase_phrases_like_expressions', 'tense_past_verb_sink_weave', 'surface_surfaces_tension_object_driven', 'intentions_intent_intention_purpose_action', 'foundation_foundational_framework_foundations_laying', 'egg_eggs_white_separated_topped']"
14943,hiss,3.6,6,"[12, 5, 3, 5, 5]","['hoot', 'purr', 'yelp', 'oink', 'rage']","['sound_quality_zygote_father_fatale', 'made_cats_animals_birds_humans', 'mimicked_humans_imitated_especially_mimic', 'aggression_symbol_territorial_warning_threat', 'animals_associated_wolves_snakes_fox']"
13276,gene,3.59,2.625,"[4, 2, 3, 3, 4, 2, 1, 2]","['herd', 'teat', 'lady', 'ovum', 'male']","['chromosomes_xy_xx_two_located', 'genetically_modified_crispr_edited_genetic', 'protein_source_proteins_synthesis_contains', 'genetic_traits_genetics_factors_inherit', 'offspring_heredity_parents_unit_human', 'dominant_recessive_led_individual_side', 'dna_rna_collection_made_samples', 'selection_natural_subject_evolution_evolutionarily']"
25439,race,3.59,3.1666666666666665,"[4, 2, 2, 3, 3, 6, 4, 5, 3, 4, 1, 1]","['bout', 'duel', 'jock', 'porn', 'quiz']","['awards_award_prizes_medals_honored', 'amateur_professional_professionally_amateurishly_done', 'rapid_movement_involves_acceleration_fasting', 'competition_competitions_contest_shiai_competitors', 'spectators_attract_seating_crowds_celebrated', 'rules_governed_regulations_rule_guidelines', 'timed_time_timer_limit_downtime', 'sports_associated_play_teams_events', 'team_teamwork_teams_individual_responsible', 'participants_multiple_involves_two_involve', 'starting_point_start_end_finish', 'running_walking_involved_cycling_involve']"
28033,sear,3.59,3.5,"[5, 6, 4, 1, 4, 1, 4, 3]","['bake', 'tofu', 'cook', 'goat', 'tong']","['cooking_method_techniques_food_cooks', 'crust_browned_creates_crustacean_caramelized', 'used_meat_vegan_vegetarian_food', 'pan_skillet_stick_non_pans', 'barbecues_grilling_barbecue_grill_charcoal', 'maillard_reaction_reactions_creates_chemical', 'flavor_enhances_flavors_enhance_absorbs', 'heat_uses_retains_dry_involves']"
25749,rear,3.59,3.6666666666666665,"[3, 3, 5]","['taxi', 'fore', 'back', 'hind', 'tree']","['back_front_part_something_backside', 'front_opposite_west_facing_back', 'trunk_storage_woody_luggage_car']"
12985,full,3.59,3.857142857142857,"[5, 5, 4, 4, 3, 4, 2]","['stow', 'dome', 'wane', 'glad', 'echo']","['space_empty_encloses_spaces_occupies', 'abundance_implies_opposite_indicates_overflow', 'contentment_content_purrs_indicates_sense', 'completion_completeness_incomplete_complete_incompleteness', 'emptiness_empty_opposite_sense_represents', 'capacity_maximum_limit_storage_limited', 'moon_phase_phases_full_describes']"
682,aide,3.59,4.8,"[9, 6, 2, 5, 2]","['busy', 'meet', 'wife', 'dolt', 'jury']","['tasks_performs_task_perform_household', 'employees_employs_employed_employer_employment', 'confidentiality_confidential_discreetly_information_adheres', 'scheduled_schedule_schedules_unscheduled_appointments', 'communication_communicates_barriers_facilitates_skills']"
35953,ward,3.59,5.166666666666667,"[4, 2, 4, 9, 3, 9]","['door', 'drug', 'cast', 'help', 'bush']","['assistance_help_need_helps_call', 'monitored_monitoring_nurses_hospital_checking', 'rooms_room_multiple_bedrooms_contains', 'privacy_provides_offers_laws_security', 'medical_hospitals_healthcare_equipment_custom', 'used_medical_treat_medicine_medication']"
19091,lure,3.59,5.714285714285714,"[6, 9, 10, 5, 4, 2, 4]","['bait', 'chum', 'barb', 'hare', 'pier']","['prey_predators_preyed_toads_tongue', 'fish_attracts_game_popular_species', 'fishing_used_sport_fish_fishermen', 'bait_fishing_lure_used_hook', 'hooks_hook_teeth_hanger_hanging', 'attract_animals_prey_fish_lure', 'fragrant_scented_fragrance_scent_aroma']"
12995,fume,3.58,3.857142857142857,"[8, 4, 3, 4, 2, 4, 2]","['glue', 'neon', 'lead', 'inks', 'rash']","['odor_strong_smell_unpleasant_musty', 'air_pollution_quality_affects_contribute', 'gas_gases_noble_argon_inert', 'toxic_amounts_humans_cats_animals', 'airborne_aerosolized_airdropped_aerial_spray', 'irritation_cause_irritants_skin_caused', 'industrial_manufacturing_processes_process_byproduct']"
2045,axis,3.57,3,"[7, 6, 2, 1, 1, 2, 2]","['turn', 'unit', 'side', 'zero', 'real']","['direction_clockwise_cardinal_directional_counterclockwise', 'mathematics_used_mathematical_algebra_science', 'intersection_intersections_intersect_axes_point', 'center_central_line_point_passes', 'symmetry_asymmetry_exhibit_central_invariant', 'imaginary_sinusoidal_fictitious_ideal_contrasts', 'rotation_rotating_movement_rotational_spinning']"
12407,folk,3.57,3,"[3, 2, 4, 2, 5, 2]","['ruin', 'clan', 'they', 'lore', 'west']","['people_refers_person_refer_thing', 'culture_cultural_western_cultures_traditions', 'traditions_oral_tradition_cultural_family', 'heritage_cultural_site_ethnic_part', 'community_sense_communities_gathering_promotes', 'craftsmanship_crafting_artisans_crafted_craftiness']"
17983,kink,3.57,3.4,"[7, 4, 2, 2, 2]","['warp', 'porn', 'beam', 'flex', 'knee']","['bending_bend_bent_twisting_easily', 'sexual_practices_celibacy_normative_sex', 'curls_waves_curl_bicep_tightness', 'twist_twisting_straight_otherwise_curve', 'pipes_hoses_containers_occurs_tubes']"
18781,live,3.57,5,"[4, 6]","['bred', 'born', 'able', 'cope', 'ovum']","['adaptation_adaptability_adapt_adaptable_adjustment', 'reproduction_reproductive_reproduce_involves_reproduces']"
32572,toot,3.57,7,"[5, 12, 7, 4]","['thud', 'shit', 'clap', 'fizz', 'burp']","['unexpected_often_surprises_defense_startling', 'sound_quality_zygote_father_fatale', 'digestion_digestive_dissolves_fluid_system', 'produced_animals_humans_frog_geese']"
36724,word,3.56,2.5384615384615383,"[8, 2, 6, 3, 2, 2, 1, 1, 1, 1, 1, 4, 1]","['note', 'page', 'plea', 'mail', 'josh']","['written_oral_writing_piece_unwritten', 'noun_verb_adjective_used_etc', 'communication_used_communicate_telecommunications_telephones', 'languages_translated_spelled_different_variations', 'letters_letter_consists_packages_numbers', 'pronunciation_consonant_spelled_pronounced_pronounce', 'spoken_written_aloud_heard_mumbled', 'definition_meanings_multiple_meaning_contexts', 'synonyms_exactly_seize_antonyms_replace', 'noun_proper_used_adjective_fortress', 'rules_grammar_syntax_subject_linguistic', 'sentences_sentence_meaning_affects_structure', 'antonyms_fewer_antonym_synonyms_less']"
25697,read,3.56,3.8,"[3, 7, 5, 5, 4, 7, 3, 1, 2, 1]","['seen', 'mama', 'guru', 'rule', 'back']","['pleasure_pleasurable_massaged_massage_necessity', 'taught_teach_teaching_schools_teacher', 'knowledge_knowledgeable_highly_eager_learning', 'focus_attention_focusing_concentration_focused', 'educational_informational_learning_instructive_informative', 'silent_silently_aloud_performs_suppressed', 'text_written_proofreading_occurs_overlooked', 'requires_literacy_cognitive_understand_awareness', 'brain_processing_involves_engages_nervous', 'group_activity_solo_shared_reading']"
20077,mine,3.56,4.4,"[9, 2, 4, 5, 2]","['tusk', 'pick', 'cave', 'mill', 'hole']","['digging_excavation_drilling_dug_drilled', 'extracted_extract_grinds_minerals_extracting', 'operates_within_urban_outside_miners', 'underground_pit_open_space_economy', 'environmental_impact_damage_cause_pollution']"
16786,inky,3.56,4.666666666666667,"[8, 8, 4, 3, 3, 2]","['inks', 'soot', 'ream', 'blot', 'beet']","['printing_used_ink_printmaking_cartridge', 'stain_stains_surfaces_clothes_fabrics', 'pigments_pigment_pigmentation_dyes_inks', 'dries_application_hardens_paper_quickly', 'dark_color_darker_black_light', 'pens_used_tattoos_pentameter_iambic']"
35969,warm,3.56,6.25,"[7, 9, 5, 4]","['cold', 'temp', 'pain', 'itch', 'cool']","['weather_overcast_skies_describe_cloudy', 'sensation_sensations_skin_feel_physical', 'cold_coldness_colder_freezing_moderate', 'temperature_degrees_heat_fahrenheit_celsius']"
11749,fell,3.55,4,[4],"['high', 'glen', 'cove', 'zing', 'sled']",['hills_mountains_cliffs_surrounded_mountainous']
32529,toll,3.54,3.111111111111111,"[5, 2, 4, 5, 4, 2, 3, 1, 2]","['cost', 'fare', 'cone', 'pace', 'shop']","['discounts_offer_sales_may_loyalty', 'bridges_bridge_charged_used_found', 'fixed_variable_steady_constant_rate', 'traffic_congestion_used_flow_management', 'roads_infrastructure_bridges_highways_connected', 'toll_tolls_booths_collected_usage', 'paid_cash_electronically_payable_online', 'fee_fees_access_commands_charge', 'vehicle_type_truck_minivan_suvs']"
25578,rang,3.54,3.3333333333333335,"[4, 3, 3]","['meth', 'dark', 'tint', 'spry', 'drab']","['alertness_alert_alarm_alarms_notification', 'color_colors_palette_describes_hue', 'color_shade_colors_used_describe']"
12014,firm,3.54,3.4285714285714284,"[6, 5, 2, 4, 3, 3, 1]","['work', 'park', 'shop', 'boss', 'aide']","['employees_employs_employed_employer_employment', 'public_private_privately_publicly_owned', 'organization_organizations_organizational_larger_splinter', 'operates_within_urban_outside_miners', 'services_goods_sells_service_sale', 'business_ventures_industry_related_strategies', 'aims_aim_aimed_profit_advantage']"
15315,huge,3.54,3.6666666666666665,"[7, 2, 2]","['vast', 'tiny', 'ogre', 'idol', 'yeti']","['large_size_extremely_stature_cat', 'spacious_expansive_zygote_father_fatale', 'immense_enormous_piece_mammoth_gigantic']"
35956,ware,3.54,3.8,"[5, 4, 5, 3, 2]","['doll', 'rare', 'tong', 'bowl', 'dish']","['food_serving_used_serve_hold', 'collectible_memorabilia_item_collectibles_antique', 'found_homes_often_basements_houses', 'goods_sale_manufactured_items_wholesale', 'tear_wear_time_signs_worn']"
18538,levy,3.54,5,"[8, 3, 4, 7, 3]","['fund', 'bill', 'serf', 'pact', 'cost']","['enforced_law_enforceable_enforces_laws', 'fundraising_fundraiser_public_revenue_raises', 'monetary_money_value_sum_represents', 'taxes_tax_subject_deductible_taxation', 'charges_surcharges_fees_taxes_services']"
36958,yelp,3.54,5.5,"[12, 5, 7, 4, 1, 4]","['moan', 'hiss', 'purr', 'hoot', 'ouch']","['sound_quality_zygote_father_fatale', 'made_cats_animals_birds_humans', 'discomfort_pain_expresses_distress_soreness', 'pitched_high_low_sound_produces', 'distress_emotional_distressing_cause_indicate', 'heard_distance_distances_long_far']"
13103,gait,3.54,5.666666666666667,"[3, 9, 5]","['trod', 'lame', 'shoe', 'hula', 'pair']","['walking_refers_manner_way_treading', 'footwear_shoe_shoes_type_worn', 'involves_muscles_movement_arm_movements']"
6554,cool,3.53,5.142857142857143,"[8, 5, 4, 9, 5, 4, 1]","['knit', 'cozy', 'snug', 'boil', 'awed']","['warmth_provides_comfort_associated_conveys', 'admiration_admired_others_approval_seeks', 'temperature_temperatures_high_sensitive_occurs', 'fashion_trends_style_styles_associated', 'cold_coldness_colder_freezing_moderate', 'calmness_calm_demeanor_calming_associated', 'popularity_acceptance_audience_popular_idolized']"
13923,grew,3.52,3,"[2, 4]","['made', 'grow', 'tech', 'make', 'vase']","['size_increase_increases_larger_indicates', 'development_creation_refers_technology_specification']"
9874,dyer,3.52,3.142857142857143,"[5, 2, 5, 1, 5, 2, 2]","['bump', 'heed', 'yarn', 'leaf', 'body']","['color_changes_change_colors_leaves', 'dyeing_dyes_dye_natural_process', 'textile_textiles_used_make_industry', 'machine_machines_recorder_person_tape', 'safety_accidents_airbags_precautions_seatbelts', 'waste_produces_produced_production_wastewater', 'requires_skill_skills_training_practice']"
29800,spar,3.52,3.3333333333333335,"[6, 2, 2]","['ahoy', 'knot', 'sail', 'mast', 'rope']","['used_sailing_nautical_boats_ships', 'sails_sailing_supports_vessel_sailboats', 'loads_load_heavy_bearing_supports']"
2381,bash,3.52,4,"[2, 7, 3, 4, 4]","['fest', 'luau', 'gala', 'grad', 'noel']","['invitation_invites_invitations_inviting_guests', 'celebration_celebrations_celebrated_celebrates_commemorate', 'food_drinks_includes_beverages_include', 'dancing_music_includes_include_flicks', 'indoors_outdoors_found_occur_indoor']"
21935,odor,3.52,4,"[4, 8, 3, 4, 3, 2]","['rose', 'posy', 'fond', 'vase', 'silk']","['strong_weak_weaker_siblings_weight', 'flowers_flower_roses_produce_bloom', 'perfumery_aromatherapy_used_perfumes_incense', 'memories_memory_stores_associated_trigger', 'unpleasant_unpleasantness_pleasant_sensation_bothersome', 'pleasant_look_touch_feels_generally']"
28088,sect,3.52,4.111111111111111,"[6, 6, 7, 7, 3, 2, 2, 3, 1]","['cult', 'rite', 'team', 'gang', 'frat']","['group_people_dynamics_collective_carried', 'beliefs_belief_shares_values_practices', 'leader_captain_leaders_disciples_followers', 'rituals_ceremonies_ritual_traditions_involves', 'recruit_members_new_recruitment_membership', 'controversial_extreme_misunderstood_opinions_positions', 'religious_nature_spiritual_often_might', 'crew_members_fans_team_per', 'teachings_doctrines_doctrine_catholic_upholds']"
13737,grab,3.52,4.2,"[4, 4, 3, 6, 4]","['bunt', 'stir', 'whip', 'move', 'drew']","['coordination_eye_hand_requires_good', 'hands_done_performed_hand_one', 'action_physical_actions_engaging_one', 'gentle_forceful_vigorous_aggressive_strong', 'used_purposes_collecting_puzzles_instructions']"
2443,bawl,3.52,5,"[11, 4, 5, 3, 5, 3, 4]","['wept', 'weep', 'wail', 'mope', 'glum']","['sadness_depression_expresses_sorrow_pain', 'sobbing_accompanied_sighing_crying_often', 'tears_shedding_crying_involves_accompanied', 'nasal_runny_nose_passages_accompanied', 'cries_cry_crying_communicate_loud', 'accompanied_furrowed_frown_facial_frowning', 'grief_associated_grieving_pain_mourning']"
19766,mend,3.5,3.2857142857142856,"[6, 4, 3, 2, 3, 4, 1]","['save', 'seam', 'leak', 'tuck', 'rend']","['sewing_stitches_stitch_stitching_involves', 'repair_repaired_requires_fixative_fix', 'fabric_fabrics_materials_applied_paper', 'restore_restored_restores_undoing_functionality', 'waste_management_reducing_services_removal', 'relationships_relationship_build_strengthen_improving', 'tools_requires_require_tool_like']"
20915,name,3.5,3.5714285714285716,"[4, 3, 5, 5, 2, 4, 2]","['iris', 'wont', 'tale', 'noun', 'they']","['gender_genders_unisex_languages_different', 'brand_branding_brands_company_recognition', 'identification_used_biometric_identify_forensic', 'changed_change_cannot_legally_difficult', 'unique_uniqueness_distinct_common_unusual', 'generations_passed_passes_stories_knowledge', 'legal_documents_used_settings_court']"
36097,wavy,3.5,4,"[6, 6, 3, 1]","['jazz', 'wove', 'curl', 'drum', 'trot']","['rhythm_syncopated_beat_rhythms_rhythmic', 'patterns_pattern_intricate_cyclical_sequences', 'waves_wave_riding_resembles_water', 'texture_textured_textures_surface_describe']"
33167,tune,3.5,4.416666666666667,"[4, 9, 3, 5, 9, 5, 2, 3, 3, 4, 4, 2]","['hymn', 'song', 'trio', 'riff', 'opus']","['musical_notation_music_symbol_sheet', 'music_used_genres_jazz_songs', 'emotions_evoke_evokes_negative_memories', 'sung_congregation_carols_choir_singing', 'instruments_played_accompanied_musical_piano', 'melody_melodic_melodies_sounds_produces', 'rhythm_melody_heartbeat_beat_tracks', 'cunning_cleverness_sly_catchy_mischievous', 'harmony_harmonies_harmonious_include_parts', 'sound_produce_electrical_converts_heard', 'tempo_music_paced_tempos_fast', 'remembered_forgotten_recorded_subsided_historically']"
22713,pain,3.5,5.846153846153846,"[13, 10, 6, 8, 3, 5, 9, 4, 8, 3, 4, 2, 1]","['hurt', 'ache', 'feel', 'need', 'sore']","['subjective_context_nature_personal_based', 'injury_caused_illness_incapacitation_result', 'chronic_temporary_intermittent_continuous_become', 'physical_mental_psychological_nature_intellectual', 'therapy_speech_managed_treated_cured', 'stress_cause_exacerbated_lead_frustration', 'sensation_sensations_skin_feel_physical', 'intensity_varies_vary_duration_mild', 'emotional_companionship_love_psychological_fatigue', 'unpleasant_unpleasantness_pleasant_sensation_bothersome', 'acute_chronic_may_zygote_father', 'throbbing_aching_described_erect_stabbing', 'localized_local_global_widespread_distance']"
27395,rung,3.5,6.142857142857143,"[4, 18, 8, 4, 3, 1, 5]","['drum', 'sill', 'sofa', 'mock', 'maul']","['weight_supports_body_sitting_upper', 'wood_metal_made_plastic_materials', 'cylindrical_shape_body_spherical_elongated', 'climbing_climb_used_climbable_climbs', 'horizontal_vertical_diagonal_horizontally_bar', 'ladder_ladders_part_spaced_found', 'exercise_used_training_fitness_exercises']"
25138,puff,3.48,1.5,"[2, 1]","['tart', 'zing', 'bird', 'doll', 'sand']","['pastry_type_flaky_patisseries_lattice', 'air_inhalation_exhalation_exhaling_produced']"
17878,keel,3.48,2.5,"[3, 4, 2, 1]","['hull', 'mast', 'heel', 'sink', 'soda']","['vessel_framework_vessels_supports_depending', 'ship_undermount_vessel_part_boat', 'located_bottom_foot_back_cockpit', 'stability_weakened_provides_strengthens_stable']"
36185,week,3.48,2.888888888888889,"[3, 3, 5, 3, 2, 5, 2, 2, 1]","['year', 'june', 'days', 'lent', 'july']","['month_shorter_months_days_consecutive', 'days_seven_31_30_consists', 'season_year_occurs_annually_seasons', 'begins_starts_wednesday_ash_monday', 'saturday_ends_sunday_holy_week', 'unit_time_units_per_quantity', 'scheduling_schedules_planning_used_schedule', 'days_weekdays_24_weekend_day', 'planning_used_events_management_schedules']"
17726,john,3.48,3.125,"[3, 3, 5, 2, 2, 4, 4, 2]","['josh', 'tony', 'clan', 'camp', 'hymn']","['praise_god_means_graced_gracious', 'name_names_used_given_naming', 'english_language_used_speaking_countries', 'hebrew_derived_name_yehoshua_greek', 'name_male_first_common_richard', 'toilets_restrooms_toilet_disposed_latrines', 'surname_name_nickname_first_last', 'roosevelt_franklin_kennedy_john_famous']"
25656,rave,3.48,4,"[5, 7, 2, 1, 5]","['hula', 'jerk', 'bees', 'film', 'kick']","['night_heard_occurs_precedes_sleep', 'dance_dancing_move_party_danced', 'effects_special_strobe_visuals_include', 'people_gathering_crowds_crowd_attendees', 'live_concerts_performed_music_performances']"
27733,scan,3.48,4.2,"[4, 10, 3, 2, 2]","['draw', 'note', 'film', 'drew', 'poke']","['invasive_unwelcome_non_impolite_native', 'digital_analog_physical_digitally_page', 'image_images_producing_creates_diagrams', 'medical_used_tests_diagnosis_diagnostics', 'equipment_requires_special_require_often']"
23919,plop,3.48,4.2,"[4, 6, 3, 2, 6]","['milk', 'oink', 'soft', 'whey', 'poof']","['sound_represents_sounds_soft_refers', 'liquid_liquids_semi_food_wet', 'liquid_small_drop_amount_dropping', 'splash_splashing_cause_differentiated_flits', 'onomatopoeic_onomatopoeia_word_onomatopoetic_frequently']"
36736,work,3.48,4.857142857142857,"[9, 2, 6, 8, 3, 3, 3]","['shop', 'task', 'ease', 'heal', 'doer']","['tasks_performs_task_perform_household', 'training_requires_practice_education_rigorous', 'effort_requires_require_attempt_effortlessness', 'physical_mental_psychological_nature_intellectual', 'unpaid_late_fees_paid_incur', 'location_physical_place_office_change', 'services_goods_sells_service_sale']"
5296,clog,3.47,5.375,"[5, 2, 9, 8, 6, 4, 5, 4]","['shoe', 'boot', 'pair', 'sock', 'heel']","['dance_dancing_worn_used_ballet', 'sound_walking_footsteps_noisy_loud', 'footwear_shoe_shoes_type_worn', 'foot_covers_feet_ankle_bottom', 'heel_heels_ankle_shoe_height', 'sole_toe_box_insoles_rubber', 'wood_made_often_handle_plastic', 'slip_surface_non_slipping_on']"
35875,wade,3.47,5.75,"[6, 8, 3, 6]","['ford', 'punt', 'pair', 'tide', 'swim']","['river_rivers_stream_crossing_streams', 'foot_covers_feet_ankle_bottom', 'water_moving_movement_walk_refers', 'water_bodies_occurs_shallow_surrounded']"
7208,crud,3.46,3,"[4, 3, 2]","['slob', 'damp', 'scum', 'curd', 'germ']","['bacteria_germs_contain_harbor_live', 'odor_smell_odors_emit_emits', 'cleanliness_dirty_filthy_unclean_grimy']"
14165,gunk,3.46,3.2857142857142856,"[5, 2, 8, 2, 2, 2, 2]","['pore', 'blob', 'poop', 'soil', 'slug']","['sticky_side_non_notes_stick', 'surface_surfaces_occurs_adheres_spot', 'color_varies_brown_depending_yellow', 'remove_difficult_hard_peel_easier', 'clog_clogged_become_waterways_block', 'smell_odor_bad_unpleasant_hygiene', 'viscous_consistency_texture_viscosity_thick']"
14878,high,3.46,3.4,"[4, 4, 5, 2, 2]","['hike', 'many', 'atop', 'glen', 'peak']","['hills_mountains_cliffs_surrounded_mountainous', 'elevation_altitude_high_gain_elevations', 'elevated_ground_surrounding_clearance_level', 'opposite_low_little_spiciness_any', 'euphoria_feelings_cause_describe_causes']"
31060,suck,3.46,3.5,"[4, 6, 3, 1]","['blow', 'lick', 'shag', 'void', 'yawn']","['beverages_used_drinks_cocktails_consume', 'mouth_involves_muscles_tongue_lips', 'vacuum_vacuums_vacuuming_physics_difficult', 'pressure_temperature_negative_yields_high']"
28344,serf,3.46,3.5,"[4, 4, 3, 3, 7, 3, 1, 3]","['lord', 'wage', 'wife', 'bill', 'prey']","['protection_protected_guards_shin_protect', 'land_estate_owns_property_estates', 'medieval_times_lived_fantasy_often', 'freedom_escape_movement_choice_expression', 'taxes_tax_subject_deductible_taxation', 'person_entity_zygote_fatigue_fatalism', 'land_worked_bound_lord_plowed', 'married_spouse_husband_wedding_marry']"
15601,icon,3.46,4.333333333333333,"[4, 6, 3]","['java', 'byte', 'grid', 'plus', 'loop']","['worship_temples_churches_found_places', 'programming_computing_used_computer_data', 'user_applications_used_interfaces_android']"
5140,clan,3.46,4.6,"[8, 7, 7, 4, 6, 4, 4, 3, 2, 1]","['gang', 'peer', 'john', 'meet', 'need']","['decision_decisions_making_makes_collective', 'conflict_conflicts_disputes_resolution_clans', 'hierarchy_hierarchical_structure_maslow_hierarchies', 'traditions_oral_tradition_cultural_family', 'identity_individual_personal_collective_sense', 'lineage_kinship_ancestry_family_shares', 'surname_name_nickname_first_last', 'territorial_territory_territories_roams_homeland', 'social_groups_group_murders_forms', 'support_supports_mutual_triplets_others']"
31181,sunk,3.46,5.666666666666667,"[3, 3, 11]","['sank', 'reef', 'were', 'went', 'wore']","['underwater_submerged_submersion_drowning_water', 'ships_ship_vessels_often_aircraft', 'tense_past_verb_sink_weave']"
13879,gray,3.46,6.2,"[11, 7, 6, 6, 1]","['grey', 'blue', 'drab', 'bawl', 'warm']","['sadness_depression_expresses_sorrow_pain', 'weather_overcast_skies_describe_cloudy', 'grayish_gray_grey_spelled_brown', 'color_colored_hair_zygote_fathering', 'saturation_lacks_color_saturated_low']"
14859,hick,3.45,2.3333333333333335,"[4, 2, 1]","['peon', 'reap', 'toil', 'slur', 'zing']","['labor_manual_farming_associated_performs', 'derogatory_derogatorily_pejorative_term_used', 'accent_dialect_accents_regional_accented']"
22146,oral,3.45,4.5,"[5, 5, 4, 6, 3, 4]","['talk', 'lore', 'fail', 'skit', 'hula']","['mouth_mouthpiece_blowing_wide_mouthfeel', 'storytelling_medium_storyline_plot_common', 'traditions_oral_tradition_cultural_family', 'communication_used_communicate_telecommunications_telephones', 'exams_examination_tests_examiner_examinations', 'speaking_involves_dialogue_simmering_words']"
27400,runt,3.44,3.1666666666666665,"[4, 3, 4, 4, 3, 1]","['farm', 'sons', 'odor', 'mule', 'babe']","['strong_weak_weaker_siblings_weight', 'endangered_wild_species_habitat_predation', 'food_production_supply_foods_sells', 'siblings_nieces_nephews_children_bond', 'care_constant_requires_needs_special', 'litter_smallest_tray_box_waste']"
685,aids,3.44,3.230769230769231,"[5, 4, 5, 3, 3, 4, 3, 4, 3, 2, 4, 1, 1]","['heal', 'gout', 'cure', 'slum', 'mono']","['needle_needles_syringe_uses_thread', 'health_global_issue_holistic_restores', 'sexual_activity_explicit_behaviors_intercourse', 'managed_prescribed_medication_antiretroviral_therapy', 'blood_diagnosed_tests_test_diagnosis', 'bodily_fluid_transmitted_fluids_orifice', 'immune_system_response_immunity_attacks', 'prevented_preventative_mitigated_measures_preventable', 'stigma_stigmatized_social_faces_discrimination', 'virus_barr_epstein_caused_hiv', 'diseases_disease_affected_pneumonia_prone', 'opportunistic_infections_infection_risk_increases', 'treatment_requires_lifelong_medical_needs']"
36237,west,3.44,3.5555555555555554,"[2, 7, 7, 4, 2, 3, 2, 2, 3]","['east', 'onto', 'side', 'dawn', 'veer']","['culture_cultural_western_cultures_traditions', 'direction_clockwise_cardinal_directional_counterclockwise', 'sun_sunrise_sunset_sunsets_obscures', 'navigation_used_maps_directions_gmt', 'maps_compass_map_found_north', 'hemisphere_northern_summer_southern_winter', 'opposite_far_east_there_go', 'region_country_countries_regions_geographic', 'day_marks_beginning_end_workday']"
29244,slop,3.44,3.8333333333333335,"[5, 6, 3, 4, 4, 1]","['whey', 'corn', 'bran', 'plop', 'stew']","['feed_livestock_animal_used_feeding', 'liquid_liquids_semi_food_wet', 'pig_piggy_kalua_fed_banks', 'consistency_thick_thin_smooth_wobbly', 'food_type_health_street_considered', 'leftovers_scraps_leftover_originated_waste']"
3135,blot,3.44,4,"[7, 8, 4, 2, 2, 1, 4]","['bust', 'verb', 'gore', 'oily', 'inky']","['absorbs_absorb_liquid_absorbed_water', 'stain_stains_surfaces_clothes_fabrics', 'irregular_shape_irregularly_regular_shaped', 'remove_difficult_hard_peel_easier', 'paper_printed_papers_glued_copy', 'spilling_spillage_spill_spillway_dribbling', 'art_artwork_artistic_used_artistically']"
25734,ream,3.44,4.125,"[7, 8, 3, 4, 4, 5, 1, 1]","['inks', 'font', 'page', 'text', 'soap']","['writing_used_books_calligraphy_text', 'printing_used_ink_printmaking_cartridge', 'mattress_500_mattresses_contains_sheets', 'packaged_plastic_paper_wrapped_glass', 'paper_made_electronic_plastic_polymer', 'weight_weighs_pounds_grams_ounces', 'sizes_size_a4_various_shapes', 'used_offices_schools_certification_homes']"
19489,mass,3.44,4.333333333333333,"[5, 3, 3, 5, 2, 8]","['five', 'hang', 'star', 'lock', 'some']","['gravity_gravitational_pull_force_moon', 'weight_overweight_refers_mass_body', 'volume_varies_density_calculated_vary', 'closed_opened_conserved_open_locked', 'inertia_inert_inertial_nonreactive_inelastic', 'quantity_represents_scalar_used_describe']"
20821,musk,3.44,4.5,"[3, 8, 4, 8, 6, 3, 4, 4, 2, 3]","['rose', 'shit', 'nose', 'waft', 'cure']","['medicine_traditional_used_herbal_remedies', 'odor_strong_smell_unpleasant_musty', 'repair_repaired_requires_fixative_fix', 'found_animals_mammals_horses_deer', 'synthetic_natural_organic_candy_grass', 'mucus_mucous_membranes_musky_produced', 'produced_animals_humans_frog_geese', 'fragrant_scented_fragrance_scent_aroma', 'scent_scents_carries_smells_territory', 'perfumery_aromatherapy_used_perfumes_incense']"
33195,turn,3.44,4.5,"[2, 4, 7, 5]","['flip', 'warp', 'bend', 'onto', 'axis']","['turning_turn_turns_something_refer', 'rotation_rotational_involves_spinning_angular', 'direction_clockwise_cardinal_directional_counterclockwise', 'direction_change_suddenly_changes_object']"
13248,gaze,3.43,2.857142857142857,"[6, 6, 1, 1, 1, 1, 4]","['ahem', 'diva', 'ahoy', 'gawk', 'fuss']","['looking_stare_staring_look_glance', 'attention_demands_signals_attract_requires', 'nonverbal_communication_cue_form_verbal', 'attraction_affinity_signal_closer_physical', 'contact_eye_avoiding_involves_direct', 'facial_expressions_accompanied_expressed_expression', 'emotions_express_feelings_convey_emotion']"
18545,liar,3.43,4,"[5, 5, 6, 2, 2, 4]","['scam', 'dupe', 'hoax', 'lied', 'sham']","['trust_preys_untrustworthy_naivety_distrust', 'deception_deceive_engages_means_deceived', 'false_falsehood_true_falsehoods_information', 'lies_truth_lying_truthfulness_guilt', 'facts_credibility_fact_checking_manipulate', 'persuasive_persuasion_informative_skilled_tactics']"
18708,link,3.43,4.5,"[9, 2, 2, 3, 4, 2, 6, 8]","['node', 'gold', 'note', 'join', 'meow']","['jewelry_used_earrings_piece_making', 'connection_connections_connects_temporary_cufflink', 'connects_two_connected_connect_elements', 'website_url_hyperlink_web_websites', 'networking_networks_network_opportunities_alumni', 'chain_yank_flail_chains_connecting', 'communication_used_communicate_telecommunications_telephones', 'relationship_relationships_connection_association_shows']"
245,ache,3.43,4.9,"[10, 7, 6, 9, 3, 3, 4, 4, 2, 1]","['pain', 'achy', 'sore', 'itch', 'hurt']","['injury_caused_illness_incapacitation_result', 'sharp_sharpened_blade_blunt_tool', 'chronic_temporary_intermittent_continuous_become', 'sensation_sensations_skin_feel_physical', 'indicate_medical_illness_condition_health', 'dull_dulled_honed_sharp_appears', 'intensity_varies_vary_duration_mild', 'acute_chronic_may_zygote_father', 'throbbing_aching_described_erect_stabbing', 'inflammation_inflammatory_cell_turgidity_count']"
17744,jolt,3.41,3.25,"[3, 5, 3, 2]","['leap', 'wave', 'thud', 'jerk', 'volt']","['sudden_movement_motion_quick_implies', 'unexpected_often_surprises_defense_startling', 'electric_powered_electrical_electronic_ac', 'energy_transfers_transfer_carries_equation']"
27268,rosy,3.41,3.8333333333333335,"[3, 2, 8, 3, 4, 3]","['spry', 'posy', 'lung', 'vase', 'pale']","['vitality_vital_health_oxygenating_blood', 'cheerful_lively_cheerfulness_spirited_heartedness', 'flowers_flower_roses_produce_bloom', 'pink_color_red_raw_flesh', 'skin_complexion_condition_flushed_describe', 'optimism_optimistic_outlook_hope_associated']"
27471,safe,3.41,4.214285714285714,"[2, 11, 4, 10, 8, 3, 3, 2, 3, 4, 4, 2, 2, 1]","['lock', 'vial', 'case', 'silo', 'tack']","['heavy_light_cumbersome_fluffy_lightweight', 'metal_made_father_fatale_fatales', 'key_combination_keys_keyboard_opened', 'storage_used_store_storing_equipment', 'container_containers_secure_shipping_comes', 'hinges_bolts_frames_extra_equipped', 'resistant_water_uv_weather_available', 'walls_mounted_wall_ceiling_installed', 'stores_money_valuables_well_storehouse', 'lock_locking_locks_mechanism_padlocks', 'hidden_hide_hiding_buried_walls', 'protects_elements_contents_valuables_protect', 'button_keypad_emergency_may_keyboards', 'fire_resistant_centerfire_rimfire_kiln']"
21192,news,3.41,4.5,"[7, 6, 2, 7, 2, 11, 4, 3, 3, 4, 3, 2]","['know', 'what', 'riot', 'gala', 'host']","['event_events_sequence_organizes_current', 'political_politics_power_issues_exercised', 'media_reported_journalists_covered_newspapers', 'opinion_public_opinions_influence_reflects', 'interviews_interview_job_description_includes', 'information_piece_personal_seeks_summarizes', 'broadcasted_television_broadcast_online_streamed', 'factual_rhetorical_false_true_truth', 'weather_patterns_forecasts_influences_affects', 'shared_sharing_others_platforms_information', 'break_breaking_breakable_breaks_breakage', 'updated_regularly_updates_upgrades_update']"
2816,bind,3.4,3,"[5, 3, 2, 2]","['hoof', 'dock', 'cage', 'cast', 'rope']","['tying_tie_shod_horseshoes_cleats', 'restricts_movement_restrict_prevents_restrains', 'book_books_bookbinding_publication_part', 'rope_string_ropes_tied_done']"
23808,plan,3.4,3.1666666666666665,"[3, 2, 2, 1, 8, 3]","['doer', 'boss', 'meet', 'risk', 'save']","['goals_goal_achieving_achieve_sets', 'resources_resource_resourceful_resourcefulness_allocation', 'documented_receipts_recorded_metadata_certificates', 'subject_change_changes_circumstances_based', 'decision_decisions_making_makes_collective', 'detailed_specific_general_detail_comprehensive']"
27047,rift,3.4,3.2,"[2, 5, 2, 4, 3]","['from', 'thaw', 'peak', 'gold', 'lead']","['valley_valleys_molehills_trenches_creates', 'earth_crust_surface_mined_found', 'geological_formed_processes_tectonic_formations', 'ice_polar_snow_glaciers_caps', 'separation_separates_separating_group_departure']"
17828,june,3.4,3.3333333333333335,"[3, 3, 4, 3, 3, 2, 1, 6, 5]","['july', 'week', 'skim', 'toga', 'papa']","['month_shorter_months_days_consecutive', 'days_seven_31_30_consists', 'year_school_end_academic_many', 'hemisphere_northern_summer_southern_winter', 'roman_named_goddess_juno_caesar', 'cancer_leo_signs_gemini_zodiac', 'festivals_music_concerts_jazz_festive', 'day_holidays_valentine_celebrated_holiday', 'dairy_milk_butter_product_cream']"
15323,hulk,3.39,2.5,"[2, 3]","['buff', 'ogre', 'cowl', 'zing', 'sled']","['superheroes_superhero_comics_marvel_costumes', 'strength_physical_superhuman_great_strengths']"
7569,dash,3.39,2.8,"[3, 3, 3, 4, 1]","['ahem', 'lull', 'text', 'with', 'hill']","['range_indicates_ranges_indicate_groups', 'pause_interruption_interrupt_interrupts_interrupted', 'punctuation_apostrophe_require_mark_include', 'sentences_sentence_meaning_affects_structure', 'compound_words_nouns_forms_compounds']"
32518,toke,3.39,3.3333333333333335,"[3, 4, 7, 3, 1, 2]","['dope', 'duel', 'fake', 'stub', 'sigh']","['smoke_produces_extinguished_emits_point', 'exhalation_inhalation_inhaling_exhaling_lungs', 'illegal_lawful_jurisdictions_unlawful_jurisdiction', 'smoking_cigarette_puff_smoke_draw', 'pipe_pipes_bong_vises_major', 'coughing_cause_jaundice_improperly_choking']"
7838,deep,3.38,2,"[4, 2, 1, 1, 2]","['echo', 'pull', 'pond', 'thud', 'near']","['distance_diminishes_measures_time_measured', 'shallow_opposite_lakes_compared_usually', 'surface_indicates_something_bottom_gone', 'complexity_varies_size_vary_simple', 'low_pitched_sound_frequency_pitch']"
32668,tour,3.38,3.7142857142857144,"[4, 1, 7, 2, 3, 3, 6]","['trip', 'tone', 'mail', 'when', 'host']","['travel_involves_another_itinerary_one', 'guided_guiding_spirit_self_gerund', 'duration_set_time_indicate_variable', 'sightseeing_involve_means_tourism_might', 'accommodation_accommodations_lodging_staying_include', 'international_domestic_internationally_national_multinational', 'leisure_activity_leisurely_activities_prefers']"
28785,shut,3.38,4,"[5, 5, 2, 4, 4, 4]","['ajar', 'slam', 'whoa', 'swag', 'quit']","['stop_stopping_means_pause_shut', 'end_ending_ly_event_beginning', 'open_opposite_closed_positioned_partially', 'doors_windows_containers_refer_associated', 'closes_opens_closing_open_opening', 'lock_locking_locks_mechanism_padlocks']"
3648,bred,3.38,5,"[6, 6, 5, 3]","['sift', 'ovum', 'twin', 'life', 'mill']","['flour_wheat_made_aerate_whole', 'reproduction_reproductive_reproduce_involves_reproduces', 'genetic_traits_pedigree_information_makeup', 'genetic_traits_genetics_factors_inherit']"
36833,wove,3.38,6.428571428571429,"[6, 5, 11, 11, 4, 6, 2]","['knit', 'darn', 'sewn', 'yarn', 'clay']","['fabric_textiles_fabrics_creates_strengthens', 'hand_done_machine_person_face', 'tense_past_verb_sink_weave', 'crafts_used_crafting_making_pottery', 'wool_synthetic_cotton_fibers_made', 'patterns_pattern_intricate_cyclical_sequences', 'threads_weaving_interlacing_loom_refers']"
29896,sped,3.38,7,"[7, 7]","['city', 'quiz', 'exam', 'blur', 'warp']","['educational_institutions_students_settings_schools', 'speed_fiction_velocity_associated_represents']"
8669,dine,3.37,3.142857142857143,"[2, 2, 1, 4, 2, 7, 4]","['cafe', 'eats', 'mull', 'mall', 'sake']","['table_chairs_tables_dining_bedside', 'booked_reservations_reservation_app_phone', 'social_activity_settings_activities_pokes', 'restaurants_food_served_serves_courts', 'courses_course_multiple_deviates_sensei', 'alcoholic_drinks_beverages_drunk_alcohol', 'menu_shortcut_ctrl_keyboard_settings']"
12708,four,3.37,3.6666666666666665,"[4, 4, 5, 8, 2, 3, 3, 2, 2]","['five', 'nine', 'zero', 'some', 'dual']","['pairs_pair_comes_two_pairings', 'sequence_sequences_position_follows_fibonacci', 'number_integer_prime_numbers_specificity', 'quantity_represents_scalar_used_describe', 'square_three_number_81_squared', 'numerals_arabic_roman_numeral_written', 'four_one_less_three_five', 'counting_counted_count_used_determine', 'even_number_evens_odds_odd']"
27513,sale,3.37,3.8,"[3, 5, 5, 3, 3, 4, 3, 3, 5, 4]","['sell', 'sold', 'swap', 'cost', 'hype']","['transaction_transactions_completed_transactional_ongoing', 'goods_exchange_services_exchanged_money', 'discounts_offer_sales_may_loyalty', 'seasonal_seasonally_season_summer_winter', 'consumer_consumers_purchase_behavior_demand', 'marketing_advertising_advertised_strategy_commercials', 'negotiation_price_involves_negotiations_interview', 'seller_buyer_requires_sellers_sale', 'promoted_promotion_bonuses_promotions_advertising', 'demand_supply_market_influenced_conditions']"
30136,spun,3.37,4.333333333333333,"[3, 5, 5]","['yarn', 'dyer', 'dial', 'knit', 'spin']","['yarn_thread_knitting_types_ply', 'rotated_rotates_rotation_spinning_spun', 'textile_textiles_used_make_industry']"
899,alto,3.37,5,"[4, 9, 7, 5, 5, 2, 5, 3]","['diva', 'clef', 'tune', 'sang', 'male']","['bass_alto_instrument_instruments_tenor', 'music_used_genres_jazz_songs', 'vocal_voice_cords_vocalizes_deeper', 'classical_music_contemporary_used_genres', 'sung_congregation_carols_choir_singing', 'opera_soprano_operas_tenor_theatre', 'singing_vocal_voice_music_singer', 'range_indicates_ranges_indicate_groups']"
23174,peep,3.37,6.5,"[5, 4, 12, 5]","['meow', 'coop', 'sate', 'soar', 'flew']","['made_cats_animals_birds_humans', 'pitched_high_sound_sharp_noise', 'birds_bird_crows_crow_chickens', 'hunger_appetite_satisfies_thirst_cravings']"
31699,tall,3.36,3,"[4, 3, 2]","['soar', 'tuck', 'ploy', 'trim', 'fold']","['reduces_size_clothing_fit_item', 'advantage_advantageous_gain_competitive_mechanical', 'height_varies_vary_heights_average']"
7612,days,3.36,4.142857142857143,"[7, 6, 5, 4, 4, 2, 1]","['dusk', 'dawn', 'week', 'year', 'west']","['sun_sunrise_sunset_sunsets_obscures', 'day_holidays_valentine_celebrated_holiday', 'unit_time_units_per_quantity', 'night_nighttime_transition_nights_evening', 'daylight_shadows_shortest_shorter_changes', 'days_weekdays_24_weekend_day', 'earth_rotation_due_determined_tilt']"
19225,maim,3.36,6.2,"[9, 8, 8, 3, 3]","['harm', 'gone', 'fist', 'gory', 'hurl']","['injury_cause_injuries_causes_susceptible', 'violence_violent_associated_often_intimidation', 'intentional_accidental_unintentional_accidentally_intentionally', 'loss_lost_limb_potential_lead', 'trauma_psychological_blunt_lead_induce']"
28196,sell,3.35,3.4615384615384617,"[3, 5, 4, 3, 3, 4, 4, 3, 2, 3, 7, 2, 2]","['sale', 'sold', 'swap', 'serf', 'task']","['transaction_transactions_completed_transactional_ongoing', 'goods_exchange_services_exchanged_money', 'marketing_advertising_advertised_strategy_commercials', 'negotiation_price_involves_negotiations_interview', 'seller_buyer_requires_sellers_sale', 'demand_supply_market_influenced_conditions', 'contract_agreement_contracts_require_involves', 'ownership_transfer_transfers_possession_transferring', 'online_conducted_paper_digitally_administered', 'regulations_subject_laws_rules_safety', 'taxes_tax_subject_deductible_taxation', 'marketplace_occur_markets_happen_organizations', 'profit_result_product_loss_outcome']"
1823,atom,3.34,2.3333333333333335,"[4, 3, 3, 4, 2, 1, 1, 1, 2]","['cell', 'lazy', 'said', 'lead', 'plug']","['chemical_element_unit_basic_substance', 'bonds_chemical_atoms_molecules_forms', 'nucleus_electrons_orbit_positron_electron', 'neutral_polarized_charge_overall_shade', 'ions_hydrogen_electrons_ionized_donate', 'protons_neutrons_electrons_isotopes_subatomic', 'quantum_physics_mechanics_particle_laws', 'reactions_chemical_reaction_chain_involved', 'energy_levels_low_quantized_high']"
29702,sort,3.34,4.3,"[20, 4, 4, 2, 2, 2, 2, 1, 4, 2]","['seek', 'step', 'tell', 'gape', 'menu']","['verb_form_english_language_zygote', 'categorized_category_classification_categories_categorization', 'arranged_orderly_systematically_arranging_piled', 'numerical_value_numerically_measured_terms', 'numbered_named_bulleted_putable_callable', 'descending_ascending_used_terrain_motion', 'organizing_organize_used_items_information', 'efficiency_efficient_improves_performance_engineered', 'searching_search_finding_items_looking', 'order_sequence_chronological_putting_command']"
32562,tony,3.33,3.25,"[4, 3, 2, 4]","['john', 'josh', 'clan', 'poet', 'gala']","['awards_award_prizes_medals_honored', 'name_names_used_given_naming', 'name_male_first_common_richard', 'surname_name_nickname_first_last']"
24183,pose,3.33,3.2857142857142856,"[6, 2, 2, 6, 4, 2, 1]","['lens', 'pray', 'yogi', 'oval', 'real']","['posture_postures_kneeling_body_ergonomic', 'yoga_practices_teaches_meditation_retreats', 'period_time_held_probationary_probation', 'art_used_painting_drawing_sculptures', 'photography_cameras_used_cinematography_camera', 'artificial_natural_artificially_created_reproduced', 'dynamic_static_change_condenser_type']"
29769,sown,3.33,3.4285714285714284,"[5, 3, 5, 3, 1, 3, 4]","['reap', 'plow', 'rake', 'week', 'fair']","['soil_turns_conditions_decomposes_furrows', 'agriculture_agricultural_farmers_farming_associated', 'season_year_occurs_annually_seasons', 'seeds_planting_seed_sowing_preceded', 'plants_growth_plant_grows_competes', 'germination_germinate_germinates_stratification_water', 'water_requires_watering_food_needs']"
36225,well,3.33,3.8,"[9, 6, 7, 5, 2, 3, 2, 1, 1, 2]","['pump', 'digs', 'mine', 'bath', 'wish']","['digging_excavation_drilling_dug_drilled', 'water_used_plumbing_accessing_purification', 'structure_structural_network_unit_basic', 'may_mechanism_might_attached_locking', 'lid_cover_cap_covered_removable', 'faucet_source_groundwater_water_drinking', 'rural_areas_found_urban_undeveloped', 'deep_shallow_expansive_plate_waters', 'contaminated_contaminate_contamination_become_food', 'hope_wished_wishing_associated_upon']"
13980,grit,3.33,3.8333333333333335,"[7, 3, 4, 6, 1, 2]","['sand', 'hero', 'guts', 'dust', 'hone']","['courage_bravery_brave_embodies_metaphorically', 'abrasive_abrasion_cause_surface_material', 'particles_fine_composed_particulate_small', 'rock_sedimentary_rocks_formations_sediment', 'found_roads_icy_winter_road', 'perseverance_persevere_resilience_adversity_related']"
27762,scat,3.33,5.714285714285714,"[14, 5, 8, 3, 2, 6, 2]","['prop', 'bird', 'slug', 'tree', 'rash']","['size_varies_large_small_color', 'used_scientific_research_experiments_science', 'color_varies_brown_depending_yellow', 'attract_insects_flies_pests_attracts', 'feces_expels_animal_forcibly_semen', 'shape_varies_size_depending_among', 'animal_animals_feed_diet_food']"
15310,huff,3.32,2.6666666666666665,"[4, 2, 2]","['sigh', 'oust', 'gasp', 'toke', 'sled']","['exhalation_inhalation_inhaling_exhaling_lungs', 'frustration_indicate_express_anger_response', 'forceful_sudden_action_powerful_may']"
11611,fast,3.32,4.333333333333333,"[7, 3, 3]","['rate', 'sped', 'blur', 'whiz', 'slow']","['speed_fiction_velocity_associated_represents', 'athleticism_athletic_scholarships_receive_prowess', 'opposite_fast_early_slow_later']"
1666,ashy,3.32,4.428571428571429,"[7, 4, 4, 6, 3, 4, 3]","['drab', 'fire', 'mite', 'balm', 'hell']","['moist_skin_moisturizing_smooth_dried', 'volcanic_volcanoes_eruptions_volcano_lava', 'fire_brimstone_flames_fireplaces_fiery', 'grayish_gray_grey_spelled_brown', 'color_colors_palette_describes_hue', 'dust_dusty_smoke_surface_covered', 'ash_ashes_burning_leaves_transforms']"
11911,fill,3.32,5.25,"[9, 4, 4, 4]","['fade', 'loud', 'kept', 'lift', 'join']","['permanent_temporary_persistent_lasting_semi', 'volume_radios_increases_decrease_sound', 'capacity_maximum_limit_storage_limited', 'remaining_something_place_remains_discarding']"
32944,trek,3.31,3,"[3, 4, 2, 2, 3, 3, 4, 3]","['camp', 'roam', 'axel', 'mars', 'park']","['last_days_lasts_40_lasting', 'hiking_trails_paths_walking_trail', 'journey_quest_trip_long_tour', 'foot_one_lands_landing_footed', 'camping_tents_campfire_camps_campfires', 'exploration_adventure_explored_rovers_associated', 'areas_recreational_area_parks_activities', 'navigation_skills_beginners_navigate_accessible']"
24053,poll,3.31,3.125,"[7, 5, 5, 2, 2, 2, 1, 1]","['logo', 'chic', 'sign', 'what', 'quiz']","['opinion_public_opinions_influence_reflects', 'marketing_used_branding_market_logos', 'questions_ended_question_asks_open', 'trends_trendiness_trend_trendy_shows', 'online_conducted_paper_digitally_administered', 'samples_sample_population_testing_holds', 'bias_biased_phrasing_dismissed_question', 'anonymous_anonymously_untraceable_anonymity_done']"
29291,slur,3.31,3.5,"[7, 3, 2, 2]","['hick', 'lewd', 'lisp', 'fuck', 'joke']","['offensive_considered_inappropriate_speech_senses', 'speech_impediment_speaking_understand_pattern', 'derogatory_derogatorily_pejorative_term_used', 'prejudice_discrimination_stereotypes_lead_racist']"
1026,anal,3.3,2.3333333333333335,"[5, 2, 2, 2, 2, 1]","['anus', 'boob', 'neck', 'guts', 'bile']","['digestive_system_tract_intestines_stomach', 'defecation_rectum_bowel_involved_movements', 'sphincter_muscles_sphincters_surrounded_urinary', 'hemorrhoids_site_issues_medical_like', 'cancer_medical_subject_issues_prostate', 'anus_graveolens_anethum_emitted_released']"
13692,goon,3.3,3.25,"[2, 4, 4, 3]","['thug', 'gang', 'pimp', 'mall', 'jail']","['crime_thug_gang_gangs_organized', 'criminal_activity_activities_justice_associated', 'illegal_involved_activities_trafficking_illicit', 'security_personnel_bodyguard_guards_emergency']"
33286,type,3.3,3.8,"[3, 4, 2, 8, 2]","['font', 'ream', 'etch', 'inky', 'cyan']","['italic_bold_italicized_underlined_boldness', 'categorized_category_classification_categories_categorization', 'serif_sans_font_encoded_fonts', 'printing_used_ink_printmaking_cartridge', 'width_widths_sizes_variable_size']"
18974,lots,3.3,4,"[5, 5, 2]","['many', 'much', 'gush', 'full', 'slew']","['large_quantity_number_amount_refers', 'abundance_implies_opposite_indicates_overflow', 'vary_size_shape_greatly_caliber']"
12770,frat,3.3,4.166666666666667,"[7, 3, 6, 10, 3, 3, 2, 3, 2, 4, 3, 4]","['sect', 'cult', 'dorm', 'earl', 'meal']","['rituals_ceremonies_ritual_traditions_involves', 'recruit_members_new_recruitment_membership', 'career_professional_development_opportunities_advancement', 'charitable_charity_philanthropy_philanthropic_charities', 'university_college_students_campuses_colleges', 'living_communal_house_home_quarters', 'organization_organizations_organizational_larger_splinter', 'social_event_events_parties_significant', 'greek_letter_alphabet_names_second', 'networking_networks_network_opportunities_alumni', 'regulations_subject_laws_rules_safety', 'leadership_qualities_skills_tenure_position']"
3194,blur,3.3,4.333333333333333,"[3, 7, 2, 4, 5, 5]","['seen', 'warp', 'frog', 'fast', 'read']","['eyesight_eyes_eye_poor_retina', 'speed_fiction_velocity_associated_represents', 'cause_movement_difficulty_disfigurement_tripping', 'art_artwork_artistic_used_artistically', 'focus_attention_focusing_concentration_focused', 'vision_blur_affected_glaucoma_impairments']"
27098,ripe,3.3,4.857142857142857,"[5, 6, 6, 4, 3, 4, 6]","['diet', 'date', 'pear', 'dill', 'leaf']","['color_changes_change_colors_leaves', 'texture_soft_rough_chewy_crunchy', 'fruit_fruits_maturity_vegetables_color', 'nutrition_nutritional_dietary_value_supplement', 'shelf_life_long_shorter_unopened', 'aroma_emits_scent_stronger_strong', 'sugar_sugars_sweeteners_contains_diet']"
22930,part,3.29,3.25,"[3, 3, 2, 5]","['wick', 'fuse', 'load', 'tool', 'meal']","['homemade_produced_commercially_commercial_manufactured', 'replaced_replaceable_lamps_replacement_spare', 'function_specific_functions_determiner_whole', 'abstract_physical_representational_concepts_intangible']"
314,acts,3.29,4,"[7, 4, 4, 4, 1]","['scam', 'rule', 'vile', 'dire', 'poet']","['consequences_consequence_broken_actions_punishment', 'influenced_culture_cultural_culturally_society', 'morally_moral_immoral_wrong_wrongness', 'intentions_intent_intention_purpose_action', 'groups_group_individually_individuals_done']"
13242,gawk,3.29,5.333333333333333,"[6, 7, 3]","['ogle', 'eyed', 'gaze', 'peek', 'look']","['looking_stare_staring_look_glance', 'rude_considered_polite_contexts_impolite', 'gaze_eyes_prolonged_eyed_involves']"
14981,hock,3.29,5.333333333333333,"[5, 8, 3, 7, 5, 4]","['hoof', 'rump', 'tuft', 'heel', 'tail']","['animal_part_anatomy_located_rear', 'found_animals_mammals_horses_deer', 'bears_weight_standing_body_loads', 'meat_cut_beef_pork_meats', 'soups_stews_used_chowders_soup', 'tendons_muscles_ligaments_gluteal_tendon']"
10029,edit,3.28,3.3333333333333335,"[7, 4, 2, 3, 3, 1]","['typo', 'cite', 'dolt', 'cure', 'code']","['mistakes_mistake_correct_correction_makes', 'process_processes_biological_application_end', 'manually_done_automatically_mechanically_rung', 'text_written_proofreading_occurs_overlooked', 'format_formats_text_compiled_done', 'clarity_improves_enhances_possesses_lack']"
29265,slow,3.28,4.666666666666667,"[4, 6, 6, 5, 4, 3]","['late', 'lull', 'blue', 'echo', 'long']","['pace_endurance_slow_patience_slower', 'caution_cautious_carefulness_concern_cautiousness', 'relaxation_associated_state_invokes_induce', 'delay_delays_delayed_slowed_cause', 'calmness_calm_demeanor_calming_associated', 'opposite_fast_early_slow_later']"
27040,riff,3.28,6,"[9, 9, 5, 3, 4]","['hymn', 'tune', 'drum', 'reps', 'yeah']","['music_used_genres_jazz_songs', 'instruments_played_accompanied_musical_piano', 'song_songs_sings_melodically_complex', 'improvised_scripted_composed_precomposed_choreographed', 'repetition_repetitions_chords_notes_repeated']"
31769,tart,3.27,3.25,"[6, 3, 4, 2, 5, 2, 2, 2]","['bake', 'roll', 'puff', 'flan', 'meal']","['crust_browned_creates_crustacean_caramelized', 'texture_flaky_spongy_slimy_fizzy', 'glazed_glaze_topped_double_insulation', 'garnished_guacamole_cream_whipped_powdered', 'dessert_desserts_served_eaten_type', 'filled_custard_unfastened_cream_fruit', 'filling_filler_fillings_materials_firm', 'pastry_type_flaky_patisseries_lattice']"
742,ajar,3.27,3.5,"[6, 2, 2, 4]","['shut', 'slot', 'peek', 'vent', 'vase']","['opening_narrow_small_spans_wide', 'air_airflow_allows_flow_pass', 'open_opposite_closed_positioned_partially', 'doors_windows_containers_refer_associated']"
14275,half,3.27,4.4,"[13, 3, 3, 2, 1]","['neon', 'inch', 'volt', 'lead', 'flag']","['symbol_symbolized_ne_pb_zn', 'fractions_fraction_expressed_ratios_division', 'divides_divided_pieces_sections_whole', 'part_whole_larger_segment_entire', 'percentage_percentages_50_numerical_measured']"
13156,gape,3.27,8.166666666666666,"[20, 7, 12, 4, 5, 1]","['gasp', 'yawn', 'flog', 'vice', 'veer']","['verb_form_english_language_zygote', 'rude_considered_polite_contexts_impolite', 'involuntary_voluntary_often_action_response', 'jaw_movable_facial_fixed_stretches', 'shock_surprise_stunned_indicate_shockwaves', 'yawning_happen_yawn_seeing_involuntary']"
25411,quip,3.26,3.625,"[7, 3, 3, 2, 4, 3, 4, 3]","['jest', 'hoax', 'gosh', 'whim', 'oops']","['conversation_conversations_used_casual_conversational', 'speech_part_form_colloquial_english', 'humorous_witty_comebacks_remarks_often', 'nostalgia_memorable_sense_longing_may', 'wordplay_dolls_play_may_involve', 'humorous_sarcastically_sarcastic_joke_humorously', 'spontaneous_spontaneously_premeditated_unplanned_often', 'intelligence_emotional_insight_shows_insightful']"
17678,jerk,3.26,4.5,"[3, 5, 3, 7]","['gape', 'rave', 'kick', 'bees', 'prom']","['sudden_movement_motion_quick_implies', 'shock_surprise_stunned_indicate_shockwaves', 'weightlifting_muscles_jerk_exercise_clean', 'dance_dancing_move_party_danced']"
36936,year,3.25,2.6,"[7, 3, 2, 2, 5, 2, 1, 1, 1, 2]","['noel', 'week', 'july', 'fest', 'gala']","['celebration_celebrations_celebrated_celebrates_commemorate', 'begins_starts_wednesday_ash_monday', 'year_leap_days_seventh_365', 'age_used_groups_elderly_younger', 'unit_time_units_per_quantity', 'earth_orbits_sun_orbit_687', 'months_weeks_12_gestation_52', 'seasons_divided_four_episodes_cardinal', 'fiscal_year_financial_period_countries', 'december_25th_31st_ends_celebrated']"
22143,opus,3.25,4.125,"[4, 5, 9, 3, 6, 2, 3, 1]","['tune', 'trio', 'band', 'kick', 'song']","['musical_notation_music_symbol_sheet', 'classical_music_contemporary_used_genres', 'instruments_played_accompanied_musical_piano', 'music_artists_performed_musicians_collaborate', 'movement_movements_action_involves_physical', 'composition_musical_music_composed_compositions', 'performers_performer_interpretation_performances_female', 'composer_created_opus_works_number']"
3879,bulk,3.24,2.8333333333333335,"[3, 4, 2, 4, 3, 1]","['used', 'ware', 'hype', 'sale', 'sold']","['consumer_consumers_purchase_behavior_demand', 'sold_stores_purchased_grocery_online', 'space_storage_saves_requires_room', 'packaged_packaging_bottles_packs_blister', 'goods_sale_manufactured_items_wholesale', 'heavy_weight_heavyset_light_heavier']"
21995,oink,3.24,3.6,"[3, 3, 6, 4, 2]","['woof', 'bark', 'wham', 'sown', 'boar']","['mimicked_humans_imitated_especially_mimic', 'agriculture_agricultural_farmers_farming_associated', 'onomatopoeic_onomatopoeia_word_onomatopoetic_frequently', 'sound_dog_made_makes_pigs', 'pig_pigs_distress_noise_indicative']"
23850,play,3.24,3.75,"[3, 6, 6, 3, 4, 3, 3, 2]","['show', 'game', 'film', 'skit', 'glam']","['involve_activities_games_money_might', 'entertainment_form_adult_industry_entertain', 'rules_governed_regulations_rule_guidelines', 'actors_acting_involves_director_actor', 'educational_informational_learning_instructive_informative', 'stage_theatrical_performances_performance_actors', 'creativity_creative_imagination_stimulates_expression', 'social_interaction_interactions_encourages_fosters']"
20844,mute,3.24,4,"[2, 7, 3]","['sulk', 'wish', 'dumb', 'burp', 'hush']","['silence_silenced_used_electronic_indicates', 'silent_silently_aloud_performs_suppressed', 'speak_hear_unable_mute_inability']"
1833,atop,3.24,4.25,"[7, 4, 4, 2]","['pave', 'nail', 'onto', 'amid', 'upon']","['surface_surfaces_tension_object_driven', 'position_indicates_something_refers_else', 'elevation_altitude_high_gain_elevations', 'middle_something_top_denotes_under']"
24297,pout,3.23,2.8,"[3, 3, 2, 3, 3]","['riot', 'chin', 'tiny', 'mule', 'envy']","['discontent_resentment_displeasure_discontentment_feelings', 'facial_expression_blank_surprised_peaceful', 'lips_lip_lower_supports_reads', 'cute_cuteness_temperamental_donkey_perceived', 'humans_animals_ape_mammals_seen']"
33323,ugly,3.23,3,"[3, 3]","['icky', 'swan', 'glam', 'cost', 'zing']","['beauty_associated_standards_natural_elegance', 'subjective_perception_subjectively_interpretation_perceived']"
21110,nerd,3.23,3.2857142857142856,"[4, 6, 3, 3, 2, 4, 1]","['geek', 'grad', 'pint', 'perk', 'worn']","['expertise_sensei_instructor_expert_field', 'career_professional_development_opportunities_advancement', 'awkward_socially_awkwardness_social_introverted', 'fashion_fashionable_worn_wears_sense', 'interests_hobbies_interest_similar_passion', 'glasses_served_mugs_beer_standard', 'intellectual_pursuits_discussions_ling_labeled']"
31684,tale,3.23,3.5454545454545454,"[4, 5, 3, 2, 5, 6, 2, 5, 2, 4, 1]","['saga', 'plot', 'myth', 'lore', 'film']","['moral_lessons_lesson_ethical_philosophical', 'characters_character_encode_single_special', 'setting_settings_adjust_setup_adjusts', 'found_literature_books_fiction_movies', 'narrative_narratives_long_story_poem', 'length_varies_lengths_comes_various', 'adapted_films_series_screenplay_plays', 'fictional_fiction_non_real_documentary', 'beginning_end_middle_point_ending', 'generations_passed_passes_stories_knowledge', 'plot_thematic_scheme_vegetable_could']"
29692,sore,3.23,5.666666666666667,"[10, 6, 7, 9, 5, 3, 2, 5, 4]","['ache', 'pain', 'achy', 'rash', 'bump']","['injury_caused_illness_incapacitation_result', 'swelling_swell_swollen_cause_lymph', 'discomfort_pain_expresses_distress_soreness', 'sensation_sensations_skin_feel_physical', 'heals_heal_time_healing_injured', 'tender_juicy_touch_lean_fatigue', 'touch_warm_feel_might_hot', 'symptom_sign_illness_disease_symptoms', 'acute_chronic_may_zygote_father']"
29239,slob,3.22,3.4285714285714284,"[5, 2, 3, 2, 6, 2, 4]","['home', 'tidy', 'coat', 'open', 'junk']","['clothing_wears_worn_clothes_layered', 'effort_physical_requires_lazy_mental', 'messy_handle_mess_appearance_carefully', 'belongings_personal_possessions_items_scattered', 'clutter_uncluttered_cluttered_unobstructed_free', 'cleanliness_dirty_filthy_unclean_grimy', 'disorientation_disorganized_often_disorienting_disoriented']"
3413,born,3.22,3.75,"[3, 4, 6, 2]","['bred', 'bios', 'twin', 'lamb', 'womb']","['childbirth_pregnancy_contracts_pregnancies_unwanted', 'born_birth_spring_ewe_begins', 'reproduction_reproductive_reproduce_involves_reproduces', 'life_existence_refers_beginning_earliest']"
10323,emit,3.22,4.75,"[8, 6, 3, 2]","['zing', 'tilt', 'slid', 'band', 'gust']","['intentional_accidental_unintentional_accidentally_intentionally', 'energy_energetic_field_source_lively', 'release_releases_custody_albums_temporary', 'naturally_occurs_occur_occurring_foods']"
14863,hide,3.21,2,"[3, 2, 1]","['pelt', 'skin', 'zing', 'doll', 'sand']","['tan_tanned_tanning_sunlight_sun', 'skin_animal_noun_referring_also', 'leather_made_processed_make_often']"
14718,heir,3.21,2.6666666666666665,"[2, 2, 4]","['duke', 'sons', 'akin', 'clan', 'ring']","['succession_heirloom_passed_heirlooms_council', 'inherits_inheritance_title_inherit_monarch', 'lineage_kinship_ancestry_family_shares']"
8567,diet,3.21,2.9,"[2, 3, 3, 3, 3, 2, 2, 4, 3, 4]","['meal', 'food', 'yogi', 'sate', 'idly']","['lifestyle_disciplined_changes_diet_strict', 'vegetarian_vegan_keto_friendly_diet', 'eating_meal_drinking_occurs_eaten', 'dietary_restrictions_exclude_foods_certain', 'diet_weight_loss_malnutrition_dieting', 'gain_weight_personal_potential_gotten', 'parts_involves_separation_portion_separating', 'nutrition_nutritional_dietary_value_supplement', 'calories_counting_burns_calorific_calorie', 'influenced_culture_cultural_culturally_society']"
27610,sank,3.21,3,"[3, 3, 3]","['sunk', 'reef', 'ahoy', 'rise', 'chop']","['downward_upward_movement_force_motion', 'underwater_submerged_submersion_drowning_water', 'ships_ship_vessels_often_aircraft']"
35667,view,3.21,3.2,"[2, 4, 5, 3, 2]","['hill', 'take', 'hike', 'seen', 'yard']","['panoramic_views_offers_view_offer', 'scenic_views_offers_vantage_scenery', 'landscapes_landscape_landscaped_landscaping_natural', 'photographs_captured_photography_taken_captures', 'obstructed_obstruct_eradicate_pathways_obstructions']"
11242,expo,3.21,3.875,"[7, 4, 3, 3, 2, 4, 5, 3]","['gala', 'when', 'city', 'host', 'news']","['event_events_sequence_organizes_current', 'venue_venues_held_decorated_takes', 'workshops_seminars_workshop_project_toolboxes', 'tourists_attracts_tourism_visitors_season', 'commerce_trade_industry_logistics_promotes', 'networking_networks_network_opportunities_alumni', 'museums_galleries_exhibits_theaters_exhibition', 'products_showcases_product_innovations_new']"
22064,open,3.21,4,"[8, 2, 5, 6, 2, 3, 2]","['neat', 'tidy', 'damn', 'mess', 'ease']","['access_accessible_accessibility_allows_wheelchairs', 'restrictions_unrestricted_restrictive_restricted_constrained', 'closed_opened_conserved_open_locked', 'clutter_uncluttered_cluttered_unobstructed_free', 'inclusive_lieu_inclusively_of_inclusiveness', 'inactive_dedicated_disappeared_reg_des', 'barrier_barriers_creates_protective_acts']"
2312,bare,3.21,5,"[7, 5, 7, 2, 4]","['hack', 'bond', 'rely', 'loan', 'weak']","['covering_protective_covered_cover_covers', 'plain_ethic_simple_exposed_serenity', 'vulnerability_vulnerable_imply_vulnerabilities_exploitation', 'unadulterated_unadorned_unembellished_unassertive_unaltered', 'unsecured_secured_secure_hacked_unprotected']"
24345,pray,3.21,5,"[8, 6, 4, 4, 6, 7, 4, 1]","['yoga', 'monk', 'idol', 'yell', 'talk']","['meditation_mindfulness_meditates_meditative_watchfulness', 'posture_postures_kneeling_body_ergonomic', 'worship_temples_churches_found_places', 'spiritual_religious_spirituality_growth_faith', 'deity_divine_deities_god_figure', 'silent_silently_aloud_performs_suppressed', 'communication_form_visual_written_act', 'ceremonial_ritual_ritualistic_ceremony_may']"
23917,plod,3.2,3.1666666666666665,"[3, 4, 4, 2, 2, 4]","['pace', 'trod', 'mono', 'dull', 'long']","['footprints_leave_leaves_leaving_large', 'walking_walk_faster_involves_feet', 'pace_endurance_slow_patience_slower', 'sound_walking_footsteps_noisy_loud', 'progress_advancement_slow_rapid_metaphorically', 'monotonous_monotony_mono_sound_single']"
3502,boxy,3.2,3.3333333333333335,"[2, 3, 5]","['dice', 'deck', 'step', 'puck', 'spat']","['cube_shaped_resembles_recess_rectangle', 'rounded_edges_corners_straight_edge', 'flat_surface_surfaces_top_bottom']"
29931,spew,3.2,4.666666666666667,"[4, 2, 2, 3, 12, 5]","['take', 'move', 'veer', 'icky', 'amok']","['volcanic_volcanoes_eruptions_volcano_lava', 'metaphorically_used_metaphorical_figuratively_sense', 'quantity_large_amount_indicates_number', 'control_loss_lack_result_could', 'involuntary_voluntary_often_action_response', 'disgust_shock_sense_revulsion_expresses']"
32308,thud,3.2,5.666666666666667,"[5, 12, 7, 5, 2, 3]","['toot', 'purr', 'deaf', 'echo', 'fizz']","['unexpected_often_surprises_defense_startling', 'sound_quality_zygote_father_fatale', 'falls_falling_fall_gravity_naturally', 'vibrations_vibration_shuddering_absorbs_detecting', 'low_pitched_sound_frequency_pitch', 'impact_collision_indicates_sudden_represents']"
3061,blip,3.19,2.6666666666666665,"[3, 2, 3]","['echo', 'clap', 'send', 'ping', 'hunt']","['sonar_technology_radar_used_uses', 'signals_signal_error_agreement_electronic', 'tracking_tracked_track_confirmed_animals']"
30345,stat,3.19,3.2857142857142856,"[4, 2, 4, 3, 3, 2, 5]","['info', 'deed', 'line', 'book', 'grid']","['title_theorems_name_punchline_proofs', 'numerical_value_numerically_measured_terms', 'statistics_used_statistical_random_error', 'graphs_graph_charts_data_graphed', 'interpretation_subject_context_interpreting_personal', 'data_represents_information_visually_bios', 'used_scientific_research_experiments_science']"
12432,fool,3.19,3.3333333333333335,"[3, 7, 1, 3, 4, 2]","['dolt', 'taut', 'goof', 'idle', 'film']","['judgment_good_lack_poor_lacks', 'mistakes_mistake_correct_correction_makes', 'gullible_gullibility_naive_preys_thrives', 'naive_gullible_appear_naïve_innocent', 'lacks_motivation_lack_experience_depressions', 'censorship_subject_ridicule_platforms_ratings']"
22057,oozy,3.19,4.25,"[7, 4, 3, 3]","['seep', 'ooze', 'goop', 'glop', 'icky']","['viscous_substance_viscosity_liquid_substances', 'slimy_slime_associated_squishy_mud', 'flow_slow_flowing_rapid_flows', 'leak_leaks_leaking_spills_something']"
12975,fuck,3.19,4.5,"[4, 9, 7, 3, 2, 2]","['cuss', 'gosh', 'lewd', 'joke', 'awed']","['emphasis_used_emphasize_whoaaa_highlight', 'surprise_expresses_amazement_express_element', 'offensive_considered_inappropriate_speech_senses', 'anger_frustration_express_expresses_indicate', 'taboo_taboos_cultures_social_considered', 'vulgar_vulgarity_considered_term_lowbrow']"
11819,feud,3.18,3,"[7, 5, 3, 3, 3, 1, 2, 2, 1]","['pact', 'coup', 'fury', 'plot', 'sons']","['conflict_conflicts_disputes_resolution_clans', 'family_families_generations_role_involved', 'years_live_many_15_generations', 'violence_abuse_result_unrest_potential', 'injustice_injustices_perceived_triggered_powerlessness', 'competition_competitive_nature_resources_atmosphere', 'mediation_require_intervention_resolve_therapy', 'escalate_conflicts_conflict_disagreement_minor', 'groups_individuals_occur_two_occurs']"
12784,fray,3.18,3.25,"[3, 5, 2, 3]","['slam', 'fade', 'burn', 'gout', 'feud']","['fabric_fabrics_materials_paper_happen', 'damage_cause_result_tissue_joint', 'mediation_require_intervention_resolve_therapy', 'boxing_match_fight_scuffle_bullfighting']"
18907,long,3.18,3.8,"[7, 4, 5, 2, 1]","['time', 'area', 'tone', 'size', 'slow']","['duration_set_time_indicate_variable', 'pace_endurance_slow_patience_slower', 'dimensions_dimension_width_length_physical', 'objects_describe_used_concepts_resembling', 'short_quick_opposite_sharp_word']"
13012,fund,3.18,5,"[4, 10, 5, 4, 5, 4, 7, 3, 3]","['rich', 'earn', 'levy', 'dole', 'risk']","['purpose_specific_used_intended_function', 'charitable_charity_philanthropy_philanthropic_charities', 'public_private_privately_publicly_owned', 'grants_aid_assistance_government_grantor', 'investment_investments_invested_financial_markets', 'monetary_money_value_sum_represents', 'taxes_tax_subject_deductible_taxation', 'managed_private_organizations_operated_government', 'financial_financially_support_partner_responsibilities']"
23706,ping,3.17,3.3333333333333335,"[4, 3, 3]","['echo', 'drum', 'peep', 'game', 'meow']","['pitched_high_sound_sharp_noise', 'played_tennis_play_table_sticks', 'sonar_technology_radar_used_uses']"
12211,flew,3.17,4.333333333333333,"[4, 12, 3, 2, 2, 3]","['soar', 'wing', 'dawn', 'tour', 'serf']","['travel_involves_another_itinerary_one', 'birds_bird_crows_crow_chickens', 'freedom_escape_movement_choice_expression', 'air_movement_gentle_refers_flight', 'lift_flight_thrust_airplanes_hollow', 'wings_wingless_wing_aircraft_birds']"
17944,kilo,3.17,4.4,"[5, 3, 3, 5, 5, 2, 3, 5, 8, 5]","['gram', 'inch', 'span', 'pint', 'dame']","['mass_unit_small_mc_energy', 'metric_system_kilograms_prefix_used', 'kilograms_pounds_measured_kilogram_equals', 'measure_used_measuring_measurements_blood', 'united_used_states_countries_kingdom', 'gallons_liters_liter_measured_mass', 'si_international_units_system_standardized', 'used_scientific_research_experiments_science', 'unit_units_measured_measurement_volume', 'weight_weighs_pounds_grams_ounces']"
25617,rasp,3.17,4.6,"[4, 7, 2, 11, 13, 3, 1, 1, 1, 3]","['axes', 'hone', 'pick', 'nail', 'vice']","['used_chopping_sharpening_cutting_shaping', 'woodworking_carpentry_used_timber_forestry', 'coarse_fine_side_coarseness_grit', 'metal_made_father_fatale_fatales', 'tool_categorized_garden_instrument_hand', 'sizes_shapes_comes_various_different', 'rough_surface_shiny_finish_smooth', 'used_woodworking_wood_lumber_materials', 'shavings_shaving_dust_debris_intentional', 'tools_tool_equipment_like_multi']"
21694,noun,3.15,2.5555555555555554,"[2, 2, 1, 2, 3, 2, 4, 4, 3]","['they', 'hers', 'quip', 'this', 'idea']","['abstract_concrete_ideas_reference_express', 'plural_singular_these_this_depending', 'proper_common_properness_synonym_properly', 'subject_sentence_predicate_links_object', 'object_oriented_objects_sentence_flying', 'adjective_adjectives_modified_described_used', 'gender_genders_unisex_languages_different', 'possessive_pronoun_possessively_form_yours', 'speech_part_form_colloquial_english']"
19546,math,3.15,3.4615384615384617,"[4, 3, 4, 4, 3, 2, 5, 2, 7, 6, 1, 1, 3]","['sign', 'papa', 'dorm', 'clue', 'code']","['problem_solving_problems_solve_solves', 'study_grades_studying_studied_academic', 'symbols_numbers_uses_notation_letters', 'title_theorems_name_punchline_proofs', 'branches_algebra_geometry_calculus_branch', 'calculations_subtraction_operations_addition_arithmetic', 'number_integer_prime_numbers_specificity', 'reasoning_logical_reason_requires_logic', 'taught_teach_teaching_schools_teacher', 'patterns_pattern_intricate_cyclical_sequences', 'abstract_concept_concepts_translates_actionable', 'equations_represented_mathematical_linear_formulas', 'foundation_foundational_framework_foundations_laying']"
36638,woke,3.15,3.8,"[3, 6, 3, 3, 4]","['defy', 'left', 'knew', 'feud', 'diss']","['activism_protest_protests_social_movements', 'criticism_sensitive_criticized_critique_critics', 'injustice_injustices_perceived_triggered_powerlessness', 'political_progressive_ideology_establishment_anti', 'awareness_ignorance_unaware_lack_social']"
14556,hazy,3.15,4.333333333333333,"[6, 6, 1]","['haze', 'mist', 'dusk', 'dark', 'smog']","['visibility_reduces_limited_enables_allows', 'morning_evening_afternoon_occurs_night', 'fog_mist_emits_signals_similar']"
17569,itch,3.15,4.545454545454546,"[5, 8, 6, 2, 3, 5, 9, 2, 4, 4, 2]","['rash', 'acne', 'pain', 'numb', 'gout']","['redness_red_cause_eyes_inflammation', 'allergic_reactions_allergies_cause_caused', 'chronic_temporary_intermittent_continuous_become', 'face_occurs_occur_rash_nod', 'creams_treated_relieved_medication_ointments', 'stress_cause_exacerbated_lead_frustration', 'sensation_sensations_skin_feel_physical', 'occur_body_parts_anywhere_arms', 'pest_considered_pests_bites_insect', 'irritation_cause_irritants_skin_caused', 'scratch_scratching_scratched_desire_fingernail']"
28451,shag,3.15,4.75,"[3, 14, 4, 4, 4, 3, 3, 3]","['yarn', 'mole', 'lynx', 'jive', 'deer']","['carpet_mats_floor_dense_type', 'fur_fluffy_hair_brown_looks', '1970s_1960s_1940s_1930s_era', 'fibers_made_produces_textile_fiber', 'wool_synthetic_cotton_fibers_made', 'touch_soft_feels_touched_coarse', 'vacuum_vacuums_vacuuming_physics_difficult', 'garbage_pile_piles_deep_automatic']"
12195,fled,3.14,2.75,"[3, 4, 3, 1]","['dire', 'pita', 'yell', 'cage', 'warn']","['escape_escaping_flee_fled_threat', 'danger_potential_caution_threat_warns', 'leaving_leavened_away_place_means', 'departure_quick_point_indicates_fletchings']"
29382,smut,3.14,3.2857142857142856,"[2, 3, 2, 4, 8, 2, 2]","['pest', 'mold', 'mill', 'rice', 'malt']","['pesticides_fungicides_herbicides_resistant_treated', 'crops_crop_yield_damage_affects', 'fungus_fungi_mycorrhiza_symbiotic_relationships', 'spores_reproduces_via_produces_dark', 'grains_grain_corn_grained_product', 'soil_lives_survive_affected_conditions', 'plants_plant_disease_health_causes']"
29732,sour,3.14,3.4285714285714284,"[4, 4, 3, 4, 3, 5, 1]","['acid', 'zest', 'zing', 'snob', 'eats']","['flavor_enhances_flavors_enhance_absorbs', 'citrus_fruits_lemons_limes_oranges', 'taste_buds_detected_sensation_tongue', 'saliva_salivation_salivary_glands_produced', 'ph_alkaline_level_neutral_less', 'taste_tastes_sharp_preferences_describe', 'fermented_products_sauerkraut_kimchi_probiotics']"
23920,plot,3.14,3.5454545454545454,"[7, 5, 1, 3, 5, 3, 1, 2, 2, 5, 5]","['tale', 'show', 'saga', 'song', 'mime']","['conflict_conflicts_disputes_resolution_clans', 'storytelling_medium_storyline_plot_common', 'resolution_includes_resolves_climax_conclusion', 'emotions_evoke_evokes_negative_memories', 'characters_character_encode_single_special', 'setting_settings_adjust_setup_adjusts', 'subplots_complex_plots_plot_twisted', 'protagonist_villains_character_characters_antagonist', 'found_literature_books_fiction_movies', 'audience_audiences_entertains_participation_interactive', 'narrative_narratives_long_story_poem']"
616,aged,3.14,3.6666666666666665,"[4, 4, 3]","['worn', 'hoot', 'guru', 'five', 'magi']","['wisdom_associated_sages_imparts_knowledge', 'age_decade_rings_aging_old', 'time_passage_passing_day_relates']"
30837,stun,3.14,4.166666666666667,"[10, 4, 2, 4, 4, 1]","['ammo', 'welt', 'limp', 'lame', 'bump']","['injury_caused_illness_incapacitation_result', 'defense_self_used_teaches_mechanism', 'enforcement_law_used_espionage_military', 'lethal_fatal_inhumane_non_considered', 'disorientation_disorganized_often_disorienting_disoriented', 'muscle_spasm_cause_weakness_strain']"
7408,cuss,3.14,4.25,"[5, 7, 5, 7, 3, 2, 3, 2]","['fuck', 'slam', 'gawk', 'whom', 'good']","['severity_varies_severe_vary_glasgow', 'rude_considered_polite_contexts_impolite', 'formal_used_contexts_writing_formality', 'offensive_considered_inappropriate_speech_senses', 'anger_frustration_express_expresses_indicate', 'censored_media_bleeped_captioning_consumption', 'culturally_cultural_specific_subjective_interpretation', 'taboo_taboos_cultures_social_considered']"
25738,reap,3.14,4.5,"[7, 5, 3, 5, 6, 2, 4, 4]","['farm', 'sown', 'crop', 'stew', 'rule']","['consequences_consequence_broken_actions_punishment', 'harvested_harvesting_alginate_oryza_palms', 'agriculture_agricultural_farmers_farming_associated', 'season_year_occurs_annually_seasons', 'vegetables_contains_grains_cabbage_fruits', 'crop_crops_rotation_grows_buries', 'food_production_supply_foods_sells', 'labor_manual_farming_associated_performs']"
14794,here,3.13,2,[2],"['lost', 'zing', 'bike', 'doll', 'sand']",['location_coordinates_indicates_knowing_strategically']
29007,size,3.13,4,"[5, 3, 1, 7]","['rate', 'volt', 'risk', 'long', 'whom']","['dimensions_dimension_width_length_physical', 'relative_clauses_defining_absolute_context', 'capacity_volume_influences_affects_volumes', 'measured_measurement_voltmeter_calculated_scales']"
25506,rage,3.13,4.75,"[5, 4, 5, 11, 6, 1, 3, 3]","['fury', 'pity', 'hate', 'fear', 'lust']","['aggression_symbol_territorial_warning_threat', 'anger_frustration_associated_rage_expressions', 'shouting_complaints_complaining_involves_often', 'emotion_intense_describes_attitude_emotional', 'heart_rate_increases_elevated_increase', 'adrenaline_levels_hormone_inducing_rush', 'regret_regrettable_lead_guilt_remorse', 'verbally_expressed_verbal_non_communicated']"
12609,form,3.13,5,[5],"['cone', 'curl', 'oval', 'edge', 'sled']",['shape_geometric_defined_object_shapes']
35906,wake,3.11,2.6666666666666665,"[3, 4, 1]","['dock', 'tomb', 'bury', 'wail', 'punt']","['boats_boat_mooring_moor_dangerous', 'mourning_funerals_associated_deceased_respect', 'fluid_dynamics_hydrodynamic_analyzed_newtonian']"
14939,hire,3.11,3.1,"[6, 4, 2, 1, 2, 2, 6, 2, 4, 2]","['perk', 'wage', 'rent', 'sell', 'news']","['salary_compensation_wages_pay_paid', 'contract_agreement_contracts_require_involves', 'interviews_interview_job_description_includes', 'termination_terminated_either_party_finalizes', 'labor_laws_wage_minimum_subject', 'apply_job_employment_search_may', 'employees_employs_employed_employer_employment', 'period_time_held_probationary_probation', 'term_long_short_temporary_causes', 'training_requires_practice_education_rigorous']"
32450,tiny,3.11,3.8333333333333335,"[3, 6, 3, 7, 3, 1]","['idol', 'ogre', 'huge', 'darn', 'mega']","['cute_cuteness_temperamental_donkey_perceived', 'naked_eye_invisible_visible_see', 'magnification_magnify_details_binoculars_view', 'large_size_extremely_stature_cat', 'small_size_something_miniature_smaller', 'detail_attention_details_oriented_difficulty']"
22671,pace,3.11,4.333333333333333,"[4, 2, 7, 7, 6, 4, 4, 2, 3]","['rate', 'beat', 'plod', 'jock', 'toll']","['pace_endurance_slow_patience_slower', 'progress_advancement_slow_rapid_metaphorically', 'speed_fiction_velocity_associated_represents', 'fitness_physical_promotes_health_bodybuilding', 'rhythm_syncopated_beat_rhythms_rhythmic', 'tempo_music_paced_tempos_fast', 'fixed_variable_steady_constant_rate', 'slow_fast_rapid_laborious_slower', 'measured_km_per_mph_hour']"
9492,dork,3.1,2,"[1, 1, 3, 1, 4]","['nerd', 'pity', 'snob', 'geek', 'smug']","['informal_term_instagram_fraternity_definition', 'slang_term_policeman_nerd_lingo', 'awkward_socially_awkwardness_social_introverted', 'social_lead_skills_tension_lack', 'arrogant_arrogance_condescending_perceived_attitude']"
28188,self,3.1,3.2222222222222223,"[6, 3, 2, 6, 1, 3, 3, 1, 4]","['vain', 'lift', 'nice', 'wise', 'knew']","['beliefs_belief_shares_values_practices', 'self_awareness_consciousness_aware_image', 'esteem_self_affect_pity_worth', 'identity_individual_personal_collective_sense', 'body_mind_possesses_thought_thoughtless', 'reflective_reflection_contemplative_reflects_mirror', 'moral_ethics_ethical_morality_judgment', 'introspection_capable_introspective_contemplation_offer', 'experiences_experience_inspired_personal_world']"
37055,zoom,3.1,3.4,"[4, 4, 3, 2, 4]","['lens', 'chat', 'call', 'orgy', 'race']","['video_multimedia_audio_videos_images', 'photography_cameras_used_cinematography_camera', 'magnification_magnify_details_binoculars_view', 'telescopes_microscopes_optical_used_laser', 'participants_multiple_involves_two_involve']"
21734,numb,3.1,3.5,"[9, 2, 1, 2]","['itch', 'sore', 'fizz', 'ache', 'blur']","['sensation_sensations_skin_feel_physical', 'occur_body_parts_anywhere_arms', 'nerve_damage_tingling_caused_cause', 'cause_movement_difficulty_disfigurement_tripping']"
7647,deal,3.1,4,"[5, 4, 6, 8, 4, 3, 4, 3, 3, 3, 1]","['pact', 'swap', 'word', 'test', 'ally']","['goods_exchange_services_exchanged_money', 'agreement_agreements_mutual_formal_parties', 'verbal_written_non_physical_shout', 'written_oral_writing_piece_unwritten', 'terms_conditions_subject_includes_specifies', 'binding_legally_formalized_marriage_court', 'parties_two_involves_after_least', 'sealed_handshake_airtight_signature_cap', 'negotiated_renegotiated_negotiation_broken_offer', 'business_ventures_industry_related_strategies', 'involve_negotiation_may_negotiable_reciprocity']"
36085,watt,3.1,4.2727272727272725,"[13, 7, 3, 4, 3, 3, 3, 6, 2, 2, 1]","['volt', 'peso', 'plug', 'neon', 'fuse']","['symbol_symbolized_ne_pb_zn', 'measured_measurement_voltmeter_calculated_scales', 'unit_currency_language_power_zygote', 'voltage_rating_current_wattage_amperage', 'si_international_units_system_standardized', 'named_paulsen_alessandro_axel_volta', 'electrical_device_electricity_power_devices', 'used_electrical_electronics_devices_circuits', 'per_calculate_speed_joule_miles', 'rate_energy_transfer_quantifies_consumption', 'energy_conserving_consumption_expenditure_consumes']"
29145,slay,3.1,4.285714285714286,"[8, 10, 3, 5, 1, 2, 1]","['epic', 'vamp', 'bonk', 'muse', 'lore']","['violence_violent_associated_often_intimidation', 'folklore_mythology_mythical_creature_myths', 'victory_defeat_triumph_surrender_honor', 'hit_strike_means_failure_reach', 'battles_battle_historically_wars_warfare', 'heroic_heroism_acts_deeds_hero', 'dominance_superiority_assert_establish_used']"
25198,punk,3.1,4.3,"[3, 5, 5, 4, 9, 9, 2, 3, 2, 1]","['funk', 'song', 'perm', 'fest', 'comb']","['originated_century_20th_mid_evolved', 'hair_hairstyle_hairstyles_mohawks_spiked', 'genre_music_genres_literature_punk', 'tempo_music_paced_tempos_fast', 'fashion_trends_style_styles_associated', 'music_accompaniment_accompanied_instrumental_often', 'pins_safety_accessories_kilt_cuffs', 'political_progressive_ideology_establishment_anti', 'loud_aggressive_loudly_prolonged_often', 'subculture_mainstream_counterculture_society_within']"
14233,hack,3.1,4.571428571428571,"[5, 4, 7, 4, 3, 7, 2]","['lock', 'toke', 'door', 'puny', 'good']","['ethical_unethical_considerations_ethically_ethics', 'computers_processing_computer_processed_executed', 'vulnerability_vulnerable_imply_vulnerabilities_exploitation', 'security_measures_provides_cybersecurity_offers', 'access_unauthorized_prevents_restricted_protected', 'illegal_lawful_jurisdictions_unlawful_jurisdiction', 'knowledge_requires_skills_skill_expertise']"
33050,trod,3.09,3,"[3, 3, 3]","['lame', 'plod', 'curb', 'yeti', 'crab']","['walking_refers_manner_way_treading', 'footprints_leave_leaves_leaving_large', 'stepped_sideways_stepping_walks_walk']"
6570,coot,3.09,8.222222222222221,"[15, 6, 14, 10, 15, 4, 4, 4, 2]","['gull', 'swan', 'dove', 'duck', 'bird']","['lays_eggs_laying_water_lay', 'diving_dives_board_scuba_fish', 'bird_part_small_fatale_fatales', 'nests_builds_nest_dome_build', 'animal_dog_pet_creature_game', 'wetlands_marshes_swamps_grows_found', 'call_distinctive_calls_makes_loud', 'eats_fish_plants_aquatic_feeds', 'bill_white_number_invoice_serial']"
28149,seep,3.08,2.5454545454545454,"[2, 5, 3, 2, 3, 1, 1, 3, 3, 3, 2]","['drip', 'oozy', 'gush', 'arid', 'plow']","['structures_damage_cause_affect_structural', 'soil_turns_conditions_decomposes_furrows', 'flow_slow_flowing_rapid_flows', 'occurs_liquids_porous_substance_malting', 'leak_leaks_leaking_spills_something', 'nature_occur_occurs_whimsical_environments', 'stiffness_dampness_cause_stiff_side', 'erosion_cause_lead_soil_prevents', 'liquid_fluid_movement_moves_fluids', 'wetness_cause_wet_puddle_spots', 'water_content_high_stagnant_levels']"
5456,coed,3.08,3.5,"[7, 3, 2, 2, 2, 5]","['dorm', 'dean', 'sped', 'exam', 'foul']","['educational_institutions_students_settings_schools', 'university_college_students_campuses_colleges', 'gender_ed_genders_co_students', 'gender_equality_genders_promotes_men', 'education_curriculum_educational_schooling_development', 'sports_associated_play_teams_events']"
30647,stow,3.08,4.25,"[5, 6, 1, 5]","['ship', 'full', 'dome', 'boat', 'port']","['compartments_compartment_inside_pockets_tray', 'cargo_passengers_carries_terminals_carry', 'secures_secure_securing_objects_securely', 'space_empty_encloses_spaces_occupies']"
31177,sung,3.08,5.4,"[11, 5, 5, 5, 1]","['sang', 'deed', 'went', 'diva', 'axed']","['tense_past_verb_sink_weave', 'singing_vocal_voice_music_singer', 'recorded_record_later_history_public', 'melody_melodic_melodies_sounds_produces', 'instruments_involve_music_musical_pencils']"
9758,dual,3.07,3.25,"[4, 1, 4, 4]","['shoe', 'byte', 'else', 'four', 'lieu']","['pairs_pair_comes_two_pairings', 'individuality_duality_individual_pertains_dualism', 'binary_bits_code_decimal_consists', 'implies_comparison_equivalence_portion_imply']"
32403,time,3.07,3.4,"[5, 4, 3, 2, 3]","['hour', 'hall', 'bell', 'size', 'long']","['dimensions_dimension_width_length_physical', 'clocks_clock_watches_timers_alarms', 'events_schedule_used_organize_calendar', 'clocks_measured_seconds_calendars_minutes', 'philosophical_philosophy_subject_debate_discussions']"
14815,hero,3.07,3.4444444444444446,"[7, 4, 2, 5, 3, 3, 1, 4, 2]","['feat', 'defy', 'grit', 'bold', 'dean']","['courage_bravery_brave_embodies_metaphorically', 'leadership_qualities_skills_tenure_position', 'integrity_virtue_honesty_dishonesty_moral', 'fictional_fiction_non_real_documentary', 'face_covers_adversity_faces_hides', 'powerful_voice_impressive_abilities_powers', 'self_autonomy_selfless_inflicted_oneself', 'inspire_inspires_others_inspiring_action', 'saves_saving_time_save_procrastinate']"
28475,sham,3.07,3.5,"[5, 6, 5, 2, 2, 1]","['dupe', 'hoax', 'liar', 'ploy', 'ruse']","['deception_deceive_engages_means_deceived', 'false_falsehood_true_falsehoods_information', 'trickery_trick_involves_tricks_mislead', 'authenticity_lacks_legitimacy_genuineness_originality', 'scams_scam_scammers_hoaxes_scheme', 'counterfeiting_counterfeit_subject_counterfeited_items']"
25589,rant,3.07,3.625,"[4, 5, 6, 3, 4, 2, 2, 3]","['sing', 'punk', 'fuss', 'talk', 'rude']","['persuasive_persuasion_informative_skilled_tactics', 'shouting_complaints_complaining_involves_often', 'emotions_expresses_emotion_strong_facial', 'occur_private_happen_public_online', 'spontaneous_spontaneously_premeditated_unplanned_often', 'loud_aggressive_loudly_prolonged_often', 'directed_towards_individuals_person_others', 'lacks_structure_variation_clear_vibrancy']"
32547,tone,3.07,3.6666666666666665,"[7, 4, 1, 2, 1, 7]","['tour', 'gosh', 'soft', 'long', 'male']","['duration_set_time_indicate_variable', 'sound_represents_sounds_soft_refers', 'high_low_top_knee_cut', 'conveys_emotion_emotions_mild_ideas', 'language_linguistic_communicated_meanings_linguistics', 'vocal_voice_cords_vocalizes_deeper']"
11069,exes,3.07,4,"[4, 4]","['mate', 'rely', 'care', 'mend', 'jilt']","['relationships_relationship_build_strengthen_improving', 'romantic_relationship_relationships_partner_dating']"
18478,lend,3.07,4.2,"[7, 2, 6, 3, 4, 3, 3, 5, 6, 3]","['loan', 'debt', 'bank', 'play', 'magi']","['duration_set_time_indicate_variable', 'action_behavior_state_singular_series', 'gift_gifts_giving_given_give', 'repayment_payment_requires_repaid_refinanced', 'collateral_require_secured_may_veto', 'credit_score_affect_borrower_rating', 'lender_borrower_mortgages_loans_offers', 'trust_preys_untrustworthy_naivety_distrust', 'interest_accrues_accrue_loans_pays', 'involve_activities_games_money_might']"
35982,warp,3.07,4.428571428571429,"[7, 7, 3, 5, 5, 2, 2]","['kink', 'bent', 'bend', 'gear', 'rate']","['speed_fiction_velocity_associated_represents', 'bending_bend_bent_twisting_easily', 'curved_straight_straightness_angle_flatness', 'space_spaces_refer_physical_outer', 'direction_change_suddenly_changes_object', 'threads_weaving_interlacing_loom_refers', 'twist_twisting_straight_otherwise_curve']"
5097,cite,3.07,4.75,"[20, 5, 2, 2, 3, 3, 1, 2]","['blog', 'code', 'seem', 'veer', 'gape']","['verb_form_english_language_zygote', 'date_expiration_publication_maturity_sell', 'facts_credibility_fact_checking_manipulate', 'research_scholarly_scientific_researched_historians', 'author_authors_publishing_published_publisher', 'format_formats_text_compiled_done', 'reference_citation_refers_point_text', 'copyright_intellectual_property_protected_laws']"
13613,goal,3.06,2.3333333333333335,"[4, 4, 2, 2, 1, 1]","['debt', 'wean', 'prep', 'help', 'vast']","['planning_requires_plans_organization_menus', 'term_long_short_temporary_causes', 'milestones_milestone_developmental_important_events', 'measurable_immeasurable_measure_measures_observable', 'collective_personal_communal_wholesome_individual', 'success_successes_failures_failure_factor']"
36421,wide,3.06,4.333333333333333,"[4, 5, 4]","['brim', 'inch', 'warp', 'mile', 'void']","['narrow_wide_width_broad_opposite', 'space_spaces_refer_physical_outer', 'measurement_distance_measure_length_used']"
31673,take,3.06,6.666666666666667,"[12, 3, 5]","['move', 'hold', 'sigh', 'prom', 'puke']","['involuntary_voluntary_often_action_response', 'photographs_captured_photography_taken_captures', 'possession_implies_indicates_denotes_possessed']"
35449,vamp,3.05,7.5,"[3, 9, 8, 10]","['heel', 'shoe', 'clog', 'boot', 'sock']","['eerie_gothic_vampire_haunting_transylvania', 'footwear_shoe_shoes_type_worn', 'foot_covers_feet_ankle_bottom', 'folklore_mythology_mythical_creature_myths']"
15434,hush,3.04,2.5,"[3, 2, 2, 3]","['dark', 'mute', 'poke', 'awed', 'glum']","['quiet_quietness_silent_often_whispered', 'silence_silenced_used_electronic_indicates', 'secrecy_maintains_associated_deliberations_deliberation', 'gesture_gestures_accompanied_hand_waved']"
18245,last,3.04,3.3333333333333335,"[5, 5, 4, 4, 1, 1]","['jade', 'kept', 'nigh', 'even', 'tile']","['durable_durability_hard_sturdy_lasting', 'end_ending_ly_event_beginning', 'sequence_sequences_position_follows_fibonacci', 'remaining_something_place_remains_discarding', 'recent_mean_occurrence_week_preceded', 'finality_final_sense_conclusion_decision']"
9952,east,3.04,4.142857142857143,"[7, 3, 7, 4, 2, 3, 3]","['west', 'zone', 'bask', 'onto', 'axis']","['direction_clockwise_cardinal_directional_counterclockwise', 'front_opposite_west_facing_back', 'sun_sunrise_sunset_sunsets_obscures', 'navigation_used_maps_directions_gmt', 'maps_compass_map_found_north', 'direction_indicates_indicate_orientation_arrow', 'zones_time_globe_marker_traveling']"
18961,lord,3.04,4.222222222222222,"[4, 6, 4, 4, 4, 6, 2, 4, 4]","['duke', 'earl', 'tsar', 'king', 'dame']","['aristocracy_nobility_feudal_royalty_associated', 'title_nobility_ruler_woman_noble', 'land_estate_owns_property_estates', 'coat_arms_thick_wears_white', 'chivalry_knighthood_associated_chivalrous_knights', 'ceremonies_ceremony_ceremonial_associated_involved', 'governance_governing_involved_bodies_body', 'authority_power_holds_autocratic_established', 'addressed_your_majesty_lord_grace']"
32123,them,3.04,5,"[6, 4]","['they', 'whom', 'this', 'each', 'five']","['pronoun_demonstrative_third_indefinite_interrogative', 'group_indicates_groups_things_item']"
11757,felt,3.04,5.125,"[9, 2, 11, 5, 6, 3, 3, 2]","['lace', 'wood', 'yarn', 'cord', 'darn']","['fashion_used_lingerie_clothing_uniform', 'matte_glossy_shimmering_finish_shiny', 'crafts_used_crafting_making_pottery', 'colors_comes_various_different_patterns', 'fabric_material_piece_strips_band', 'woven_knitted_yarn_spun_sewn', 'dense_density_less_heavy_fog', 'used_holes_padding_tears_cover']"
31868,tech,3.03,3,"[4, 5, 2, 4, 1, 2]","['disk', 'busy', 'nuke', 'made', 'idea']","['software_version_distribution_hardware_utilizes', 'innovation_innovative_breakthrough_invention_catalyst', 'requires_power_electricity_plutonium_uranium', 'development_creation_refers_technology_specification', 'electronic_devices_function_encompasses_device', 'productivity_productive_enhances_industrious_workload']"
14045,grow,3.03,3.1666666666666665,"[7, 3, 2, 4, 2, 1]","['riot', 'watt', 'grew', 'size', 'volt']","['measured_measurement_voltmeter_calculated_scales', 'emotional_state_physical_civil_intellectual', 'cycle_life_lifecycle_stage_stages', 'result_medical_conditions_disease_complications', 'size_increase_increases_larger_indicates', 'cell_division_cd4_replicated_cells']"
14613,heal,3.03,3.4,"[4, 4, 2, 3, 3, 8, 2, 3, 2, 3]","['cure', 'pain', 'need', 'aids', 'yogi']","['health_global_issue_holistic_restores', 'recovery_recover_salvage_uncertain_period', 'pain_relief_painkillers_relievers_treated', 'healthcare_professionals_medicine_administered_medical', 'psychological_psychosomatic_compulsive_mental_subconscious', 'physical_mental_psychological_nature_intellectual', 'being_well_enhances_promotes_improves', 'therapy_speech_managed_treated_cured', 'rest_state_need_requires_immobilization', 'immune_system_response_immunity_attacks']"
32372,tidy,3.03,3.6,"[5, 4, 6, 2, 1]","['neat', 'echo', 'junk', 'slob', 'stow']","['space_empty_encloses_spaces_occupies', 'arranged_orderly_systematically_arranging_piled', 'clutter_uncluttered_cluttered_unobstructed_free', 'pleasant_look_touch_feels_generally', 'minimalism_minimalist_minimalistic_lifestyle_design']"
26740,rest,3.03,5.2,"[4, 6, 6, 7, 3]","['doze', 'bunk', 'yawn', 'babe', 'ease']","['recovery_recover_salvage_uncertain_period', 'fatigue_tiredness_tired_exhausted_lead', 'relaxation_associated_state_invokes_induce', 'sleep_sleeps_rest_sleeping_string', 'inactivity_cessation_activity_state_movement']"
2393,bask,3.03,5.5,"[8, 7, 3, 6, 5, 4]","['yolk', 'dune', 'milk', 'days', 'dusk']","['warmth_provides_comfort_associated_conveys', 'sun_sunrise_sunset_sunsets_obscures', 'sun_sunburn_sunlight_uv_protection', 'relaxation_associated_state_invokes_induce', 'beaches_found_beach_beached_often', 'vitamins_minerals_vitamin_contains_fortified']"
27601,sang,3.03,6,"[7, 5, 5, 9, 5, 5]","['hymn', 'band', 'sing', 'diva', 'duet']","['vocal_voice_cords_vocalizes_deeper', 'lyrics_address_issues_chorus_political', 'singing_vocal_voice_music_singer', 'instruments_played_accompanied_musical_piano', 'live_concerts_performed_music_performances', 'melody_melodic_melodies_sounds_produces']"
1181,ante,3,2.4,"[3, 2, 3, 3, 1]","['meld', 'odds', 'need', 'dice', 'game']","['games_card_cards_game_term', 'game_games_affects_pace_outcome', 'betting_gambling_used_bets_bet', 'requirements_requires_requirement_mandatory_eligibility', 'gambling_bet_forced_slot_poker']"
26059,reek,3,2.6,"[3, 4, 3, 2, 1]","['ooze', 'ruin', 'mend', 'fart', 'mold']","['metaphorically_used_describe_often_metaphorical', 'decay_spoilage_decomposition_associated_result', 'fabric_fabrics_materials_applied_paper', 'unpleasant_smells_smell_odor_fishy', 'air_particles_spreads_permeates_disperses']"
6841,coup,3,2.8333333333333335,"[6, 3, 3, 2, 1, 2]","['oust', 'news', 'earl', 'meth', 'veto']","['political_politics_power_issues_exercised', 'violence_abuse_result_unrest_potential', 'military_soldiers_forces_infantry_national', 'treaties_sanctions_international_condemnation_trigger', 'government_seizure_power_violent_illegal', 'authority_imposed_existing_superiors_challenges']"
3477,bout,3,3,"[1, 3, 3, 3, 3, 2, 6]","['race', 'duel', 'game', 'obey', 'sumo']","['duration_short_period_brief_matches', 'boxing_match_fight_scuffle_bullfighting', 'competition_competitions_contest_shiai_competitors', 'winner_loser_win_winning_result', 'spectators_attract_seating_crowds_celebrated', 'tournament_tournaments_part_professional_sports', 'rules_governed_regulations_rule_guidelines']"
35880,waft,3,3.3333333333333335,"[2, 2, 6]","['musk', 'foul', 'dogs', 'bear', 'wolf']","['air_movement_gentle_refers_flight', 'scent_scents_carries_smells_territory', 'smell_sense_keen_senses_hearing']"
5442,code,3,3.75,"[4, 4, 4, 6, 3, 2, 4, 3]","['gimp', 'byte', 'plus', 'data', 'loop']","['encrypted_encryption_privacy_security_cryptid', 'symbols_numbers_uses_notation_letters', 'binary_bits_code_decimal_consists', 'programming_computing_used_computer_data', 'programming_software_language_basis_agent', 'open_source_proprietary_free_licensed', 'transmits_data_transmit_information_transmission', 'format_formats_text_compiled_done']"
19699,meet,3,4,"[8, 5, 2, 5, 2, 2]","['role', 'late', 'shoe', 'muse', 'sane']","['decision_decisions_making_makes_collective', 'informal_formal_casual_colloquial_aimless', 'communication_conversation_involves_conversational_conversations', 'scheduled_schedule_schedules_unscheduled_appointments', 'planned_spontaneous_impromptu_rehearsed_advance', 'ideas_idea_thesis_exchange_generate']"
36735,wore,3,4.142857142857143,"[2, 2, 11, 9, 3, 1, 1]","['garb', 'sexy', 'racy', 'kept', 'clad']","['indicates_something_indicate_hint_put', 'dressed_buff_denotes_covering_clothing', 'tense_past_verb_sink_weave', 'fashion_trends_style_styles_associated', 'clothing_accessories_refers_refer_pants', 'past_action_actions_implies_log', 'clothing_fashion_historical_nines_historically']"
9489,dope,3,4.5,"[6, 7, 4, 4, 2, 4]","['meth', 'drug', 'thug', 'duel', 'feel']","['enforcement_law_subject_police_plate', 'illegal_lawful_jurisdictions_unlawful_jurisdiction', 'drugs_drug_interact_methamphetamine_trafficking', 'addictive_habit_addiction_potential_addictions', 'good_bad_excellent_perceived_cool', 'perception_visual_alter_perceive_perceptive']"
11465,fail,3,4.8,"[7, 7, 3, 4, 3]","['flop', 'hype', 'miss', 'sulk', 'mope']","['disappointment_leads_lead_result_response', 'expectations_expectation_expected_deviation_falling', 'exams_examination_tests_examiner_examinations', 'improvement_improves_improve_circumstances_practice', 'lack_success_underperformance_indicates_imply']"
18361,lean,3,5,"[5, 7, 3]","['rump', 'beef', 'loin', 'slim', 'lamb']","['fat_low_content_body_marbled', 'meat_cut_beef_pork_meats', 'efficiency_energy_business_varies_type']"
29794,span,3,5.25,"[5, 4, 8, 4]","['inch', 'kilo', 'pint', 'mile', 'yard']","['measure_used_measuring_measurements_blood', 'measurement_distance_measure_length_used', 'unit_units_measured_measurement_volume', 'measured_inches_centimeters_meters_feet']"
23966,plus,3,5.285714285714286,"[13, 6, 2, 2, 2, 6, 6]","['grid', 'yeah', 'zinc', 'lead', 'axis']","['symbol_symbolized_ne_pb_zn', 'positive_negative_affirmative_value_interrogative', 'addition_indicates_additive_represents_identity', 'calculations_subtraction_operations_addition_arithmetic', 'lines_line_horizontal_intersecting_consists', 'mathematics_used_mathematical_algebra_science', 'programming_computing_used_computer_data']"
7560,darn,3,5.375,"[6, 5, 5, 6, 11, 2, 6, 2]","['sewn', 'tuck', 'knit', 'wove', 'zips']","['fabric_textiles_fabrics_creates_strengthens', 'needle_needles_syringe_uses_thread', 'hand_done_machine_person_face', 'sewing_stitches_stitch_stitching_involves', 'clothing_used_making_garment_garments', 'clothing_clothes_garments_wear_structure', 'naked_eye_invisible_visible_see', 'used_holes_padding_tears_cover']"
3433,both,2.97,3,"[4, 2, 6, 2, 1]","['same', 'such', 'seem', 'this', 'also']","['conjunction_english_hence_subordinating_coordinating', 'people_objects_refer_concepts_items', 'comparisons_used_compare_comparison_objects', 'plural_plurality_singular_grammatically_subjects', 'enhances_emphasis_emphasizes_enhance_meaning']"
28802,sick,2.97,4.142857142857143,"[7, 5, 4, 2, 2, 4, 5]","['rash', 'barf', 'puke', 'glee', 'hurl']","['contagious_groups_social_among_others', 'strength_lacks_weakness_muscle_physical', 'nausea_vomiting_vomit_throwing_induce', 'illness_illnesses_unwell_sick_associated', 'fever_throat_symptoms_cough_strep', 'result_medical_conditions_disease_complications', 'symptom_sign_illness_disease_symptoms']"
27490,said,2.97,9,"[20, 4, 3]","['have', 'hark', 'weep', 'plug', 'atom']","['verb_form_english_language_zygote', 'neutral_polarized_charge_overall_shade', 'speech_impediment_speaking_understand_pattern']"
28148,seen,2.96,2.857142857142857,"[5, 5, 3, 2, 2, 1, 2]","['tear', 'read', 'blur', 'find', 'view']","['focus_attention_focusing_concentration_focused', 'vision_blur_affected_glaucoma_impairments', 'eyes_eye_done_involves_help', 'brain_processing_involves_engages_nervous', 'obstructed_obstruct_eradicate_pathways_obstructions', 'energy_requires_lacks_propulsion_light', 'observation_observed_observing_scrutiny_act']"
18932,look,2.96,3,"[3, 3, 4, 2]","['gawk', 'sulk', 'feel', 'seen', 'eyed']","['gaze_eyes_prolonged_eyed_involves', 'eyes_eye_done_involves_help', 'perception_visual_alter_perceive_perceptive', 'verbal_communication_non_form_uncommunicative']"
1526,arid,2.96,3.4285714285714284,"[3, 3, 4, 5, 5, 2, 2]","['sand', 'aloe', 'seep', 'lush', 'hail']","['humidity_moisture_humid_high_conditions', 'climate_local_climates_climatic_regions', 'precipitation_rain_rainfall_form_snow', 'found_deserts_regions_arid_climates', 'soil_turns_conditions_decomposes_furrows', 'drought_resistant_droughts_dry_tolerant', 'fallout_desertification_nuclear_lead_radioactive']"
29594,sold,2.96,3.5714285714285716,"[3, 5, 4, 3, 4, 3, 3]","['sell', 'sale', 'deed', 'hype', 'ware']","['transaction_transactions_completed_transactional_ongoing', 'goods_exchange_services_exchanged_money', 'marketing_advertising_advertised_strategy_commercials', 'seller_buyer_requires_sellers_sale', 'demand_supply_market_influenced_conditions', 'ownership_transfer_transfers_possession_transferring', 'goods_sale_manufactured_items_wholesale']"
253,achy,2.96,3.875,"[3, 3, 6, 7, 3, 5, 3, 1]","['ache', 'sore', 'gout', 'pain', 'bald']","['weightlifting_muscles_jerk_exercise_clean', 'joints_joint_elbows_wrists_inflammation', 'chronic_temporary_intermittent_continuous_become', 'discomfort_pain_expresses_distress_soreness', 'indicate_medical_illness_condition_health', 'symptom_sign_illness_disease_symptoms', 'dull_dulled_honed_sharp_appears', 'relieved_rest_medication_massage_heating']"
3406,bore,2.96,6,"[8, 9, 1]","['golf', 'well', 'mole', 'disk', 'disc']","['holes_hole_center_18_gap', 'digging_excavation_drilling_dug_drilled', 'diameter_diameters_size_varies_thin']"
17816,july,2.93,3.090909090909091,"[3, 3, 4, 3, 3, 2, 6, 2, 3, 3, 2]","['june', 'fall', 'week', 'prom', 'toga']","['month_shorter_months_days_consecutive', 'days_seven_31_30_consists', 'year_school_end_academic_many', 'hemisphere_northern_summer_southern_winter', 'roman_named_goddess_juno_caesar', 'cancer_leo_signs_gemini_zodiac', 'day_holidays_valentine_celebrated_holiday', 'year_leap_days_seventh_365', 'independence_4th_seeks_day_july', 'tourists_attracts_tourism_visitors_season', 'harvest_season_crops_many_time']"
32181,they,2.93,3.5,"[3, 6, 2, 4, 4, 2]","['whom', 'them', 'noun', 'hers', 'folk']","['people_refers_person_refer_thing', 'pronoun_demonstrative_third_indefinite_interrogative', 'subject_sentence_predicate_links_object', 'gender_genders_unisex_languages_different', 'group_indicates_groups_things_item', 'functions_function_grammatically_word_auxiliary']"
35624,veto,2.93,3.6666666666666665,"[8, 2, 6, 3, 2, 1]","['coup', 'norm', 'pact', 'riot', 'jilt']","['enforced_law_enforceable_enforces_laws', 'processes_rules_procedures_legislative_involves', 'political_politics_power_issues_exercised', 'rejection_reject_proposal_decision_rejected', 'balance_balances_imbalance_neutrality_balanced', 'absolute_limited_bound_time_endless']"
5352,clue,2.93,4.142857142857143,"[9, 2, 11, 2, 2, 2, 1]","['hint', 'peek', 'noir', 'user', 'cube']","['games_used_video_game_darts', 'clue_game_enigma_riddle_den', 'information_piece_personal_seeks_summarizes', 'reasoning_logical_reason_requires_logic', 'auditory_visual_textual_elements_monocular', 'mystery_mysterious_detective_mysteries_stories', 'investigation_forensic_investigations_crime_revealed']"
2865,bios,2.92,2.2857142857142856,"[3, 3, 3, 1, 2, 2, 2]","['prey', 'cell', 'dump', 'born', 'soul']","['organisms_organism_living_prokaryotic_eukaryotic', 'ecosystems_ecosystem_part_diverse_unique', 'life_basic_unit_energy_force', 'habitat_habitats_natural_organisms_found', 'studied_biological_microbiology_pharmacology_biology', 'environment_environmental_changes_sensitive_impact', 'life_existence_refers_beginning_earliest']"
31945,temp,2.92,3.25,"[7, 4, 3, 2, 3, 4, 2, 1]","['heat', 'cold', 'warm', 'soft', 'seal']","['weather_overcast_skies_describe_cloudy', 'comfort_associated_food_provides_levels', 'weather_patterns_forecasts_influences_affects', 'climate_change_impacts_risk_affected', 'measured_degrees_thermometers_fahrenheit_celsius', 'temperature_degrees_heat_fahrenheit_celsius', 'thermal_heat_thermodynamics_transfers_convection', 'matter_changes_state_states_disintegration']"
3321,bonk,2.91,3.6,"[6, 5, 2, 3, 2]","['wham', 'oink', 'slay', 'lisp', 'thud']","['onomatopoeic_onomatopoeia_word_onomatopoetic_frequently', 'hit_strike_means_failure_reach', 'sound_effect_absorbs_creates_substitution', 'impact_collision_indicates_sudden_represents', 'comedy_clowns_clown_jesters_slapstick']"
17736,joke,2.9,3.75,"[4, 7, 6, 2, 4, 3, 2, 2]","['jest', 'poem', 'gosh', 'twig', 'rude']","['story_stories_tell_tells_convey', 'offensive_considered_inappropriate_speech_senses', 'length_varies_lengths_comes_various', 'sarcasm_irony_sarcastic_contain_verbal', 'wordplay_dolls_play_may_involve', 'comedy_slapstick_routine_comedic_performance', 'humor_subject_form_potty_toilet', 'social_interactions_used_socializing_gatherings']"
36481,wimp,2.9,4.076923076923077,"[5, 7, 5, 7, 3, 6, 4, 7, 1, 2, 2, 1, 3]","['bold', 'dare', 'meek', 'hero', 'wary']","['stands_standing_upright_stand_hind', 'courage_bravery_brave_embodies_metaphorically', 'strength_lacks_weakness_muscle_physical', 'leader_captain_leaders_disciples_followers', 'risk_risks_taking_dangers_assessment', 'criticism_sensitive_criticized_critique_critics', 'anxiety_stress_cause_anxious_induce', 'confidence_self_confident_implies_arrogance', 'visually_unappealing_displays_behavior_nondescript', 'confrontational_confrontation_avoids_non_confrontations', 'submissive_submissiveness_nature_defeat_personality', 'assertiveness_assertive_assert_struggles_truthfulness', 'aggressive_behavior_rebellious_manipulative_passive']"
36480,wilt,2.9,4.166666666666667,"[12, 2, 4, 4, 2, 1]","['palm', 'herb', 'bush', 'barf', 'fall']","['leaves_edible_trees_needle_buds', 'reversible_reversed_freezing_intervention_proper', 'dehydration_drinking_eating_lead_frequent', 'plants_plant_found_phloem_leaves', 'plants_plant_disease_health_causes', 'caused_genetics_result_tight_lights']"
29851,spec,2.9,5,"[5, 5]","['kiln', 'tear', 'blur', 'weld', 'eyed']","['used_manufacturing_making_industries_die', 'vision_blur_affected_glaucoma_impairments']"
31940,tell,2.9,6.6,"[20, 4, 4, 1, 4]","['talk', 'seem', 'said', 'like', 'gape']","['verb_form_english_language_zygote', 'emotions_express_feelings_convey_emotion', 'speaking_involves_dialogue_simmering_words', 'listener_receiver_requires_sender_speaker', 'deceptive_truthful_deceitful_honest_practice']"
27409,rush,2.9,7,[7],"['dire', 'soon', 'flee', 'plea', 'hark']",['urgency_haste_sense_conveys_urgent']
20091,mini,2.89,2.75,"[3, 2, 3, 3]","['soil', 'faux', 'tiny', 'snow', 'anti']","['expensive_cheaper_cost_less_economical', 'prefix_jack_as_english_shortened', 'compact_compacted_snowballs_compaction_snowball', 'small_size_something_miniature_smaller']"
35980,warn,2.89,4.166666666666667,"[5, 4, 6, 2, 2, 6]","['undo', 'meet', 'heed', 'exit', 'slow']","['signs_sign_marked_signage_advertising', 'danger_potential_caution_threat_warns', 'caution_cautious_carefulness_concern_cautiousness', 'communication_conversation_involves_conversational_conversations', 'immediate_response_action_requires_startle', 'safety_device_protocols_measures_safekeeping']"
13063,fury,2.89,5.125,"[5, 3, 4, 5, 11, 6, 5, 2]","['rage', 'fear', 'hate', 'fuss', 'rude']","['aggression_symbol_territorial_warning_threat', 'injustice_injustices_perceived_triggered_powerlessness', 'anger_frustration_associated_rage_expressions', 'shouting_complaints_complaining_involves_often', 'emotion_intense_describes_attitude_emotional', 'heart_rate_increases_elevated_increase', 'art_depicted_literature_paintings_arts', 'fight_flight_response_or_triggers']"
25516,raid,2.88,4,"[9, 6, 4, 2, 4, 2, 1]","['ploy', 'navy', 'gasp', 'moat', 'bunt']","['surprise_expresses_amazement_express_element', 'enforcement_law_subject_police_plate', 'military_forces_armed_branch_nation', 'attack_attackers_deterrent_sieges_designed', 'coordination_requires_balance_improves_coordinated', 'target_targets_targeted_objects_towards', 'sudden_suddenly_occurs_attack_unexpected']"
36583,wisp,2.87,3,"[6, 2, 3, 3, 1]","['cork', 'lacy', 'bale', 'lace', 'foam']","['lightweight_easy_handling_transport_designed', 'straw_hay_made_straws_bunch', 'delicate_texture_subtle_thin_appearance', 'smoke_fog_vapor_cloud_mushroom', 'ethereal_delicatessen_quality_jewish_ghostly']"
25583,rank,2.86,3,"[6, 1, 2, 2, 1, 6]","['doer', 'ploy', 'wage', 'perk', 'flag']","['responsibility_responsibilities_duties_responsible_duty', 'position_hierarchy_inherits_level_denotes', 'competitions_competitive_used_competition_contest', 'insignia_emblems_emblem_symbols_symbol', 'privileges_privilege_status_elevate_responsibilities', 'salary_compensation_wages_pay_paid']"
19722,meld,2.86,3.25,"[3, 6, 2, 2]","['ante', 'golf', 'test', 'dunk', 'exam']","['games_card_cards_game_term', 'scored_scoring_score_graded_points', 'decks_cards_multiple_sequence_number', 'game_games_affects_pace_outcome']"
37019,zero,2.86,3.75,"[4, 5, 6, 5, 2, 4, 2, 2]","['five', 'four', 'byte', 'code', 'warm']","['binary_bits_code_decimal_consists', 'numbers_number_256_decimal_floor', 'mathematics_used_mathematical_algebra_science', 'number_integer_prime_numbers_specificity', 'nothingness_concept_zero_symbolizes_symbolized', 'temperature_degrees_heat_fahrenheit_celsius', 'even_number_evens_odds_odd', 'null_quantity_zero_represents_value']"
31123,sulk,2.86,3.857142857142857,"[2, 7, 7, 2, 3, 3, 3]","['mope', 'glum', 'alas', 'wish', 'mime']","['brooding_sulking_accompanied_lethargy_involve', 'disappointment_leads_lead_result_response', 'silent_silently_aloud_performs_suppressed', 'verbal_communication_non_form_uncommunicative', 'aggressive_behavior_rebellious_manipulative_passive', 'mood_lighten_song_tone_reflects', 'coping_mechanism_mechanisms_strategies_used']"
17727,join,2.86,5.333333333333333,"[9, 5, 2]","['duet', 'fold', 'pact', 'team', 'lose']","['permanent_temporary_persistent_lasting_semi', 'collaboration_cooperation_requires_consensus_teamwork', 'connects_two_connected_connect_elements']"
12185,flaw,2.86,6.75,"[13, 7, 2, 5]","['need', 'torn', 'near', 'seem', 'bare']","['subjective_context_nature_personal_based', 'vulnerability_vulnerable_imply_vulnerabilities_exploitation', 'functionality_affect_bugs_reduces_function', 'severity_varies_severe_vary_glasgow']"
35573,verb,2.85,3,"[6, 3, 3, 4, 1, 2, 4, 2, 2, 2, 6, 1]","['been', 'were', 'have', 'army', 'hunk']","['action_actions_describes_performed_act', 'speech_part_form_colloquial_english', 'emotional_state_physical_civil_intellectual', 'tense_ve_past_tenses_contractions', 'indirect_direct_intransitive_transitive_questions', 'conjugated_conjugations_conjugation_differently_subject', 'irregular_shape_irregularly_regular_shaped', 'subjunctive_mood_imperative_indicative_moods', 'passive_infinitive_voice_participle_be', 'passive_active_voice_selected_traits', 'command_commands_used_chain_following', 'followed_noun_often_pronoun_verb']"
27157,roam,2.85,3.4285714285714284,"[6, 3, 4, 3, 3, 4, 1]","['trek', 'echo', 'rode', 'dead', 'walk']","['leisure_activity_leisurely_activities_prefers', 'alone_solo_groups_done_performed', 'occurs_occur_erogenous_zone_urban', 'exploration_adventure_explored_rovers_associated', 'navigation_skills_beginners_navigate_accessible', 'movement_moves_move_side_moving', 'humans_done_animals_applied_many']"
19094,lurk,2.85,3.8333333333333335,"[3, 7, 5, 4, 2, 2]","['kill', 'bury', 'pelt', 'mope', 'hunt']","['behavior_behaviors_habitual_deeds_usual', 'predators_predatory_predation_associated_protects', 'hunting_hunts_treasure_animals_small', 'hidden_hide_hiding_buried_walls', 'concealment_concealed_secrecy_conceal_something', 'stealth_stealthily_stealthy_stealthiness_requires']"
9902,earl,2.85,4.2,"[4, 6, 3, 4, 1, 1, 4, 6, 10, 3]","['duke', 'lord', 'dame', 'veto', 'tsar']","['aristocracy_nobility_feudal_royalty_associated', 'title_nobility_ruler_woman_noble', 'peerage_system_british_honours_part', 'land_estate_owns_property_estates', 'viscount_marquess_ranks_ranked_marquis', 'lords_sit_house_uk_reforms', 'coat_arms_thick_wears_white', 'political_politics_power_issues_exercised', 'charitable_charity_philanthropy_philanthropic_charities', 'rank_ranks_coronet_ranking_matching']"
2714,beta,2.84,2,"[2, 2]","['quiz', 'frat', 'zing', 'sand', 'cage']","['greek_letter_alphabet_names_second', 'test_testing_tested_tests_testers']"
31773,task,2.84,3.25,"[4, 4, 6, 3, 3, 2, 2, 2]","['role', 'beep', 'shed', 'logo', 'sell']","['assigned_delegated_delegates_tasks_override', 'complex_simple_complicated_intricate_multifaceted', 'effort_requires_require_attempt_effortlessness', 'workshops_seminars_workshop_project_toolboxes', 'repetitive_unique_often_repetitiveness_repetitively', 'deadline_date_deadlines_may_due', 'goal_goals_objective_objectives_purpose', 'profit_result_product_loss_outcome']"
13466,give,2.83,4,"[4, 4]","['nice', 'quit', 'gave', 'help', 'kind']","['voluntary_forced_obligatory_action_voluntarily', 'generosity_generous_charity_yielding_suggests']"
4150,calm,2.83,4.333333333333333,"[8, 4, 6, 5, 3, 4, 6, 2, 1]","['ease', 'yoga', 'fury', 'dusk', 'fear']","['meditation_mindfulness_meditates_meditative_watchfulness', 'peaceful_quiet_peacefulness_considered_serene', 'relaxation_associated_state_invokes_induce', 'stress_relief_inducing_absence_relieve', 'tranquility_tranquil_sense_calmness_associated', 'peace_goodwill_symbolizes_harmony_peacefulness', 'heart_rate_increases_elevated_increase', 'quiet_environment_seclusion_quieter_undertaken', 'breathing_slower_rapid_puffiness_accompanied']"
9426,dolt,2.83,4.625,"[9, 3, 7, 3, 6, 4, 2, 3]","['fool', 'dumb', 'redo', 'wife', 'quiz']","['tasks_performs_task_perform_household', 'judgment_good_lack_poor_lacks', 'mistakes_mistake_correct_correction_makes', 'naive_gullible_appear_naïve_innocent', 'learning_learns_learn_speak_passion', 'awareness_ignorance_unaware_lack_social', 'intelligence_lack_lacks_portrayed_unintelligent', 'understand_slow_quickness_learn_perceive']"
35286,upon,2.83,5,"[9, 4, 2]","['onto', 'over', 'whom', 'from', 'rely']","['preposition_object_prepositions_adverbs_phrasal', 'position_indicates_something_refers_else', 'reliance_dependence_dependency_self_contingency']"
26036,redo,2.82,4.8,"[7, 6, 4, 3, 4]","['dolt', 'file', 'fail', 'babe', 'film']","['mistakes_mistake_correct_correction_makes', 'learning_learns_learn_speak_passion', 'improvement_improves_improve_circumstances_practice', 'edited_editing_revised_pacing_altered', 'repetition_repetitions_chords_notes_repeated']"
19099,lush,2.8,2.75,"[5, 2, 5, 3, 2, 2, 1, 2]","['mist', 'arid', 'mesa', 'putt', 'tend']","['found_deserts_regions_arid_climates', 'plants_plant_wort_gardens_forests', 'landscapes_landscape_landscaped_landscaping_natural', 'feels_moist_damp_touch_wet', 'green_putting_reading_often_practiced', 'vegetation_overgrown_sparse_lush_covered', 'fresh_smells_earthy_smell_pungent', 'growth_rapid_abundant_goes_rate']"
13708,gory,2.8,5.8,"[8, 5, 9, 5, 2]","['gore', 'card', 'dice', 'kill', 'maim']","['violence_violent_associated_often_intimidation', 'disgust_shock_sense_revulsion_expresses', 'games_used_video_game_darts', 'death_life_ends_alive_results', 'horror_movies_films_depicted_scenes']"
10881,even,2.79,2.2857142857142856,"[4, 3, 3, 2, 2, 1, 1]","['nine', 'four', 'last', 'loop', 'veto']","['sequence_sequences_position_follows_fibonacci', 'symmetrical_symmetric_asymmetrical_bilaterally_two', 'odd_number_opposite_even_zero', 'digit_single_ends_decimal_number', 'balance_balances_imbalance_neutrality_balanced', 'divisible_units_smaller_divisibility_divisors', 'remainder_divided_removed_leaves_two']"
15643,idle,2.79,2.8,"[4, 3, 4, 2, 1]","['blah', 'taut', 'heal', 'yawn', 'fool']","['boredom_boring_uninteresting_bored_blah', 'unpredictability_unproductive_unremarkable_imply_inaccessibility', 'lacks_motivation_lack_experience_depressions', 'rest_state_need_requires_immobilization', 'present_new_use_normally_still']"
36566,wiry,2.79,3.25,"[4, 3, 2, 4]","['rope', 'pogo', 'cent', 'pane', 'news']","['flexible_rigid_elasticated_functionality_material', 'break_breaking_breakable_breaks_breakage', 'tensile_strength_high_rating_increases', 'metal_made_plastic_often_typically']"
29625,solo,2.79,4,"[2, 3, 9, 3, 3]","['skit', 'feat', 'fest', 'film', 'lift']","['musical_performance_music_musicality_experimentation', 'independence_4th_seeks_day_july', 'music_accompaniment_accompanied_instrumental_often', 'improvised_scripted_composed_precomposed_choreographed', 'talent_exceptional_performer_skill_highlights']"
27017,rich,2.79,4,"[10, 5, 3, 5, 5, 2, 2, 3, 1]","['fund', 'posh', 'poor', 'snob', 'pomp']","['charitable_charity_philanthropy_philanthropic_charities', 'wealth_assets_status_possesses_affluent', 'exclusive_access_available_membership_clubs', 'luxury_luxurious_luxuries_afford_prefers', 'investment_investments_invested_financial_markets', 'basic_lacks_resources_necessities_financial', 'income_lives_net_high_worth', 'financial_financially_support_partner_responsibilities', 'travels_often_travel_destination_tours']"
36112,weak,2.79,4,"[7, 5, 5, 4, 2, 1]","['puny', 'flaw', 'limp', 'wimp', 'hack']","['vulnerability_vulnerable_imply_vulnerabilities_exploitation', 'strength_lacks_weakness_muscle_physical', 'broken_fragile_damaged_snapped_easily', 'resistance_resists_resisted_resist_low', 'prone_injuries_sprains_injury_damage', 'intensity_low_escalate_levels_reduction']"
21796,oath,2.79,4.285714285714286,"[7, 6, 3, 3, 6, 2, 3]","['pomp', 'rule', 'diss', 'acts', 'soon']","['consequences_consequence_broken_actions_punishment', 'verbal_written_non_physical_shout', 'witnesses_notarized_seconds_witness_requires', 'promises_promise_vows_solemn_chastity', 'ceremonies_ceremony_ceremonial_associated_involved', 'integrity_virtue_honesty_dishonesty_moral', 'commitment_symbolizes_committed_serves_moral']"
21013,near,2.79,4.428571428571429,"[13, 2, 4, 3, 6, 2, 1]","['away', 'most', 'deem', 'many', 'west']","['subjective_context_nature_personal_based', 'opposite_far_east_there_go', 'distance_diminishes_measures_time_measured', 'location_place_used_agreed_locations', 'closeness_proximity_distance_emotional_indicates', 'spatial_relationship_awareness_relationships_relation', 'context_requires_meaning_specificity_understood']"
11379,eyed,2.79,4.75,"[8, 3, 3, 5]","['monk', 'seen', 'yogi', 'dusk', 'tear']","['meditation_mindfulness_meditates_meditative_watchfulness', 'gaze_eyes_prolonged_eyed_involves', 'light_lightness_lighting_conditions_dreaming', 'vision_blur_affected_glaucoma_impairments']"
17891,kept,2.79,5,"[11, 3, 6, 5, 4, 1]","['took', 'rode', 'stay', 'fill', 'plug']","['tense_past_verb_sink_weave', 'secret_secrets_secretive_complicity_confidential', 'safety_device_protocols_measures_safekeeping', 'possession_implies_indicates_denotes_possessed', 'remaining_something_place_remains_discarding', 'maintenance_maintain_care_infers_fund']"
18493,lent,2.77,3.1,"[3, 7, 2, 3, 4, 2, 3, 2, 2, 3]","['monk', 'week', 'amen', 'debt', 'hymn']","['last_days_lasts_40_lasting', 'texts_religious_jesus_bible_biblical', 'prayers_prayer_end_hymns_time', 'forgiven_penance_mercy_forgiveness_forgiving', 'spiritual_religious_spirituality_growth_faith', 'liturgy_liturgical_period_christian_part', 'begins_starts_wednesday_ash_monday', 'saturday_ends_sunday_holy_week', 'rapid_movement_involves_acceleration_fasting', 'religious_services_church_presides_ceremonies']"
18503,less,2.77,4,"[3, 8, 4, 2, 3]","['much', 'some', 'wane', 'many', 'more']","['deficiency_shortage_lack_insufficiency_imperfection', 'quantity_represents_scalar_used_describe', 'comparative_more_than_used_comparable', 'decrease_decline_reduction_quantity_value', 'adverbs_adjectives_modifies_adverbial_modify']"
2212,balk,2.76,2.1666666666666665,"[2, 2, 5, 2, 1, 1]","['bunt', 'left', 'whoa', 'quit', 'shut']","['pitcher_baseball_batter_illegal_pitching', 'runners_advance_base_smooth_bottom', 'stop_stopping_means_pause_shut', 'sports_baseball_used_term_team', 'penalty_penalties_games_shootout_runner', 'runners_base_penalized_deceiving_confuse']"
7427,cute,2.76,3.5,"[7, 3, 2, 2]","['nice', 'pure', 'slim', 'hunk', 'tend']","['attractiveness_attractive_unattractive_associated_man', 'care_caring_desire_protect_resonates', 'innocence_innocent_naivety_symbol_presumption', 'endearing_charming_perceived_frivolous_annoying']"
27226,romp,2.76,4.142857142857143,"[6, 3, 6, 3, 2, 4, 5]","['zing', 'leap', 'jest', 'dibs', 'glee']","['energy_energetic_field_source_lively', 'involve_activities_games_money_might', 'jumping_jump_involves_jumps_grappling', 'enjoyment_pleasure_fun_expresses_associated', 'noisy_when_silent_quiet_noise', 'playful_playfulness_activity_expresses_nature', 'laughter_provoke_expressed_followed_cause']"
22250,ouch,2.76,4.333333333333333,"[5, 7, 1]","['yuck', 'sore', 'moan', 'meow', 'yelp']","['interjection_speech_english_known_language', 'discomfort_pain_expresses_distress_soreness', 'loud_soft_depending_breed_dog']"
7407,cusp,2.74,3.142857142857143,"[3, 7, 5, 2, 2, 2, 1]","['axel', 'dime', 'into', 'zips', 'baby']","['transition_point_stage_video_represents', 'teeth_tooth_baby_develops_dental', 'edge_ridged_edges_ridges_raised', 'phases_phase_crescent_gibbous_new', 'peak_climax_zenith_apex_geometry', 'state_condition_states_denotes_indicates', 'zodiac_signs_astrology_taurus_horoscope']"
28208,semi,2.74,3.5555555555555554,"[10, 6, 2, 5, 2, 3, 2, 1, 1]","['bike', 'boat', 'raft', 'cart', 'toll']","['transportation_used_transporting_goods_transport', 'cargo_passengers_carries_terminals_carry', 'engine_diesel_engines_powered_gasoline', 'license_driver_licensed_operate_requires', 'brakes_air_braking_stopping_controlled', 'sleeping_sleeper_bags_cabins_hauls', 'vehicle_type_truck_minivan_suvs', 'trailer_trailers_detachable_pulls_pull', 'heavy_loads_duty_carries_carry']"
22029,once,2.74,4.5,"[7, 2]","['epic', 'gala', 'expo', 'news', 'host']","['event_events_sequence_organizes_current', 'action_quick_sudden_momentary_repeated']"
27506,sake,2.74,5.7272727272727275,"[11, 3, 5, 5, 7, 2, 8, 5, 8, 4, 5]","['beer', 'mead', 'wine', 'mull', 'brew']","['ceremonies_rituals_used_religious_celebrations', 'served_cold_warm_hot_chilled', 'brewing_beer_breweries_brewed_whiskey', 'originates_originated_japan_asia_hawaii', 'alcoholic_drinks_beverages_drunk_alcohol', 'clear_slightly_yellow_colored_colorless', 'beverage_alcoholic_drink_mulled_japanese', 'alcohol_contains_content_spirits_volume', 'served_meals_meal_rice_often', 'sweet_taste_tart_sweetened_sweetness', 'made_rice_barley_soybeans_corn']"
21315,noel,2.73,4.363636363636363,"[6, 6, 7, 5, 3, 4, 8, 2, 2, 3, 2]","['luau', 'fest', 'year', 'lend', 'lent']","['day_holidays_valentine_celebrated_holiday', 'gift_gifts_giving_given_give', 'celebration_celebrations_celebrated_celebrates_commemorate', 'sung_congregation_carols_choir_singing', 'religious_services_church_presides_ceremonies', 'peace_goodwill_symbolizes_harmony_peacefulness', 'served_meals_meal_rice_often', 'christmas_santa_claus_associated_season', 'family_gatherings_families_relatives_attend', 'decorations_decoration_elaborate_involves_lights', 'december_25th_31st_ends_celebrated']"
14706,heft,2.72,2.8,"[5, 3, 1, 3, 2]","['lump', 'mass', 'jack', 'cost', 'arms']","['mass_unit_small_mc_energy', 'weight_overweight_refers_mass_body', 'heaviness_hex_curse_plodding_heft', 'lifting_objects_lift_heavy_weights', 'cost_costs_benefit_shipping_influences']"
11438,fact,2.72,4.428571428571429,"[6, 11, 5, 3, 3, 1, 2]","['true', 'self', 'sect', 'avid', 'read']","['beliefs_belief_shares_values_practices', 'information_piece_personal_seeks_summarizes', 'knowledge_knowledgeable_highly_eager_learning', 'evidence_verified_based_listens_deliberates', 'modern_antique_ancient_historical_contemporary', 'verified_noticeboards_proven_posted_official', 'objective_objectives_setting_them_completes']"
5642,come,2.72,6.833333333333333,"[20, 6, 8, 2, 2, 3]","['came', 'seek', 'into', 'have', 'plea']","['verb_form_english_language_zygote', 'command_commands_used_chain_following', 'movement_indicates_denotes_towards_surface', 'arrival_arriving_indicates_presence_upon', 'request_requests_used_offers_polite', 'future_events_event_associated_portends']"
6955,cram,2.71,4.166666666666667,"[3, 5, 6, 3, 2, 6]","['ditz', 'oral', 'pain', 'dumb', 'hate']","['study_grades_studying_studied_academic', 'stress_cause_exacerbated_lead_frustration', 'learning_learns_learn_speak_passion', 'exams_examination_tests_examiner_examinations', 'memory_recall_memorization_forgetting_application', 'understanding_depth_complex_concepts_understandable']"
7306,cult,2.71,4.222222222222222,"[5, 6, 6, 7, 7, 1, 1, 3, 2]","['sect', 'team', 'gang', 'frat', 'self']","['community_sense_communities_gathering_promotes', 'group_people_dynamics_collective_carried', 'beliefs_belief_shares_values_practices', 'leader_captain_leaders_disciples_followers', 'rituals_ceremonies_ritual_traditions_involves', 'religious_secular_religions_sinful_believers', 'secretive_private_may_surreptitious_exclusive', 'recruit_members_new_recruitment_membership', 'controversial_extreme_misunderstood_opinions_positions']"
22970,pass,2.71,6,[6],"['jump', 'sway', 'kick', 'opus', 'flex']",['movement_movements_action_involves_physical']
5403,coax,2.7,2.6666666666666665,"[4, 2, 2]","['song', 'cord', 'liar', 'rant', 'talk']","['persuasive_persuasion_informative_skilled_tactics', 'radio_signals_transmitted_waves_ohms', 'connectors_ends_plugs_fittings_plug']"
28255,send,2.7,3,"[2, 3, 3, 2, 5, 5, 1]","['sent', 'mail', 'frat', 'idea', 'hunt']","['transmitted_communication_protocols_networks_contact', 'regulations_subject_laws_rules_safety', 'tracking_tracked_track_confirmed_animals', 'postage_postal_delivered_delivery_payment', 'recipient_sender_address_return_received', 'communication_communicated_communicates_message_messages', 'instantaneous_momentary_transient_prolonged_take']"
24122,poor,2.7,3.375,"[4, 4, 8, 3, 2, 2, 1, 3]","['rich', 'slum', 'aids', 'bank', 'user']","['housing_homeless_substandard_residents_students', 'grants_aid_assistance_government_grantor', 'access_accessible_accessibility_allows_wheelchairs', 'insurance_healthcare_access_retirement_benefits', 'basic_lacks_resources_necessities_financial', 'income_lives_net_high_worth', 'education_educated_formal_levels_quality', 'stigma_stigmatized_social_faces_discrimination']"
29452,snob,2.7,3.857142857142857,"[5, 5, 3, 4, 3, 5, 2]","['posh', 'rich', 'foul', 'pity', 'gent']","['wealth_assets_status_possesses_affluent', 'luxury_luxurious_luxuries_afford_prefers', 'status_social_class_high_higher', 'arrogant_arrogance_condescending_perceived_attitude', 'social_socializing_socializes_socialization_structure', 'taste_tastes_sharp_preferences_describe', 'inferior_inferiority_condescension_superior_toward']"
22793,pang,2.7,4.5,"[5, 4]","['soul', 'meow', 'peep', 'sate', 'vibe']","['hunger_appetite_satisfies_thirst_cravings', 'emotions_emotional_emotionally_emotion_experiences']"
7255,crux,2.69,2.6,"[3, 3, 1, 3, 3]","['main', 'love', 'aqua', 'moot', 'dole']","['central_primary_issue_aspect_main', 'essential_important_health_life_point', 'critical_thinking_pivotal_situation_moment', 'heart_chambered_side_symbolized_prominent', 'debate_contested_subject_debated_political']"
22013,omen,2.69,4.375,"[2, 4, 5, 10, 5, 5, 3, 1]","['lore', 'bode', 'myth', 'jinx', 'come']","['predicts_predictive_predictions_prediction_future', 'superstitions_superstition_superstitious_beliefs_associated', 'signs_sign_marked_signage_advertising', 'folklore_mythology_mythical_creature_myths', 'fear_induce_panic_fears_cause', 'supernatural_elements_forces_paranormal_miracles', 'future_events_event_associated_portends', 'phenomenon_natural_physics_occurrences_random']"
33272,twit,2.68,2.5,"[2, 3]","['jest', 'daft', 'poke', 'kite', 'sand']","['foolish_silly_foolishness_person_stupid', 'teasing_tease_taunt_teased_twit']"
9298,ditz,2.68,2.8333333333333335,"[2, 3, 3, 2, 6, 1]","['cram', 'gist', 'twin', 'cute', 'dolt']","['endearing_charming_perceived_frivolous_annoying', 'naive_gullible_appear_naïve_innocent', 'personality_trait_traits_personalities_behavioral', 'memory_recall_memorization_forgetting_application', 'understanding_depth_complex_concepts_understandable', 'media_portrayed_depicted_literature_culture']"
17746,josh,2.68,3.4,"[3, 5, 2, 4, 3]","['john', 'tony', 'word', 'text', 'clan']","['name_names_used_given_naming', 'english_language_used_speaking_countries', 'hebrew_derived_name_yehoshua_greek', 'surname_name_nickname_first_last', 'languages_translated_spelled_different_variations']"
36265,wham,2.68,3.6666666666666665,"[5, 5, 6, 2, 3, 1]","['bonk', 'gasp', 'thud', 'woof', 'jerk']","['exclamation_exclamations_followed_mark_point', 'shock_surprise_stunned_indicate_shockwaves', 'onomatopoeic_onomatopoeia_word_onomatopoetic_frequently', 'comic_books_sound_effects_comics', 'impact_collision_indicates_sudden_represents', 'implies_causality_motion_another_change']"
4068,byte,2.68,4.125,"[4, 5, 5, 4, 5, 6, 3, 1]","['file', 'zero', 'code', 'lift', 'font']","['computers_processing_computer_processed_executed', 'characters_character_encode_single_special', 'data_stores_store_stored_storage', 'binary_bits_code_decimal_consists', 'numbers_number_256_decimal_floor', 'programming_computing_used_computer_data', 'file_formats_various_pdf_jpg', 'digital_information_unit_encoded_data']"
29036,skew,2.68,4.5,"[4, 5]","['dial', 'sear', 'yarn', 'axle', 'tong']","['barbecues_grilling_barbecue_grill_charcoal', 'rotated_rotates_rotation_spinning_spun']"
35898,wait,2.68,5.833333333333333,"[20, 4, 5, 2, 2, 2]","['stir', 'late', 'weep', 'like', 'bide']","['verb_form_english_language_zygote', 'patience_requires_consistency_shows_necessitates', 'delay_delays_delayed_slowed_cause', 'passive_active_voice_selected_traits', 'anticipation_activity_associated_often_precedes', 'occurs_contexts_occur_social_settings']"
28141,seek,2.68,7.833333333333333,"[20, 10, 6, 5, 4, 2]","['sort', 'lust', 'easy', 'weep', 'hark']","['verb_form_english_language_zygote', 'desire_desires_need_strong_conflict', 'effort_requires_require_attempt_effortlessness', 'abstract_physical_representational_concepts_intangible', 'searching_search_finding_items_looking', 'curiosity_interest_fascination_excessive_inquiry']"
19247,make,2.67,2.3333333333333335,"[2, 4, 1]","['grew', 'tech', 'poet', 'made', 'zing']","['artistic_expression_art_artistically_music', 'development_creation_refers_technology_specification', 'steps_stages_series_alpha_process']"
32510,toil,2.67,3,"[5, 4, 6, 2, 1, 3, 2, 1]","['hick', 'mono', 'fend', 'rest', 'eats']","['survival_necessary_fittest_essential_mechanism', 'labor_manual_farming_associated_performs', 'fatigue_tiredness_tired_exhausted_lead', 'effort_physical_requires_lazy_mental', 'sign_symptom_exhausting_exhaustion_tiredness', 'repetitive_unique_often_repetitiveness_repetitively', 'time_requires_takes_consuming_free', 'profession_professions_occupations_working_work']"
18971,lost,2.67,3,"[4, 3, 2, 4, 4, 2, 2]","['find', 'lane', 'stun', 'help', 'flow']","['assistance_help_need_helps_call', 'way_one_two_unable_find', 'direction_lack_inability_find_planned', 'searching_search_finding_items_looking', 'disorientation_disorganized_often_disorienting_disoriented', 'location_coordinates_indicates_knowing_strategically', 'discovery_discovering_lead_learning_places']"
21606,noon,2.67,3.4,"[3, 6, 3, 4, 1]","['dusk', 'haze', 'hazy', 'fall', 'mist']","['day_marks_beginning_end_workday', 'morning_evening_afternoon_occurs_night', 'highest_point_sun_mountain_sky', 'daylight_shadows_shortest_shorter_changes', 'midday_00_pm_12_noon']"
18339,lazy,2.67,3.625,"[6, 6, 6, 4, 2, 2, 2, 1]","['doze', 'yawn', 'fool', 'trip', 'rode']","['leisure_activity_leisurely_activities_prefers', 'fatigue_tiredness_tired_exhausted_lead', 'effort_requires_require_attempt_effortlessness', 'lacks_motivation_lack_experience_depressions', 'energy_levels_low_quantized_high', 'saves_saving_time_save_procrastinate', 'avoidance_avoids_behavior_inhibition_averted', 'activities_physical_activity_avoids_dislikes']"
14971,hoax,2.67,4.2,"[4, 5, 6, 5, 6, 3, 4, 3, 5, 1]","['dupe', 'sham', 'scam', 'liar', 'quip']","['story_stories_tell_tells_convey', 'lacks_substance_lacking_depth_solidity', 'beliefs_belief_shares_values_practices', 'deception_deceive_engages_means_deceived', 'false_falsehood_true_falsehoods_information', 'skepticism_indicate_skeptical_distrustful_expresses', 'fraud_forged_background_involve_fraudulent', 'humorous_sarcastically_sarcastic_joke_humorously', 'trickery_trick_involves_tricks_mislead', 'misleading_mislead_intended_intentionally_confuse']"
1916,aura,2.67,4.8,"[6, 6, 6, 3, 3]","['zing', 'heat', 'germ', 'guru', 'spry']","['energy_energetic_field_source_lively', 'colors_color_variety_golden_range', 'naked_eye_invisible_visible_see', 'spiritual_spirituality_enlightenment_significance_leader', 'mood_lighten_song_tone_reflects']"
23242,peon,2.67,4.857142857142857,"[6, 4, 9, 4, 4, 6, 1]","['perk', 'earn', 'frat', 'whiz', 'doer']","['salary_compensation_wages_pay_paid', 'labor_manual_farming_associated_performs', 'tasks_performs_task_perform_household', 'farms_found_typically_often_farm', 'aristocracy_nobility_feudal_royalty_associated', 'career_professional_development_opportunities_advancement', 'hierarchy_rank_social_hierarchies_lowest']"
21804,obey,2.67,6,"[6, 8, 7, 3, 6]","['rule', 'flog', 'crew', 'race', 'norm']","['discipline_disciplinary_actions_emphasizes_handles', 'enforced_law_enforceable_enforces_laws', 'hierarchy_hierarchical_structure_maslow_hierarchies', 'compliance_adherence_requires_rules_compliant', 'rules_governed_regulations_rule_guidelines']"
21980,ogle,2.67,7.666666666666667,"[10, 6, 7]","['gawk', 'gaze', 'sass', 'whim', 'curt']","['desire_desires_need_strong_conflict', 'looking_stare_staring_look_glance', 'rude_considered_polite_contexts_impolite']"
12854,fret,2.65,4,[4],"['alto', 'clef', 'funk', 'bell', 'oven']",['bass_alto_instrument_instruments_tenor']
35364,used,2.64,3.3333333333333335,"[3, 4, 4, 6, 2, 1]","['bulk', 'hers', 'mark', 'have', 'item']","['outdated_obsolete_become_new_latest', 'sold_stores_purchased_grocery_online', 'packaged_packaging_bottles_packs_blister', 'ownership_owned_owner_indicates_previously', 'tear_wear_time_signs_worn', 'warranty_repair_may_require_need']"
27728,scam,2.64,3.6666666666666665,"[5, 5, 4, 3, 4, 1]","['dupe', 'hoax', 'liar', 'flop', 'acts']","['trust_preys_untrustworthy_naivety_distrust', 'deception_deceive_engages_means_deceived', 'intentions_intent_intention_purpose_action', 'loss_financial_result_economic_failure', 'fraud_forged_background_involve_fraudulent', 'targets_individuals_vulnerable_unsuspecting_targeted']"
27555,same,2.64,3.7,"[4, 3, 3, 3, 3, 3, 6, 3, 4, 5]","['akin', 'such', 'best', 'like', 'glop']","['identical_similar_fraternal_look_original', 'uniform_wear_uniformity_uniforms_may', 'shared_communal_friends_characteristics_often', 'equality_equal_value_unequal_equivalence', 'consistency_ensures_consistent_pasty_symbolizes', 'lacks_structure_variation_clear_vibrancy', 'comparisons_used_compare_comparison_objects', 'comparison_difference_indicates_compares_denotes', 'similarity_resemblance_describes_relates_similar', 'quality_high_highest_exceptional_describes']"
28428,sexy,2.64,4.571428571428571,"[7, 9, 7, 3, 2, 2, 2]","['beau', 'wore', 'sass', 'sure', 'garb']","['attractiveness_attractive_unattractive_associated_man', 'fashion_trends_style_styles_associated', 'confidence_self_confident_implies_arrogance', 'love_intimacy_fondness_sexual_romance', 'flirtatious_playfully_flirting_friends_among', 'charm_charming_charisma_naive_flair', 'appearance_describe_used_physique_physical']"
11948,find,2.63,3.8,"[8, 3, 4, 2, 2]","['lost', 'slid', 'seek', 'kill', 'done']","['intentional_accidental_unintentional_accidentally_intentionally', 'relief_sense_followed_result_satisfaction', 'searching_search_finding_items_looking', 'observation_observed_observing_scrutiny_act', 'discovery_discovering_lead_learning_places']"
36327,whir,2.62,2.8,"[4, 4, 3, 2, 1]","['lull', 'pink', 'mike', 'tune', 'wave']","['sound_represents_sounds_soft_refers', 'sound_produce_electrical_converts_heard', 'calming_soothing_effect_soothe_annoying', 'rotation_rotating_movement_rotational_spinning', 'heard_fans_often_construction_drills']"
17664,jeer,2.62,2.8333333333333335,"[2, 6, 2, 3, 1, 3]","['ahem', 'lewd', 'daft', 'leer', 'diss']","['humorously_used_insult_sometimes_sarcastically', 'disapproval_dismissive_express_expresses_strong', 'verbal_non_cues_gestures_gesture', 'contempt_contemptible_disdain_contemptuous_express', 'sports_games_occurs_pinball_common', 'triggered_threats_harassment_intimidates_escalate']"
35804,void,2.62,3,"[5, 3, 3, 2, 3, 2, 3]","['vast', 'dark', 'away', 'full', 'lack']","['space_spaces_refer_physical_outer', 'absence_absent_ignored_missing_implies', 'emptiness_empty_opposite_sense_represents', 'nothingness_concept_zero_symbolizes_symbolized', 'infinite_infinitely_endless_directions_scope', 'light_absence_blackout_sources_dark', 'vacuum_vacuums_vacuuming_physics_difficult']"
14459,harm,2.62,5,"[9, 3, 3, 8, 4, 3]","['maim', 'heal', 'risk', 'kick', 'cure']","['injury_cause_injuries_causes_susceptible', 'trauma_psychological_blunt_lead_induce', 'intentional_design_motorsports_unintentional_intentionally', 'physical_mental_psychological_nature_intellectual', 'prevented_preventative_mitigated_measures_preventable', 'mental_health_affect_disorders_affects']"
26425,rend,2.61,3.5,"[8, 4, 2, 2, 2, 3]","['tore', 'tire', 'maim', 'reek', 'cube']","['violence_violent_associated_often_intimidation', 'tear_ripping_tearing_punctures_tears', 'parts_involves_separation_portion_separating', 'irreversible_retreaded_removal_irretrievable_undone', 'edges_irregular_jagged_equal_length', 'fabric_fabrics_materials_applied_paper']"
6918,cozy,2.61,3.6,"[8, 3, 4, 2, 1]","['snug', 'nice', 'frat', 'cool', 'heat']","['warmth_provides_comfort_associated_conveys', 'living_communal_house_home_quarters', 'cushions_pillows_blankets_cushioned_plush', 'space_small_cramped_spaces_intimate', 'atmosphere_mood_calm_describe_intimate']"
850,ally,2.61,3.625,"[4, 3, 4, 2, 4, 7, 3, 2]","['pact', 'tact', 'team', 'duel', 'ward']","['assistance_help_need_helps_call', 'individual_group_organization_person_perpetrated', 'agreement_agreements_mutual_formal_parties', 'alliances_diplomatic_diplomacy_relations_alliance', 'moral_lessons_lesson_ethical_philosophical', 'conflict_conflicts_disputes_resolution_clans', 'interests_shares_common_interest_affairs', 'common_goals_collaborates_goal_collaborate']"
14826,hers,2.61,4.285714285714286,"[4, 4, 8, 5, 6, 2, 1]","['your', 'noun', 'have', 'ours', 'name']","['gender_genders_unisex_languages_different', 'possessive_pronoun_possessively_form_yours', 'relationship_relationships_connection_association_shows', 'english_language_used_speaking_countries', 'ownership_owned_owner_indicates_previously', 'previously_mentioned_something_refers_indicates', 'written_spoken_used_language_english']"
32564,took,2.61,5.4,"[6, 11, 5, 3, 2]","['kept', 'went', 'take', 'verb', 'into']","['action_actions_describes_performed_act', 'tense_past_verb_sink_weave', 'possession_implies_indicates_denotes_possessed', 'action_completed_completion_suggests_ongoing', 'storytelling_used_narratives_narrative_analogies']"
18253,late,2.6,3.857142857142857,"[7, 5, 3, 2, 5, 3, 2]","['slow', 'call', 'defy', 'fast', 'aide']","['consequences_consequence_broken_actions_punishment', 'delay_delays_delayed_slowed_cause', 'success_satisfaction_lead_job_missed', 'time_management_timing_sensitive_process', 'scheduled_schedule_schedules_unscheduled_appointments', 'opposite_fast_early_slow_later', 'apology_followed_require_apologetic_apologies']"
28298,sent,2.6,5,"[5, 5]","['send', 'gift', 'mail', 'idea', 'howl']","['recipient_sender_address_return_received', 'communication_communicated_communicates_message_messages']"
13109,gall,2.6,5,"[8, 3, 4]","['kelp', 'puke', 'bile', 'nest', 'snag']","['trees_tree_uproot_found_leaf', 'forms_plants_plant_remains_isotopic', 'bile_liver_gallstones_contains_salts']"
27371,ruin,2.59,2.625,"[2, 4, 5, 3, 2, 2, 2, 1]","['july', 'folk', 'yoyo', 'harp', 'roof']","['heritage_cultural_site_ethnic_part', 'decay_spoilage_decomposition_associated_result', 'ancient_persia_originated_since_greece', 'tourists_attracts_tourism_visitors_season', 'structure_structures_structurally_part_man', 'archaeological_ancient_historical_sites_artifacts', 'vegetation_overgrown_sparse_lush_covered', 'time_degrade_become_deterioration_wear']"
21418,none,2.59,3,"[3, 3, 3, 2, 4]","['gone', 'miss', 'same', 'zero', 'rant']","['negation_negative_sentences_not_used', 'emptiness_empty_opposite_sense_represents', 'lacks_structure_variation_clear_vibrancy', 'null_quantity_zero_represents_value', 'absence_indicates_presence_represents_indicate']"
21317,noir,2.59,3,"[2, 7, 2, 3, 1]","['hell', 'plot', 'onyx', 'clue', 'puck']","['protagonist_villains_character_characters_antagonist', 'black_color_neither_white_brownish', 'mystery_mysterious_detective_mysteries_stories', 'darkness_shadows_shadow_imagery_dark', 'moral_ambiguity_crime_detectives_boiled']"
36121,wean,2.59,3.4,"[5, 2, 4, 4, 2]","['goal', 'calf', 'foal', 'wait', 'babe']","['milk_drinks_mother_initially_dependency', 'feeding_proboscis_siphon_survive_breathing', 'breastfeeding_breastfeed_infants_lactation_milk', 'patience_requires_consistency_shows_necessitates', 'milestones_milestone_developmental_important_events']"
36375,whiz,2.59,4.714285714285714,"[4, 7, 9, 3, 4, 5, 1]","['rate', 'blur', 'doer', 'anew', 'fast']","['expertise_sensei_instructor_expert_field', 'speed_fiction_velocity_associated_represents', 'tasks_performs_task_perform_household', 'competence_proficiency_competent_suggests_expertise', 'intelligence_intelligent_indicative_intellect_associated', 'innovation_innovative_breakthrough_invention_catalyst', 'skill_person_someone_talented_refers']"
2040,axed,2.59,7,"[3, 11, 7]","['axes', 'alas', 'kept', 'quit', 'wore']","['resignation_job_resign_dismissed_leave', 'tense_past_verb_sink_weave', 'sharp_sharpened_blade_blunt_tool']"
28782,shun,2.58,3.25,"[2, 6, 4, 1]","['ease', 'jeer', 'diss', 'slap', 'curt']","['convenience_beneficial_deliberately_conveniences_avoid', 'disapproval_dismissive_express_expresses_strong', 'punishment_form_torture_used_historically', 'socially_acceptable_settings_inept_social']"
25201,puny,2.58,4.25,"[7, 5, 3, 2]","['weak', 'flaw', 'tiny', 'limp', 'wimp']","['vulnerability_vulnerable_imply_vulnerabilities_exploitation', 'strength_lacks_weakness_muscle_physical', 'small_size_something_miniature_smaller', 'inferior_inferiority_condescension_superior_toward']"
679,ahem,2.58,5.8,"[2, 12, 6, 6, 3]","['fizz', 'thud', 'ahoy', 'echo', 'gaze']","['precedes_precede_noun_nouns_speech', 'sound_quality_zygote_father_fatale', 'disapproval_dismissive_express_expresses_strong', 'attention_demands_signals_attract_requires', 'pause_interruption_interrupt_interrupts_interrupted']"
18585,lied,2.57,3.4,"[7, 6, 2, 1, 1]","['liar', 'toke', 'hack', 'meth', 'duel']","['illegal_lawful_jurisdictions_unlawful_jurisdiction', 'false_falsehood_true_falsehoods_information', 'lies_truth_lying_truthfulness_guilt', 'used_mislead_remind_deceive_reassure', 'trust_issues_harm_damage_trustworthy']"
9415,dole,2.57,3.875,"[10, 2, 4, 4, 3, 3, 2, 3]","['fund', 'poor', 'dame', 'kind', 'earl']","['charitable_charity_philanthropy_philanthropic_charities', 'apply_job_employment_search_may', 'grants_aid_assistance_government_grantor', 'issued_governments_government_authorities_corporations', 'benefit_benefits_mutual_welfare_provide', 'debate_contested_subject_debated_political', 'poverty_characterized_deprivation_socioeconomic_vows', 'requirements_requires_requirement_mandatory_eligibility']"
11682,fear,2.57,4,"[2, 2, 4, 11, 5, 6, 2, 2, 2]","['fury', 'rage', 'loco', 'sock', 'skip']","['fear_anxiety_panic_sense_apprehension', 'danger_threat_triggered_potential_involves', 'anxiety_stress_cause_anxious_induce', 'emotion_intense_describes_attitude_emotional', 'sweat_glands_sweating_absorbs_releases', 'heart_rate_increases_elevated_increase', 'fight_flight_response_or_triggers', 'avoidance_avoids_behavior_inhibition_averted', 'irrational_rational_behavior_seen_irrationally']"
27374,rule,2.57,5.5,"[8, 7, 3, 8, 7, 5, 5, 1]","['obey', 'norm', 'oath', 'duly', 'myth']","['enforced_law_enforceable_enforces_laws', 'consequences_consequence_broken_actions_punishment', 'compliance_adherence_requires_rules_compliant', 'written_oral_writing_piece_unwritten', 'taught_teach_teaching_schools_teacher', 'varies_culture_cultures_across_culturally', 'changed_change_cannot_legally_difficult', 'fundamental_physics_principle_principled_ohm']"
25415,quit,2.56,3,"[5, 3, 4, 3, 4, 2, 2, 1]","['zone', 'alas', 'meth', 'stop', 'help']","['stop_stopping_means_pause_shut', 'resignation_job_resign_dismissed_leave', 'addictive_habit_addiction_potential_addictions', 'victory_defeat_triumph_surrender_honor', 'voluntary_forced_obligatory_action_voluntarily', 'cease_stopping_activity_ceases_listen', 'may_consent_legal_restrictions_mutual', 'participation_involvement_discontinue_attendance_consensual']"
34005,undo,2.56,4.1,"[7, 4, 7, 4, 5, 6, 2, 2, 3, 1]","['stop', 'icon', 'dolt', 'halt', 'desk']","['writing_used_books_calligraphy_text', 'software_version_distribution_hardware_utilizes', 'mistakes_mistake_correct_correction_makes', 'menu_shortcut_ctrl_keyboard_settings', 'symbol_symbolized_symbolizes_symbols_depicted', 'command_commands_used_chain_following', 'immediate_response_action_requires_startle', 'restore_restored_restores_undoing_functionality', 'user_applications_used_interfaces_android', 'reverses_action_reversed_flipping_reverse']"
14741,help,2.56,4.5,"[4, 4, 4, 8, 3, 4, 8, 1]","['need', 'care', 'feel', 'hurt', 'pain']","['assistance_help_need_helps_call', 'problem_solving_problems_solve_solves', 'term_long_short_temporary_causes', 'physical_mental_psychological_nature_intellectual', 'professional_personal_professionalism_assistant_censured', 'voluntary_forced_obligatory_action_voluntarily', 'emotional_companionship_love_psychological_fatigue', 'individuals_provided_given_organizations_people']"
35942,wane,2.54,2.8,"[4, 3, 2, 2, 3]","['wick', 'brow', 'full', 'leaf', 'avid']","['wax_waxy_waxed_primed_opposite', 'moon_moons_deimos_phobos_two', 'moon_phase_phases_full_describes', 'decrease_decline_reduction_quantity_value', 'interest_generate_area_intense_specific']"
29511,snug,2.54,3,"[8, 2, 2, 2, 1]","['cozy', 'worn', 'nice', 'knit', 'bask']","['warmth_provides_comfort_associated_conveys', 'comfortable_uncomfortable_feels_due_lie', 'cozy_chill_quaint_space_eerie', 'space_small_cramped_spaces_intimate', 'fit_tight_loose_fitting_tightness']"
13686,goof,2.54,3,"[7, 2, 1, 2]","['typo', 'dolt', 'redo', 'fool', 'undo']","['mistakes_mistake_correct_correction_makes', 'unintentional_unintended_undesirable_often_unintentionally', 'embarrassment_cause_humor_source_social', 'corrected_exaggerated_misleading_grammatical_elaborate']"
30132,spry,2.54,3.142857142857143,"[1, 6, 4, 3, 4, 2, 2]","['rosy', 'zing', 'gulp', 'heat', 'bald']","['agility_strength_balance_exhibits_requires', 'energy_energetic_field_source_lively', 'aging_associated_age_youthfulness_elderly', 'vitality_vital_health_oxygenating_blood', 'alertness_alert_alarm_alarms_notification', 'cheerful_lively_cheerfulness_spirited_heartedness', 'reflex_reflexes_reflexive_action_reflexively']"
12362,flux,2.54,3.2,"[6, 2, 4, 2, 2]","['flow', 'odds', 'zinc', 'coal', 'vice']","['metalworking_used_welding_soldering_blacksmithing', 'instability_turbulent_laminar_indicate_unsteadiness', 'change_changes_transformation_represents_involves', 'flow_flows_gravity_flowing_fluid', 'rate_energy_transfer_quantifies_consumption']"
32118,thee,2.54,3.75,"[5, 2, 4, 4]","['thou', 'unto', 'hymn', 'hark', 'lyre']","['poetry_literature_poetic_used_rhyme', 'thee_thou_english_objective_archaic', 'archaic_usage_antiquity_word_poetic', 'religious_used_worship_contexts_islam']"
20257,miss,2.54,3.75,"[3, 5, 3, 4]","['bonk', 'alas', 'gone', 'flop', 'rage']","['lack_success_underperformance_indicates_imply', 'hit_strike_means_failure_reach', 'regret_regrettable_lead_guilt_remorse', 'absence_indicates_presence_represents_indicate']"
17714,jive,2.54,4,"[3, 5, 4, 4, 7, 3, 3, 6, 4, 1]","['jazz', 'funk', 'afro', 'pace', 'trot']","['music_associated_reading_swing_essential', 'dance_dancing_worn_used_ballet', '1970s_1960s_1940s_1930s_era', 'african_american_communities_roots_descent', 'dance_dancing_move_party_danced', 'jazz_soul_funk_blues_ragtime', 'improvisation_improvisational_jam_features_sessions', 'rhythm_syncopated_beat_rhythms_rhythmic', 'dancing_music_includes_include_flicks', 'originated_united_states_1898_scotland']"
12508,fore,2.52,2.4,"[2, 3, 2, 3, 2]","['bode', 'golf', 'ahem', 'hind', 'putt']","['future_rosy_outcome_upcoming_implies', 'back_front_part_something_backside', 'golf_warning_term_shouted_stroke', 'golf_golfers_clubs_carts_sports', 'precedes_precede_noun_nouns_speech']"
19166,made,2.52,2.75,"[2, 2, 4, 3]","['grew', 'tech', 'fume', 'folk', 'into']","['craftsmanship_crafting_artisans_crafted_craftiness', 'industrial_manufacturing_processes_process_byproduct', 'development_creation_refers_technology_specification', 'change_state_condition_transformation_status']"
29189,slew,2.52,3.25,"[5, 3, 4, 1]","['laid', 'much', 'pack', 'heap', 'loco']","['large_quantity_number_amount_refers', 'collection_items_consists_unorganized_comprises', 'used_phrase_phrases_like_expressions', 'abundance_excess_abundant_ample_conveys']"
27353,rude,2.52,3.3333333333333335,"[7, 5, 3, 2, 2, 1]","['rant', 'lewd', 'curt', 'rage', 'slur']","['offensive_considered_inappropriate_speech_senses', 'shouting_complaints_complaining_involves_often', 'disrespectful_disrespect_seen_considered_rude', 'manners_courtesy_lacks_politeness_lack', 'others_feelings_uncomfortable_inconsiderate_make', 'impolite_considered_seen_cultures_embarrassing']"
7615,daze,2.52,3.4,"[5, 3, 4, 3, 2]","['slob', 'iffy', 'bump', 'jerk', 'gape']","['shock_surprise_stunned_indicate_shockwaves', 'temporary_settlement_often_nature_state', 'disorientation_disorganized_often_disorienting_disoriented', 'confusion_ambiguity_confused_create_interpreted', 'mental_state_madness_fog_disorder']"
18149,lame,2.52,3.4285714285714284,"[3, 10, 1, 2, 4, 2, 2]","['limp', 'trod', 'pain', 'sore', 'welt']","['walking_refers_manner_way_treading', 'injury_caused_illness_incapacitation_result', 'mobility_reduces_joint_critical_limited', 'injury_injured_injuries_result_strained', 'pain_associated_inflict_response_discomfort', 'animal_humans_affects_animals_pet', 'rehabilitation_programs_necessitate_therapy_recover']"
15087,hone,2.52,3.8,"[4, 3, 7, 2, 3]","['rasp', 'axes', 'sand', 'maul', 'vice']","['used_chopping_sharpening_cutting_shaping', 'abrasive_abrasion_cause_surface_material', 'woodworking_carpentry_used_timber_forestry', 'coarse_fine_side_coarseness_grit', 'lubrication_lubricant_lubricants_oil_used']"
538,afar,2.52,4,"[4, 2, 6, 4]","['mile', 'away', 'nigh', 'ever', 'dear']","['distance_unit_represents_denotes_point', 'distance_far_reach_kilometer_something', 'closeness_proximity_distance_emotional_indicates', 'adverb_adjective_usage_english_used']"
9169,diss,2.52,5.25,"[6, 6, 3, 6]","['deny', 'ahem', 'oath', 'nope', 'woke']","['criticism_sensitive_criticized_critique_critics', 'verbal_written_non_physical_shout', 'disagreement_expresses_indecision_conflict_disagreeing', 'disapproval_dismissive_express_expresses_strong']"
19609,mean,2.5,2.3333333333333335,"[4, 2, 1]","['stat', 'vary', 'mode', 'odds', 'zing']","['statistics_used_statistical_random_error', 'average_mean_median_arithmetic_statistics', 'tendency_central_median_statistics_set']"
2935,blab,2.5,2.75,"[5, 1, 3, 2]","['nosy', 'curt', 'hoax', 'moot', 'airy']","['lacks_substance_lacking_depth_solidity', 'informal_language_colloquial_impolite_slang', 'secret_secrets_secretive_complicity_confidential', 'gossip_gossiping_rumors_scandal_associated']"
25715,real,2.5,2.75,"[4, 3, 2, 2]","['pose', 'gift', 'fake', 'item', 'axis']","['genuine_authentic_forced_feigned_actual', 'tangible_intangible_physically_items_object', 'artificial_natural_artificially_created_reproduced', 'imaginary_sinusoidal_fictitious_ideal_contrasts']"
20066,mind,2.5,3.090909090909091,"[3, 6, 3, 4, 3, 5, 4, 1, 2, 1, 2]","['soul', 'sane', 'vibe', 'pang', 'read']","['influences_behavior_influence_traits_retaliatory', 'learning_learns_learn_speak_passion', 'mental_health_affect_disorders_affects', 'memories_memory_stores_associated_trigger', 'thought_thoughts_cognitive_process_processes', 'focus_attention_focusing_concentration_focused', 'emotions_emotional_emotionally_emotion_experiences', 'physical_non_harmonic_properties_concept', 'consciousness_sentience_associated_absent_underlying', 'movements_movement_controls_voluntary_control', 'psychology_studied_sociology_economics_subject']"
6735,cost,2.5,3.125,"[5, 4, 4, 2, 2, 4, 3, 1]","['sale', 'toll', 'ugly', 'shop', 'rate']","['discounts_offer_sales_may_loyalty', 'demand_supply_market_influenced_conditions', 'monetary_money_value_sum_represents', 'measured_currency_monetary_calculated_terms', 'cost_costs_benefit_shipping_influences', 'fixed_variable_steady_constant_rate', 'subjective_perception_subjectively_interpretation_perceived', 'affordability_budgeting_factor_determines_designed']"
11668,faux,2.5,4.625,"[9, 4, 3, 3, 5, 4, 4, 5]","['fake', 'lace', 'lacy', 'ruby', 'real']","['fashion_used_lingerie_clothing_uniform', 'imitates_imitation_real_something_miming', 'synthetic_materials_made_sisal_hemp', 'expensive_cheaper_cost_less_economical', 'durable_durability_hard_sturdy_lasting', 'decoration_used_decorative_decor_tablecloths', 'genuine_authentic_forced_feigned_actual', 'ethical_unethical_considerations_ethically_ethics']"
25623,rate,2.5,4.714285714285714,"[7, 7, 6, 3, 5, 1, 4]","['pace', 'volt', 'warp', 'whiz', 'fast']","['measured_measurement_voltmeter_calculated_scales', 'speed_fiction_velocity_associated_represents', 'interest_accrues_accrue_loans_pays', 'efficiency_energy_business_varies_type', 'unit_time_units_per_quantity', 'performance_evaluate_evaluation_affects_benchmark', 'fixed_variable_steady_constant_rate']"
29641,some,2.48,3.1666666666666665,"[4, 2, 8, 3, 1, 1]","['five', 'four', 'much', 'bill', 'nine']","['implies_comparison_equivalence_portion_imply', 'amount_total_unspecified_owed_number', 'quantity_represents_scalar_used_describe', 'four_one_less_three_five', 'amount_exact_specify_small_quantity', 'indefinite_simplified_integer_version_number']"
11458,fade,2.48,3.2,"[4, 3, 2, 3, 4]","['loud', 'nova', 'spry', 'dial', 'torn']","['aging_associated_age_youthfulness_elderly', 'fabric_fabrics_materials_paper_happen', 'brightness_luminosity_gradual_increases_varying', 'transition_point_stage_video_represents', 'volume_radios_increases_decrease_sound']"
3373,boon,2.48,3.5,"[5, 5, 4, 3, 3, 2, 2, 4]","['grip', 'jolt', 'blow', 'jinx', 'fail']","['unexpected_often_surprises_defense_startling', 'wind_strong_burst_winds_windfall', 'luck_bad_good_associated_fortune', 'benefit_benefits_mutual_welfare_provide', 'advantage_advantageous_gain_competitive_mechanical', 'gift_card_given_note_value', 'gratitude_appreciation_blessing_token_joy', 'improvement_improves_improve_circumstances_practice']"
20008,mild,2.48,3.75,"[5, 1, 3, 6]","['nice', 'dude', 'bite', 'coma', 'whey']","['severity_varies_severe_vary_glasgow', 'intense_harsh_strong_severe_clear', 'demeanor_personality_temperament_gentle_laid', 'flavor_mild_taste_rich_onion']"
21022,neat,2.47,2.875,"[4, 2, 4, 6, 3, 1, 1, 2]","['tidy', 'arts', 'sort', 'heap', 'pack']","['arranged_orderly_systematically_arranging_piled', 'method_methodical_manner_way_encompasses', 'aesthetic_aesthetics_aesthetically_pleasing_appeal', 'clutter_uncluttered_cluttered_unobstructed_free', 'organized_organizes_items_cluster_notebooks', 'tidy_neaten_tidying_avoids_clean', 'streamlined_appearance_fathering_fatales_fatalism', 'clean_cleans_zygote_fatigue_fatalities']"
20337,mode,2.46,4.4,"[3, 9, 6, 2, 2]","['glam', 'fare', 'garb', 'mean', 'cool']","['tone_notes_pitch_varies_tones', 'fashion_trends_style_styles_associated', 'transportation_transports_transport_transported_goods', 'method_methodical_manner_way_encompasses', 'average_mean_median_arithmetic_statistics']"
22386,over,2.46,5.428571428571429,"[7, 9, 4, 4, 8, 4, 2]","['onto', 'into', 'upon', 'near', 'full']","['covering_protective_covered_cover_covers', 'preposition_object_prepositions_adverbs_phrasal', 'position_indicates_something_refers_else', 'completion_completeness_incomplete_complete_incompleteness', 'movement_indicates_denotes_towards_surface', 'repetition_repetitions_chords_notes_repeated', 'spatial_relationship_awareness_relationships_relation']"
35644,vice,2.46,6.6,"[9, 7, 6, 13, 2, 4, 4, 2, 3, 16]","['vise', 'axes', 'maul', 'whip', 'rake']","['injury_cause_injuries_causes_susceptible', 'woodworking_carpentry_used_timber_forestry', 'metalworking_used_welding_soldering_blacksmithing', 'tool_categorized_garden_instrument_hand', 'jaws_parallel_two_double_chin', 'jaw_movable_facial_fixed_stretches', 'operated_screw_mechanism_lever_operates', 'workbench_mounted_workbenches_typically_usually', 'pressure_applies_resistant_withstand_applied', 'handle_long_handles_knob_leverage']"
22049,onto,2.46,7,"[7, 9, 4, 8]","['over', 'upon', 'into', 'came', 'amid']","['direction_clockwise_cardinal_directional_counterclockwise', 'preposition_object_prepositions_adverbs_phrasal', 'position_indicates_something_refers_else', 'movement_indicates_denotes_towards_surface']"
20803,muse,2.45,4.2,"[2, 10, 5, 3, 6, 5, 3, 5, 2, 1]","['lyre', 'arts', 'anew', 'vamp', 'meet']","['inspiration_art_inspired_source_literature', 'folklore_mythology_mythical_creature_myths', 'innovation_innovative_breakthrough_invention_catalyst', 'moment_suddenness_sudden_event_figuratively', 'deity_divine_deities_god_figure', 'art_depicted_literature_paintings_arts', 'creativity_creative_imagination_stimulates_expression', 'abstract_physical_representational_concepts_intangible', 'ideas_idea_thesis_exchange_generate', 'person_object_idea_action_actions']"
11698,feat,2.44,3,"[4, 3, 3, 4, 1]","['hero', 'diva', 'brag', 'done', 'solo']","['achievement_achievements_accomplishment_level_personal', 'powerful_voice_impressive_abilities_powers', 'talent_exceptional_performer_skill_highlights', 'inspire_inspires_others_inspiring_action', 'skill_skills_possesses_mastery_motor']"
24093,pomp,2.44,4.666666666666667,"[5, 6, 9, 2, 3, 3]","['fest', 'film', 'snob', 'posh', 'loop']","['wealth_assets_status_possesses_affluent', 'ceremonies_ceremony_ceremonial_associated_involved', 'music_accompaniment_accompanied_instrumental_often', 'display_displays_displayed_information_projector', 'decorations_decoration_elaborate_involves_lights', 'processions_parades_carried_festivals_procession']"
20332,mock,2.43,3.4,"[4, 6, 5, 1, 1]","['reps', 'wimp', 'flog', 'whey', 'mime']","['imitates_imitation_real_something_miming', 'criticism_sensitive_criticized_critique_critics', 'exercise_used_training_fitness_exercises', 'comedic_effect_parody_satire_used', 'mimicking_mimic_mimicry_sounds_mimics']"
13482,glam,2.43,4.285714285714286,"[5, 2, 6, 9, 3, 4, 1]","['gala', 'snob', 'ugly', 'mode', 'posh']","['luxury_luxurious_luxuries_afford_prefers', 'sophistication_asceticism_lacking_implies_worldly', 'entertainment_form_adult_industry_entertain', 'fashion_trends_style_styles_associated', 'beauty_associated_standards_natural_elegance', 'makeup_enhanced_mascara_cosmetics_use', 'celebrities_celebrity_attracts_fame_fandoms']"
13070,fuss,2.43,4.4,"[5, 3, 3, 5, 6]","['doze', 'wail', 'rant', 'loud', 'rage']","['disrupt_disruptive_disruption_normal_activities', 'agitation_agitated_formed_easily_state', 'impatience_waiting_wait_imply_implies', 'shouting_complaints_complaining_involves_often', 'attention_demands_signals_attract_requires']"
3274,bold,2.43,5.2,"[4, 7, 5, 3, 7]","['font', 'wimp', 'undo', 'type', 'tuba']","['emphasis_used_emphasize_whoaaa_highlight', 'writing_used_books_calligraphy_text', 'stands_standing_upright_stand_hind', 'italic_bold_italicized_underlined_boldness', 'courage_bravery_brave_embodies_metaphorically']"
20705,mull,2.43,6,"[14, 4, 7, 4, 4, 3]","['mead', 'sake', 'lime', 'plum', 'oily']","['cooking_used_frying_food_chefs', 'beverages_used_drinks_cocktails_consume', 'alcoholic_drinks_beverages_drunk_alcohol', 'spices_herbs_flavored_spice_fruits', 'sweet_taste_tart_sweetened_sweetness', 'thought_thoughts_cognitive_process_processes']"
7481,daft,2.42,2,"[2, 2, 2, 1, 3]","['jeer', 'dolt', 'fool', 'twit', 'zany']","['foolish_silly_foolishness_person_stupid', 'humorously_used_insult_sometimes_sarcastically', 'eccentric_unconventional_eccentricity_behavior_ordinary', 'mind_state_temporary_describe_receptive', 'judgment_good_lack_poor_lacks']"
27678,save,2.42,2.3333333333333335,"[2, 3, 2]","['mend', 'swap', 'plan', 'dump', 'zing']","['resources_resource_resourceful_resourcefulness_allocation', 'waste_management_reducing_services_removal', 'money_financial_often_finance_involves']"
21240,nigh,2.42,5,"[7, 5, 6, 2]","['rush', 'dear', 'near', 'afar', 'hark']","['urgency_haste_sense_conveys_urgent', 'end_ending_ly_event_beginning', 'closeness_proximity_distance_emotional_indicates', 'period_periods_eras_end_divided']"
3521,brag,2.41,3.2,"[3, 4, 7, 1, 1]","['sexy', 'wimp', 'lion', 'done', 'rely']","['pride_prides_lives_excessive_source', 'achievement_achievements_accomplishment_level_personal', 'confidence_self_confident_implies_arrogance', 'boastful_boasting_boast_bragging_brag', 'exaggeration_misinformation_exaggerated_often_relies']"
19227,main,2.41,3.25,"[3, 4, 3, 3]","['crux', 'ahoy', 'aqua', 'helm', 'dear']","['central_primary_issue_aspect_main', 'nautical_terms_mile_mainmast_mainsail', 'importance_significance_grandeur_significant_prominence', 'essential_important_health_life_point']"
7358,cure,2.41,3.3333333333333335,"[4, 6, 3, 4, 4, 2, 1, 4, 2]","['drug', 'aids', 'heal', 'turf', 'visa']","['health_global_issue_holistic_restores', 'synthetic_natural_organic_candy_grass', 'healthcare_professionals_medicine_administered_medical', 'process_processes_biological_application_end', 'effects_side_cause_potential_may', 'research_scholarly_scientific_researched_historians', 'life_quality_improves_affect_impact', 'prevented_preventative_mitigated_measures_preventable', 'trials_clinical_tested_undergone_researched']"
14727,hell,2.41,3.3333333333333335,"[7, 2, 4, 2, 3, 4, 3, 3, 2]","['soul', 'monk', 'thou', 'amen', 'lent']","['texts_religious_jesus_bible_biblical', 'suffering_place_causes_associated_torment', 'fire_brimstone_flames_fireplaces_fiery', 'religions_christianity_religion_associated_buddhism', 'evil_symbolizes_cultures_malevolence_ultimate', 'punishment_form_torture_used_historically', 'darkness_shadows_shadow_imagery_dark', 'immortal_eternal_heaven_eternity_believed', 'demons_believed_cultures_transcends_satan']"
36455,wild,2.41,3.5,"[3, 5, 7, 2, 2, 2]","['tame', 'prey', 'fend', 'fowl', 'gene']","['ecosystems_ecosystem_part_diverse_unique', 'survival_necessary_fittest_essential_mechanism', 'domesticated_wild_domestication_worker_humans', 'humans_human_control_controlled_lives', 'selection_natural_subject_evolution_evolutionarily', 'untamed_undiluted_uncontaminated_untainted_unfurnished']"
29503,snub,2.41,3.5,"[7, 3, 2, 2]","['cuss', 'gape', 'gawk', 'curt', 'ogle']","['rude_considered_polite_contexts_impolite', 'contempt_contemptible_disdain_contemptuous_express', 'occurs_contexts_occur_social_settings', 'others_feelings_uncomfortable_inconsiderate_make']"
24185,posh,2.41,3.6666666666666665,"[5, 3, 3, 3, 5, 3]","['rich', 'snob', 'chic', 'limo', 'fame']","['wealth_assets_status_possesses_affluent', 'stylish_sophisticated_garde_avant_fashion', 'elegance_elegant_sophistication_appearance_style', 'exclusive_access_available_membership_clubs', 'luxury_luxurious_luxuries_afford_prefers', 'status_social_class_high_higher']"
4015,busy,2.41,4.2,"[9, 3, 2, 5, 2]","['aide', 'doer', 'peon', 'tech', 'maid']","['tasks_performs_task_perform_household', 'quick_motion_paced_fast_movement', 'activities_engages_engaged_activity_work', 'scheduled_schedule_schedules_unscheduled_appointments', 'productivity_productive_enhances_industrious_workload']"
12694,foul,2.4,4.4,"[4, 5, 6, 5, 2]","['yuck', 'snob', 'vile', 'coed', 'wolf']","['morally_moral_immoral_wrong_wrongness', 'sports_associated_play_teams_events', 'smell_sense_keen_senses_hearing', 'taste_tastes_sharp_preferences_describe', 'unpleasant_something_used_describe_offensive']"
16668,info,2.39,2.8333333333333335,"[3, 3, 3, 2, 3, 3]","['stat', 'text', 'memo', 'data', 'snap']","['outdated_obsolete_become_new_latest', 'decision_making_used_decisions_snap', 'interpretation_subject_context_interpreting_personal', 'data_represents_information_visually_bios', 'factual_rhetorical_false_true_truth', 'stored_digitally_electronically_record_archived']"
9909,earn,2.39,4,"[6, 5, 2, 3, 7, 1]","['wage', 'fund', 'levy', 'gain', 'bill']","['salary_compensation_wages_pay_paid', 'investment_investments_invested_financial_markets', 'measured_currency_monetary_calculated_terms', 'value_worth_valued_cents_ten', 'taxes_tax_subject_deductible_taxation', 'reward_prizes_rewards_remuneration_donations']"
23884,plea,2.39,4.8,"[7, 4, 8, 3, 2]","['debt', 'deal', 'rush', 'nigh', 'hark']","['urgency_haste_sense_conveys_urgent', 'politeness_polite_sincerity_attitude_flattery', 'written_oral_writing_piece_unwritten', 'forgiven_penance_mercy_forgiveness_forgiving', 'request_requests_used_offers_polite']"
32,able,2.38,2.5,"[4, 2, 3, 1]","['ably', 'cope', 'live', 'flex', 'whiz']","['adaptation_adaptability_adapt_adaptable_adjustment', 'capability_capacity_mental_suitability_ability', 'competence_proficiency_competent_suggests_expertise', 'permission_permissions_access_granting_lack']"
31563,sync,2.38,2.7142857142857144,"[5, 4, 3, 3, 2, 1, 1]","['glop', 'duet', 'raid', 'chat', 'copy']","['collaboration_cooperation_requires_consensus_teamwork', 'coordination_requires_balance_improves_coordinated', 'backed_backups_backing_backup_data', 'consistency_ensures_consistent_pasty_symbolizes', 'synchronization_asynchronous_synchronous_syncopation_refers', 'connection_internet_requires_network_sluggish', 'repetition_repeated_redundancy_avoid_repeating']"
13240,gave,2.38,3.5,"[4, 3]","['nice', 'took', 'give', 'been', 'kind']","['generosity_generous_charity_yielding_suggests', 'action_completed_completion_suggests_ongoing']"
20577,most,2.38,6.333333333333333,"[13, 2, 4]","['best', 'mood', 'need', 'much', 'near']","['subjective_context_nature_personal_based', 'superlative_superlatives_best_the_form', 'degree_extent_high_describes_something']"
14455,hark,2.38,7,"[20, 7, 4, 3, 1]","['flog', 'thee', 'sort', 'veer', 'seem']","['verb_form_english_language_zygote', 'urgency_haste_sense_conveys_urgent', 'archaic_usage_antiquity_word_poetic', 'listening_listen_attentively_requires_paying', 'hark_phrase_backstabbing_herald_angels']"
9794,dull,2.37,3.375,"[4, 7, 4, 3, 3, 2, 3, 1]","['drab', 'lamp', 'edge', 'keen', 'yawn']","['monotonous_monotony_mono_sound_single', 'sharp_sharpened_blade_blunt_tool', 'boredom_boring_uninteresting_bored_blah', 'brightness_lacks_adjustable_lacking_levels', 'vividness_vibrant_bright_vivid_pale', 'shiny_appearance_glistening_looks_sparkly', 'understand_slow_quickness_learn_perceive', 'excitement_little_joy_sign_excited']"
20544,more,2.37,3.6,"[2, 3, 6, 4, 3]","['same', 'plus', 'gain', 'axis', 'many']","['quantity_large_amount_indicates_number', 'increase_increases_increased_amount_value', 'mathematics_used_mathematical_algebra_science', 'comparative_more_than_used_comparable', 'comparison_difference_indicates_compares_denotes']"
36992,your,2.37,4.75,"[4, 8, 6, 1]","['hers', 'have', 'ours', 'pair', 'noun']","['possessive_pronoun_possessively_form_yours', 'relationship_relationships_connection_association_shows', 'ownership_owned_owner_indicates_previously', 'modifies_nouns_adjectives_noun_modality']"
19384,many,2.37,4.857142857142857,"[5, 13, 3, 5, 2, 2, 4]","['much', 'lots', 'seem', 'less', 'whom']","['large_quantity_number_amount_refers', 'subjective_context_nature_personal_based', 'relative_clauses_defining_absolute_context', 'abundance_implies_opposite_indicates_overflow', 'opposite_low_little_spiciness_any', 'plural_plurality_singular_grammatically_subjects', 'comparative_more_than_used_comparable']"
24518,prep,2.36,2.5,"[4, 1]","['goal', 'whim', 'chef', 'vase', 'bird']","['planning_requires_plans_organization_menus', 'readiness_preparation_consumption_strung_unforeseen']"
9799,dumb,2.36,3.75,"[6, 3, 4, 2]","['dolt', 'deaf', 'wise', 'knew', 'cram']","['understanding_depth_complex_concepts_understandable', 'speak_hear_unable_mute_inability', 'awareness_ignorance_unaware_lack_social', 'intelligence_lack_lacks_portrayed_unintelligent']"
13477,glad,2.36,4.5,"[5, 4, 11, 5, 5, 2, 3, 1]","['glee', 'hate', 'love', 'lust', 'purr']","['opposite_bad_sad_good_love', 'contentment_content_purrs_indicates_sense', 'emotion_intense_describes_attitude_emotional', 'happiness_joy_associated_feelings_tears', 'laughter_provoke_expressed_followed_cause', 'mood_influences_improve_emotions_swings', 'smile_smiling_smirk_expressed_involve', 'language_body_reflected_accompanied_expressiveness']"
21610,nope,2.35,2,"[2, 3, 2, 1]","['deny', 'diss', 'envy', 'zing', 'kite']","['refusal_rejection_indicates_acceptance_accepted', 'disagreement_expresses_indecision_conflict_disagreeing', 'negative_negatively_considered_perceived_seen', 'contraction_hope_no_contractions_cannot']"
7388,curt,2.35,4.166666666666667,"[7, 5, 6, 3, 2, 2]","['ahem', 'fuss', 'shun', 'rude', 'diss']","['rude_considered_polite_contexts_impolite', 'lacks_substance_lacking_depth_solidity', 'disapproval_dismissive_express_expresses_strong', 'impatience_waiting_wait_imply_implies', 'abrupt_abruptness_abruptly_manner_shifts', 'manners_courtesy_lacks_politeness_lack']"
18966,lore,2.35,4.555555555555555,"[4, 4, 10, 3, 5, 5, 3, 4, 3]","['myth', 'tale', 'omen', 'epic', 'wand']","['moral_lessons_lesson_ethical_philosophical', 'traditions_oral_tradition_cultural_family', 'folklore_mythology_mythical_creature_myths', 'myths_legends_fantasy_includes_elements', 'supernatural_elements_forces_paranormal_miracles', 'varies_culture_cultures_across_culturally', 'knowledge_possesses_inherent_acquired_body', 'generations_passed_passes_stories_knowledge', 'phenomena_natural_explain_reason_explains']"
11777,fend,2.34,4.25,"[4, 5, 4, 4]","['prey', 'eats', 'moat', 'bite', 'need']","['protection_protected_guards_shin_protect', 'survival_necessary_fittest_essential_mechanism', 'defense_self_used_teaches_mechanism', 'defensive_defense_mechanism_form_reaction']"
37010,zeal,2.33,4,"[7, 3, 3, 2, 4, 6, 2, 5]","['yeah', 'glee', 'avid', 'loco', 'good']","['contagious_groups_social_among_others', 'motivation_motivated_motivates_staff_drives', 'success_satisfaction_lead_job_missed', 'perseverance_persevere_resilience_adversity_related', 'inspire_inspires_others_inspiring_action', 'enthusiasm_enthusiastic_eagerness_eager_obsession', 'passionate_passion_devoted_dedicated_delivered', 'positive_negative_qualities_positively_perceived']"
14929,hint,2.33,4.111111111111111,"[3, 6, 9, 1, 2, 2, 2, 1, 11]","['clue', 'gist', 'gory', 'know', 'must']","['detailed_specific_general_detail_comprehensive', 'verbal_written_non_physical_shout', 'games_used_video_game_darts', 'suggests_suggest_suggestion_suggestive_sexually', 'interpretation_requires_necessity_have_obligation', 'clue_game_enigma_riddle_den', 'solving_problem_skills_puzzles_problems', 'subtle_subtlety_overt_lacks_broad', 'information_piece_personal_seeks_summarizes']"
4316,care,2.33,4.571428571428571,"[6, 6, 3, 4, 2, 8, 3]","['help', 'feel', 'pity', 'heed', 'urge']","['responsibility_responsibilities_duties_responsible_duty', 'caution_cautious_carefulness_concern_cautiousness', 'professional_personal_professionalism_assistant_censured', 'relationships_relationship_build_strengthen_improving', 'nurturing_nurtured_rearing_care_parental', 'emotional_companionship_love_psychological_fatigue', 'empathy_others_concern_lacks_marginalized']"
9578,drab,2.32,3.8,"[4, 6, 3, 3, 3]","['dull', 'ashy', 'mono', 'rang', 'lamp']","['monotonous_monotony_mono_sound_single', 'grayish_gray_grey_spelled_brown', 'brightness_lacks_adjustable_lacking_levels', 'color_colors_palette_describes_hue', 'vividness_vibrant_bright_vivid_pale']"
9942,ease,2.32,3.8181818181818183,"[3, 2, 4, 6, 5, 1, 6, 2, 2, 8, 3]","['calm', 'easy', 'sane', 'slow', 'shun']","['smooth_rough_granular_smoothness_bumpy', 'difficulty_difficulties_difficult_unable_complexity', 'comfort_associated_food_provides_levels', 'relaxation_associated_state_invokes_induce', 'stress_relief_inducing_absence_relieve', 'simplicity_unpretentious_naïveté_lack_trivial', 'effort_requires_require_attempt_effortlessness', 'convenience_beneficial_deliberately_conveniences_avoid', 'gracefulness_graceful_elegance_majesty_clumsy', 'access_accessible_accessibility_allows_wheelchairs', 'tranquility_tranquil_sense_calmness_associated']"
19055,lull,2.32,4,"[6, 3, 3, 4]","['slow', 'whir', 'dash', 'blue', 'rest']","['relaxation_associated_state_invokes_induce', 'pause_interruption_interrupt_interrupts_interrupted', 'calming_soothing_effect_soothe_annoying', 'calmness_calm_demeanor_calming_associated']"
32520,told,2.31,2.5,"[3, 2]","['else', 'ably', 'pack', 'zing', 'fern']","['verb_verbs_auxiliary_modifies_to', 'conditional_sentences_if_statements_used']"
17264,into,2.3,5.8,"[3, 9, 6, 8, 3]","['from', 'onto', 'over', 'goes', 'amid']","['transition_point_stage_video_represents', 'preposition_object_prepositions_adverbs_phrasal', 'action_actions_describes_performed_act', 'movement_indicates_denotes_towards_surface', 'change_state_condition_transformation_status']"
7540,dare,2.28,3.6666666666666665,"[7, 3, 3, 2, 2, 5]","['defy', 'wimp', 'grit', 'guts', 'boom']","['courage_bravery_brave_embodies_metaphorically', 'challenge_challenges_faces_insult_deal', 'risk_risks_taking_dangers_assessment', 'peer_pressure_academic_pressures_peers', 'social_bonding_bonds_promotes_enhances', 'fear_induce_panic_fears_cause']"
11738,feel,2.28,6.714285714285714,"[13, 8, 9, 3, 2, 8, 4]","['pain', 'need', 'hurt', 'help', 'want']","['subjective_context_nature_personal_based', 'physical_mental_psychological_nature_intellectual', 'sensation_sensations_skin_feel_physical', 'varies_person_jurisdiction_individuals_depending', 'touch_finishing_touches_lightly_touching', 'emotional_companionship_love_psychological_fatigue', 'perception_visual_alter_perceive_perceptive']"
969,amid,2.27,3.4,"[2, 9, 2, 3, 1]","['whom', 'into', 'with', 'room', 'over']","['situations_situation_hypothetical_describe_circumstances', 'preposition_object_prepositions_adverbs_phrasal', 'middle_something_top_denotes_under', 'enclosed_space_open_surrounded_spaces', 'inclusion_within_group_implies_suggests']"
37020,zest,2.27,3.5555555555555554,"[3, 3, 7, 4, 4, 3, 4, 2, 2]","['lime', 'sour', 'mint', 'herb', 'slaw']","['flavoring_used_candies_smoothies_flavor', 'garnish_garnishes_used_garnishing_dishes', 'dried_fresh_prunes_eaten_used', 'flavor_enhances_flavors_enhance_absorbs', 'citrus_fruits_lemons_limes_oranges', 'vitamin_rich_vitamins_source_potassium', 'tangy_flavor_taste_sweet_piquant', 'grated_grout_shaved_fine_grates', 'candied_candies_smoothies_added_gummies']"
13517,glee,2.27,5.25,"[7, 11, 5, 4, 5, 2, 3, 5]","['glad', 'zeal', 'love', 'yawn', 'good']","['contagious_groups_social_among_others', 'emotion_intense_describes_attitude_emotional', 'happiness_joy_associated_feelings_tears', 'spontaneous_spontaneously_premeditated_unplanned_often', 'laughter_provoke_expressed_followed_cause', 'mood_influences_improve_emotions_swings', 'smile_smiling_smirk_expressed_involve', 'positive_negative_qualities_positively_perceived']"
4861,chic,2.26,3.25,"[3, 3, 2, 9, 3, 2, 3, 1]","['posh', 'poll', 'wore', 'idol', 'glam']","['stylish_sophisticated_garde_avant_fashion', 'elegance_elegant_sophistication_appearance_style', 'trends_trendiness_trend_trendy_shows', 'fashion_trends_style_styles_associated', 'fashion_fashionable_worn_wears_sense', 'interior_design_used_look_modern', 'modern_antique_ancient_historical_contemporary', 'exclusivity_denotes_only_privilege_sense']"
27630,sass,2.26,4.4,"[7, 7, 3, 2, 3]","['sexy', 'cuss', 'wimp', 'smug', 'joke']","['rude_considered_polite_contexts_impolite', 'confidence_self_confident_implies_arrogance', 'disrespectful_disrespect_seen_considered_rude', 'sarcasm_irony_sarcastic_contain_verbal', 'humorous_witty_comebacks_remarks_often']"
7654,dear,2.25,3,"[4, 3, 3, 6, 1, 1]","['main', 'this', 'gosh', 'gent', 'away']","['politeness_polite_sincerity_attitude_flattery', 'importance_significance_grandeur_significant_prominence', 'address_used_affectionately_friends_friendly', 'closeness_proximity_distance_emotional_indicates', 'endearment_term_among_friends_expresses', 'affection_love_beloved_expresses_appreciation']"
18967,lose,2.25,4,"[9, 3, 2, 2]","['tint', 'flop', 'join', 'bout', 'blog']","['permanent_temporary_persistent_lasting_semi', 'winner_loser_win_winning_result', 'searchable_search_searching_necessitate_searched', 'failure_fail_unsuccessful_failed_defeat']"
36233,went,2.25,7,"[11, 8, 2]","['took', 'over', 'sunk', 'goes', 'wore']","['tense_past_verb_sink_weave', 'movement_indicates_denotes_towards_surface', 'storytelling_used_narratives_narrative_analogies']"
21932,odds,2.24,2.6666666666666665,"[4, 4, 3, 3, 4, 3, 1, 1, 1]","['dice', 'vary', 'lash', 'tail', 'half']","['statistics_used_statistical_random_error', 'change_changes_transformation_represents_involves', 'fractions_fraction_expressed_ratios_division', 'short_long_length_typically_pencil', 'probability_chance_probabilities_associated_randomly', 'betting_gambling_used_bets_bet', 'favor_favoritism_favorability_against_demonstrates', 'likelihood_probability_event_pyometra_express', 'decision_making_influences_influence_decisions']"
9389,does,2.24,4,[4],"['have', 'been', 'verb', 'zing', 'fern']",['tense_ve_past_tenses_contractions']
13096,gain,2.24,4,"[3, 5]","['rich', 'fund', 'earn', 'risk', 'rise']","['increase_increases_increased_amount_value', 'investment_investments_invested_financial_markets']"
18539,lewd,2.24,4.25,"[5, 7, 3, 2]","['fuck', 'porn', 'orgy', 'slur', 'jeer']","['sexual_activity_explicit_behaviors_intercourse', 'offensive_considered_inappropriate_speech_senses', 'triggered_threats_harassment_intimidates_escalate', 'vulgar_vulgarity_considered_term_lowbrow']"
2020,away,2.23,3.7142857142857144,"[3, 3, 3, 3, 4, 6, 4]","['afar', 'from', 'nigh', 'none', 'miss']","['direction_indicates_indicate_orientation_arrow', 'leaving_leavened_away_place_means', 'absence_absent_ignored_missing_implies', 'separation_separates_separating_group_departure', 'distance_unit_represents_denotes_point', 'closeness_proximity_distance_emotional_indicates', 'absence_indicates_presence_represents_indicate']"
9826,dupe,2.23,4,"[5, 5, 3, 4, 5, 2]","['scam', 'sham', 'hoax', 'liar', 'visa']","['trust_preys_untrustworthy_naivety_distrust', 'deception_deceive_engages_means_deceived', 'loss_financial_result_economic_failure', 'fraud_forged_background_involve_fraudulent', 'trickery_trick_involves_tricks_mislead', 'scams_scam_scammers_hoaxes_scheme']"
8547,dibs,2.23,4.75,"[10, 3, 4, 2]","['whim', 'urge', 'wish', 'colt', 'ogle']","['desire_desires_need_strong_conflict', 'binding_legally_formalized_marriage_court', 'playful_playfulness_activity_expresses_nature', 'ownership_claims_legal_rights_asserts']"
19695,meek,2.22,3,"[2, 5, 3, 5, 4, 2, 2, 2, 2]","['wimp', 'tame', 'wait', 'awed', 'bide']","['humility_prudence_humble_displays_smallness', 'plain_ethic_simple_exposed_serenity', 'respected_obedient_others_respectful_society', 'aggressive_threatened_non_intimidating_aggressiveness', 'patience_requires_consistency_shows_necessitates', 'gentle_gentleness_disposition_rhythmic_implies', 'confrontational_confrontation_avoids_non_confrontations', 'submissive_submissiveness_nature_defeat_personality', 'quiet_environment_seclusion_quieter_undertaken']"
24114,poof,2.22,3.25,"[6, 2, 2, 3]","['woof', 'wham', 'plop', 'oink', 'bang']","['onomatopoeic_onomatopoeia_word_onomatopoetic_frequently', 'disappear_disappearance_may_popped_recur', 'magic_wizards_magicians_used_magical', 'moment_suddenness_sudden_event_figuratively']"
23930,ploy,2.21,3.5,"[9, 3, 2, 3, 5, 4, 1, 1]","['ruse', 'bunt', 'tall', 'dupe', 'rank']","['surprise_expresses_amazement_express_element', 'strategy_tactic_strategic_tactical_sports', 'competitions_competitive_used_competition_contest', 'advantage_advantageous_gain_competitive_mechanical', 'trickery_trick_involves_tricks_mislead', 'deceptive_truthful_deceitful_honest_practice', 'strategic_strategy_strategies_planning_strategically', 'manipulation_manipulate_manipulated_manipulating_objects']"
8151,deny,2.2,3,"[3, 2, 1, 3, 6, 3]","['nope', 'diss', 'jilt', 'deal', 'oath']","['negation_negative_sentences_not_used', 'refusal_rejection_indicates_acceptance_accepted', 'disbelief_express_skepticism_doubt_believe', 'rejection_reject_proposal_decision_rejected', 'verbal_written_non_physical_shout', 'disagreement_expresses_indecision_conflict_disagreeing']"
32244,thou,2.19,3.25,"[5, 2, 4, 7, 3, 2, 1, 2]","['thee', 'unto', 'lent', 'alas', 'hell']","['poetry_literature_poetic_used_rhyme', 'thee_thou_english_objective_archaic', 'archaic_usage_antiquity_word_poetic', 'texts_religious_jesus_bible_biblical', 'address_used_affectionately_friends_friendly', 'person_singular_third_second_plural', 'you_modern_replaced_equivalent_english', 'english_old_origin_etymology_british']"
18970,loss,2.19,3.5,"[4, 3]","['jest', 'sulk', 'bawl', 'wail', 'wept']","['grief_associated_grieving_pain_mourning', 'coping_mechanism_mechanisms_strategies_used']"
10658,epic,2.19,3.7142857142857144,"[5, 7, 2, 3, 5, 2, 2]","['lore', 'saga', 'once', 'news', 'trek']","['narrative_narratives_long_story_poem', 'event_events_sequence_organizes_current', 'journey_quest_trip_long_tour', 'myths_legends_fantasy_includes_elements', 'supernatural_elements_forces_paranormal_miracles', 'language_elevated_languages_uses_skills', 'heroic_heroism_acts_deeds_hero']"
27484,saga,2.19,3.875,"[4, 5, 5, 5, 3, 2, 2, 5]","['tale', 'plot', 'epic', 'sons', 'lore']","['story_stories_tell_tells_convey', 'characters_character_encode_single_special', 'narrative_narratives_long_story_poem', 'family_families_generations_role_involved', 'myths_legends_fantasy_includes_elements', 'adapted_films_series_screenplay_plays', 'historical_events_timeline_timelines_cultural', 'fictional_fiction_non_real_documentary']"
12726,foxy,2.19,5,"[7, 3, 5]","['sexy', 'ruse', 'lair', 'beau', 'cute']","['attractiveness_attractive_unattractive_associated_man', 'cunning_cleverness_sly_catchy_mischievous', 'animals_associated_wolves_snakes_fox']"
13646,goes,2.19,5.25,"[4, 6, 8, 3]","['into', 'aged', 'over', 'flew', 'doer']","['travel_involves_another_itinerary_one', 'action_actions_describes_performed_act', 'movement_indicates_denotes_towards_surface', 'time_passage_passing_day_relates']"
21226,nice,2.18,4.2,"[8, 7, 3, 5, 4, 3, 4, 4, 2, 2]","['self', 'knew', 'good', 'kids', 'slim']","['warmth_provides_comfort_associated_conveys', 'attractiveness_attractive_unattractive_associated_man', 'etiquette_manners_good_subject_protocols', 'approval_satisfaction_expresses_media_approved', 'experiences_experience_inspired_personal_world', 'demeanor_personality_temperament_gentle_laid', 'friendliness_friendships_friends_friend_conveys', 'generosity_generous_charity_yielding_suggests', 'kindness_welcoming_acts_thoughtful_indicates', 'used_sometimes_often_informally_colloquially']"
14530,have,2.18,7.5,"[20, 4, 8, 6, 5, 2]","['been', 'your', 'hers', 'seek', 'ours']","['verb_form_english_language_zygote', 'tense_ve_past_tenses_contractions', 'relationship_relationships_connection_association_shows', 'ownership_owned_owner_indicates_previously', 'possession_implies_indicates_denotes_possessed', 'tenses_tense_used_perfect_past']"
20526,mope,2.17,4.5,"[3, 11, 2, 6, 1, 7, 2, 4]","['glum', 'weep', 'wept', 'sulk', 'alas']","['behavior_behaviors_habitual_deeds_usual', 'sadness_depression_expresses_sorrow_pain', 'brooding_sulking_accompanied_lethargy_involve', 'posture_postures_kneeling_body_ergonomic', 'moving_movement_often_sometimes_slow', 'disappointment_leads_lead_result_response', 'withdrawal_social_interaction_lead_withdrawing', 'sobbing_accompanied_sighing_crying_often']"
20889,myth,2.17,5.166666666666667,"[4, 10, 5, 5, 4, 3]","['lore', 'tale', 'omen', 'from', 'holy']","['moral_lessons_lesson_ethical_philosophical', 'folklore_mythology_mythical_creature_myths', 'supernatural_elements_forces_paranormal_miracles', 'varies_culture_cultures_across_culturally', 'generations_passed_passes_stories_knowledge', 'phenomena_natural_explain_reason_explains']"
30382,stay,2.15,4.666666666666667,"[7, 3, 4]","['lend', 'kept', 'fill', 'tone', 'anew']","['duration_set_time_indicate_variable', 'persistent_continence_persistence_enduring_maintains', 'remaining_something_place_remains_discarding']"
15646,idly,2.15,5.666666666666667,"[13, 8, 3, 6, 8, 5, 3, 3, 2]","['tofu', 'sake', 'onyx', 'dime', 'meal']","['white_color_off_black_bluish', 'circular_shape_circle_resembles_elongated', 'vegetarian_vegan_keto_friendly_diet', 'texture_soft_rough_chewy_crunchy', 'served_meals_meal_rice_often', 'made_rice_barley_soybeans_corn', 'gluten_free_canbe_nature_contains', 'breakfast_lunch_dinner_eaten_served', 'steam_steamed_boiled_ironing_blow']"
19102,lust,2.15,7.666666666666667,"[10, 11, 2]","['envy', 'dibs', 'pity', 'fury', 'duty']","['desire_desires_need_strong_conflict', 'emotion_intense_describes_attitude_emotional', 'jealousy_envy_obsession_cause_lead']"
22018,omit,2.14,2,"[3, 3, 1, 1]","['harm', 'daze', 'skid', 'iffy', 'saga']","['intentional_design_motorsports_unintentional_intentionally', 'confusion_ambiguity_confused_create_interpreted', 'inclusion_exclusion_omission_exclude_involvement', 'misunderstandings_misunderstood_justification_misunderstanding_misinterpreted']"
32230,this,2.14,4,"[6, 2, 2, 6]","['noun', 'what', 'nigh', 'whom', 'them']","['pronoun_demonstrative_third_indefinite_interrogative', 'plural_singular_these_this_depending', 'people_objects_refer_concepts_items', 'closeness_proximity_distance_emotional_indicates']"
35686,vile,2.14,4.166666666666667,"[5, 5, 5, 3, 4, 3]","['good', 'faux', 'acts', 'gory', 'jeer']","['ethical_unethical_considerations_ethically_ethics', 'plain_ethic_simple_exposed_serenity', 'disgust_shock_sense_revulsion_expresses', 'contempt_contemptible_disdain_contemptuous_express', 'morally_moral_immoral_wrong_wrongness', 'evil_symbolizes_cultures_malevolence_ultimate']"
1197,anti,2.12,2.25,"[2, 2, 2, 3]","['deny', 'none', 'noun', 'mini', 'left']","['adjective_adjectives_modified_described_used', 'prefix_jack_as_english_shortened', 'opposite_right_opposition_first_opposites', 'negation_negative_sentences_not_used']"
13588,glum,2.11,4,"[11, 7, 2, 3, 2, 3, 3, 1]","['mope', 'bawl', 'alas', 'sulk', 'fail']","['sadness_depression_expresses_sorrow_pain', 'disappointment_leads_lead_result_response', 'withdrawal_social_interaction_lead_withdrawing', 'quiet_quietness_silent_often_whispered', 'enthusiasm_lack_enthusiastic_energy_mediocrity', 'accompanied_furrowed_frown_facial_frowning', 'mood_lighten_song_tone_reflects', 'temporary_permanently_temporarily_condition_nature']"
21613,norm,2.11,4.6,"[8, 7, 5, 1, 2]","['duty', 'rule', 'flop', 'boss', 'lore']","['enforced_law_enforceable_enforces_laws', 'expectations_expectation_expected_deviation_falling', 'varies_culture_cultures_across_culturally', 'guides_behavior_guided_conduct_user', 'implicit_explicit_tacit_explicitly_stated']"
2037,awry,2.1,2,"[3, 2, 1, 2]","['wore', 'amid', 'reek', 'halo', 'zing']","['metaphorically_used_describe_often_metaphorical', 'situations_situation_hypothetical_describe_circumstances', 'mistakes_error_errors_mistake_faults', 'indicates_something_indicate_hint_put']"
35503,vast,2.1,3.375,"[5, 3, 5, 7, 2, 2, 2, 1]","['huge', 'void', 'yard', 'wide', 'mega']","['space_spaces_refer_physical_outer', 'infinite_infinitely_endless_directions_scope', 'landscapes_landscape_landscaped_landscaping_natural', 'large_size_extremely_stature_cat', 'spacious_expansive_zygote_father_fatale', 'immense_enormous_piece_mammoth_gigantic', 'measurable_immeasurable_measure_measures_observable', 'ranging_wide_heard_close_range']"
7837,deem,2.1,6.8,"[13, 5, 6, 7, 3]","['best', 'seem', 'need', 'fame', 'flaw']","['subjective_context_nature_personal_based', 'plain_ethic_simple_exposed_serenity', 'beliefs_belief_shares_values_practices', 'opinion_public_opinions_influence_reflects', 'judgment_judgement_impair_judgments_judge']"
17955,kind,2.07,4.142857142857143,"[3, 10, 5, 2, 4, 3, 2]","['pity', 'play', 'tend', 'rich', 'fund']","['care_caring_desire_protect_resonates', 'charitable_charity_philanthropy_philanthropic_charities', 'opposite_bad_sad_good_love', 'social_interaction_interactions_encourages_fosters', 'generosity_generous_charity_yielding_suggests', 'empathy_others_concern_lacks_marginalized', 'compassion_empathy_demonstrates_related_compassionate']"
18993,love,2.07,4.4,"[6, 6, 6, 11, 3, 3, 5, 2, 1, 1]","['pity', 'glee', 'papa', 'glad', 'envy']","['day_holidays_valentine_celebrated_holiday', 'affection_affectionate_embracing_hugging_loving', 'pain_cause_discomfort_causes_emotional', 'emotion_intense_describes_attitude_emotional', 'felt_humans_people_animals_towards', 'heart_chambered_side_symbolized_prominent', 'happiness_joy_associated_feelings_tears', 'felt_physically_felted_objects_seen', 'expressed_expression_actions_form_words', 'unconditional_solely_unfavorable_merely_synonymous']"
21659,nosy,2.07,4.5,"[3, 9, 6, 5, 2, 2]","['zone', 'test', 'fame', 'door', 'nook']","['interests_shares_common_interest_affairs', 'privacy_provides_offers_laws_security', 'boundaries_boundary_marker_line_demonstrates', 'questions_ended_question_asks_open', 'gossip_gossiping_rumors_scandal_associated', 'curiosity_interest_fascination_excessive_inquiry']"
19702,mega,2.07,4.5,"[5, 3, 3, 7]","['lots', 'ogre', 'much', 'kilo', 'many']","['large_quantity_number_amount_refers', 'metric_system_kilograms_prefix_used', 'importance_significance_grandeur_significant_prominence', 'large_size_extremely_stature_cat']"
9962,easy,2.07,4.8,"[4, 5, 6, 3, 6]","['ease', 'yoga', 'trek', 'dumb', 'wise']","['comfort_associated_food_provides_levels', 'stress_relief_inducing_absence_relieve', 'effort_requires_require_attempt_effortlessness', 'navigation_skills_beginners_navigate_accessible', 'understanding_depth_complex_concepts_understandable']"
12802,free,2.04,2.2,"[2, 2, 2, 3, 2]","['debt', 'open', 'serf', 'vote', 'brig']","['obligation_obligations_financial_exempt_mutual', 'confinement_captivity_imprisoned_absence_temporary', 'restrictions_unrestricted_restrictive_restricted_constrained', 'freedom_escape_movement_choice_expression', 'rights_right_limited_countries_entitlement']"
31707,tame,2.04,3,"[7, 2, 3, 3, 2, 3, 1]","['wild', 'dogs', 'meek', 'kids', 'mutt']","['domesticated_wild_domestication_worker_humans', 'wild_animal_counterparts_aggressive_domestic', 'trained_tasks_trainable_improved_training', 'respected_obedient_others_respectful_society', 'humans_human_control_controlled_lives', 'dependent_adults_care_dependents_filings', 'fear_reduced_humans_invokes_incites']"
20441,mono,2.04,3.0833333333333335,"[4, 6, 3, 6, 4, 5, 2, 2, 2, 1, 1, 1]","['gout', 'aids', 'doze', 'cyst', 'sore']","['monotonous_monotony_mono_sound_single', 'swelling_swell_swollen_cause_lymph', 'blood_diagnosed_tests_test_diagnosis', 'fatigue_tiredness_tired_exhausted_lead', 'saliva_salivation_salivary_glands_produced', 'blood_platelets_contains_deoxygenated_cells', 'diseases_mononucleosis_infectious_associated_disease', 'virus_barr_epstein_caused_hiv', 'fever_throat_symptoms_cough_strep', 'kissing_disease_called_sometimes_metaphorically', 'throat_sore_cause_fulness_hoarseness', 'youth_teenagers_adults_young_adolescents']"
13668,gone,2.04,3.3333333333333335,"[3, 3, 4]","['maim', 'miss', 'open', 'risk', 'none']","['loss_lost_limb_potential_lead', 'inactive_dedicated_disappeared_reg_des', 'absence_indicates_presence_represents_indicate']"
740,airy,2.04,3.5,"[2, 5]","['blab', 'hoax', 'curt', 'moot', 'vent']","['ventilation_ventilated_ventilate_provides_dissipate', 'lacks_substance_lacking_depth_solidity']"
22054,oops,2.04,4.833333333333333,"[9, 7, 5, 5, 2, 1]","['whoa', 'gosh', 'quip', 'fuck', 'glee']","['surprise_expresses_amazement_express_element', 'conversation_conversations_used_casual_conversational', 'interjection_speech_english_known_language', 'laughter_provoke_expressed_followed_cause', 'apology_followed_require_apologetic_apologies', 'error_mistake_indicates_malfunction_minor']"
18109,lack,2.04,5.666666666666667,"[10, 9, 5, 3, 3, 4]","['away', 'wish', 'join', 'void', 'gush']","['desire_desires_need_strong_conflict', 'permanent_temporary_persistent_lasting_semi', 'abundance_implies_opposite_indicates_overflow', 'absence_absent_ignored_missing_implies', 'deficiency_shortage_lack_insufficiency_imperfection', 'valuable_scarcity_due_value_desirable']"
17709,jinx,2.03,6.25,"[4, 7, 10, 4]","['omen', 'muse', 'holy', 'wand', 'sect']","['superstitions_superstition_superstitious_beliefs_associated', 'rituals_ceremonies_ritual_traditions_involves', 'folklore_mythology_mythical_creature_myths', 'luck_bad_good_associated_fortune']"
983,amok,2,2,"[3, 1]","['oust', 'spew', 'zing', 'sled', 'doll']","['control_loss_lack_result_could', 'chaos_chaotic_panic_disorder_hectic']"
17704,jilt,2,3,"[3, 6, 3, 4, 1, 1]","['flog', 'deny', 'love', 'bite', 'veto']","['rejection_reject_proposal_decision_rejected', 'pain_cause_discomfort_causes_emotional', 'commitment_symbolizes_committed_serves_moral', 'romantic_relationship_relationships_partner_dating', 'emotional_emotions_psychological_distress_cause', 'abandonment_abandoned_person_joy_accompany']"
7505,damn,2,3.2,"[6, 3, 4, 3, 3, 4, 4, 2, 2, 1]","['dike', 'curb', 'wind', 'punt', 'coal']","['river_rivers_stream_crossing_streams', 'concrete_made_earth_metal_color', 'flood_control_flooding_controls_helps', 'chamber_reservoirs_chambers_creates_reservoir', 'gates_barriers_spillways_sluices_gate', 'ecosystems_ecosystem_supports_local_unique', 'generation_energy_power_harnessed_hydroelectric', 'flow_water_controlling_adjust_control', 'barrier_barriers_creates_protective_acts', 'irrigation_agriculture_used_hoses_systems']"
680,ahoy,2,3.4285714285714284,"[6, 3, 4, 6, 2, 2, 1]","['kiss', 'loot', 'knot', 'helm', 'heed']","['used_sailing_nautical_boats_ships', 'ships_ship_vessels_often_aircraft', 'nautical_terms_mile_mainmast_mainsail', 'attention_demands_signals_attract_requires', 'pirates_piracy_pirate_anti_associated', 'greeting_greetings_greet_hello_warn', 'maritime_communication_used_historically_disciplining']"
9456,done,2,3.6666666666666665,"[4, 4, 3]","['find', 'laud', 'full', 'feat', 'sigh']","['achievement_achievements_accomplishment_level_personal', 'completion_completeness_incomplete_complete_incompleteness', 'relief_sense_followed_result_satisfaction']"
27637,sate,2,3.6666666666666665,"[5, 3, 3]","['taco', 'peep', 'meow', 'diet', 'gyro']","['hunger_appetite_satisfies_thirst_cravings', 'eating_meal_drinking_occurs_eaten', 'sauce_tzatziki_salsa_served_topped']"
15600,icky,2,4.25,"[5, 4, 5, 3]","['yuck', 'scum', 'vile', 'spew', 'blob']","['disgust_shock_sense_revulsion_expresses', 'slimy_slime_associated_squishy_mud', 'vibrations_vibration_shuddering_absorbs_detecting', 'subjective_perception_subjectively_interpretation_perceived']"
36268,what,2,5.5,"[5, 6, 3, 5, 11, 3]","['news', 'whom', 'peek', 'test', 'gist']","['exclamation_exclamations_followed_mark_point', 'pronoun_demonstrative_third_indefinite_interrogative', 'questions_used_ask_statements_sentences', 'questions_ended_question_asks_open', 'information_piece_personal_seeks_summarizes', 'factual_rhetorical_false_true_truth']"
36596,with,2,7,"[9, 8, 4]","['unto', 'have', 'dash', 'amid', 'into']","['preposition_object_prepositions_adverbs_phrasal', 'relationship_relationships_connection_association_shows', 'sentences_sentence_meaning_affects_structure']"
31980,tend,2,7.4,"[20, 6, 6, 3, 2]","['flog', 'sort', 'seem', 'gape', 'duty']","['verb_form_english_language_zygote', 'responsibility_responsibilities_duties_responsible_duty', 'looking_stare_staring_look_glance', 'care_caring_desire_protect_resonates', 'plants_plant_wort_gardens_forests']"
36568,wise,1.97,3.6,"[8, 3, 3, 6, 5, 3, 3, 3, 1, 1]","['sane', 'guru', 'quip', 'cram', 'risk']","['decision_decisions_making_makes_collective', 'reflective_reflection_contemplative_reflects_mirror', 'experienced_experience_humans_human_common', 'understanding_depth_complex_concepts_understandable', 'knowledge_knowledgeable_highly_eager_learning', 'knowledge_possesses_inherent_acquired_body', 'intelligence_emotional_insight_shows_insightful', 'judgment_judgement_impair_judgments_judge', 'thinks_acting_thinking_without_thoughtfulness', 'advice_guidance_source_guide_sought']"
11497,fake,1.97,4,"[4, 3, 4, 7, 2]","['faux', 'mime', 'toke', 'real', 'grin']","['imitates_imitation_real_something_miming', 'expensive_cheaper_cost_less_economical', 'genuine_authentic_forced_feigned_actual', 'illegal_lawful_jurisdictions_unlawful_jurisdiction', 'authenticity_lacks_legitimacy_genuineness_originality']"
14514,hate,1.97,4.111111111111111,"[6, 5, 11, 5, 2, 3, 2, 1, 2]","['rage', 'pity', 'glad', 'fury', 'love']","['positive_negative_affirmative_value_interrogative', 'opposite_bad_sad_good_love', 'emotion_intense_describes_attitude_emotional', 'stress_cause_exacerbated_lead_frustration', 'destructive_furniture_capacity_process_behavior', 'verbally_expressed_verbal_non_communicated', 'directed_towards_individuals_person_others', 'hostility_hostile_unkind_received_result', 'motivate_motivates_motivator_change_action']"
25608,rare,1.96,2.5714285714285716,"[4, 4, 2, 5, 1, 1, 1]","['ware', 'good', 'gold', 'geek', 'lack']","['valuable_scarcity_due_value_desirable', 'collectible_memorabilia_item_collectibles_antique', 'unique_uniqueness_distinct_common_unusual', 'quality_high_highest_exceptional_describes', 'common_children_british_adults_united', 'occurs_time_occur_infrequent_occurrence', 'limits_limit_limited_limiting_number']"
27073,rile,1.96,2.6666666666666665,"[2, 4, 3, 2, 1, 4]","['noel', 'fury', 'fuss', 'feud', 'rage']","['escalate_conflicts_conflict_disagreement_minor', 'anger_frustration_associated_rage_expressions', 'agitation_agitated_formed_easily_state', 'arguments_argument_focus_used_clear', 'social_interactions_relationships_interpersonal_affects', 'peace_goodwill_symbolizes_harmony_peacefulness']"
35496,vary,1.93,2.75,"[2, 4, 4, 1]","['odds', 'flux', 'stat', 'doer', 'mean']","['altered_modified_alters_modification_alteration', 'statistics_used_statistical_random_error', 'change_changes_transformation_represents_involves', 'diversity_diverse_genetic_suggest_reduced']"
10921,evil,1.93,3.25,"[1, 5, 4, 3]","['laid', 'scam', 'hate', 'glad', 'good']","['harm_cause_malicious_intent_offense', 'opposite_bad_sad_good_love', 'intentions_intent_intention_purpose_action', 'concept_mental_philosophy_concepts_various']"
14697,heed,1.93,3.8333333333333335,"[2, 6, 6, 5, 3, 1]","['dyer', 'auto', 'diva', 'hark', 'lift']","['warning_warnings_used_associated_alerts', 'caution_cautious_carefulness_concern_cautiousness', 'attention_demands_signals_attract_requires', 'safety_accidents_airbags_precautions_seatbelts', 'listening_listen_attentively_requires_paying', 'consideration_decision_making_requires_consult']"
36394,whom,1.93,4,"[3, 3, 6, 3, 1, 2, 5, 9]","['what', 'they', 'that', 'onto', 'upon']","['people_refers_person_refer_thing', 'relative_clauses_defining_absolute_context', 'pronoun_demonstrative_third_indefinite_interrogative', 'questions_used_ask_statements_sentences', 'who_replaced_where_why_what', 'clause_introduce_subordinate_that_used', 'formal_used_contexts_writing_formality', 'preposition_object_prepositions_adverbs_phrasal']"
25460,racy,1.93,4.2,"[2, 3, 5, 2, 9]","['zing', 'punk', 'edgy', 'glam', 'mode']","['vehicles_cars_vehicle_associated_car', 'quick_motion_paced_fast_movement', 'excitement_exciting_exhilarating_alertness_fear', 'provocative_bold_unconventional_risqué_garde', 'fashion_trends_style_styles_associated']"
35343,urge,1.93,4.333333333333333,"[2, 10, 4, 5, 3, 4, 8, 2, 1]","['whim', 'need', 'pain', 'want', 'dibs']","['factors_external_influenced_affected_environmental', 'desire_desires_need_strong_conflict', 'resistance_resists_resisted_resist_low', 'hunger_appetite_satisfies_thirst_cravings', 'psychological_psychosomatic_compulsive_mental_subconscious', 'intensity_varies_vary_duration_mild', 'emotional_companionship_love_psychological_fatigue', 'impulsive_impulse_actions_repulsive_sudden', 'sudden_capricious_idea_startling_quick']"
26359,rely,1.93,5,"[7, 5, 2, 7, 4]","['sexy', 'lend', 'brag', 'smug', 'flaw']","['vulnerability_vulnerable_imply_vulnerabilities_exploitation', 'trust_preys_untrustworthy_naivety_distrust', 'reliance_dependence_dependency_self_contingency', 'confidence_self_confident_implies_arrogance', 'relationships_relationship_build_strengthen_improving']"
35947,want,1.93,6.5,"[13, 10, 4, 8, 2, 2]","['need', 'urge', 'feel', 'pain', 'hurt']","['subjective_context_nature_personal_based', 'desire_desires_need_strong_conflict', 'influenced_culture_cultural_culturally_society', 'emotional_companionship_love_psychological_fatigue', 'motivate_motivates_motivator_change_action', 'satisfied_unsatisfied_fulfilled_unfulfilled_indulgent']"
2562,been,1.92,2.4,"[4, 2, 3, 2, 1]","['have', 'verb', 'took', 'gave', 'does']","['tense_ve_past_tenses_contractions', 'passive_infinitive_voice_participle_be', 'action_completed_completion_suggests_ongoing', 'tenses_tense_used_perfect_past', 'participle_past_verb_participles_be']"
13031,funk,1.92,3.7777777777777777,"[4, 3, 3, 4, 5, 4, 3, 3, 5]","['jazz', 'jive', 'song', 'clef', 'punk']","['bass_alto_instrument_instruments_tenor', 'originated_century_20th_mid_evolved', 'dance_music_dancing_hop_hip', 'african_american_communities_roots_descent', 'genre_music_genres_literature_punk', 'rhythmic_pattern_tuned_ticklish_groove', 'jazz_soul_funk_blues_ragtime', 'improvisation_improvisational_jam_features_sessions', 'lyrics_address_issues_chorus_political']"
35421,vain,1.91,3.75,"[5, 2, 3, 2, 6, 7, 3, 2]","['self', 'mock', 'brag', 'lion', 'woke']","['admiration_admired_others_approval_seeks', 'appearance_looks_superficial_concerned_superficiality', 'pride_prides_lives_excessive_source', 'humility_lack_lacks_seriousness_lackadaisical', 'criticism_sensitive_criticized_critique_critics', 'opinion_public_opinions_influence_reflects', 'self_awareness_consciousness_aware_image', 'esteem_self_affect_pity_worth']"
35632,vibe,1.89,3.8,"[3, 6, 3, 4, 3]","['mood', 'hate', 'idea', 'mind', 'plus']","['music_associated_reading_swing_essential', 'positive_negative_affirmative_value_interrogative', 'time_change_changes_may_frequently', 'emotions_emotional_emotionally_emotion_experiences', 'intangible_concepts_concept_describes_zygote']"
21998,okay,1.89,4,"[7, 5, 3, 2, 3]","['nice', 'laud', 'hush', 'whoa', 'poke']","['conversation_conversations_used_casual_conversational', 'approval_satisfaction_expresses_media_approved', 'gesture_gestures_accompanied_hand_waved', 'agreement_indicates_express_used_so', 'satisfaction_attentiveness_pleasing_self_conveys']"
36935,yeah,1.89,5.714285714285714,"[9, 6, 7, 5, 2, 6, 5]","['zeal', 'zing', 'mike', 'hers', 'dude']","['music_used_genres_jazz_songs', 'positive_negative_affirmative_value_interrogative', 'conversation_conversations_used_casual_conversational', 'english_language_used_speaking_countries', 'head_nodding_accompanied_tilting_blow', 'enthusiasm_enthusiastic_eagerness_eager_obsession', 'positive_negative_qualities_positively_perceived']"
18641,like,1.89,6.5,"[20, 3, 5, 2, 4, 5]","['seek', 'hark', 'nice', 'good', 'zeal']","['verb_form_english_language_zygote', 'enjoyment_pleasure_fun_expresses_associated', 'approval_satisfaction_expresses_media_approved', 'preference_expresses_choice_indifference_individual', 'similarity_resemblance_describes_relates_similar', 'positive_negative_qualities_positively_perceived']"
15550,hypo,1.88,1.75,"[3, 2, 1, 1]","['cusp', 'lack', 'less', 'zing', 'sled']","['deficiency_shortage_lack_insufficiency_imperfection', 'state_condition_states_denotes_indicates', 'medical_terms_terminology_used_term', 'hyperbolically_hyper_hyperbole_used_opposite']"
18854,loco,1.88,2.8333333333333335,"[4, 2, 2, 6, 2, 1]","['zing', 'fear', 'laid', 'yeah', 'dime']","['used_phrase_phrases_like_expressions', 'irrational_rational_behavior_seen_irrationally', 'mental_state_madness_fog_disorder', 'enthusiasm_enthusiastic_eagerness_eager_obsession', 'used_sometimes_often_informally_colloquially', 'control_self_loss_mechanism_feedback']"
18274,laud,1.88,4.166666666666667,"[3, 5, 4, 5, 5, 3]","['firm', 'park', 'talk', 'john', 'done']","['praise_god_means_graced_gracious', 'public_private_privately_publicly_owned', 'achievement_achievements_accomplishment_level_personal', 'informal_formal_casual_colloquial_aimless', 'approval_satisfaction_expresses_media_approved', 'chanting_applause_chants_accompanied_singing']"
3244,bode,1.88,5.5,"[20, 2, 2, 3, 2, 4]","['omen', 'stir', 'tend', 'sort', 'pact']","['verb_form_english_language_zygote', 'future_rosy_outcome_upcoming_implies', 'predicts_predictive_predictions_prediction_future', 'informal_often_ill_formal_well', 'foresight_predetermined_anticipation_considered_implies', 'superstitions_superstition_superstitious_beliefs_associated']"
10021,edgy,1.87,3.2,"[7, 3, 2, 3, 1]","['stab', 'wimp', 'keen', 'chic', 'racy']","['sharp_sharpness_object_point_pointed', 'stylish_sophisticated_garde_avant_fashion', 'provocative_bold_unconventional_risqué_garde', 'aggressive_behavior_rebellious_manipulative_passive', 'nervousness_feeling_relaxation_euphoria_goosebumps']"
25212,pure,1.87,3.6666666666666665,"[2, 2, 7, 2, 10, 4, 2, 2, 2]","['swab', 'wrap', 'pane', 'wild', 'neat']","['unadulterated_unadorned_unembellished_unassertive_unaltered', 'innocence_innocent_naivety_symbol_presumption', 'absorbs_absorb_liquid_absorbed_water', 'clear_blurry_described_healthy_stock', 'transparent_opaque_transparency_translucent_colored', 'sterile_fresh_reproduce_cannot_packaged', 'natural_process_material_state_substance', 'clean_cleans_zygote_fatigue_fatalities', 'untamed_undiluted_uncontaminated_untainted_unfurnished']"
23766,pity,1.87,5.333333333333333,"[11, 10, 4, 11, 3, 3, 3, 2, 1]","['kind', 'hate', 'love', 'envy', 'rage']","['sadness_depression_expresses_sorrow_pain', 'charitable_charity_philanthropy_philanthropic_charities', 'arrogant_arrogance_condescending_perceived_attitude', 'emotion_intense_describes_attitude_emotional', 'felt_humans_people_animals_towards', 'verbally_expressed_verbal_non_communicated', 'empathy_others_concern_lacks_marginalized', 'compassion_empathy_demonstrates_related_compassionate', 'sympathy_empathy_evoke_elicits_others']"
29707,soul,1.86,2.857142857142857,"[3, 3, 3, 4, 2, 3, 2]","['mind', 'hell', 'just', 'cell', 'time']","['moral_ethics_ethical_morality_judgment', 'life_basic_unit_energy_force', 'philosophical_philosophy_subject_debate_discussions', 'emotions_emotional_emotionally_emotion_experiences', 'consciousness_sentience_associated_absent_underlying', 'immortal_eternal_heaven_eternity_believed', 'demons_believed_cultures_transcends_satan']"
7950,defy,1.86,3.888888888888889,"[7, 7, 4, 3, 7, 3, 2, 1, 1]","['dare', 'riot', 'late', 'coup', 'hype']","['courage_bravery_brave_embodies_metaphorically', 'expectations_expectation_expected_deviation_falling', 'resistance_resists_resisted_resist_low', 'challenge_challenges_faces_insult_deal', 'consequences_consequence_broken_actions_punishment', 'activism_protest_protests_social_movements', 'authority_imposed_existing_superiors_challenges', 'obey_compulsion_obedience_disobedience_refuse', 'rebellion_coups_rebellions_unrest_political']"
4161,came,1.85,5,"[8, 2]","['come', 'over', 'into', 'slid', 'went']","['movement_indicates_denotes_towards_surface', 'arrival_arriving_indicates_presence_upon']"
12913,from,1.84,3.5714285714285716,"[9, 3, 4, 3, 3, 2, 1]","['into', 'away', 'lore', 'with', 'when']","['preposition_object_prepositions_adverbs_phrasal', 'separation_separates_separating_group_departure', 'distance_unit_represents_denotes_point', 'change_state_condition_transformation_status', 'phenomena_natural_explain_reason_explains', 'time_point_space_reached_indicates', 'materials_material_stress_plastic_construction']"
881,also,1.83,2.6666666666666665,"[4, 2, 2]","['thus', 'both', 'plus', 'than', 'bike']","['conjunction_english_hence_subordinating_coordinating', 'connects_clauses_sentences_phrases_links', 'addition_indicates_additive_represents_identity']"
29376,smug,1.83,3,"[4, 2, 7, 3, 3, 1, 1]","['pity', 'rely', 'glad', 'good', 'dork']","['arrogant_arrogance_condescending_perceived_attitude', 'humility_lack_lacks_seriousness_lackadaisical', 'confidence_self_confident_implies_arrogance', 'smile_smiling_smirk_expressed_involve', 'satisfaction_attentiveness_pleasing_self_conveys', 'superiority_shows_sense_marketing_superior', 'annoyance_irritation_impatience_irritating_annoying']"
37003,yuck,1.83,3.1666666666666665,"[5, 5, 5, 2, 1, 1]","['foul', 'zing', 'alas', 'icky', 'sour']","['disgust_shock_sense_revulsion_expresses', 'interjection_speech_english_known_language', 'taste_tastes_sharp_preferences_describe', 'unpleasant_something_used_describe_offensive', 'aversion_indifference_animosity_nonchalance_repulsion', 'informal_used_formal_speech_contexts']"
36379,whoa,1.83,6.125,"[9, 5, 5, 5, 7, 6, 7, 5]","['oops', 'alas', 'awed', 'gosh', 'wham']","['surprise_expresses_amazement_express_element', 'admiration_admired_others_approval_seeks', 'exclamation_exclamations_followed_mark_point', 'stop_stopping_means_pause_shut', 'horse_horses_horseback_played_riding', 'caution_cautious_carefulness_concern_cautiousness', 'conversation_conversations_used_casual_conversational', 'interjection_speech_english_known_language']"
13950,grim,1.82,3.75,"[4, 3, 5, 3]","['doom', 'noir', 'kill', 'wail', 'gory']","['situation_serious_issues_refers_mediocrity', 'despair_gloom_sense_hopelessness_pessimism', 'death_life_ends_alive_results', 'darkness_shadows_shadow_imagery_dark']"
13465,gist,1.81,3.8333333333333335,"[3, 11, 6, 1, 1, 1]","['hint', 'clue', 'fact', 'news', 'knew']","['detailed_specific_general_detail_comprehensive', 'information_piece_personal_seeks_summarizes', 'understanding_depth_complex_concepts_understandable', 'point_points_main_captures_pivot', 'context_dependent_derived_area_residential', 'conveys_message_sense_sanctity_words']"
22254,ours,1.81,5,"[4, 6]","['your', 'hers', 'used', 'have', 'mark']","['possessive_pronoun_possessively_form_yours', 'ownership_owned_owner_indicates_previously']"
8701,dire,1.8,4.333333333333333,"[7, 4, 2, 4, 7, 2]","['defy', 'grim', 'hark', 'fled', 'rule']","['urgency_haste_sense_conveys_urgent', 'situation_serious_issues_refers_mediocrity', 'fear_anxiety_panic_sense_apprehension', 'danger_potential_caution_threat_warns', 'consequences_consequence_broken_actions_punishment', 'warning_warnings_used_associated_alerts']"
29668,soon,1.79,3,"[7, 3, 2, 2, 2, 2]","['monk', 'plea', 'hark', 'hour', 'wait']","['urgency_haste_sense_conveys_urgent', 'promises_promise_vows_solemn_chastity', 'scheduling_schedules_planning_used_schedule', 'minutes_60_seconds_minute_equals', 'anticipation_activity_associated_often_precedes', 'time_used_expressions_minutes_indicates']"
27598,sane,1.79,3.375,"[8, 3, 5, 3, 3, 3, 1, 1]","['mind', 'wise', 'harm', 'vain', 'meet']","['decision_decisions_making_makes_collective', 'self_awareness_consciousness_aware_image', 'stress_relief_inducing_absence_relieve', 'mental_health_affect_disorders_affects', 'thought_thoughts_cognitive_process_processes', 'judgment_judgement_impair_judgments_judge', 'reality_intuition_understanding_intuitive_demonstrates', 'emotional_emotions_impact_stability_bond']"
33,ably,1.78,3.2,"[2, 3, 5, 3, 3]","['able', 'nigh', 'whiz', 'told', 'less']","['capability_capacity_mental_suitability_ability', 'competence_proficiency_competent_suggests_expertise', 'end_ending_ly_event_beginning', 'verb_verbs_auxiliary_modifies_to', 'adverbs_adjectives_modifies_adverbial_modify']"
2022,awed,1.78,4.2,"[9, 2, 2, 3, 5]","['whoa', 'gosh', 'cool', 'oops', 'hush']","['surprise_expresses_amazement_express_element', 'inspiration_art_inspired_source_literature', 'humility_prudence_humble_displays_smallness', 'quiet_quietness_silent_often_whispered', 'admiration_admired_others_approval_seeks']"
954,amen,1.78,4.428571428571429,"[11, 4, 7, 1, 2, 4, 2]","['lent', 'hymn', 'sake', 'unto', 'gong']","['ceremonies_rituals_used_religious_celebrations', 'religious_used_worship_contexts_islam', 'texts_religious_jesus_bible_biblical', 'word_words_swear_misspelled_phrase', 'prayers_prayer_end_hymns_time', 'worship_temples_churches_found_places', 'affirmation_agreement_expresses_agreeableness_said']"
6574,cope,1.78,5,"[20, 2, 4, 1, 1, 3, 4]","['defy', 'seem', 'help', 'weep', 'like']","['verb_form_english_language_zygote', 'difficulty_difficulties_difficult_unable_complexity', 'adaptation_adaptability_adapt_adaptable_adjustment', 'support_provides_require_others_provide', 'resilience_resilient_fosters_springy_elasticity', 'challenge_challenges_faces_insult_deal', 'problem_solving_problems_solve_solves']"
36576,wish,1.77,3.5,"[10, 5, 3, 7, 2, 2, 3, 1, 1, 1]","['dibs', 'lack', 'dusk', 'whim', 'well']","['desire_desires_need_strong_conflict', 'star_stars_binary_stellar_supernova', 'occasions_special_occasion_anniversaries_weddings', 'silent_silently_aloud_performs_suppressed', 'hope_wished_wishing_associated_upon', 'may_come_true_exile_losers', 'intangible_concepts_concept_describes_zygote', 'personal_diary_impersonal_others_may', 'secret_labyrinth_open_covert_puzzle', 'selfish_altruistic_self_possessions_serving']"
36619,wits,1.76,3.5,"[7, 4, 2, 1]","['stab', 'hint', 'keen', 'whiz', 'fang']","['sharp_sharpness_object_point_pointed', 'intelligence_intelligent_indicative_intellect_associated', 'solving_problem_skills_puzzles_problems', 'thinking_rational_quick_thought_rationale']"
15494,hype,1.75,4.428571428571429,"[3, 4, 7, 7, 2, 5, 3]","['flop', 'sale', 'fail', 'zing', 'demo']","['consumer_consumers_purchase_behavior_demand', 'marketing_advertising_advertised_strategy_commercials', 'disappointment_leads_lead_result_response', 'expectations_expectation_expected_deviation_falling', 'media_social_journalism_viral_content', 'excitement_exciting_exhilarating_alertness_fear', 'products_showcases_product_innovations_new']"
20498,mood,1.75,4.75,"[6, 3, 2, 3, 7, 13, 1, 3]","['vibe', 'deem', 'rash', 'idea', 'peer']","['positive_negative_affirmative_value_interrogative', 'time_change_changes_may_frequently', 'factors_external_influenced_affected_environmental', 'influences_behavior_influence_traits_retaliatory', 'contagious_groups_social_among_others', 'subjective_context_nature_personal_based', 'decision_making_affects_impacts_affect', 'regulated_laws_government_agencies_policies']"
28144,seem,1.75,10.75,"[13, 20, 4, 6]","['best', 'feel', 'wait', 'sort', 'need']","['subjective_context_nature_personal_based', 'verb_form_english_language_zygote', 'perception_visual_alter_perceive_perceptive', 'comparisons_used_compare_comparison_objects']"
2768,bide,1.73,2.25,"[4, 1, 1, 3]","['fuss', 'curt', 'wean', 'meek', 'wait']","['patience_requires_consistency_shows_necessitates', 'endure_dwell_patiently_wait_adjust', 'bide_phrase_time_once_one', 'impatience_waiting_wait_imply_implies']"
18586,lieu,1.73,3,"[4, 3, 2]","['duel', 'open', 'else', 'dual', 'near']","['implies_comparison_equivalence_portion_imply', 'location_place_used_agreed_locations', 'inclusive_lieu_inclusively_of_inclusiveness']"
31313,sure,1.73,3.25,"[2, 7, 2, 2]","['sexy', 'amen', 'rely', 'wimp', 'okay']","['affirmation_agreement_expresses_agreeableness_said', 'confidence_self_confident_implies_arrogance', 'agreement_indicates_express_used_so', 'doubt_absence_doubtful_definitely_mean']"
1091,anew,1.72,3,"[5, 3, 3, 1, 3]","['anus', 'muse', 'idea', 'whiz', 'tech']","['innovation_innovative_breakthrough_invention_catalyst', 'persistent_continence_persistence_enduring_maintains', 'optimism_optimistic_outlook_hope_associated', 'starting_start_point_signifies_fresh', 'past_future_present_refers_break']"
2000,avid,1.72,3.8,"[5, 3, 3, 6, 2]","['zeal', 'keen', 'zing', 'geek', 'open']","['knowledge_knowledgeable_highly_eager_learning', 'inactive_dedicated_disappeared_reg_des', 'interest_generate_area_intense_specific', 'enthusiasm_enthusiastic_eagerness_eager_obsession', 'passionate_passion_devoted_dedicated_delivered']"
20524,moot,1.71,2.5,"[5, 2, 3, 2, 2, 1]","['blab', 'rile', 'name', 'crux', 'hoax']","['lacks_substance_lacking_depth_solidity', 'arguments_argument_focus_used_clear', 'debate_contested_subject_debated_political', 'legal_documents_used_settings_court', 'english_old_origin_etymology_british', 'discussion_discussions_arguments_debates_ecumenical']"
22994,past,1.7,3,"[2, 2, 6, 2, 4, 5, 2, 3, 1]","['role', 'wont', 'tune', 'teen', 'logo']","['documented_receipts_recorded_metadata_certificates', 'remembered_forgotten_recorded_subsided_historically', 'identity_individual_personal_collective_sense', 'historical_events_timeline_timelines_cultural', 'memories_memory_stores_associated_trigger', 'changed_change_cannot_legally_difficult', 'period_periods_eras_end_divided', 'past_future_present_refers_break', 'nostalgic_age_aged_experience_aging']"
33094,TRUE,1.7,3.2,"[6, 3, 4, 2, 1]","['fact', 'ruse', 'lied', 'tell', 'sham']","['false_falsehood_true_falsehoods_information', 'evidence_verified_based_listens_deliberates', 'deceptive_truthful_deceitful_honest_practice', 'objective_objectives_setting_them_completes', 'false_opposite_boolean_fullness_fake']"
32092,than,1.69,2.8,"[4, 3, 2, 3, 2]","['same', 'glob', 'more', 'they', 'both']","['conjunction_english_hence_subordinating_coordinating', 'form_change_original_forms_straight', 'functions_function_grammatically_word_auxiliary', 'comparison_difference_indicates_compares_denotes', 'plural_form_singular_change_used']"
10653,envy,1.69,4,"[3, 11, 3, 2, 2, 3]","['lust', 'pity', 'love', 'fury', 'guru']","['discontent_resentment_displeasure_discontentment_feelings', 'emotion_intense_describes_attitude_emotional', 'felt_humans_people_animals_towards', 'jealousy_envy_obsession_cause_lead', 'negative_negatively_considered_perceived_seen', 'experienced_experience_humans_human_common']"
20673,much,1.69,4.333333333333333,"[5, 8, 4, 4, 4, 1]","['many', 'less', 'very', 'mass', 'more']","['large_quantity_number_amount_refers', 'quantity_represents_scalar_used_describe', 'comparative_more_than_used_comparable', 'adverb_adjective_usage_english_used', 'degree_extent_high_describes_something', 'excess_indicate_lack_suggest_surplus']"
21047,need,1.69,5,"[13, 7, 5, 3, 8, 3, 8, 3, 2, 2, 1]","['feel', 'hurt', 'want', 'pain', 'urge']","['subjective_context_nature_personal_based', 'hierarchy_hierarchical_structure_maslow_hierarchies', 'survival_necessary_fittest_essential_mechanism', 'psychological_psychosomatic_compulsive_mental_subconscious', 'physical_mental_psychological_nature_intellectual', 'varies_person_jurisdiction_individuals_depending', 'emotional_companionship_love_psychological_fatigue', 'requirements_requires_requirement_mandatory_eligibility', 'psychology_studied_sociology_economics_subject', 'satisfied_unsatisfied_fulfilled_unfulfilled_indulgent', 'urgent_trouble_leisurely_indicates_immediate']"
2742,bias,1.68,1.8,"[2, 3, 2, 1, 1]","['coma', 'good', 'cuss', 'slur', 'bike']","['unconscious_unconsciousness_state_vegetative_unconsciously', 'culturally_cultural_specific_subjective_interpretation', 'prejudice_discrimination_stereotypes_lead_racist', 'conscious_unconsciousness_unconscious_subconscious_consciousness', 'perceptions_perceived_affects_differently_impressions']"
15656,iffy,1.68,2.5,"[3, 3, 2, 2]","['leer', 'daze', 'hoax', 'omit', 'risk']","['skepticism_indicate_skeptical_distrustful_expresses', 'confusion_ambiguity_confused_create_interpreted', 'doubt_absence_doubtful_definitely_mean', 'uncertainty_certainty_uncertainties_confusion_triggered']"
12421,fond,1.68,3.25,"[6, 4, 1, 2]","['love', 'mind', 'quip', 'papa', 'dote']","['affection_affectionate_embracing_hugging_loving', 'memories_memory_stores_associated_trigger', 'develops_time_develop_physically_episodes', 'nostalgia_memorable_sense_longing_may']"
9798,duly,1.68,4,"[5, 6, 2, 3]","['cuss', 'obey', 'goes', 'dame', 'veto']","['formal_used_contexts_writing_formality', 'action_actions_describes_performed_act', 'processes_rules_procedures_legislative_involves', 'compliance_adherence_requires_rules_compliant']"
18059,know,1.68,5.666666666666667,"[11, 4, 2]","['news', 'what', 'norm', 'peek', 'visa']","['information_piece_personal_seeks_summarizes', 'shared_sharing_others_platforms_information', 'implicit_explicit_tacit_explicitly_stated']"
15021,holy,1.67,3.8,"[4, 7, 6, 2, 6, 1, 1, 3, 5, 3]","['halo', 'amen', 'guru', 'idol', 'muse']","['religious_used_worship_contexts_islam', 'rituals_ceremonies_ritual_traditions_involves', 'purity_symbolizes_morality_symbol_modesty', 'revered_religious_traditions_recognized_clergy', 'deity_divine_deities_god_figure', 'sacred_considered_texts_text_cultures', 'reverence_invokes_awe_sense_treated', 'spiritual_spirituality_enlightenment_significance_leader', 'supernatural_elements_forces_paranormal_miracles', 'holiness_sanctity_his_holy_symbolizes']"
35132,unto,1.65,7,"[4, 9, 7, 8]","['thou', 'with', 'onto', 'pair', 'your']","['archaic_usage_antiquity_word_poetic', 'preposition_object_prepositions_adverbs_phrasal', 'texts_religious_jesus_bible_biblical', 'relationship_relationships_connection_association_shows']"
13673,good,1.64,3.4166666666666665,"[5, 5, 4, 5, 2, 3, 5, 5, 2, 3, 1, 1]","['vile', 'deem', 'nice', 'glad', 'bias']","['ethical_unethical_considerations_ethically_ethics', 'plain_ethic_simple_exposed_serenity', 'morally_moral_immoral_wrong_wrongness', 'opposite_bad_sad_good_love', 'being_well_enhances_promotes_improves', 'culturally_cultural_specific_subjective_interpretation', 'quality_high_highest_exceptional_describes', 'positive_negative_qualities_positively_perceived', 'kindness_welcoming_acts_thoughtful_indicates', 'satisfaction_attentiveness_pleasing_self_conveys', 'desirable_sought_get_desired_frequently', 'reliability_reliable_trustworthy_withstands_unreliable']"
10242,else,1.63,2,"[4, 2, 1, 1]","['dual', 'some', 'told', 'lieu', 'zing']","['implies_comparison_equivalence_portion_imply', 'conditional_sentences_if_statements_used', 'alternative_introduce_alternatives_options_denotes', 'contrast_contrasts_contrastive_highlights_indicates']"
27112,risk,1.63,4.1,"[8, 3, 7, 2, 5, 4, 4, 3, 3, 2]","['fund', 'diet', 'wise', 'cure', 'firm']","['decision_decisions_making_makes_collective', 'loss_lost_limb_potential_lead', 'measured_measurement_voltmeter_calculated_scales', 'gain_weight_personal_potential_gotten', 'investment_investments_invested_financial_markets', 'prevented_preventative_mitigated_measures_preventable', 'probability_chance_probabilities_associated_randomly', 'managed_private_organizations_operated_government', 'business_ventures_industry_related_strategies', 'uncertainty_certainty_uncertainties_confusion_triggered']"
18025,knew,1.63,4.4,"[2, 4, 11, 4, 1]","['what', 'news', 'visa', 'gist', 'hint']","['recognition_distinctive_recognizable_identification_visually', 'experiences_experience_inspired_personal_world', 'information_piece_personal_seeks_summarizes', 'awareness_ignorance_unaware_lack_social', 'familiarity_implies_condescendence_novelty_friendliness']"
15609,idea,1.61,3.5,"[3, 4, 2, 5, 4, 3, 3, 4, 5, 2]","['muse', 'sent', 'news', 'know', 'howl']","['time_change_changes_may_frequently', 'problem_solving_problems_solve_solves', 'abstract_concrete_ideas_reference_express', 'innovation_innovative_breakthrough_invention_catalyst', 'complex_simple_complicated_intricate_multifaceted', 'brain_neurons_contains_nervous_generated', 'concept_mental_philosophy_concepts_various', 'shared_sharing_others_platforms_information', 'communication_communicated_communicates_message_messages', 'copyright_intellectual_property_protected_laws']"
17881,keen,1.61,4.6,"[7, 4, 3, 3, 6]","['avid', 'zing', 'zeal', 'loco', 'axes']","['sharp_sharpness_object_point_pointed', 'edge_sharp_edges_talons_curved', 'understand_slow_quickness_learn_perceive', 'interest_generate_area_intense_specific', 'enthusiasm_enthusiastic_eagerness_eager_obsession']"
36286,when,1.6,4.166666666666667,"[7, 7, 3, 3, 2, 3]","['epic', 'tour', 'anew', 'past', 'what']","['duration_set_time_indicate_variable', 'event_events_sequence_organizes_current', 'questions_used_ask_statements_sentences', 'time_passage_passing_day_relates', 'time_point_space_reached_indicates', 'past_future_present_refers_break']"
2706,best,1.6,6.6,"[13, 7, 6, 5, 2]","['same', 'seem', 'deem', 'most', 'rare']","['subjective_context_nature_personal_based', 'opinion_public_opinions_influence_reflects', 'comparisons_used_compare_comparison_objects', 'quality_high_highest_exceptional_describes', 'superlative_superlatives_best_the_form']"
18900,lone,1.59,2.6666666666666665,"[3, 3, 2]","['mate', 'mole', 'ogre', 'puma', 'peer']","['solitary_alone_solitude_prefer_isolation', 'companion_companionship_companions_lacks_friend', 'isolated_isolation_lives_areas_ship']"
36672,wont,1.59,3.2,"[6, 3, 5, 1, 1]","['plus', 'yeah', 'mope', 'hate', 'rule']","['positive_negative_affirmative_value_interrogative', 'behavior_behaviors_habitual_deeds_usual', 'changed_change_cannot_legally_difficult', 'routine_daily_routines_habit_habits', 'learned_innate_acquired_skill_age']"
37008,zany,1.58,2.3333333333333335,"[2, 3, 2]","['idle', 'daft', 'blah', 'bonk', 'zing']","['eccentric_unconventional_eccentricity_behavior_ordinary', 'unpredictability_unproductive_unremarkable_imply_inaccessibility', 'comedy_clowns_clown_jesters_slapstick']"
27408,ruse,1.57,4.5,"[3, 6, 5, 4]","['ploy', 'halt', 'bomb', 'tell', 'tank']","['cunning_cleverness_sly_catchy_mischievous', 'military_used_operations_rescue_forces', 'trickery_trick_involves_tricks_mislead', 'deceptive_truthful_deceitful_honest_practice']"
32103,that,1.54,2.75,"[6, 2, 2, 1]","['whom', 'them', 'this', 'hers', 'they']","['pronoun_demonstrative_third_indefinite_interrogative', 'clause_introduce_subordinate_that_used', 'previously_mentioned_something_refers_indicates', 'invariable_form_does_plural_singular']"
11629,fate,1.53,3.5,"[2, 2, 4, 3, 6, 5, 3, 3]","['evil', 'bode', 'soul', 'jade', 'muse']","['foresight_predetermined_anticipation_considered_implies', 'destiny_fate_associated_concept_linked', 'luck_bad_good_associated_fortune', 'concept_mental_philosophy_concepts_various', 'deity_divine_deities_god_figure', 'changed_change_cannot_legally_difficult', 'philosophical_philosophy_subject_debate_discussions', 'future_events_event_associated_portends']"
9465,doom,1.5,2.6666666666666665,"[2, 2, 3, 5, 3, 1]","['nuke', 'fate', 'last', 'nigh', 'grim']","['literature_used_books_contexts_literary', 'destiny_fate_associated_concept_linked', 'destruction_collapse_cause_destroys_massive', 'end_ending_ly_event_beginning', 'despair_gloom_sense_hopelessness_pessimism', 'outcome_outcomes_negative_positive_favorable']"
10896,ever,1.48,3,"[4, 2, 4, 3, 2]","['very', 'hell', 'soon', 'much', 'bold']","['emphasis_used_emphasize_whoaaa_highlight', 'continuity_continuous_implies_forever_change', 'adverb_adjective_usage_english_used', 'immortal_eternal_heaven_eternity_believed', 'time_used_expressions_minutes_indicates']"
36235,were,1.48,4.25,"[11, 2, 2, 2]","['verb', 'laid', 'wove', 'rode', 'went']","['tense_past_verb_sink_weave', 'conjugated_conjugations_conjugation_differently_subject', 'subjunctive_mood_imperative_indicative_moods', 'person_singular_third_second_plural']"
31059,such,1.48,4.75,"[5, 6, 4, 4]","['same', 'very', 'most', 'alas', 'much']","['exclamation_exclamations_followed_mark_point', 'comparisons_used_compare_comparison_objects', 'similarity_resemblance_describes_relates_similar', 'degree_extent_high_describes_something']"
35614,very,1.43,3.4285714285714284,"[4, 6, 3, 4, 4, 2, 1]","['much', 'such', 'ever', 'than', 'both']","['emphasis_used_emphasize_whoaaa_highlight', 'comparisons_used_compare_comparison_objects', 'adverbs_adjectives_modifies_adverbial_modify', 'adverb_adjective_usage_english_used', 'degree_extent_high_describes_something', 'plural_form_singular_change_used', 'common_language_english_spoken_everyday']"
19805,mere,1.43,7,"[7, 14, 11, 6, 4, 5, 2]","['lake', 'pond', 'loon', 'fish', 'pool']","['habitat_wildlife_animals_provides_fish', 'recreation_recreational_used_activities_leisure', 'freshwater_lives_saltwater_lakes_ponds', 'aquatic_watercraft_animal_supports_life', 'smaller_lake_mountain_city_continent', 'water_body_oceans_bodies_freshwater', 'muddy_sandy_bottom_mud_wet']"
2970,blah,1.4,4,"[7, 4, 2, 3]","['idle', 'zany', 'quip', 'gosh', 'yeah']","['conversation_conversations_used_casual_conversational', 'boredom_boring_uninteresting_bored_blah', 'enthusiasm_lack_enthusiastic_energy_mediocrity', 'unpredictability_unproductive_unremarkable_imply_inaccessibility']"
32335,thus,1.36,3.75,"[4, 2, 5, 4]","['also', 'whom', 'dash', 'with', 'dame']","['conjunction_english_hence_subordinating_coordinating', 'connects_clauses_sentences_phrases_links', 'formal_used_contexts_writing_formality', 'sentences_sentence_meaning_affects_structure']"
13709,gosh,1.35,5.8,"[9, 7, 2, 4, 7]","['oops', 'fuck', 'whoa', 'gent', 'quip']","['surprise_expresses_amazement_express_element', 'conversation_conversations_used_casual_conversational', 'conveys_emotion_emotions_mild_ideas', 'politeness_polite_sincerity_attitude_flattery', 'offensive_considered_inappropriate_speech_senses']"
19039,luck,1.33,3.75,"[4, 5, 4, 2]","['undo', 'stop', 'omen', 'dope', 'risk']","['superstitions_superstition_superstitious_beliefs_associated', 'symbol_symbolized_symbolizes_symbols_depicted', 'probability_chance_probabilities_associated_randomly', 'good_bad_excellent_perceived_cool']"
15142,hope,1.25,5.2,"[5, 11, 3, 4, 3]","['hero', 'rosy', 'pity', 'vibe', 'feat']","['symbol_symbolized_symbolizes_symbols_depicted', 'emotion_intense_describes_attitude_emotional', 'optimism_optimistic_outlook_hope_associated', 'inspire_inspires_others_inspiring_action', 'intangible_concepts_concept_describes_zygote']"
37032,zing,1.23,5.5,"[6, 5, 5, 6]","['ride', 'racy', 'hype', 'woof', 'yuck']","['energy_energetic_field_source_lively', 'excitement_exciting_exhilarating_alertness_fear', 'taste_tastes_sharp_preferences_describe', 'enthusiasm_enthusiastic_eagerness_eager_obsession']"
