WordInds,LexSemErr,ThresholdCrossingIteration,ONsize,Frequency,NumSemFeats,ThresholdWasCrossed,CorrectItemCrossed,WordThatCrossed,Cloze_name,Cloze_code,WordInput
1,914.9723172382267,11,9,1.6990000009536743,9,True,1.0,pant,low_cloze,0.0006333122229259025,pant
261,868.089925816601,6,5,2.9565999507904053,13,True,1.0,jean,low_cloze,0.0006333122229259025,jean
155,881.2773696929446,9,5,2.3578999042510986,7,True,1.0,crow,low_cloze,0.0006333122229259025,crow
335,940.1861043279107,10,12,2.4547998905181885,10,True,1.0,dove,low_cloze,0.0006333122229259025,dove
12,885.7262756788945,6,2,2.7809998989105225,14,True,1.0,frog,low_cloze,0.0006333122229259025,frog
442,800.5728988902177,6,4,1.8387999534606934,10,True,1.0,newt,low_cloze,0.0006333122229259025,newt
135,798.8091602765633,6,1,3.0183000564575195,10,True,1.0,earl,low_cloze,0.0006333122229259025,earl
972,893.6725706804906,9,7,3.1064999103546143,13,True,1.0,duke,low_cloze,0.0006333122229259025,duke
214,678.1514405324713,4,0,2.835700035095215,8,True,1.0,exam,low_cloze,0.0006333122229259025,exam
992,918.5548875471337,9,12,3.6324000358581543,11,True,1.0,test,low_cloze,0.0006333122229259025,test
157,920.3029251732229,8,8,1.5563000440597534,12,True,1.0,fowl,low_cloze,0.0006333122229259025,fowl
514,925.0901401059382,7,1,3.365299940109253,11,True,1.0,bird,low_cloze,0.0006333122229259025,bird
542,898.4976170477916,8,8,2.542799949645996,15,True,1.0,swan,low_cloze,0.0006333122229259025,swan
603,927.4816420997267,11,14,3.1017000675201416,15,True,1.0,duck,low_cloze,0.0006333122229259025,duck
2,829.0692785743804,7,5,2.637500047683716,10,True,1.0,robe,low_cloze,0.0006333122229259025,robe
781,924.4656302688379,9,11,2.4547998905181885,11,True,1.0,vest,low_cloze,0.0006333122229259025,vest
146,706.750840578436,4,1,1.6434999704360962,11,True,1.0,zinc,low_cloze,0.0006333122229259025,zinc
938,917.4311403605216,10,12,3.6280999183654785,16,True,1.0,lead,low_cloze,0.0006333122229259025,lead
369,829.0827417138565,6,4,2.004300117492676,10,True,1.0,barf,low_cloze,0.0006333122229259025,barf
755,923.2346161957767,8,5,2.5051000118255615,10,True,1.0,puke,low_cloze,0.0006333122229259025,puke
246,749.1580851947538,5,1,2.8608999252319336,9,True,1.0,debt,low_cloze,0.0006333122229259025,debt
1080,914.3192004970506,9,6,3.00600004196167,9,True,1.0,loan,low_cloze,0.0006333122229259025,loan
441,928.4783938515675,10,11,2.5262999534606934,10,True,1.0,mice,low_cloze,0.0006333122229259025,mice
905,906.8524316670855,8,5,2.176100015640259,13,True,1.0,puss,low_cloze,0.0006333122229259025,puss
422,915.8778077060861,6,1,2.8942999839782715,16,True,1.0,lion,low_cloze,0.0006333122229259025,lion
616,812.1220264127428,6,1,0.9031000137329102,9,True,1.0,puma,low_cloze,0.0006333122229259025,puma
721,789.6964226593025,8,4,1.5563000440597534,11,True,1.0,axes,low_cloze,0.0006333122229259025,axes
963,834.5252323470792,7,3,1.2303999662399292,9,True,1.0,maul,low_cloze,0.0006333122229259025,maul
439,858.0719850345898,7,7,1.9138000011444092,8,True,1.0,stag,low_cloze,0.0006333122229259025,stag
723,925.9970313534983,9,11,3.2360000610351562,11,True,1.0,buck,low_cloze,0.0006333122229259025,buck
566,917.3763714740729,11,12,3.4321999549865723,11,True,1.0,rose,low_cloze,0.0006333122229259025,rose
711,888.355402752239,7,1,3.13700008392334,10,True,1.0,lily,low_cloze,0.0006333122229259025,lily
573,925.2657574257088,8,6,2.767199993133545,16,True,1.0,dish,low_cloze,0.0006333122229259025,dish
599,865.1898265865159,8,6,3.039400100708008,9,True,1.0,bowl,low_cloze,0.0006333122229259025,bowl
1117,910.8189551305286,8,3,4.0991997718811035,9,True,1.0,hurt,low_cloze,0.0006333122229259025,hurt
1152,913.5072786986314,8,7,3.6986000537872314,13,True,1.0,pain,low_cloze,0.0006333122229259025,pain
576,903.8095111910228,8,5,2.617000102996826,11,True,1.0,pony,low_cloze,0.0006333122229259025,pony
680,918.6857853439203,11,18,2.1731998920440674,13,True,1.0,mare,low_cloze,0.0006333122229259025,mare
8,894.0007318106302,9,6,2.1238999366760254,7,True,1.0,gram,low_cloze,0.0006333122229259025,gram
1239,836.8439277988834,6,4,1.9084999561309814,10,True,1.0,kilo,low_cloze,0.0006333122229259025,kilo
620,895.5712243203263,9,6,3.200900077819824,10,True,1.0,bath,low_cloze,0.0006333122229259025,bath
684,902.5207336658023,11,12,2.936500072479248,8,True,1.0,sink,low_cloze,0.0006333122229259025,sink
946,926.112717453749,9,11,1.7559000253677368,13,True,1.0,gull,low_cloze,0.0006333122229259025,gull
1261,925.8304311964519,12,15,1.5681999921798706,9,True,1.0,coot,low_cloze,0.0006333122229259025,coot
623,925.2313993244188,9,10,2.789599895477295,14,True,1.0,dime,low_cloze,0.0006333122229259025,dime
909,905.0268339723864,9,10,2.684799909591675,12,True,1.0,cent,low_cloze,0.0006333122229259025,cent
118,749.9186455314724,5,0,2.433000087738037,7,True,1.0,nova,low_cloze,0.0006333122229259025,nova
709,918.2436047367813,9,9,3.618000030517578,13,True,1.0,star,low_cloze,0.0006333122229259025,star
1437,920.4892628116717,12,16,1.544100046157837,9,True,1.0,lore,low_cloze,0.0006333122229259025,lore
1466,737.4749061064873,5,3,2.547800064086914,6,True,1.0,myth,low_cloze,0.0006333122229259025,myth
270,919.967114866299,9,7,2.285599946975708,10,True,1.0,pact,low_cloze,0.0006333122229259025,pact
1255,925.2694210934899,11,14,4.124899864196777,11,True,1.0,deal,low_cloze,0.0006333122229259025,deal
41,903.4230823606206,9,7,2.6989998817443848,12,True,1.0,silk,low_cloze,0.0006333122229259025,silk
610,897.5641182852396,8,6,2.2095000743865967,9,True,1.0,wool,low_cloze,0.0006333122229259025,wool
1251,854.391320607682,8,10,2.761899948120117,8,True,1.0,rage,low_cloze,0.0006333122229259025,rage
1311,870.8429485621106,7,2,2.29229998588562,8,True,1.0,fury,low_cloze,0.0006333122229259025,fury
510,917.446040444452,7,3,3.629300117492676,14,True,1.0,fish,low_cloze,0.0006333122229259025,fish
585,822.7129196472546,6,2,2.6117000579833984,12,True,1.0,tuna,low_cloze,0.0006333122229259025,tuna
910,802.4813085670197,6,4,1.857300043106079,8,True,1.0,wept,low_cloze,0.0006333122229259025,wept
1150,844.664884342618,7,3,1.462399959564209,7,True,1.0,bawl,low_cloze,0.0006333122229259025,bawl
937,864.9657721153617,7,8,3.8190999031066895,7,True,1.0,king,low_cloze,0.0006333122229259025,king
1003,642.5168151452971,4,1,1.3009999990463257,9,True,1.0,tsar,low_cloze,0.0006333122229259025,tsar
22,841.1500911532672,7,5,2.4065001010894775,12,True,1.0,herb,low_cloze,0.0006333122229259025,herb
241,911.057354309774,9,12,1.954200029373169,11,True,1.0,sage,low_cloze,0.0006333122229259025,sage
26,856.4546261168485,7,5,2.3784000873565674,10,True,1.0,limb,low_cloze,0.0006333122229259025,limb
692,909.6587884240596,9,7,4.154200077056885,11,True,1.0,hand,low_cloze,0.0006333122229259025,hand
30,796.4132250527715,6,2,1.9911999702453613,11,True,1.0,knit,low_cloze,0.0006333122229259025,knit
1034,844.5655210982886,7,2,1.8260999917984009,10,True,1.0,sewn,low_cloze,0.0006333122229259025,sewn
57,918.5172060851722,9,7,2.7723000049591064,11,True,1.0,plot,low_cloze,0.0006333122229259025,plot
1222,911.1877908043427,11,13,2.7874999046325684,11,True,1.0,tale,low_cloze,0.0006333122229259025,tale
61,877.5260978302591,9,7,1.9589999914169312,6,True,1.0,dung,low_cloze,0.0006333122229259025,dung
138,896.4021997195638,9,7,3.4986000061035156,7,True,1.0,crap,low_cloze,0.0006333122229259025,crap
62,651.1478935435499,4,0,0.3009999990463257,8,True,1.0,lynx,low_cloze,0.0006333122229259025,lynx
595,920.111077500926,12,16,2.29229998588562,8,True,1.0,hare,low_cloze,0.0006333122229259025,hare
275,745.43701563938,4,0,0.9031000137329102,13,True,1.0,ovum,low_cloze,0.0006333122229259025,ovum
821,918.2767492362191,8,10,3.4428999423980713,11,True,1.0,cell,low_cloze,0.0006333122229259025,cell
92,875.0211109931754,10,11,2.609600067138672,10,True,1.0,tuck,low_cloze,0.0006333122229259025,tuck
1287,913.8702846869201,10,9,2.851300001144409,8,True,1.0,darn,low_cloze,0.0006333122229259025,darn
240,911.561508059993,8,4,2.478600025177002,11,True,1.0,glue,low_cloze,0.0006333122229259025,glue
815,662.7832917589557,5,1,1.0,14,True,1.0,inks,low_cloze,0.0006333122229259025,inks
141,909.4757980115457,9,10,2.5694000720977783,10,True,1.0,tick,low_cloze,0.0006333122229259025,tick
587,807.6370673598955,7,5,2.2304000854492188,8,True,1.0,flea,low_cloze,0.0006333122229259025,flea
213,566.9990762461409,3,0,1.2553000450134277,11,True,1.0,onyx,low_cloze,0.0006333122229259025,onyx
836,854.0383293363205,6,3,2.4149999618530273,9,True,1.0,jade,low_cloze,0.0006333122229259025,jade
142,876.6801210103346,6,1,2.56469988822937,12,True,1.0,glen,low_cloze,0.0006333122229259025,glen
549,931.7328193951844,10,12,3.282399892807007,13,True,1.0,hill,low_cloze,0.0006333122229259025,hill
170,918.9355492256279,9,9,2.2095000743865967,9,True,1.0,funk,low_cloze,0.0006333122229259025,funk
196,678.3784081240979,4,0,2.784600019454956,9,True,1.0,jazz,low_cloze,0.0006333122229259025,jazz
178,927.2780492884228,9,10,2.8578999042510986,10,True,1.0,bush,low_cloze,0.0006333122229259025,bush
511,913.8363169370023,8,4,3.5206000804901123,15,True,1.0,tree,low_cloze,0.0006333122229259025,tree
294,908.2106301745105,9,6,2.599900007247925,11,True,1.0,soil,low_cloze,0.0006333122229259025,soil
602,872.0772416843486,8,3,3.1175999641418457,5,True,1.0,dirt,low_cloze,0.0006333122229259025,dirt
186,906.5774367559673,7,3,2.734800100326538,12,True,1.0,lamb,low_cloze,0.0006333122229259025,lamb
608,938.0458960679541,11,11,2.648400068283081,10,True,1.0,deer,low_cloze,0.0006333122229259025,deer
384,733.8966501977611,5,1,2.8006999492645264,7,True,1.0,inch,low_cloze,0.0006333122229259025,inch
1291,862.6654521186547,10,8,2.0085999965667725,4,True,1.0,span,low_cloze,0.0006333122229259025,span
191,913.716219096564,9,7,2.164400100708008,8,True,1.0,moss,low_cloze,0.0006333122229259025,moss
524,888.7062020837977,6,0,2.2147998809814453,9,True,1.0,fern,low_cloze,0.0006333122229259025,fern
266,823.1144299097592,8,7,1.8920999765396118,9,True,1.0,haze,low_cloze,0.0006333122229259025,haze
488,737.9090107075515,5,1,1.7482000589370728,9,True,1.0,smog,low_cloze,0.0006333122229259025,smog
230,911.8165021576606,9,8,1.924299955368042,10,True,1.0,lark,low_cloze,0.0006333122229259025,lark
470,828.8627869377984,6,1,1.3009999990463257,6,True,1.0,wren,low_cloze,0.0006333122229259025,wren
405,783.69184055779,6,2,1.6720999479293823,11,True,1.0,acne,low_cloze,0.0006333122229259025,acne
1242,723.3515618588441,5,2,2.330399990081787,11,True,1.0,itch,low_cloze,0.0006333122229259025,itch
233,902.9885373031242,9,7,2.3385000228881836,7,True,1.0,lure,low_cloze,0.0006333122229259025,lure
271,879.1220631950018,8,3,2.6963999271392822,6,True,1.0,bait,low_cloze,0.0006333122229259025,bait
314,923.3860955011739,7,3,2.749000072479248,11,True,1.0,shed,low_cloze,0.0006333122229259025,shed
654,911.4967498967483,9,8,4.350599765777588,15,True,1.0,room,low_cloze,0.0006333122229259025,room
251,841.282650262225,7,6,1.462399959564209,11,True,1.0,kale,low_cloze,0.0006333122229259025,kale
559,916.763319104082,9,8,1.2041000127792358,9,True,1.0,leek,low_cloze,0.0006333122229259025,leek
548,902.7542988415311,10,9,3.688999891281128,14,True,1.0,boat,low_cloze,0.0006333122229259025,boat
597,919.3979176822315,10,8,3.7028000354766846,10,True,1.0,ship,low_cloze,0.0006333122229259025,ship
285,928.3554356237621,10,10,2.841399908065796,8,True,1.0,barn,low_cloze,0.0006333122229259025,barn
880,845.7960508983231,7,5,1.6901999711990356,9,True,1.0,silo,low_cloze,0.0006333122229259025,silo
25,880.4955837263085,8,10,1.544100046157837,8,True,1.0,mope,low_cloze,0.0006333122229259025,mope
1474,857.7325660375645,8,5,1.7243000268936157,8,True,1.0,glum,low_cloze,0.0006333122229259025,glum
319,909.5333000643863,9,5,1.8691999912261963,8,True,1.0,wasp,low_cloze,0.0006333122229259025,wasp
696,903.8863102548667,7,5,2.436199903488159,13,True,1.0,bees,low_cloze,0.0006333122229259025,bees
505,677.6125144047572,4,0,1.6128000020980835,11,True,1.0,kiwi,low_cloze,0.0006333122229259025,kiwi
626,890.0337234248105,8,5,2.243000030517578,12,True,1.0,plum,low_cloze,0.0006333122229259025,plum
454,757.8472013943242,5,3,1.3617000579833984,10,True,1.0,oxen,low_cloze,0.0006333122229259025,oxen
621,929.3449378434219,10,12,3.14739990234375,8,True,1.0,bull,low_cloze,0.0006333122229259025,bull
545,745.462595656646,4,0,2.2227001190185547,14,True,1.0,mayo,low_cloze,0.0006333122229259025,mayo
736,926.1578995301337,10,9,1.2553000450134277,10,True,1.0,slaw,low_cloze,0.0006333122229259025,slaw
544,851.2182841425165,7,9,2.413300037384033,10,True,1.0,cafe,low_cloze,0.0006333122229259025,cafe
763,697.3548823356805,5,1,2.037400007247925,7,True,1.0,deli,low_cloze,0.0006333122229259025,deli
114,776.9157674950084,5,1,3.904400110244751,8,True,1.0,whoa,low_cloze,0.0006333122229259025,whoa
1483,758.4525996217933,5,1,2.7458999156951904,6,True,1.0,oops,low_cloze,0.0006333122229259025,oops
578,897.6154275029078,8,3,2.510499954223633,9,True,1.0,pond,low_cloze,0.0006333122229259025,pond
592,932.0770780991718,9,13,3.2641000747680664,9,True,1.0,lake,low_cloze,0.0006333122229259025,lake
174,912.4032378740874,7,2,2.5211000442504883,13,True,1.0,riot,low_cloze,0.0006333122229259025,riot
877,834.0442130741167,7,3,2.2528998851776123,11,True,1.0,thug,low_cloze,0.0006333122229259025,thug
590,928.6011495895342,9,11,3.585599899291992,12,True,1.0,beer,low_cloze,0.0006333122229259025,beer
1338,939.0974622199516,9,15,3.514899969100952,11,True,1.0,sake,low_cloze,0.0006333122229259025,sake
695,921.0631650615214,9,12,2.7809998989105225,15,True,1.0,pill,low_cloze,0.0006333122229259025,pill
798,842.3424193972596,6,2,3.36299991607666,12,True,1.0,drug,low_cloze,0.0006333122229259025,drug
596,913.0566280227362,9,10,4.168700218200684,9,True,1.0,face,low_cloze,0.0006333122229259025,face
676,916.8394445845331,10,11,4.277599811553955,9,True,1.0,head,low_cloze,0.0006333122229259025,head
144,896.217373576788,9,6,1.8194999694824219,6,True,1.0,posh,low_cloze,0.0006333122229259025,posh
1347,810.8161137699292,8,5,2.0492000579833984,7,True,1.0,snob,low_cloze,0.0006333122229259025,snob
744,935.8365492143485,9,11,2.613800048828125,12,True,1.0,rash,low_cloze,0.0006333122229259025,rash
830,913.1515599248378,10,10,1.0,9,True,1.0,welt,low_cloze,0.0006333122229259025,welt
958,871.5071341594415,8,9,3.536799907684326,8,True,1.0,nine,low_cloze,0.0006333122229259025,nine
1188,876.9417517481719,8,6,4.115499973297119,9,True,1.0,four,low_cloze,0.0006333122229259025,four
751,883.7983024561742,9,8,2.4377999305725098,6,True,1.0,peel,low_cloze,0.0006333122229259025,peel
805,889.5353612084449,9,9,1.1761000156402588,6,True,1.0,rind,low_cloze,0.0006333122229259025,rind
1367,819.9934290590634,8,10,2.4969000816345215,6,True,1.0,scam,low_cloze,0.0006333122229259025,scam
1456,848.5371062978116,7,4,1.531499981880188,6,True,1.0,dupe,low_cloze,0.0006333122229259025,dupe
838,871.1856774507309,8,6,2.1875,10,True,1.0,boob,low_cloze,0.0006333122229259025,boob
843,914.1864906433195,11,13,1.2303999662399292,7,True,1.0,teat,low_cloze,0.0006333122229259025,teat
71,843.3191278788861,7,4,1.6812000274658203,10,True,1.0,spud,low_cloze,0.0006333122229259025,spud
698,897.7922807969586,9,7,3.0220000743865967,9,True,1.0,chip,low_cloze,0.0006333122229259025,chip
23,931.3289625446447,11,18,1.079200029373169,8,True,1.0,sear,low_cloze,0.0006333122229259025,sear
903,933.6054082726238,10,13,2.510499954223633,9,True,1.0,bake,low_cloze,0.0006333122229259025,bake
152,824.188711296298,8,8,2.0569000244140625,4,True,1.0,goof,low_cloze,0.0006333122229259025,goof
1108,697.0849300836653,6,2,1.544100046157837,8,True,1.0,typo,low_cloze,0.0006333122229259025,typo
40,926.011758711165,9,12,1.5563000440597534,11,True,1.0,gash,low_cloze,0.0006333122229259025,gash
931,892.2428708389518,9,6,3.4498000144958496,7,True,1.0,burn,low_cloze,0.0006333122229259025,burn
49,930.4304598085055,12,13,2.2279000282287598,11,True,1.0,lime,low_cloze,0.0006333122229259025,lime
557,924.3119404947465,9,13,1.8387999534606934,10,True,1.0,pear,low_cloze,0.0006333122229259025,pear
46,825.0892889432241,6,1,3.4149999618530273,6,True,1.0,duty,low_cloze,0.0006333122229259025,duty
1461,906.5812254665752,10,12,2.9684998989105225,8,True,1.0,role,low_cloze,0.0006333122229259025,role
305,818.8961602210235,6,2,3.380199909210205,7,True,1.0,plus,low_cloze,0.0006333122229259025,plus
375,884.1835613727387,8,6,2.4518001079559326,8,True,1.0,grid,low_cloze,0.0006333122229259025,grid
47,916.6035543798389,10,13,1.579800009727478,5,True,1.0,hone,low_cloze,0.0006333122229259025,hone
364,869.4234071550429,7,4,0.7781999707221985,10,True,1.0,rasp,low_cloze,0.0006333122229259025,rasp
195,780.2668864096324,6,2,1.8451000452041626,8,True,1.0,alto,low_cloze,0.0006333122229259025,alto
1105,798.1905054073547,5,1,1.8976000547409058,8,True,1.0,diva,low_cloze,0.0006333122229259025,diva
159,928.5113479814438,12,16,2.7551000118255615,10,True,1.0,boot,low_cloze,0.0006333122229259025,boot
609,854.1171536358249,9,7,2.577500104904175,6,True,1.0,heel,low_cloze,0.0006333122229259025,heel
162,650.379569359135,4,0,3.1201999187469482,12,True,1.0,taxi,low_cloze,0.0006333122229259025,taxi
475,827.532805444064,6,1,2.5933001041412354,12,True,1.0,auto,low_cloze,0.0006333122229259025,auto
161,896.242540501534,9,4,1.6901999711990356,9,True,1.0,font,low_cloze,0.0006333122229259025,font
163,745.5829789937225,8,4,3.490499973297119,5,True,1.0,type,low_cloze,0.0006333122229259025,type
203,851.4465399656007,6,2,2.3032000064849854,13,True,1.0,bulb,low_cloze,0.0006333122229259025,bulb
534,933.753896830912,10,8,2.81820011138916,11,True,1.0,lamp,low_cloze,0.0006333122229259025,lamp
185,657.5483516318725,4,0,1.2788000106811523,12,True,1.0,oboe,low_cloze,0.0006333122229259025,oboe
277,913.3311062936057,8,7,2.1303000450134277,11,True,1.0,harp,low_cloze,0.0006333122229259025,harp
342,706.2587899708184,5,0,1.9031000137329102,8,True,1.0,luau,low_cloze,0.0006333122229259025,luau
1093,921.0353448860396,10,13,1.8451000452041626,10,True,1.0,fest,low_cloze,0.0006333122229259025,fest
202,895.8900332251833,8,4,1.986799955368042,9,True,1.0,moan,low_cloze,0.0006333122229259025,moan
273,733.424689448291,6,3,0.9031000137329102,6,True,1.0,yelp,low_cloze,0.0006333122229259025,yelp
346,904.4230693909831,8,6,2.672100067138672,9,True,1.0,hint,low_cloze,0.0006333122229259025,hint
480,874.6010355356542,7,3,2.9537999629974365,7,True,1.0,clue,low_cloze,0.0006333122229259025,clue
210,913.0298499902285,9,7,2.037400007247925,11,True,1.0,snot,low_cloze,0.0006333122229259025,snot
581,924.2450611256194,9,10,3.5511999130249023,11,True,1.0,nose,low_cloze,0.0006333122229259025,nose
221,798.4699171431907,5,2,1.7243000268936157,9,True,1.0,opal,low_cloze,0.0006333122229259025,opal
671,781.6513687622602,5,0,2.783900022506714,11,True,1.0,ruby,low_cloze,0.0006333122229259025,ruby
234,837.5542210335861,7,3,3.0980000495910645,6,True,1.0,path,low_cloze,0.0006333122229259025,path
677,905.0310229718878,9,5,3.7565999031066895,11,True,1.0,road,low_cloze,0.0006333122229259025,road
244,899.3978809882422,9,5,2.9014999866485596,12,True,1.0,tune,low_cloze,0.0006333122229259025,tune
961,746.0170239967267,4,0,1.924299955368042,10,True,1.0,hymn,low_cloze,0.0006333122229259025,hymn
282,907.6020332589924,10,9,2.730799913406372,10,True,1.0,pork,low_cloze,0.0006333122229259025,pork
683,877.2056655106528,7,6,3.0025999546051025,13,True,1.0,beef,low_cloze,0.0006333122229259025,beef
440,927.6489736925778,8,4,2.613800048828125,11,True,1.0,tray,low_cloze,0.0006333122229259025,tray
990,918.1206259218054,11,13,4.1585001945495605,10,True,1.0,case,low_cloze,0.0006333122229259025,case
297,865.8601788280579,9,10,2.3559999465942383,6,True,1.0,vile,low_cloze,0.0006333122229259025,vile
1543,905.5320472112096,9,8,5.124199867248535,12,True,1.0,good,low_cloze,0.0006333122229259025,good
507,904.6456879614934,8,8,1.8260999917984009,9,True,1.0,tush,low_cloze,0.0006333122229259025,tush
860,930.4687587907001,10,12,5.0106000900268555,8,True,1.0,back,low_cloze,0.0006333122229259025,back
299,647.2959329550639,4,0,1.9031000137329102,7,True,1.0,quad,low_cloze,0.0006333122229259025,quad
651,831.2436720288193,7,7,2.7202000617980957,9,True,1.0,jeep,low_cloze,0.0006333122229259025,jeep
367,841.5037929218468,7,3,1.6232000589370728,8,True,1.0,clog,low_cloze,0.0006333122229259025,clog
561,920.1566532067803,11,11,2.661799907684326,8,True,1.0,sock,low_cloze,0.0006333122229259025,sock
301,916.2134102281889,9,10,1.7323999404907227,10,True,1.0,mead,low_cloze,0.0006333122229259025,mead
657,918.099117242308,11,16,3.4883999824523926,7,True,1.0,wine,low_cloze,0.0006333122229259025,wine
499,840.6198275190567,7,5,1.8691999912261963,8,True,1.0,spur,low_cloze,0.0006333122229259025,spur
936,889.7840651925322,7,2,1.968500018119812,10,True,1.0,trot,low_cloze,0.0006333122229259025,trot
362,716.7327842853593,5,1,1.0,5,True,1.0,cyan,low_cloze,0.0006333122229259025,cyan
1068,868.012474871765,7,3,3.717900037765503,7,True,1.0,blue,low_cloze,0.0006333122229259025,blue
365,885.386021401572,9,5,2.307499885559082,8,True,1.0,mutt,low_cloze,0.0006333122229259025,mutt
513,784.016037297158,6,2,3.4321999549865723,10,True,1.0,dogs,low_cloze,0.0006333122229259025,dogs
368,921.8691530396754,10,11,2.819499969482422,9,True,1.0,sack,low_cloze,0.0006333122229259025,sack
841,906.2330941801154,8,6,1.7482000589370728,12,True,1.0,tote,low_cloze,0.0006333122229259025,tote
717,927.8904970920945,10,13,3.7811999320983887,13,True,1.0,bill,low_cloze,0.0006333122229259025,bill
1156,925.4698993137641,10,13,3.246299982070923,10,True,1.0,rent,low_cloze,0.0006333122229259025,rent
376,864.4670910247007,8,5,2.989000082015991,7,True,1.0,bout,low_cloze,0.0006333122229259025,bout
1124,919.6131466838294,10,13,3.4993999004364014,12,True,1.0,race,low_cloze,0.0006333122229259025,race
814,705.5401917388624,4,0,1.2303999662399292,8,True,1.0,gyro,low_cloze,0.0006333122229259025,gyro
827,852.322670064412,8,6,2.517199993133545,7,True,1.0,stew,low_cloze,0.0006333122229259025,stew
388,905.0543236505666,9,7,1.6021000146865845,6,True,1.0,carp,low_cloze,0.0006333122229259025,carp
495,921.9833146245408,10,10,2.3710999488830566,9,True,1.0,pike,low_cloze,0.0006333122229259025,pike
528,913.6189226086074,9,5,3.544100046157837,11,True,1.0,suit,low_cloze,0.0006333122229259025,suit
750,847.7979292697639,7,3,2.5250000953674316,7,True,1.0,gown,low_cloze,0.0006333122229259025,gown
419,881.0108235388783,7,3,2.7258999347686768,13,True,1.0,plug,low_cloze,0.0006333122229259025,plug
774,901.3683403295934,8,4,2.396199941635132,11,True,1.0,fuse,low_cloze,0.0006333122229259025,fuse
529,787.2487196703981,6,2,3.4844000339508057,9,True,1.0,arms,low_cloze,0.0006333122229259025,arms
655,814.4279373104962,6,3,3.998800039291382,10,True,1.0,body,low_cloze,0.0006333122229259025,body
458,826.8168677985574,7,3,2.359800100326538,8,True,1.0,loaf,low_cloze,0.0006333122229259025,loaf
883,820.3060555638488,6,1,1.7633999586105347,12,True,1.0,pita,low_cloze,0.0006333122229259025,pita
619,881.0365218475579,8,6,3.2040998935699463,11,True,1.0,snow,low_cloze,0.0006333122229259025,snow
866,928.8622099768623,10,13,2.7881999015808105,9,True,1.0,hail,low_cloze,0.0006333122229259025,hail
493,913.1271388183015,11,17,1.3978999853134155,10,True,1.0,pore,low_cloze,0.0006333122229259025,pore
658,833.3418697341285,8,7,3.351599931716919,14,True,1.0,skin,low_cloze,0.0006333122229259025,skin
872,827.8224226512582,6,0,3.7235000133514404,10,True,1.0,mama,low_cloze,0.0006333122229259025,mama
916,837.4955532977059,6,5,3.4495999813079834,11,True,1.0,aunt,low_cloze,0.0006333122229259025,aunt
532,892.9046010665728,7,3,3.1905999183654785,12,True,1.0,shoe,low_cloze,0.0006333122229259025,shoe
1015,856.4230860950223,8,5,3.2790000438690186,4,True,1.0,pair,low_cloze,0.0006333122229259025,pair
613,691.235225264843,4,0,2.139899969100952,10,True,1.0,tofu,low_cloze,0.0006333122229259025,tofu
1469,731.9019234295899,5,1,1.5184999704360962,9,True,1.0,idly,low_cloze,0.0006333122229259025,idly
591,941.4451253900097,13,19,3.4667000770568848,8,True,1.0,bear,low_cloze,0.0006333122229259025,bear
661,830.8484055626343,7,2,3.014899969100952,8,True,1.0,wolf,low_cloze,0.0006333122229259025,wolf
1137,739.0048950095903,6,0,3.3922998905181885,3,True,1.0,huge,low_cloze,0.0006333122229259025,huge
1475,858.5778322638656,8,8,2.4941999912261963,8,True,1.0,vast,low_cloze,0.0006333122229259025,vast
605,921.3216723654032,10,12,2.8864998817443848,7,True,1.0,rice,low_cloze,0.0006333122229259025,rice
804,876.4649675183776,7,3,1.8324999809265137,9,True,1.0,bran,low_cloze,0.0006333122229259025,bran
634,899.4402931630113,11,10,2.456399917602539,6,True,1.0,poop,low_cloze,0.0006333122229259025,poop
976,858.6999076945838,7,3,2.1522998809814453,8,True,1.0,turd,low_cloze,0.0006333122229259025,turd
624,915.2034955602142,11,11,2.2788000106811523,11,True,1.0,lace,low_cloze,0.0006333122229259025,lace
1275,910.3687278907626,9,7,3.7862000465393066,8,True,1.0,felt,low_cloze,0.0006333122229259025,felt
656,805.6874418667624,6,2,3.935800075531006,10,True,1.0,city,low_cloze,0.0006333122229259025,city
730,857.5068728632698,7,3,4.101900100708008,11,True,1.0,town,low_cloze,0.0006333122229259025,town
629,849.097006043494,8,4,3.437299966812134,8,True,1.0,bomb,low_cloze,0.0006333122229259025,bomb
977,852.5331511750267,6,3,2.086400032043457,12,True,1.0,nuke,low_cloze,0.0006333122229259025,nuke
670,924.452326510248,9,6,3.083899974822998,15,True,1.0,deck,low_cloze,0.0006333122229259025,deck
775,842.9843426097284,7,4,3.7820000648498535,7,True,1.0,step,low_cloze,0.0006333122229259025,step
636,832.748967412668,7,2,1.3617000579833984,6,True,1.0,gnat,low_cloze,0.0006333122229259025,gnat
714,892.8713528551347,8,4,2.06820011138916,12,True,1.0,moth,low_cloze,0.0006333122229259025,moth
731,822.7137689403364,6,3,3.338900089263916,10,True,1.0,jury,low_cloze,0.0006333122229259025,jury
1025,926.4786631764257,10,14,2.9474000930786133,10,True,1.0,bail,low_cloze,0.0006333122229259025,bail
642,898.4938452514962,7,3,4.173099994659424,11,True,1.0,door,low_cloze,0.0006333122229259025,door
758,918.6022069825127,10,13,1.3802000284194946,7,True,1.0,sill,low_cloze,0.0006333122229259025,sill
646,941.8594349349266,11,17,3.3615000247955322,8,True,1.0,cake,low_cloze,0.0006333122229259025,cake
956,917.4403401774701,8,7,1.9394999742507935,11,True,1.0,flan,low_cloze,0.0006333122229259025,flan
673,892.4988372009506,8,4,2.4914000034332275,11,True,1.0,bats,low_cloze,0.0006333122229259025,bats
832,918.9776104507022,11,13,2.6149001121520996,8,True,1.0,mole,low_cloze,0.0006333122229259025,mole
981,910.8249177189751,9,7,4.396299839019775,11,True,1.0,show,low_cloze,0.0006333122229259025,show
1216,885.8917512325021,9,5,4.257199764251709,8,True,1.0,play,low_cloze,0.0006333122229259025,play
729,930.0089960667519,11,12,3.4602999687194824,9,True,1.0,lock,low_cloze,0.0006333122229259025,lock
1176,888.5848166540927,7,8,3.863600015640259,14,True,1.0,safe,low_cloze,0.0006333122229259025,safe
19,681.025682746126,5,1,4.02239990234375,3,True,1.0,also,low_cloze,0.0006333122229259025,also
1564,765.0334816767003,7,3,2.7987000942230225,4,True,1.0,thus,low_cloze,0.0006333122229259025,thus
735,842.9972130649819,7,3,2.3784000873565674,9,True,1.0,lens,low_cloze,0.0006333122229259025,lens
1258,682.5631046532009,5,4,2.2600998878479004,5,True,1.0,zoom,low_cloze,0.0006333122229259025,zoom
9,806.5250802781085,6,1,0.8450999855995178,9,True,1.0,clef,low_cloze,0.0006333122229259025,clef
728,907.3108805059189,9,11,3.756500005722046,10,True,1.0,mike,low_cloze,0.0006333122229259025,mike
740,881.6050578098268,7,4,2.0827999114990234,13,True,1.0,meth,low_cloze,0.0006333122229259025,meth
1286,893.3293695582697,10,14,2.914299964904785,6,True,1.0,dope,low_cloze,0.0006333122229259025,dope
1088,861.4248429301699,8,5,4.557199954986572,9,True,1.0,stop,low_cloze,0.0006333122229259025,stop
1184,901.4647796758952,9,5,2.7604000568389893,6,True,1.0,halt,low_cloze,0.0006333122229259025,halt
778,797.1759401192415,5,2,2.3578999042510986,12,True,1.0,yoga,low_cloze,0.0006333122229259025,yoga
1230,869.930340821495,8,5,3.266700029373169,8,True,1.0,pray,low_cloze,0.0006333122229259025,pray
1236,923.5651934604684,8,4,2.7339999675750732,9,True,1.0,fund,low_cloze,0.0006333122229259025,fund
1330,842.9304000866107,6,1,3.6129000186920166,9,True,1.0,rich,low_cloze,0.0006333122229259025,rich
1031,919.515166031491,9,11,3.8220999240875244,7,True,1.0,cold,low_cloze,0.0006333122229259025,cold
1134,895.2964160398367,10,9,3.4249000549316406,4,True,1.0,warm,low_cloze,0.0006333122229259025,warm
4,914.3850966321685,10,10,2.444000005722046,8,True,1.0,mint,low_cloze,0.0006333122229259025,mint
638,860.0619965726494,6,0,1.2041000127792358,11,True,1.0,aloe,low_cloze,0.0006333122229259025,aloe
1372,821.4676738350015,7,4,2.9047000408172607,7,True,1.0,hers,low_cloze,0.0006333122229259025,hers
1428,753.3317335718984,6,5,5.5167999267578125,4,True,1.0,your,low_cloze,0.0006333122229259025,your
24,803.1314046529527,6,1,3.22189998626709,8,True,1.0,ally,low_cloze,0.0006333122229259025,ally
1525,858.9552541082234,8,6,1.7559000253677368,7,True,1.0,tact,low_cloze,0.0006333122229259025,tact
1496,915.5186277923065,11,10,5.148399829864502,6,True,1.0,want,low_cloze,0.0006333122229259025,want
1536,874.4647291807045,7,8,4.819799900054932,11,True,1.0,need,low_cloze,0.0006333122229259025,need
7,846.2375028459443,7,3,3.8712000846862793,6,True,1.0,plan,low_cloze,0.0006333122229259025,plan
1039,908.8751979377528,8,4,3.8020999431610107,11,True,1.0,boss,low_cloze,0.0006333122229259025,boss
5,907.3613515933675,12,15,3.112600088119507,10,True,1.0,sale,low_cloze,0.0006333122229259025,sale
1403,906.3207528763226,10,9,3.447499990463257,8,True,1.0,cost,low_cloze,0.0006333122229259025,cost
50,843.3566068437091,7,3,2.450200080871582,9,True,1.0,prey,low_cloze,0.0006333122229259025,prey
356,815.0073746337058,6,1,0.7781999707221985,7,True,1.0,bios,low_cloze,0.0006333122229259025,bios
10,890.3991937567523,8,7,3.239799976348877,8,True,1.0,mood,low_cloze,0.0006333122229259025,mood
1505,763.6610355172076,6,4,2.426500082015991,5,True,1.0,vibe,low_cloze,0.0006333122229259025,vibe
33,841.1490714555488,8,6,2.4249000549316406,8,True,1.0,leaf,low_cloze,0.0006333122229259025,leaf
741,854.2259179147492,7,4,2.060699939727783,9,True,1.0,stem,low_cloze,0.0006333122229259025,stem
13,858.1973847640941,10,8,1.3978999853134155,6,True,1.0,bode,low_cloze,0.0006333122229259025,bode
1350,725.8222699927705,5,4,1.9444999694824219,8,True,1.0,omen,low_cloze,0.0006333122229259025,omen
67,854.5225519500236,8,6,3.2063000202178955,6,True,1.0,weak,low_cloze,0.0006333122229259025,weak
1379,858.8748341144994,8,3,1.875100016593933,4,True,1.0,puny,low_cloze,0.0006333122229259025,puny
31,918.7121412418044,10,10,2.5866000652313232,5,True,1.0,bold,low_cloze,0.0006333122229259025,bold
1308,911.6737125981839,7,4,2.2040998935699463,13,True,1.0,wimp,low_cloze,0.0006333122229259025,wimp
79,834.6680382980719,8,5,2.873300075531006,7,True,1.0,spin,low_cloze,0.0006333122229259025,spin
783,740.5660533821667,6,2,2.1238999366760254,7,True,1.0,axel,low_cloze,0.0006333122229259025,axel
39,919.2760228647137,10,9,1.9394999742507935,11,True,1.0,lard,low_cloze,0.0006333122229259025,lard
535,791.4119631014855,7,5,2.657099962234497,13,True,1.0,oven,low_cloze,0.0006333122229259025,oven
55,853.4317251138152,8,5,2.8626999855041504,5,True,1.0,flip,low_cloze,0.0006333122229259025,flip
966,880.9275855186655,10,12,2.816200017929077,6,True,1.0,dive,low_cloze,0.0006333122229259025,dive
43,686.7539429236725,4,1,1.6021000146865845,6,True,1.0,yogi,low_cloze,0.0006333122229259025,yogi
204,901.931762380634,7,2,2.89490008354187,10,True,1.0,diet,low_cloze,0.0006333122229259025,diet
73,770.3006637890384,6,1,1.2303999662399292,3,True,1.0,gawk,low_cloze,0.0006333122229259025,gawk
119,630.8456019550443,5,1,1.3009999990463257,3,True,1.0,ogle,low_cloze,0.0006333122229259025,ogle
65,911.438244136828,10,13,2.1270999908447266,7,True,1.0,hoot,low_cloze,0.0006333122229259025,hoot
354,840.854552303536,7,2,1.6021000146865845,5,True,1.0,purr,low_cloze,0.0006333122229259025,purr
107,854.2082477223952,9,12,2.033400058746338,5,True,1.0,vine,low_cloze,0.0006333122229259025,vine
173,904.9475810919297,11,12,2.6675000190734863,5,True,1.0,reed,low_cloze,0.0006333122229259025,reed
82,909.8746017756472,11,11,2.045300006866455,6,True,1.0,hock,low_cloze,0.0006333122229259025,hock
648,905.1309076241603,9,8,1.8632999658584595,5,True,1.0,rump,low_cloze,0.0006333122229259025,rump
109,927.2819393589309,10,12,2.846299886703491,8,True,1.0,sail,low_cloze,0.0006333122229259025,sail
662,877.5953831455645,8,6,2.950900077819824,9,True,1.0,flag,low_cloze,0.0006333122229259025,flag
86,854.585284518771,8,4,2.381999969482422,7,True,1.0,raft,low_cloze,0.0006333122229259025,raft
397,910.7487317905321,10,10,2.8101999759674072,7,True,1.0,pump,low_cloze,0.0006333122229259025,pump
113,927.4463438775841,10,11,2.342400074005127,9,True,1.0,mold,low_cloze,0.0006333122229259025,mold
734,901.2260070502989,8,6,2.4047999382019043,11,True,1.0,slug,low_cloze,0.0006333122229259025,slug
89,824.7903576616503,7,4,1.5563000440597534,12,True,1.0,lube,low_cloze,0.0006333122229259025,lube
1045,793.1739178790984,6,1,1.6990000009536743,7,True,1.0,oily,low_cloze,0.0006333122229259025,oily
93,824.1896891226585,6,2,2.8101999759674072,10,True,1.0,eats,low_cloze,0.0006333122229259025,eats
865,915.6511775734892,9,11,3.3664000034332275,10,True,1.0,cook,low_cloze,0.0006333122229259025,cook
95,854.9414854863495,7,8,0.7781999707221985,6,True,1.0,eave,low_cloze,0.0006333122229259025,eave
660,859.0084995316395,8,7,3.2597999572753906,10,True,1.0,roof,low_cloze,0.0006333122229259025,roof
108,897.7228342000008,8,3,2.3578999042510986,9,True,1.0,cult,low_cloze,0.0006333122229259025,cult
1054,871.7692013700749,9,7,3.876699924468994,8,True,1.0,team,low_cloze,0.0006333122229259025,team
98,814.5134372186052,6,3,2.8136000633239746,9,True,1.0,hawk,low_cloze,0.0006333122229259025,hawk
889,913.4536988997828,11,12,1.8632999658584595,8,True,1.0,loon,low_cloze,0.0006333122229259025,loon
120,626.2081970587128,4,0,1.7633999586105347,7,True,1.0,afro,low_cloze,0.0006333122229259025,afro
1390,834.1183255002483,6,5,1.9394999742507935,10,True,1.0,jive,low_cloze,0.0006333122229259025,jive
101,826.2279532729765,7,3,2.983599901199341,9,True,1.0,june,low_cloze,0.0006333122229259025,june
1155,908.3221566180752,9,9,4.085100173950195,9,True,1.0,week,low_cloze,0.0006333122229259025,week
128,834.4366530197578,7,3,0.9031000137329102,9,True,1.0,alum,low_cloze,0.0006333122229259025,alum
582,893.6145370114033,9,4,2.998300075531006,8,True,1.0,salt,low_cloze,0.0006333122229259025,salt
102,917.6302669477948,8,6,2.1238999366760254,8,True,1.0,reap,low_cloze,0.0006333122229259025,reap
284,838.430909868856,8,4,1.2553000450134277,7,True,1.0,sown,low_cloze,0.0006333122229259025,sown
137,894.633234330584,8,6,1.9955999851226807,9,True,1.0,fang,low_cloze,0.0006333122229259025,fang
675,896.4950938637521,9,6,1.1461000442504883,8,True,1.0,tusk,low_cloze,0.0006333122229259025,tusk
111,810.3196514970982,6,1,1.1461000442504883,8,True,1.0,peso,low_cloze,0.0006333122229259025,peso
1260,909.6609396740657,7,4,1.986799955368042,11,True,1.0,watt,low_cloze,0.0006333122229259025,watt
117,775.5345383257012,7,4,0.8450999855995178,4,True,1.0,glob,low_cloze,0.0006333122229259025,glob
978,751.16041705894,6,2,1.4471999406814575,6,True,1.0,ooze,low_cloze,0.0006333122229259025,ooze
122,921.6949365874965,10,11,1.0,11,True,1.0,seep,low_cloze,0.0006333122229259025,seep
1186,878.783792589347,9,10,1.5681999921798706,3,True,1.0,gush,low_cloze,0.0006333122229259025,gush
127,905.5234832394566,9,9,2.76419997215271,7,True,1.0,cock,low_cloze,0.0006333122229259025,cock
604,883.0768782262878,9,9,3.0141000747680664,6,True,1.0,wing,low_cloze,0.0006333122229259025,wing
123,886.3218100571564,11,15,2.566999912261963,5,True,1.0,bent,low_cloze,0.0006333122229259025,bent
478,910.6873218804134,9,10,2.448699951171875,7,True,1.0,warp,low_cloze,0.0006333122229259025,warp
151,841.7937766331457,8,9,2.9781999588012695,10,True,1.0,vice,low_cloze,0.0006333122229259025,vice
858,840.8545746844095,8,9,2.086400032043457,9,True,1.0,swab,low_cloze,0.0006333122229259025,swab
131,899.0875291283171,11,10,2.429800033569336,6,True,1.0,sole,low_cloze,0.0006333122229259025,sole
256,914.1852965467117,10,8,2.5866000652313232,6,True,1.0,bass,low_cloze,0.0006333122229259025,bass
187,720.1269276190512,5,1,3.122499942779541,7,True,1.0,amen,low_cloze,0.0006333122229259025,amen
316,917.4591757540627,11,13,2.2809998989105225,10,True,1.0,lent,low_cloze,0.0006333122229259025,lent
136,888.991381330459,8,5,2.56820011138916,9,True,1.0,dorm,low_cloze,0.0006333122229259025,dorm
383,896.3191723093048,8,5,2.2067999839782715,12,True,1.0,frat,low_cloze,0.0006333122229259025,frat
154,845.9638832891291,7,3,1.9493999481201172,5,True,1.0,gasp,low_cloze,0.0006333122229259025,gasp
1013,777.9548682712009,6,3,2.240499973297119,7,True,1.0,sigh,low_cloze,0.0006333122229259025,sigh
148,816.1128090632097,6,1,3.116300106048584,10,True,1.0,data,low_cloze,0.0006333122229259025,data
831,908.5421216555815,10,11,3.351599931716919,11,True,1.0,file,low_cloze,0.0006333122229259025,file
153,816.8621827899959,6,1,1.4471999406814575,9,True,1.0,noun,low_cloze,0.0006333122229259025,noun
1301,778.0972852083424,7,3,5.320700168609619,6,True,1.0,they,low_cloze,0.0006333122229259025,they
158,814.3096471231972,6,1,3.486999988555908,3,True,1.0,lots,low_cloze,0.0006333122229259025,lots
1431,864.416585744298,7,2,4.263199806213379,7,True,1.0,many,low_cloze,0.0006333122229259025,many
215,899.4138465626295,9,8,2.8006999492645264,12,True,1.0,tire,low_cloze,0.0006333122229259025,tire
791,922.6734926386196,10,12,2.170300006866455,10,True,1.0,puck,low_cloze,0.0006333122229259025,puck
167,852.6919911886973,8,6,1.1138999462127686,9,True,1.0,nape,low_cloze,0.0006333122229259025,nape
322,853.6989972021311,8,5,2.8115999698638916,6,True,1.0,chin,low_cloze,0.0006333122229259025,chin
181,925.726761317707,8,6,2.06820011138916,10,True,1.0,tong,low_cloze,0.0006333122229259025,tong
1116,857.5145285792951,9,11,1.9031000137329102,6,True,1.0,spat,low_cloze,0.0006333122229259025,spat
172,903.2512087758562,9,10,1.919100046157837,7,True,1.0,gent,low_cloze,0.0006333122229259025,gent
274,929.6393743656832,12,14,2.8469998836517334,10,True,1.0,dame,low_cloze,0.0006333122229259025,dame
197,885.6766946748415,9,8,2.773099899291992,5,True,1.0,porn,low_cloze,0.0006333122229259025,porn
1096,668.133050697284,4,0,1.9444999694824219,6,True,1.0,orgy,low_cloze,0.0006333122229259025,orgy
176,822.1441228143758,6,2,1.9589999914169312,10,True,1.0,gala,low_cloze,0.0006333122229259025,gala
1081,917.2428673327544,7,3,2.9576001167297363,12,True,1.0,prom,low_cloze,0.0006333122229259025,prom
192,836.1555157224242,7,3,3.0381999015808105,6,True,1.0,deny,low_cloze,0.0006333122229259025,deny
1435,871.0701182690922,9,11,3.2513999938964844,4,True,1.0,nope,low_cloze,0.0006333122229259025,nope
177,816.604240938126,6,0,3.0834999084472656,6,True,1.0,guts,low_cloze,0.0006333122229259025,guts
434,911.8714180788431,10,11,1.6128000020980835,11,True,1.0,bile,low_cloze,0.0006333122229259025,bile
206,905.8578933594914,11,15,1.7482000589370728,10,True,1.0,soot,low_cloze,0.0006333122229259025,soot
1135,658.244954466391,6,2,1.079200029373169,6,True,1.0,inky,low_cloze,0.0006333122229259025,inky
180,833.4606350676659,7,5,2.52239990234375,8,True,1.0,vain,low_cloze,0.0006333122229259025,vain
298,832.4427791319802,7,2,2.859100103378296,9,True,1.0,self,low_cloze,0.0006333122229259025,self
193,887.9997912360416,7,3,1.857300043106079,11,True,1.0,gout,low_cloze,0.0006333122229259025,gout
519,771.6892832995893,5,1,2.8750998973846436,8,True,1.0,knee,low_cloze,0.0006333122229259025,knee
190,881.913019681223,9,6,1.1138999462127686,4,True,1.0,meld,low_cloze,0.0006333122229259025,meld
1290,764.2883969605591,6,1,2.0492000579833984,5,True,1.0,ante,low_cloze,0.0006333122229259025,ante
201,856.8764029743255,10,8,1.7924000024795532,6,True,1.0,bony,low_cloze,0.0006333122229259025,bony
811,728.2654932948661,5,0,2.1270999908447266,7,True,1.0,jaws,low_cloze,0.0006333122229259025,jaws
200,661.3082140639196,5,3,1.0,3,True,1.0,boxy,low_cloze,0.0006333122229259025,boxy
607,913.4174085904211,9,11,2.7274999618530273,11,True,1.0,dice,low_cloze,0.0006333122229259025,dice
247,853.9495311593473,8,9,2.158400058746338,7,True,1.0,stat,low_cloze,0.0006333122229259025,stat
1423,659.8364535345825,5,1,2.2788000106811523,6,True,1.0,info,low_cloze,0.0006333122229259025,info
205,935.1782374083439,10,13,2.748199939727783,8,True,1.0,lick,low_cloze,0.0006333122229259025,lick
218,871.9394314597528,8,6,1.4914000034332275,10,True,1.0,balm,low_cloze,0.0006333122229259025,balm
254,605.5709708936517,4,0,3.5051000118255615,3,True,1.0,upon,low_cloze,0.0006333122229259025,upon
1406,746.5257303874108,6,2,4.82919979095459,7,True,1.0,over,low_cloze,0.0006333122229259025,over
209,864.6947134381232,8,4,3.1835999488830566,5,True,1.0,gosh,low_cloze,0.0006333122229259025,gosh
1233,877.9850855024943,8,9,4.285699844360352,6,True,1.0,fuck,low_cloze,0.0006333122229259025,fuck
235,826.2322288916002,6,3,1.3009999990463257,8,True,1.0,kiln,low_cloze,0.0006333122229259025,kiln
357,876.6452471349224,8,7,2.7874999046325684,7,True,1.0,clay,low_cloze,0.0006333122229259025,clay
227,802.5004981697614,6,1,2.8369998931884766,4,True,1.0,blah,low_cloze,0.0006333122229259025,blah
1332,693.4712212208148,5,2,2.1522998809814453,5,True,1.0,idle,low_cloze,0.0006333122229259025,idle
229,838.0398023059131,7,4,2.322200059890747,8,True,1.0,curb,low_cloze,0.0006333122229259025,curb
1487,869.7788029357256,7,4,4.160200119018555,10,True,1.0,damn,low_cloze,0.0006333122229259025,damn
232,880.5473756074205,9,13,2.1138999462127686,5,True,1.0,rave,low_cloze,0.0006333122229259025,rave
330,821.1616124833183,6,2,2.004300117492676,10,True,1.0,hula,low_cloze,0.0006333122229259025,hula
253,827.4958994182005,7,4,1.6232000589370728,5,True,1.0,drab,low_cloze,0.0006333122229259025,drab
302,655.1017807303649,3,1,1.0,7,True,1.0,ashy,low_cloze,0.0006333122229259025,ashy
242,910.0614444125673,11,10,3.203000068664551,9,True,1.0,bond,low_cloze,0.0006333122229259025,bond
837,795.2657773834007,5,1,2.3364999294281006,12,True,1.0,visa,low_cloze,0.0006333122229259025,visa
279,836.3202272176234,6,1,2.3617000579833984,8,True,1.0,trek,low_cloze,0.0006333122229259025,trek
853,887.855961493781,9,6,3.417099952697754,7,True,1.0,camp,low_cloze,0.0006333122229259025,camp
245,901.7319439083203,9,11,2.1461000442504883,7,True,1.0,tame,low_cloze,0.0006333122229259025,tame
1417,871.6166109591461,8,4,3.4660000801086426,6,True,1.0,wild,low_cloze,0.0006333122229259025,wild
283,810.5062126459577,6,1,2.5011000633239746,8,True,1.0,crib,low_cloze,0.0006333122229259025,crib
473,915.9669613988902,11,12,2.506500005722046,9,True,1.0,bunk,low_cloze,0.0006333122229259025,bunk
248,903.2298767054933,9,5,2.5762999057769775,11,True,1.0,monk,low_cloze,0.0006333122229259025,monk
1415,929.486279359185,12,16,4.38040018081665,9,True,1.0,hell,low_cloze,0.0006333122229259025,hell
306,868.8328361406333,8,4,1.8260999917984009,7,True,1.0,duet,low_cloze,0.0006333122229259025,duet
986,796.2412125335052,6,2,1.8260999917984009,5,True,1.0,trio,low_cloze,0.0006333122229259025,trio
265,897.7426356372537,10,11,1.875100016593933,4,True,1.0,rite,low_cloze,0.0006333122229259025,rite
1148,861.0465680605688,7,2,1.579800009727478,9,True,1.0,sect,low_cloze,0.0006333122229259025,sect
293,826.989039852577,6,1,2.6364998817443848,9,True,1.0,drum,low_cloze,0.0006333122229259025,drum
708,895.183935535192,8,6,2.09689998626709,8,True,1.0,gong,low_cloze,0.0006333122229259025,gong
289,847.6553735285628,7,3,1.715999960899353,8,True,1.0,perm,low_cloze,0.0006333122229259025,perm
522,856.887283438381,8,5,2.4914000034332275,8,True,1.0,comb,low_cloze,0.0006333122229259025,comb
313,887.8784372545257,11,12,2.8041000366210938,6,True,1.0,slap,low_cloze,0.0006333122229259025,slap
822,910.0598587646648,10,9,3.3183000087738037,7,True,1.0,bite,low_cloze,0.0006333122229259025,bite
295,933.091821959247,11,12,2.0413999557495117,10,True,1.0,lice,low_cloze,0.0006333122229259025,lice
712,885.829934788287,9,6,2.6963999271392822,6,True,1.0,bald,low_cloze,0.0006333122229259025,bald
344,602.2010158508526,3,1,1.3802000284194946,4,True,1.0,ajar,low_cloze,0.0006333122229259025,ajar
1182,865.8506524325406,8,5,4.128900051116943,6,True,1.0,shut,low_cloze,0.0006333122229259025,shut
320,918.2388830584205,8,4,1.3423999547958374,10,True,1.0,doer,low_cloze,0.0006333122229259025,doer
1416,857.1752265949428,8,4,3.735100030899048,5,True,1.0,busy,low_cloze,0.0006333122229259025,busy
325,880.4127616125639,9,7,3.3385000228881836,4,True,1.0,main,low_cloze,0.0006333122229259025,main
486,687.8187551780245,5,1,1.2041000127792358,5,True,1.0,crux,low_cloze,0.0006333122229259025,crux
323,934.244674226427,10,12,2.004300117492676,8,True,1.0,dome,low_cloze,0.0006333122229259025,dome
722,927.3783475890107,12,15,3.4231998920440674,7,True,1.0,hall,low_cloze,0.0006333122229259025,hall
372,797.3127175768221,5,1,3.924299955368042,12,True,1.0,news,low_cloze,0.0006333122229259025,news
1484,817.8149871095545,8,3,5.700699806213379,6,True,1.0,what,low_cloze,0.0006333122229259025,what
334,899.3835138918512,8,4,1.2553000450134277,11,True,1.0,hemp,low_cloze,0.0006333122229259025,hemp
363,925.2577116726901,10,13,1.9589999914169312,9,True,1.0,dill,low_cloze,0.0006333122229259025,dill
336,866.8905073053386,9,11,1.7482000589370728,7,True,1.0,gore,low_cloze,0.0006333122229259025,gore
907,902.5694116656305,9,5,1.968500018119812,6,True,1.0,clot,low_cloze,0.0006333122229259025,clot
343,912.2459539059531,8,8,2.539099931716919,8,True,1.0,loop,low_cloze,0.0006333122229259025,loop
497,839.8897790984498,7,2,3.1350998878479004,3,True,1.0,tied,low_cloze,0.0006333122229259025,tied
361,923.5687476062618,10,13,2.762700080871582,10,True,1.0,heal,low_cloze,0.0006333122229259025,heal
370,915.0985021991146,11,11,3.026900053024292,9,True,1.0,cure,low_cloze,0.0006333122229259025,cure
348,850.0030815311153,10,8,1.3221999406814575,8,True,1.0,vise,low_cloze,0.0006333122229259025,vise
659,929.3194111330256,10,12,3.287600040435791,7,True,1.0,hook,low_cloze,0.0006333122229259025,hook
392,809.5454289940759,6,3,1.8062000274658203,8,True,1.0,kelp,low_cloze,0.0006333122229259025,kelp
586,928.1559216115545,9,8,2.3032000064849854,11,True,1.0,clam,low_cloze,0.0006333122229259025,clam
349,827.7009693580178,8,7,2.1522998809814453,7,True,1.0,woof,low_cloze,0.0006333122229259025,woof
1219,797.2755731870457,6,7,1.7482000589370728,5,True,1.0,oink,low_cloze,0.0006333122229259025,oink
373,911.0008691576326,11,13,1.924299955368042,6,True,1.0,mast,low_cloze,0.0006333122229259025,mast
455,915.4595754530131,11,13,2.3345000743865967,7,True,1.0,hull,low_cloze,0.0006333122229259025,hull
374,742.1279441752196,6,4,1.4471999406814575,4,True,1.0,tyke,low_cloze,0.0006333122229259025,tyke
748,792.19096614498,6,2,4.186299800872803,6,True,1.0,kids,low_cloze,0.0006333122229259025,kids
382,880.2363052087655,8,5,1.531499981880188,11,True,1.0,blog,low_cloze,0.0006333122229259025,blog
710,930.6476402237837,10,15,3.274199962615967,11,True,1.0,mail,low_cloze,0.0006333122229259025,mail
393,914.2766189421343,9,9,2.8608999252319336,8,True,1.0,corn,low_cloze,0.0006333122229259025,corn
666,841.4730840042615,7,3,2.0253000259399414,11,True,1.0,oats,low_cloze,0.0006333122229259025,oats
403,635.5377774230403,4,0,2.6884000301361084,6,True,1.0,envy,low_cloze,0.0006333122229259025,envy
492,877.6355364135225,10,10,2.4547998905181885,3,True,1.0,lust,low_cloze,0.0006333122229259025,lust
398,898.7469168780372,8,4,3.1092000007629395,9,True,1.0,soup,low_cloze,0.0006333122229259025,soup
556,812.8220226660893,6,2,2.2014000415802,11,True,1.0,taco,low_cloze,0.0006333122229259025,taco
426,900.5377325236832,9,7,2.4828999042510986,8,True,1.0,peak,low_cloze,0.0006333122229259025,peak
1178,633.1669313943094,4,0,1.6434999704360962,5,True,1.0,apex,low_cloze,0.0006333122229259025,apex
408,821.2391589882269,6,3,2.340399980545044,7,True,1.0,turf,low_cloze,0.0006333122229259025,turf
553,826.9532945036437,7,4,2.799999952316284,5,True,1.0,lawn,low_cloze,0.0006333122229259025,lawn
415,835.1704680780674,6,1,1.579800009727478,12,True,1.0,mono,low_cloze,0.0006333122229259025,mono
1173,838.103061753924,6,2,1.740399956703186,13,True,1.0,aids,low_cloze,0.0006333122229259025,aids
411,870.4365785461374,8,5,3.81850004196167,8,True,1.0,poor,low_cloze,0.0006333122229259025,poor
968,921.5915930319546,10,9,1.8194999694824219,12,True,1.0,slum,low_cloze,0.0006333122229259025,slum
425,839.7995993429573,7,6,1.9138000011444092,14,True,1.0,yarn,low_cloze,0.0006333122229259025,yarn
580,916.5924151042582,10,12,1.7633999586105347,9,True,1.0,bead,low_cloze,0.0006333122229259025,bead
413,910.9200653424166,10,13,1.3978999853134155,10,True,1.0,pane,low_cloze,0.0006333122229259025,pane
882,904.501826520238,12,11,1.9776999950408936,6,True,1.0,slab,low_cloze,0.0006333122229259025,slab
431,817.7245258980136,6,1,4.044600009918213,4,True,1.0,goes,low_cloze,0.0006333122229259025,goes
1442,682.4175583416286,6,3,4.634200096130371,5,True,1.0,into,low_cloze,0.0006333122229259025,into
423,859.2072300956445,9,7,2.895400047302246,6,True,1.0,flew,low_cloze,0.0006333122229259025,flew
1097,909.6858890346924,10,9,1.8976000547409058,6,True,1.0,soar,low_cloze,0.0006333122229259025,soar
449,660.5282104254188,5,3,2.591099977493286,4,True,1.0,unto,low_cloze,0.0006333122229259025,unto
1460,684.3767261409112,4,0,3.058799982070923,8,True,1.0,thou,low_cloze,0.0006333122229259025,thou
443,903.3967359593571,10,8,1.4471999406814575,10,True,1.0,musk,low_cloze,0.0006333122229259025,musk
861,917.7427456186164,9,8,4.383999824523926,8,True,1.0,shit,low_cloze,0.0006333122229259025,shit
446,836.8994075483849,7,3,1.6901999711990356,8,True,1.0,gimp,low_cloze,0.0006333122229259025,gimp
1283,886.5217467693903,9,10,3.433000087738037,8,True,1.0,code,low_cloze,0.0006333122229259025,code
447,690.8305869826967,4,0,2.439300060272217,9,True,1.0,ammo,low_cloze,0.0006333122229259025,ammo
874,911.7500989346066,8,4,3.0852999687194824,9,True,1.0,trap,low_cloze,0.0006333122229259025,trap
448,920.002704551107,10,9,2.5464999675750732,8,True,1.0,bolt,low_cloze,0.0006333122229259025,bolt
551,862.6548269902971,7,10,2.978600025177002,8,True,1.0,nail,low_cloze,0.0006333122229259025,nail
461,917.4034590736148,11,13,2.544100046157837,7,True,1.0,bean,low_cloze,0.0006333122229259025,bean
667,642.6720247713612,4,0,1.431399941444397,9,True,1.0,okra,low_cloze,0.0006333122229259025,okra
471,916.781624693476,9,8,1.7924000024795532,14,True,1.0,dusk,low_cloze,0.0006333122229259025,dusk
1244,717.2478570325484,6,2,1.6232000589370728,3,True,1.0,hazy,low_cloze,0.0006333122229259025,hazy
468,867.8019009307212,8,4,1.8920999765396118,6,True,1.0,cram,low_cloze,0.0006333122229259025,cram
1355,640.8873735844847,4,0,0.8450999855995178,6,True,1.0,ditz,low_cloze,0.0006333122229259025,ditz
485,891.5303099690727,9,7,2.075500011444092,7,True,1.0,flop,low_cloze,0.0006333122229259025,flop
1527,778.0571534773923,7,3,1.924299955368042,7,True,1.0,hype,low_cloze,0.0006333122229259025,hype
481,868.1466403846467,7,2,1.4914000034332275,6,True,1.0,coed,low_cloze,0.0006333122229259025,coed
816,906.9710580805013,9,9,3.295599937438965,9,True,1.0,dean,low_cloze,0.0006333122229259025,dean
494,813.5026941647396,6,1,1.6128000020980835,8,True,1.0,saga,low_cloze,0.0006333122229259025,saga
1463,645.0865532151821,4,0,2.0827999114990234,7,True,1.0,epic,low_cloze,0.0006333122229259025,epic
484,681.8648758591842,5,0,2.340399980545044,6,True,1.0,iced,low_cloze,0.0006333122229259025,iced
771,934.7233298502367,10,11,2.0413999557495117,7,True,1.0,rink,low_cloze,0.0006333122229259025,rink
520,916.8659823238286,9,6,2.730799913406372,10,True,1.0,goat,low_cloze,0.0006333122229259025,goat
803,825.1606730300889,7,3,2.18179988861084,8,True,1.0,calf,low_cloze,0.0006333122229259025,calf
509,929.8994492327893,11,16,3.7286999225616455,8,True,1.0,ball,low_cloze,0.0006333122229259025,ball
674,878.4313826629561,8,4,1.8513000011444092,7,True,1.0,mitt,low_cloze,0.0006333122229259025,mitt
574,918.0150910080868,9,9,2.7135000228881836,8,True,1.0,worm,low_cloze,0.0006333122229259025,worm
1027,818.7214855009506,6,1,2.1461000442504883,7,True,1.0,grub,low_cloze,0.0006333122229259025,grub
515,925.538022778351,9,9,3.1208999156951904,14,True,1.0,bike,low_cloze,0.0006333122229259025,bike
525,902.7935583655296,9,6,2.176100015640259,7,True,1.0,sled,low_cloze,0.0006333122229259025,sled
539,915.6932443196331,9,7,3.0048000812530518,8,True,1.0,mask,low_cloze,0.0006333122229259025,mask
818,851.6132796858874,7,2,2.18179988861084,7,True,1.0,veil,low_cloze,0.0006333122229259025,veil
517,915.9338285443979,11,9,3.015399932861328,9,True,1.0,sand,low_cloze,0.0006333122229259025,sand
1065,809.8656659860796,6,3,1.8260999917984009,9,True,1.0,mesa,low_cloze,0.0006333122229259025,mesa
588,900.6418241112735,8,8,1.9493999481201172,13,True,1.0,hoof,low_cloze,0.0006333122229259025,hoof
635,882.1870694619565,8,7,2.3501999378204346,10,True,1.0,claw,low_cloze,0.0006333122229259025,claw
523,907.2336164282173,9,6,2.2945001125335693,9,True,1.0,vase,low_cloze,0.0006333122229259025,vase
756,766.8789048374744,5,0,2.2764999866485596,9,True,1.0,arch,low_cloze,0.0006333122229259025,arch
540,922.9291060092715,10,14,2.950900077819824,8,True,1.0,tent,low_cloze,0.0006333122229259025,tent
594,898.2164977078746,9,9,2.895400047302246,6,True,1.0,hood,low_cloze,0.0006333122229259025,hood
552,900.4921405845116,9,6,2.889899969100952,9,True,1.0,soap,low_cloze,0.0006333122229259025,soap
973,862.4867177445143,8,7,2.935499906539917,5,True,1.0,wipe,low_cloze,0.0006333122229259025,wipe
584,909.5034955352661,10,10,2.664599895477295,9,True,1.0,cart,low_cloze,0.0006333122229259025,cart
926,879.3316766360424,8,8,2.2227001190185547,8,True,1.0,reel,low_cloze,0.0006333122229259025,reel
558,907.3058224932718,8,5,3.3364999294281006,12,True,1.0,milk,low_cloze,0.0006333122229259025,milk
704,835.3904691984046,6,2,0.6990000009536743,12,True,1.0,whey,low_cloze,0.0006333122229259025,whey
606,866.1113636162245,8,12,2.7535998821258545,7,True,1.0,nest,low_cloze,0.0006333122229259025,nest
809,900.8206913775505,10,10,2.7235000133514404,4,True,1.0,coop,low_cloze,0.0006333122229259025,coop
564,850.6834554622368,10,9,3.545599937438965,8,True,1.0,tape,low_cloze,0.0006333122229259025,tape
932,866.794888153487,7,2,2.9586000442504883,9,True,1.0,wrap,low_cloze,0.0006333122229259025,wrap
565,911.3357585076823,10,12,3.5201001167297363,10,True,1.0,foot,low_cloze,0.0006333122229259025,foot
611,871.2186010223197,10,7,2.198699951171875,6,True,1.0,shin,low_cloze,0.0006333122229259025,shin
571,912.3665140831426,11,10,3.0945000648498535,9,True,1.0,belt,low_cloze,0.0006333122229259025,belt
724,870.4729510979327,9,10,1.770900011062622,4,True,1.0,sash,low_cloze,0.0006333122229259025,sash
577,851.7910149233707,8,5,2.547800064086914,7,True,1.0,crab,low_cloze,0.0006333122229259025,crab
879,932.1014231718882,11,13,1.7853000164031982,9,True,1.0,mite,low_cloze,0.0006333122229259025,mite
575,896.2661757660787,9,9,2.6542000770568848,8,True,1.0,fork,low_cloze,0.0006333122229259025,fork
630,931.5080126671626,9,14,2.1847000122070312,7,True,1.0,rake,low_cloze,0.0006333122229259025,rake
787,916.4797341283933,10,8,2.2600998878479004,7,True,1.0,mist,low_cloze,0.0006333122229259025,mist
913,759.1891050062219,5,2,1.1138999462127686,7,True,1.0,dewy,low_cloze,0.0006333122229259025,dewy
617,836.1530467601402,6,1,4.453499794006348,6,True,1.0,girl,low_cloze,0.0006333122229259025,girl
862,802.004701276426,6,2,4.0441999435424805,10,True,1.0,lady,low_cloze,0.0006333122229259025,lady
719,904.9220418343184,8,5,2.827399969100952,10,True,1.0,whip,low_cloze,0.0006333122229259025,whip
1066,859.4572818358909,8,4,1.5563000440597534,4,True,1.0,prod,low_cloze,0.0006333122229259025,prod
639,815.481062552486,6,5,3.1068999767303467,12,True,1.0,yard,low_cloze,0.0006333122229259025,yard
930,921.6636594971209,8,7,4.596499919891357,9,True,1.0,home,low_cloze,0.0006333122229259025,home
697,879.1996790693287,7,3,3.5223000049591064,13,True,1.0,film,low_cloze,0.0006333122229259025,film
1028,817.00437353375,8,8,1.6334999799728394,10,True,1.0,skit,low_cloze,0.0006333122229259025,skit
643,908.4116343133325,9,10,3.674999952316284,9,True,1.0,ring,low_cloze,0.0006333122229259025,ring
644,916.4726387160824,9,9,3.6050000190734863,13,True,1.0,gold,low_cloze,0.0006333122229259025,gold
702,784.9419715894736,7,7,1.5184999704360962,8,True,1.0,scab,low_cloze,0.0006333122229259025,scab
999,911.2530568029349,10,11,3.072200059890747,9,True,1.0,cast,low_cloze,0.0006333122229259025,cast
650,913.7270192658441,9,7,3.116300106048584,6,True,1.0,tank,low_cloze,0.0006333122229259025,tank
705,808.3516523576656,6,1,3.6405999660491943,11,True,1.0,army,low_cloze,0.0006333122229259025,army
669,908.0378687598719,9,8,3.379699945449829,10,True,1.0,pool,low_cloze,0.0006333122229259025,pool
1563,912.1595673307016,8,4,2.6041998863220215,7,True,1.0,mere,low_cloze,0.0006333122229259025,mere
679,875.7763281362426,8,9,2.2600998878479004,10,True,1.0,veal,low_cloze,0.0006333122229259025,veal
842,855.7598440751441,8,4,1.2788000106811523,6,True,1.0,loin,low_cloze,0.0006333122229259025,loin
685,879.6091510995618,7,3,2.2067999839782715,7,True,1.0,duct,low_cloze,0.0006333122229259025,duct
693,922.3410841956609,11,13,3.14739990234375,10,True,1.0,wire,low_cloze,0.0006333122229259025,wire
687,824.9387538206836,7,3,2.459399938583374,7,True,1.0,tomb,low_cloze,0.0006333122229259025,tomb
1047,879.6122738342485,9,7,3.0232999324798584,6,True,1.0,bury,low_cloze,0.0006333122229259025,bury
743,914.400511100549,9,10,3.1682000160217285,11,True,1.0,meal,low_cloze,0.0006333122229259025,meal
943,884.858730153111,9,10,2.257699966430664,4,True,1.0,hash,low_cloze,0.0006333122229259025,hash
716,911.9955997216293,10,10,4.040999889373779,10,True,1.0,fire,low_cloze,0.0006333122229259025,fire
906,908.6871104972422,9,6,2.4828999042510986,9,True,1.0,boil,low_cloze,0.0006333122229259025,boil
810,864.8801832774841,10,7,2.2764999866485596,4,True,1.0,prop,low_cloze,0.0006333122229259025,prop
1196,808.0887374082504,8,9,1.8194999694824219,7,True,1.0,scat,low_cloze,0.0006333122229259025,scat
718,906.7957536747392,10,10,3.4354000091552734,9,True,1.0,band,low_cloze,0.0006333122229259025,band
1215,716.8862907421695,5,0,1.6720999479293823,8,True,1.0,opus,low_cloze,0.0006333122229259025,opus
762,924.4318118352534,9,11,2.2227001190185547,10,True,1.0,cove,low_cloze,0.0006333122229259025,cove
945,840.4594755789465,7,3,2.3838000297546387,8,True,1.0,gulf,low_cloze,0.0006333122229259025,gulf
749,882.2078898971013,8,7,3.436500072479248,8,True,1.0,note,low_cloze,0.0006333122229259025,note
891,820.8286932539677,6,1,2.528899908065796,8,True,1.0,memo,low_cloze,0.0006333122229259025,memo
757,778.8284301145919,5,0,1.3978999853134155,6,True,1.0,suds,low_cloze,0.0006333122229259025,suds
854,918.4160192128617,9,11,3.3176000118255615,9,True,1.0,wash,low_cloze,0.0006333122229259025,wash
759,921.3763116238658,11,13,2.2788000106811523,9,True,1.0,mink,low_cloze,0.0006333122229259025,mink
944,892.8649637654844,8,5,1.6901999711990356,8,True,1.0,pelt,low_cloze,0.0006333122229259025,pelt
799,875.479293989307,9,6,2.8420000076293945,7,True,1.0,chop,low_cloze,0.0006333122229259025,chop
997,855.9862071178907,7,4,2.340399980545044,6,True,1.0,trim,low_cloze,0.0006333122229259025,trim
768,894.6463339130605,9,8,2.9916999340057373,11,True,1.0,site,low_cloze,0.0006333122229259025,site
1079,793.4167946274672,5,0,3.5822999477386475,7,True,1.0,area,low_cloze,0.0006333122229259025,area
825,874.4970957821181,8,7,3.187000036239624,8,True,1.0,gang,low_cloze,0.0006333122229259025,gang
1162,910.4467150110416,9,8,2.322200059890747,10,True,1.0,clan,low_cloze,0.0006333122229259025,clan
817,918.408207712056,12,18,3.2385001182556152,10,True,1.0,male,low_cloze,0.0006333122229259025,male
846,832.5394357725443,6,3,2.2504000663757324,10,True,1.0,womb,low_cloze,0.0006333122229259025,womb
1203,833.8059936995116,7,2,2.0413999557495117,6,True,1.0,blur,low_cloze,0.0006333122229259025,blur
1298,910.0700080261691,9,8,4.293000221252441,7,True,1.0,seen,low_cloze,0.0006333122229259025,seen
823,782.2462071294071,5,0,3.337100028991699,9,True,1.0,papa,low_cloze,0.0006333122229259025,papa
826,827.7039824131509,6,1,2.9646999835968018,5,True,1.0,sons,low_cloze,0.0006333122229259025,sons
886,884.7777487080459,7,2,1.6720999479293823,10,True,1.0,brie,low_cloze,0.0006333122229259025,brie
911,918.5081373794146,9,7,1.3617000579833984,8,True,1.0,curd,low_cloze,0.0006333122229259025,curd
855,877.1315974804077,11,10,3.6970999240875244,5,True,1.0,sing,low_cloze,0.0006333122229259025,sing
1024,810.1259499074558,7,10,2.973099946975708,9,True,1.0,yell,low_cloze,0.0006333122229259025,yell
1072,810.1733914293529,6,2,2.6730000972747803,7,True,1.0,arts,low_cloze,0.0006333122229259025,arts
1408,897.2260880736494,9,7,1.9955999851226807,10,True,1.0,muse,low_cloze,0.0006333122229259025,muse
857,918.1935503984472,10,12,2.7283999919891357,8,True,1.0,root,low_cloze,0.0006333122229259025,root
878,849.3324885167355,7,3,1.973099946975708,6,True,1.0,pulp,low_cloze,0.0006333122229259025,pulp
871,860.9695506405753,8,8,4.10830020904541,7,True,1.0,jack,low_cloze,0.0006333122229259025,jack
884,927.6355811820318,8,11,2.9121999740600586,11,True,1.0,gear,low_cloze,0.0006333122229259025,gear
869,895.1730209566315,9,7,3.436500072479248,10,True,1.0,shop,low_cloze,0.0006333122229259025,shop
1154,919.8268559261656,9,9,4.609600067138672,7,True,1.0,work,low_cloze,0.0006333122229259025,work
983,918.3215129241871,12,18,3.827199935913086,8,True,1.0,beat,low_cloze,0.0006333122229259025,beat
1254,909.3049581030739,10,10,2.689300060272217,9,True,1.0,pace,low_cloze,0.0006333122229259025,pace
890,805.5090838507178,6,3,2.706700086593628,11,True,1.0,acid,low_cloze,0.0006333122229259025,acid
1245,907.0865717154622,10,10,2.4742000102996826,7,True,1.0,sour,low_cloze,0.0006333122229259025,sour
947,915.1866927670137,10,8,4.639500141143799,9,True,1.0,talk,low_cloze,0.0006333122229259025,talk
1167,797.8991233935333,6,2,2.344399929046631,6,True,1.0,oral,low_cloze,0.0006333122229259025,oral
935,923.9762606193838,12,16,2.498300075531006,6,True,1.0,fare,low_cloze,0.0006333122229259025,fare
1140,913.283099040587,10,9,2.2355000972747803,9,True,1.0,toll,low_cloze,0.0006333122229259025,toll
1212,712.5990054832761,6,2,0.9031000137329102,8,True,1.0,quip,low_cloze,0.0006333122229259025,quip
1468,848.1319379011568,8,10,1.8387999534606934,8,True,1.0,jest,low_cloze,0.0006333122229259025,jest
941,879.765739113927,8,7,2.799999952316284,7,True,1.0,bump,low_cloze,0.0006333122229259025,bump
1221,900.0641859651105,10,13,2.884200096130371,9,True,1.0,sore,low_cloze,0.0006333122229259025,sore
1280,783.3273002601433,6,2,2.2788000106811523,5,True,1.0,tidy,low_cloze,0.0006333122229259025,tidy
1405,844.0326103921882,9,10,2.803499937057495,8,True,1.0,neat,low_cloze,0.0006333122229259025,neat
985,622.143956717769,4,1,1.857300043106079,6,True,1.0,ogre,low_cloze,0.0006333122229259025,ogre
989,660.2714177802668,4,0,1.1761000156402588,8,True,1.0,yeti,low_cloze,0.0006333122229259025,yeti
1206,919.4937218044822,12,12,3.588599920272827,6,True,1.0,slow,low_cloze,0.0006333122229259025,slow
1440,867.2655490246094,8,7,1.7853000164031982,4,True,1.0,lull,low_cloze,0.0006333122229259025,lull
1000,825.8393837104352,6,0,2.178999900817871,8,True,1.0,meow,low_cloze,0.0006333122229259025,meow
1043,834.3252589213593,7,4,2.0253000259399414,6,True,1.0,howl,low_cloze,0.0006333122229259025,howl
1121,712.950649381836,4,0,1.8976000547409058,10,True,1.0,guru,low_cloze,0.0006333122229259025,guru
1494,901.8609757156786,9,9,3.1623001098632812,10,True,1.0,wise,low_cloze,0.0006333122229259025,wise
1020,883.2975253251752,8,8,4.163099765777588,11,True,1.0,five,low_cloze,0.0006333122229259025,five
1314,694.3791912515838,4,1,3.039400100708008,8,True,1.0,zero,low_cloze,0.0006333122229259025,zero
1218,868.4510648749805,9,7,1.9911999702453613,6,True,1.0,bulk,low_cloze,0.0006333122229259025,bulk
1365,603.3847080547224,4,1,4.24429988861084,6,True,1.0,used,low_cloze,0.0006333122229259025,used
1075,846.3850750464337,7,3,3.3078999519348145,6,True,1.0,loud,low_cloze,0.0006333122229259025,loud
1098,901.5422310948434,10,16,4.452199935913086,4,True,1.0,hear,low_cloze,0.0006333122229259025,hear
1360,629.8824026227987,4,0,2.659899950027466,5,True,1.0,obey,low_cloze,0.0006333122229259025,obey
1382,908.6835292328918,8,5,3.390199899673462,8,True,1.0,rule,low_cloze,0.0006333122229259025,rule
1110,923.4588770101494,13,17,3.0302000045776367,7,True,1.0,mile,low_cloze,0.0006333122229259025,mile
1397,624.7982814053146,4,1,1.7782000303268433,4,True,1.0,afar,low_cloze,0.0006333122229259025,afar
1328,713.5331088460964,5,1,3.6589999198913574,6,True,1.0,kept,low_cloze,0.0006333122229259025,kept
1371,883.266706720017,9,8,4.2418999671936035,5,True,1.0,took,low_cloze,0.0006333122229259025,took
1166,823.0034333493393,8,9,1.3221999406814575,5,True,1.0,doze,low_cloze,0.0006333122229259025,doze
1276,917.6815306918865,10,11,4.035900115966797,5,True,1.0,rest,low_cloze,0.0006333122229259025,rest
1452,630.7110371568834,4,0,2.9872000217437744,9,True,1.0,odds,low_cloze,0.0006333122229259025,odds
1500,755.7561175761045,6,2,1.6812000274658203,4,True,1.0,vary,low_cloze,0.0006333122229259025,vary
1214,855.1663570851215,7,12,4.151500225067139,10,True,1.0,year,low_cloze,0.0006333122229259025,year
1341,846.5428663568289,6,0,2.983599901199341,11,True,1.0,noel,low_cloze,0.0006333122229259025,noel
1344,857.3912841311,8,5,3.9446001052856445,7,True,1.0,fact,low_cloze,0.0006333122229259025,fact
1534,821.7612160186703,6,1,4.111299991607666,5,True,1.0,true,low_cloze,0.0006333122229259025,true
1256,845.816984115421,7,5,3.9179000854492188,6,True,1.0,hour,low_cloze,0.0006333122229259025,hour
1263,876.9216434781192,9,7,4.999499797821045,5,True,1.0,time,low_cloze,0.0006333122229259025,time
1334,840.5106619809847,8,3,3.7534000873565674,5,True,1.0,less,low_cloze,0.0006333122229259025,less
1537,836.5841693318262,8,4,4.695799827575684,6,True,1.0,much,low_cloze,0.0006333122229259025,much
1304,893.9794517803432,11,9,1.2553000450134277,5,True,1.0,bonk,low_cloze,0.0006333122229259025,bonk
1353,815.1870297117009,8,4,1.9955999851226807,6,True,1.0,wham,low_cloze,0.0006333122229259025,wham
1364,925.3040791729742,11,15,4.327899932861328,10,True,1.0,same,low_cloze,0.0006333122229259025,same
1533,705.3333669498841,5,1,1.1761000156402588,5,True,1.0,akin,low_cloze,0.0006333122229259025,akin
1323,892.7838355360431,9,6,1.4471999406814575,8,True,1.0,dolt,low_cloze,0.0006333122229259025,dolt
1325,741.7188973879781,5,0,1.9138000011444092,5,True,1.0,redo,low_cloze,0.0006333122229259025,redo
1433,856.3681209008276,7,3,3.9416000843048096,8,True,1.0,glad,low_cloze,0.0006333122229259025,glad
1492,916.1880046125091,8,10,4.0391998291015625,9,True,1.0,hate,low_cloze,0.0006333122229259025,hate
1358,900.2128046405775,11,10,4.145400047302246,7,True,1.0,lost,low_cloze,0.0006333122229259025,lost
1368,895.9878166974219,10,10,4.627200126647949,5,True,1.0,find,low_cloze,0.0006333122229259025,find
1439,747.8209419736833,5,7,1.5051000118255615,8,True,1.0,zeal,low_cloze,0.0006333122229259025,zeal
1444,851.1619517662175,7,3,1.770900011062622,8,True,1.0,glee,low_cloze,0.0006333122229259025,glee
1373,722.0229246244697,6,2,2.460900068283081,5,True,1.0,cozy,low_cloze,0.0006333122229259025,cozy
1391,787.8298893685404,7,4,1.8691999912261963,5,True,1.0,snug,low_cloze,0.0006333122229259025,snug
1464,885.5379327923159,9,11,5.497300148010254,6,True,1.0,have,low_cloze,0.0006333122229259025,have
1501,879.9544606553369,9,9,4.947299957275391,5,True,1.0,been,low_cloze,0.0006333122229259025,been
1385,889.9034033315866,8,6,4.671899795532227,8,True,1.0,help,low_cloze,0.0006333122229259025,help
1438,930.1656081784074,13,20,4.393599987030029,7,True,1.0,care,low_cloze,0.0006333122229259025,care
1401,923.5178461650488,10,12,4.39300012588501,11,True,1.0,mind,low_cloze,0.0006333122229259025,mind
1511,886.5119660990152,8,4,3.5940001010894775,7,True,1.0,soul,low_cloze,0.0006333122229259025,soul
1420,877.5555748748633,8,6,2.8685998916625977,5,True,1.0,foul,low_cloze,0.0006333122229259025,foul
1515,765.6148008586167,6,8,2.2899999618530273,6,True,1.0,yuck,low_cloze,0.0006333122229259025,yuck
1498,637.5944987607857,4,0,2.5315001010894775,9,True,1.0,urge,low_cloze,0.0006333122229259025,urge
1539,853.4381462568712,8,5,2.079200029373169,6,True,1.0,whim,low_cloze,0.0006333122229259025,whim
1458,867.4149448490929,7,5,1.8976000547409058,8,True,1.0,ploy,low_cloze,0.0006333122229259025,ploy
1554,880.7204840322389,11,8,1.934499979019165,4,True,1.0,ruse,low_cloze,0.0006333122229259025,ruse
1531,659.0292652258086,4,3,1.4149999618530273,5,True,1.0,avid,low_cloze,0.0006333122229259025,avid
1548,814.5284608635966,7,5,2.359800100326538,5,True,1.0,keen,low_cloze,0.0006333122229259025,keen
1,833.0607856951112,10,9,1.6990000009536743,9,True,1.0,pant,med_low_cloze,0.25,pant
261,712.7149497683516,6,5,2.9565999507904053,13,True,1.0,jean,med_low_cloze,0.25,jean
155,759.5166456181136,8,5,2.3578999042510986,7,True,1.0,crow,med_low_cloze,0.25,crow
335,813.0681423205907,9,12,2.4547998905181885,10,True,1.0,dove,med_low_cloze,0.25,dove
12,709.8669528247124,6,2,2.7809998989105225,14,True,1.0,frog,med_low_cloze,0.25,frog
442,646.7678047715972,6,4,1.8387999534606934,10,True,1.0,newt,med_low_cloze,0.25,newt
135,532.353906214593,5,1,3.0183000564575195,10,True,1.0,earl,med_low_cloze,0.25,earl
972,772.4071767973317,9,7,3.1064999103546143,13,True,1.0,duke,med_low_cloze,0.25,duke
214,487.4806112451397,4,0,2.835700035095215,8,True,1.0,exam,med_low_cloze,0.25,exam
992,817.2908155747357,9,12,3.6324000358581543,11,True,1.0,test,med_low_cloze,0.25,test
157,762.5364167282098,8,8,1.5563000440597534,12,True,1.0,fowl,med_low_cloze,0.25,fowl
514,772.6761757468868,7,1,3.365299940109253,11,True,1.0,bird,med_low_cloze,0.25,bird
542,745.6569650529693,8,8,2.542799949645996,15,True,1.0,swan,med_low_cloze,0.25,swan
603,847.291460860203,10,14,3.1017000675201416,15,True,1.0,duck,med_low_cloze,0.25,duck
2,671.867221148116,7,5,2.637500047683716,10,True,1.0,robe,med_low_cloze,0.25,robe
781,789.2020210649814,9,11,2.4547998905181885,11,True,1.0,vest,med_low_cloze,0.25,vest
146,477.99385853517987,4,1,1.6434999704360962,11,True,1.0,zinc,med_low_cloze,0.25,zinc
938,841.4577448562297,10,12,3.6280999183654785,16,True,1.0,lead,med_low_cloze,0.25,lead
369,687.8199117953618,6,4,2.004300117492676,10,True,1.0,barf,med_low_cloze,0.25,barf
755,777.2000816075042,8,5,2.5051000118255615,10,True,1.0,puke,med_low_cloze,0.25,puke
246,548.4240376349583,5,1,2.8608999252319336,9,True,1.0,debt,med_low_cloze,0.25,debt
1080,795.7535211703341,9,6,3.00600004196167,9,True,1.0,loan,med_low_cloze,0.25,loan
441,802.8163354694132,10,11,2.5262999534606934,10,True,1.0,mice,med_low_cloze,0.25,mice
905,771.65964964709,8,5,2.176100015640259,13,True,1.0,puss,med_low_cloze,0.25,puss
422,734.8985285387281,6,1,2.8942999839782715,16,True,1.0,lion,med_low_cloze,0.25,lion
616,646.6997487671279,6,1,0.9031000137329102,9,True,1.0,puma,med_low_cloze,0.25,puma
721,648.7842142474043,8,4,1.5563000440597534,11,True,1.0,axes,med_low_cloze,0.25,axes
963,688.1924592389553,7,3,1.2303999662399292,9,True,1.0,maul,med_low_cloze,0.25,maul
439,733.4961687405814,7,7,1.9138000011444092,8,True,1.0,stag,med_low_cloze,0.25,stag
723,821.576248875302,9,11,3.2360000610351562,11,True,1.0,buck,med_low_cloze,0.25,buck
566,826.7468573297825,10,12,3.4321999549865723,11,True,1.0,rose,med_low_cloze,0.25,rose
711,730.3303768788157,7,1,3.13700008392334,10,True,1.0,lily,med_low_cloze,0.25,lily
573,805.093457476329,8,6,2.767199993133545,16,True,1.0,dish,med_low_cloze,0.25,dish
599,744.1876393963038,8,6,3.039400100708008,9,True,1.0,bowl,med_low_cloze,0.25,bowl
1117,785.4143341544126,8,3,4.0991997718811035,9,True,1.0,hurt,med_low_cloze,0.25,hurt
1152,797.2764731454702,8,7,3.6986000537872314,13,True,1.0,pain,med_low_cloze,0.25,pain
576,785.7403257119079,8,5,2.617000102996826,11,True,1.0,pony,med_low_cloze,0.25,pony
680,856.4411629919729,11,18,2.1731998920440674,13,True,1.0,mare,med_low_cloze,0.25,mare
8,790.4592602013962,9,6,2.1238999366760254,7,True,1.0,gram,med_low_cloze,0.25,gram
1239,686.7469930066969,6,4,1.9084999561309814,10,True,1.0,kilo,med_low_cloze,0.25,kilo
620,773.673183066511,8,6,3.200900077819824,10,True,1.0,bath,med_low_cloze,0.25,bath
684,811.6478059233839,11,12,2.936500072479248,8,True,1.0,sink,med_low_cloze,0.25,sink
946,826.0178335840944,9,11,1.7559000253677368,13,True,1.0,gull,med_low_cloze,0.25,gull
1261,846.534819153044,11,15,1.5681999921798706,9,True,1.0,coot,med_low_cloze,0.25,coot
623,816.1133805405703,9,10,2.789599895477295,14,True,1.0,dime,med_low_cloze,0.25,dime
909,788.9884758123984,8,10,2.684799909591675,12,True,1.0,cent,med_low_cloze,0.25,cent
118,59.21644386242637,1,0,2.433000087738037,7,True,1.0,nova,med_low_cloze,0.25,nova
709,780.1644781265202,9,9,3.618000030517578,13,True,1.0,star,med_low_cloze,0.25,star
1437,842.7370015371049,11,16,1.544100046157837,9,True,1.0,lore,med_low_cloze,0.25,lore
1466,575.811025782861,5,3,2.547800064086914,6,True,1.0,myth,med_low_cloze,0.25,myth
270,791.9007824692862,9,7,2.285599946975708,10,True,1.0,pact,med_low_cloze,0.25,pact
1255,831.6628862237476,10,14,4.124899864196777,11,True,1.0,deal,med_low_cloze,0.25,deal
41,798.6082946646175,9,7,2.6989998817443848,12,True,1.0,silk,med_low_cloze,0.25,silk
610,763.9801360802966,8,6,2.2095000743865967,9,True,1.0,wool,med_low_cloze,0.25,wool
1251,734.9636702295986,8,10,2.761899948120117,8,True,1.0,rage,med_low_cloze,0.25,rage
1311,734.6933858305681,7,2,2.29229998588562,8,True,1.0,fury,med_low_cloze,0.25,fury
510,762.5792252900861,7,3,3.629300117492676,14,True,1.0,fish,med_low_cloze,0.25,fish
585,668.2022880972148,6,2,2.6117000579833984,12,True,1.0,tuna,med_low_cloze,0.25,tuna
910,655.4238326267471,6,4,1.857300043106079,8,True,1.0,wept,med_low_cloze,0.25,wept
1150,712.6434962125306,7,3,1.462399959564209,7,True,1.0,bawl,med_low_cloze,0.25,bawl
937,92.7322386822293,1,8,3.8190999031066895,7,True,1.0,king,med_low_cloze,0.25,king
1003,419.51262658655935,4,1,1.3009999990463257,9,True,1.0,tsar,med_low_cloze,0.25,tsar
22,688.2598878287159,7,5,2.4065001010894775,12,True,1.0,herb,med_low_cloze,0.25,herb
241,780.9785427669142,9,12,1.954200029373169,11,True,1.0,sage,med_low_cloze,0.25,sage
26,621.9318227045976,5,5,2.3784000873565674,10,True,1.0,limb,med_low_cloze,0.25,limb
692,793.712716856751,9,7,4.154200077056885,11,True,1.0,hand,med_low_cloze,0.25,hand
30,620.7093781474767,6,2,1.9911999702453613,11,True,1.0,knit,med_low_cloze,0.25,knit
1034,709.0998932169774,6,2,1.8260999917984009,10,True,1.0,sewn,med_low_cloze,0.25,sewn
57,560.3277484492583,5,7,2.7723000049591064,11,True,1.0,plot,med_low_cloze,0.25,plot
1222,832.4097903826665,10,13,2.7874999046325684,11,True,1.0,tale,med_low_cloze,0.25,tale
61,770.8959943534899,9,7,1.9589999914169312,6,True,1.0,dung,med_low_cloze,0.25,dung
138,789.9722772709216,9,7,3.4986000061035156,7,True,1.0,crap,med_low_cloze,0.25,crap
62,437.50538756090674,4,0,0.3009999990463257,8,True,1.0,lynx,med_low_cloze,0.25,lynx
595,850.7631921429938,12,16,2.29229998588562,8,True,1.0,hare,med_low_cloze,0.25,hare
275,208.06505958077952,2,0,0.9031000137329102,13,True,1.0,ovum,med_low_cloze,0.25,ovum
821,782.586451060188,8,10,3.4428999423980713,11,True,1.0,cell,med_low_cloze,0.25,cell
92,779.0094834752929,10,11,2.609600067138672,10,True,1.0,tuck,med_low_cloze,0.25,tuck
1287,790.8904020763191,9,9,2.851300001144409,8,True,1.0,darn,med_low_cloze,0.25,darn
240,757.9321134271802,8,4,2.478600025177002,11,True,1.0,glue,med_low_cloze,0.25,glue
815,419.61174155130146,5,1,1.0,14,True,1.0,inks,med_low_cloze,0.25,inks
141,781.5812969981156,9,10,2.5694000720977783,10,True,1.0,tick,med_low_cloze,0.25,tick
587,666.1386141569653,7,5,2.2304000854492188,8,True,1.0,flea,med_low_cloze,0.25,flea
213,279.09209846070024,3,0,1.2553000450134277,11,True,1.0,onyx,med_low_cloze,0.25,onyx
836,705.4467791885688,6,3,2.4149999618530273,9,True,1.0,jade,med_low_cloze,0.25,jade
142,724.9910085909777,6,1,2.56469988822937,12,True,1.0,glen,med_low_cloze,0.25,glen
549,836.6246131826216,10,12,3.282399892807007,13,True,1.0,hill,med_low_cloze,0.25,hill
170,775.8501982180279,9,9,2.2095000743865967,9,True,1.0,funk,med_low_cloze,0.25,funk
196,463.8593762236196,4,0,2.784600019454956,9,True,1.0,jazz,med_low_cloze,0.25,jazz
178,814.7549086451666,9,10,2.8578999042510986,10,True,1.0,bush,med_low_cloze,0.25,bush
511,779.094317852202,8,4,3.5206000804901123,15,True,1.0,tree,med_low_cloze,0.25,tree
294,801.6304384594239,9,6,2.599900007247925,11,True,1.0,soil,med_low_cloze,0.25,soil
602,763.3182523843354,8,3,3.1175999641418457,5,True,1.0,dirt,med_low_cloze,0.25,dirt
186,728.7650039048862,7,3,2.734800100326538,12,True,1.0,lamb,med_low_cloze,0.25,lamb
608,832.0276653281653,10,11,2.648400068283081,10,True,1.0,deer,med_low_cloze,0.25,deer
384,566.3206755432258,5,1,2.8006999492645264,7,True,1.0,inch,med_low_cloze,0.25,inch
1291,758.0627935403861,10,8,2.0085999965667725,4,True,1.0,span,med_low_cloze,0.25,span
191,784.8961231560645,9,7,2.164400100708008,8,True,1.0,moss,med_low_cloze,0.25,moss
524,749.3474105817107,6,0,2.2147998809814453,9,True,1.0,fern,med_low_cloze,0.25,fern
266,681.2372121922955,8,7,1.8920999765396118,9,True,1.0,haze,med_low_cloze,0.25,haze
488,304.4113585223619,3,1,1.7482000589370728,9,True,1.0,smog,med_low_cloze,0.25,smog
230,811.7195910645798,9,8,1.924299955368042,10,True,1.0,lark,med_low_cloze,0.25,lark
470,692.07250790905,6,1,1.3009999990463257,6,True,1.0,wren,med_low_cloze,0.25,wren
405,619.2840865847072,6,2,1.6720999479293823,11,True,1.0,acne,med_low_cloze,0.25,acne
1242,517.8616294134089,5,2,2.330399990081787,11,True,1.0,itch,med_low_cloze,0.25,itch
233,799.5520729561731,9,7,2.3385000228881836,7,True,1.0,lure,med_low_cloze,0.25,lure
271,527.1132451037809,5,3,2.6963999271392822,6,True,1.0,bait,med_low_cloze,0.25,bait
314,763.3230655277246,7,3,2.749000072479248,11,True,1.0,shed,med_low_cloze,0.25,shed
654,780.4785986710583,9,8,4.350599765777588,15,True,1.0,room,med_low_cloze,0.25,room
251,702.5982358035487,6,6,1.462399959564209,11,True,1.0,kale,med_low_cloze,0.25,kale
559,790.2118109857372,8,8,1.2041000127792358,9,True,1.0,leek,med_low_cloze,0.25,leek
548,822.1663058299439,10,9,3.688999891281128,14,True,1.0,boat,med_low_cloze,0.25,boat
597,545.70562295395,5,8,3.7028000354766846,10,True,1.0,ship,med_low_cloze,0.25,ship
285,819.0254341341063,10,10,2.841399908065796,8,True,1.0,barn,med_low_cloze,0.25,barn
880,719.8128761007926,7,5,1.6901999711990356,9,True,1.0,silo,med_low_cloze,0.25,silo
25,623.2123287080776,6,10,1.544100046157837,8,True,1.0,mope,med_low_cloze,0.25,mope
1474,291.68208104277744,3,5,1.7243000268936157,8,True,1.0,glum,med_low_cloze,0.25,glum
319,767.7507403070772,9,5,1.8691999912261963,8,True,1.0,wasp,med_low_cloze,0.25,wasp
696,719.7309779874137,7,5,2.436199903488159,13,True,1.0,bees,med_low_cloze,0.25,bees
505,433.8334362421856,4,0,1.6128000020980835,11,True,1.0,kiwi,med_low_cloze,0.25,kiwi
626,755.3503547032627,7,5,2.243000030517578,12,True,1.0,plum,med_low_cloze,0.25,plum
454,548.7530341046396,5,3,1.3617000579833984,10,True,1.0,oxen,med_low_cloze,0.25,oxen
621,818.5858492361422,9,12,3.14739990234375,8,True,1.0,bull,med_low_cloze,0.25,bull
545,465.4956789486886,4,0,2.2227001190185547,14,True,1.0,mayo,med_low_cloze,0.25,mayo
736,806.2112297460285,9,9,1.2553000450134277,10,True,1.0,slaw,med_low_cloze,0.25,slaw
544,722.8737809868014,7,9,2.413300037384033,10,True,1.0,cafe,med_low_cloze,0.25,cafe
763,516.727493619657,5,1,2.037400007247925,7,True,1.0,deli,med_low_cloze,0.25,deli
114,575.404399030163,5,1,3.904400110244751,8,True,1.0,whoa,med_low_cloze,0.25,whoa
1483,464.2377251780687,4,1,2.7458999156951904,6,True,1.0,oops,med_low_cloze,0.25,oops
578,753.4560386948135,7,3,2.510499954223633,9,True,1.0,pond,med_low_cloze,0.25,pond
592,816.579937897994,9,13,3.2641000747680664,9,True,1.0,lake,med_low_cloze,0.25,lake
174,570.6994276897797,5,2,2.5211000442504883,13,True,1.0,riot,med_low_cloze,0.25,riot
877,679.8408377018474,6,3,2.2528998851776123,11,True,1.0,thug,med_low_cloze,0.25,thug
590,821.013195980102,9,11,3.585599899291992,12,True,1.0,beer,med_low_cloze,0.25,beer
1338,828.660750143025,9,15,3.514899969100952,11,True,1.0,sake,med_low_cloze,0.25,sake
695,146.7770767150824,2,12,2.7809998989105225,15,True,1.0,pill,med_low_cloze,0.25,pill
798,674.4383188525762,6,2,3.36299991607666,12,True,1.0,drug,med_low_cloze,0.25,drug
596,797.147754277379,9,10,4.168700218200684,9,True,1.0,face,med_low_cloze,0.25,face
676,810.7333687609581,10,11,4.277599811553955,9,True,1.0,head,med_low_cloze,0.25,head
144,788.8602494352295,8,6,1.8194999694824219,6,True,1.0,posh,med_low_cloze,0.25,posh
1347,686.7733294231964,8,5,2.0492000579833984,7,True,1.0,snob,med_low_cloze,0.25,snob
744,821.655779914872,9,11,2.613800048828125,12,True,1.0,rash,med_low_cloze,0.25,rash
830,815.1629453161526,10,10,1.0,9,True,1.0,welt,med_low_cloze,0.25,welt
958,590.3029678828706,6,9,3.536799907684326,8,True,1.0,nine,med_low_cloze,0.25,nine
1188,757.3725872802061,8,6,4.115499973297119,9,True,1.0,four,med_low_cloze,0.25,four
751,118.73189111244457,2,8,2.4377999305725098,6,True,1.0,peel,med_low_cloze,0.25,peel
805,133.39722904954283,2,9,1.1761000156402588,6,True,1.0,rind,med_low_cloze,0.25,rind
1367,506.15191414345816,5,10,2.4969000816345215,6,True,1.0,scam,med_low_cloze,0.25,scam
1456,733.0468915818074,7,4,1.531499981880188,6,True,1.0,dupe,med_low_cloze,0.25,dupe
838,720.8400720502129,7,6,2.1875,10,True,1.0,boob,med_low_cloze,0.25,boob
843,817.8729425990741,11,13,1.2303999662399292,7,True,1.0,teat,med_low_cloze,0.25,teat
71,612.9959939579984,6,4,1.6812000274658203,10,True,1.0,spud,med_low_cloze,0.25,spud
698,736.0908956809078,7,7,3.0220000743865967,9,True,1.0,chip,med_low_cloze,0.25,chip
23,327.86018983747897,3,18,1.079200029373169,8,True,1.0,sear,med_low_cloze,0.25,sear
903,801.6362049606408,10,13,2.510499954223633,9,True,1.0,bake,med_low_cloze,0.25,bake
152,90.73619766868373,1,8,2.0569000244140625,4,True,1.0,goof,med_low_cloze,0.25,goof
1108,145.3492414343949,2,2,1.544100046157837,8,True,1.0,typo,med_low_cloze,0.25,typo
40,799.8198661173352,9,12,1.5563000440597534,11,True,1.0,gash,med_low_cloze,0.25,gash
931,780.3379278256449,8,6,3.4498000144958496,7,True,1.0,burn,med_low_cloze,0.25,burn
49,841.597571189631,11,13,2.2279000282287598,11,True,1.0,lime,med_low_cloze,0.25,lime
557,820.4702256444128,9,13,1.8387999534606934,10,True,1.0,pear,med_low_cloze,0.25,pear
46,687.7959858581612,6,1,3.4149999618530273,6,True,1.0,duty,med_low_cloze,0.25,duty
1461,812.4302837434473,10,12,2.9684998989105225,8,True,1.0,role,med_low_cloze,0.25,role
305,684.0934488853615,6,2,3.380199909210205,7,True,1.0,plus,med_low_cloze,0.25,plus
375,770.5899670203383,8,6,2.4518001079559326,8,True,1.0,grid,med_low_cloze,0.25,grid
47,821.9482783325827,10,13,1.579800009727478,5,True,1.0,hone,med_low_cloze,0.25,hone
364,115.13022162331916,2,4,0.7781999707221985,10,True,1.0,rasp,med_low_cloze,0.25,rasp
195,624.1628540336798,6,2,1.8451000452041626,8,True,1.0,alto,med_low_cloze,0.25,alto
1105,448.87725299571247,4,1,1.8976000547409058,8,True,1.0,diva,med_low_cloze,0.25,diva
159,848.4505463493415,12,16,2.7551000118255615,10,True,1.0,boot,med_low_cloze,0.25,boot
609,755.3668642395584,9,7,2.577500104904175,6,True,1.0,heel,med_low_cloze,0.25,heel
162,374.0089930415177,3,0,3.1201999187469482,12,True,1.0,taxi,med_low_cloze,0.25,taxi
475,669.6155787219344,6,1,2.5933001041412354,12,True,1.0,auto,med_low_cloze,0.25,auto
161,782.480981385124,8,4,1.6901999711990356,9,True,1.0,font,med_low_cloze,0.25,font
163,604.967403779164,7,4,3.490499973297119,5,True,1.0,type,med_low_cloze,0.25,type
203,577.3746823672984,5,2,2.3032000064849854,13,True,1.0,bulb,med_low_cloze,0.25,bulb
534,789.3458561382682,9,8,2.81820011138916,11,True,1.0,lamp,med_low_cloze,0.25,lamp
185,105.42279076445018,2,0,1.2788000106811523,12,True,1.0,oboe,med_low_cloze,0.25,oboe
277,788.1688526314647,8,7,2.1303000450134277,11,True,1.0,harp,med_low_cloze,0.25,harp
342,518.9091015946979,5,0,1.9031000137329102,8,True,1.0,luau,med_low_cloze,0.25,luau
1093,817.7553173427075,10,13,1.8451000452041626,10,True,1.0,fest,med_low_cloze,0.25,fest
202,761.4227927987806,8,4,1.986799955368042,9,True,1.0,moan,med_low_cloze,0.25,moan
273,549.774635915446,6,3,0.9031000137329102,6,True,1.0,yelp,med_low_cloze,0.25,yelp
346,136.06914729409033,2,6,2.672100067138672,9,True,1.0,hint,med_low_cloze,0.25,hint
480,105.935871138799,2,3,2.9537999629974365,7,True,1.0,clue,med_low_cloze,0.25,clue
210,766.8281303099717,8,7,2.037400007247925,11,True,1.0,snot,med_low_cloze,0.25,snot
581,717.0968569245365,7,10,3.5511999130249023,11,True,1.0,nose,med_low_cloze,0.25,nose
221,610.3029420838421,5,2,1.7243000268936157,9,True,1.0,opal,med_low_cloze,0.25,opal
671,584.2018301292259,5,0,2.783900022506714,11,True,1.0,ruby,med_low_cloze,0.25,ruby
234,93.8541390533729,1,3,3.0980000495910645,6,True,1.0,path,med_low_cloze,0.25,path
677,769.0454142402335,8,5,3.7565999031066895,11,True,1.0,road,med_low_cloze,0.25,road
244,792.285231271752,9,5,2.9014999866485596,12,True,1.0,tune,med_low_cloze,0.25,tune
961,501.8064690080475,4,0,1.924299955368042,10,True,1.0,hymn,med_low_cloze,0.25,hymn
282,710.0378083124006,7,9,2.730799913406372,10,True,1.0,pork,med_low_cloze,0.25,pork
683,733.8395919807352,7,6,3.0025999546051025,13,True,1.0,beef,med_low_cloze,0.25,beef
440,778.8888870966499,7,4,2.613800048828125,11,True,1.0,tray,med_low_cloze,0.25,tray
990,835.7266140640977,11,13,4.1585001945495605,10,True,1.0,case,med_low_cloze,0.25,case
297,759.8839903901699,9,10,2.3559999465942383,6,True,1.0,vile,med_low_cloze,0.25,vile
1543,705.0619243795281,7,8,5.124199867248535,12,True,1.0,good,med_low_cloze,0.25,good
507,783.658707264582,8,8,1.8260999917984009,9,True,1.0,tush,med_low_cloze,0.25,tush
860,826.6447271032223,10,12,5.0106000900268555,8,True,1.0,back,med_low_cloze,0.25,back
299,319.7545107682119,3,0,1.9031000137329102,7,True,1.0,quad,med_low_cloze,0.25,quad
651,700.0352187629194,7,7,2.7202000617980957,9,True,1.0,jeep,med_low_cloze,0.25,jeep
367,716.5955662784486,7,3,1.6232000589370728,8,True,1.0,clog,med_low_cloze,0.25,clog
561,820.5342004214383,10,11,2.661799907684326,8,True,1.0,sock,med_low_cloze,0.25,sock
301,812.7073146371979,9,10,1.7323999404907227,10,True,1.0,mead,med_low_cloze,0.25,mead
657,659.6788635104621,7,16,3.4883999824523926,7,True,1.0,wine,med_low_cloze,0.25,wine
499,691.6343825057489,7,5,1.8691999912261963,8,True,1.0,spur,med_low_cloze,0.25,spur
936,699.5990222606758,6,2,1.968500018119812,10,True,1.0,trot,med_low_cloze,0.25,trot
362,562.9965152281366,5,1,1.0,5,True,1.0,cyan,med_low_cloze,0.25,cyan
1068,751.1564794083702,7,3,3.717900037765503,7,True,1.0,blue,med_low_cloze,0.25,blue
365,757.3390923025544,9,5,2.307499885559082,8,True,1.0,mutt,med_low_cloze,0.25,mutt
513,630.6507149586419,6,2,3.4321999549865723,10,True,1.0,dogs,med_low_cloze,0.25,dogs
368,786.361875866208,10,11,2.819499969482422,9,True,1.0,sack,med_low_cloze,0.25,sack
841,783.2273889279684,8,6,1.7482000589370728,12,True,1.0,tote,med_low_cloze,0.25,tote
717,834.9993968954284,10,13,3.7811999320983887,13,True,1.0,bill,med_low_cloze,0.25,bill
1156,388.50194469992186,4,13,3.246299982070923,10,True,1.0,rent,med_low_cloze,0.25,rent
376,203.8786643856541,2,5,2.989000082015991,7,True,1.0,bout,med_low_cloze,0.25,bout
1124,635.6534062151609,6,13,3.4993999004364014,12,True,1.0,race,med_low_cloze,0.25,race
814,507.66826643770383,4,0,1.2303999662399292,8,True,1.0,gyro,med_low_cloze,0.25,gyro
827,724.78607311662,8,6,2.517199993133545,7,True,1.0,stew,med_low_cloze,0.25,stew
388,796.9767300201828,9,7,1.6021000146865845,6,True,1.0,carp,med_low_cloze,0.25,carp
495,803.2070156009638,9,10,2.3710999488830566,9,True,1.0,pike,med_low_cloze,0.25,pike
528,790.4871771581753,9,5,3.544100046157837,11,True,1.0,suit,med_low_cloze,0.25,suit
750,715.0604356136458,7,3,2.5250000953674316,7,True,1.0,gown,med_low_cloze,0.25,gown
419,728.6303616279569,7,3,2.7258999347686768,13,True,1.0,plug,med_low_cloze,0.25,plug
774,781.6283587397887,8,4,2.396199941635132,11,True,1.0,fuse,med_low_cloze,0.25,fuse
529,617.6701927065269,6,2,3.4844000339508057,9,True,1.0,arms,med_low_cloze,0.25,arms
655,654.4691042449174,6,3,3.998800039291382,10,True,1.0,body,med_low_cloze,0.25,body
458,699.0774191859219,7,3,2.359800100326538,8,True,1.0,loaf,med_low_cloze,0.25,loaf
883,657.5966590303502,6,1,1.7633999586105347,12,True,1.0,pita,med_low_cloze,0.25,pita
619,753.9365306112473,8,6,3.2040998935699463,11,True,1.0,snow,med_low_cloze,0.25,snow
866,813.97796620468,9,13,2.7881999015808105,9,True,1.0,hail,med_low_cloze,0.25,hail
493,841.6908817297557,11,17,1.3978999853134155,10,True,1.0,pore,med_low_cloze,0.25,pore
658,687.3908190357104,8,7,3.351599931716919,14,True,1.0,skin,med_low_cloze,0.25,skin
872,129.71102434082187,2,0,3.7235000133514404,10,True,1.0,mama,med_low_cloze,0.25,mama
916,581.2994384007111,5,5,3.4495999813079834,11,True,1.0,aunt,med_low_cloze,0.25,aunt
532,738.3855502973325,7,3,3.1905999183654785,12,True,1.0,shoe,med_low_cloze,0.25,shoe
1015,746.2710651050804,8,5,3.2790000438690186,4,True,1.0,pair,med_low_cloze,0.25,pair
613,465.0515521145593,4,0,2.139899969100952,10,True,1.0,tofu,med_low_cloze,0.25,tofu
1469,535.2234222010836,5,1,1.5184999704360962,9,True,1.0,idly,med_low_cloze,0.25,idly
591,816.8963925431789,12,19,3.4667000770568848,8,True,1.0,bear,med_low_cloze,0.25,bear
661,703.404027846645,6,2,3.014899969100952,8,True,1.0,wolf,med_low_cloze,0.25,wolf
1137,265.0906973828764,3,0,3.3922998905181885,3,True,1.0,huge,med_low_cloze,0.25,huge
1475,258.3153644966764,3,8,2.4941999912261963,8,True,1.0,vast,med_low_cloze,0.25,vast
605,814.6228113289242,10,12,2.8864998817443848,7,True,1.0,rice,med_low_cloze,0.25,rice
804,686.746923916947,6,3,1.8324999809265137,9,True,1.0,bran,med_low_cloze,0.25,bran
634,813.5378773434893,10,10,2.456399917602539,6,True,1.0,poop,med_low_cloze,0.25,poop
976,112.48961744688548,2,3,2.1522998809814453,8,True,1.0,turd,med_low_cloze,0.25,turd
624,795.1677584676413,11,11,2.2788000106811523,11,True,1.0,lace,med_low_cloze,0.25,lace
1275,795.988253135789,9,7,3.7862000465393066,8,True,1.0,felt,med_low_cloze,0.25,felt
656,467.35609029810723,4,2,3.935800075531006,10,True,1.0,city,med_low_cloze,0.25,city
730,209.30757004459377,2,3,4.101900100708008,11,True,1.0,town,med_low_cloze,0.25,town
629,722.1606190284122,8,4,3.437299966812134,8,True,1.0,bomb,med_low_cloze,0.25,bomb
977,157.53145763919045,2,3,2.086400032043457,12,True,1.0,nuke,med_low_cloze,0.25,nuke
670,819.8823791234514,9,6,3.083899974822998,15,True,1.0,deck,med_low_cloze,0.25,deck
775,668.8770214330272,6,4,3.7820000648498535,7,True,1.0,step,med_low_cloze,0.25,step
636,676.6521640706317,6,2,1.3617000579833984,6,True,1.0,gnat,med_low_cloze,0.25,gnat
714,748.8458223344246,7,4,2.06820011138916,12,True,1.0,moth,med_low_cloze,0.25,moth
731,85.87399204898695,1,3,3.338900089263916,10,True,1.0,jury,med_low_cloze,0.25,jury
1025,583.6881889679452,6,14,2.9474000930786133,10,True,1.0,bail,med_low_cloze,0.25,bail
642,738.6608589003494,7,3,4.173099994659424,11,True,1.0,door,med_low_cloze,0.25,door
758,707.2165410832456,7,13,1.3802000284194946,7,True,1.0,sill,med_low_cloze,0.25,sill
646,779.0606376652901,10,17,3.3615000247955322,8,True,1.0,cake,med_low_cloze,0.25,cake
956,781.2426134708844,8,7,1.9394999742507935,11,True,1.0,flan,med_low_cloze,0.25,flan
673,606.0819190773377,5,4,2.4914000034332275,11,True,1.0,bats,med_low_cloze,0.25,bats
832,836.2132897854779,11,13,2.6149001121520996,8,True,1.0,mole,med_low_cloze,0.25,mole
981,776.9568823264165,9,7,4.396299839019775,11,True,1.0,show,med_low_cloze,0.25,show
1216,764.0953375708781,8,5,4.257199764251709,8,True,1.0,play,med_low_cloze,0.25,play
729,825.7339931653623,11,12,3.4602999687194824,9,True,1.0,lock,med_low_cloze,0.25,lock
1176,726.9443060931692,7,8,3.863600015640259,14,True,1.0,safe,med_low_cloze,0.25,safe
19,85.67446510857613,1,1,4.02239990234375,3,True,1.0,also,med_low_cloze,0.25,also
1564,656.9425855645231,6,3,2.7987000942230225,4,True,1.0,thus,med_low_cloze,0.25,thus
735,667.6241354179335,6,3,2.3784000873565674,9,True,1.0,lens,med_low_cloze,0.25,lens
1258,527.2126902032143,5,4,2.2600998878479004,5,True,1.0,zoom,med_low_cloze,0.25,zoom
9,404.17564730930224,4,1,0.8450999855995178,9,True,1.0,clef,med_low_cloze,0.25,clef
728,746.5470965465561,8,11,3.756500005722046,10,True,1.0,mike,med_low_cloze,0.25,mike
740,679.4605030078667,6,4,2.0827999114990234,13,True,1.0,meth,med_low_cloze,0.25,meth
1286,802.063178542296,10,14,2.914299964904785,6,True,1.0,dope,med_low_cloze,0.25,dope
1088,741.1826756219781,8,5,4.557199954986572,9,True,1.0,stop,med_low_cloze,0.25,stop
1184,788.5611669903608,9,5,2.7604000568389893,6,True,1.0,halt,med_low_cloze,0.25,halt
778,579.4413875776279,5,2,2.3578999042510986,12,True,1.0,yoga,med_low_cloze,0.25,yoga
1230,757.191097180273,8,5,3.266700029373169,8,True,1.0,pray,med_low_cloze,0.25,pray
1236,782.1585911796067,8,4,2.7339999675750732,9,True,1.0,fund,med_low_cloze,0.25,fund
1330,561.0633447714767,5,1,3.6129000186920166,9,True,1.0,rich,med_low_cloze,0.25,rich
1031,806.2884904526006,9,11,3.8220999240875244,7,True,1.0,cold,med_low_cloze,0.25,cold
1134,798.5323605585811,9,9,3.4249000549316406,4,True,1.0,warm,med_low_cloze,0.25,warm
4,814.7969591907638,10,10,2.444000005722046,8,True,1.0,mint,med_low_cloze,0.25,mint
638,679.0438356945517,6,0,1.2041000127792358,11,True,1.0,aloe,med_low_cloze,0.25,aloe
1372,628.1439940355245,6,4,2.9047000408172607,7,True,1.0,hers,med_low_cloze,0.25,hers
1428,249.19582679602075,3,5,5.5167999267578125,4,True,1.0,your,med_low_cloze,0.25,your
24,658.6658655654177,6,1,3.22189998626709,8,True,1.0,ally,med_low_cloze,0.25,ally
1525,98.09263159652605,1,6,1.7559000253677368,7,True,1.0,tact,med_low_cloze,0.25,tact
1496,816.0628156608068,10,10,5.148399829864502,6,True,1.0,want,med_low_cloze,0.25,want
1536,741.9622928575338,7,8,4.819799900054932,11,True,1.0,need,med_low_cloze,0.25,need
7,98.75554517756562,1,3,3.8712000846862793,6,True,1.0,plan,med_low_cloze,0.25,plan
1039,780.9701136950018,8,4,3.8020999431610107,11,True,1.0,boss,med_low_cloze,0.25,boss
5,815.7642775861298,11,15,3.112600088119507,10,True,1.0,sale,med_low_cloze,0.25,sale
1403,417.47653411262144,4,9,3.447499990463257,8,True,1.0,cost,med_low_cloze,0.25,cost
50,669.5230120642558,6,3,2.450200080871582,9,True,1.0,prey,med_low_cloze,0.25,prey
356,87.8621069922099,1,1,0.7781999707221985,7,True,1.0,bios,med_low_cloze,0.25,bios
10,694.2981148721631,7,7,3.239799976348877,8,True,1.0,mood,med_low_cloze,0.25,mood
1505,625.8451024159039,6,4,2.426500082015991,5,True,1.0,vibe,med_low_cloze,0.25,vibe
33,714.3807515364759,7,6,2.4249000549316406,8,True,1.0,leaf,med_low_cloze,0.25,leaf
741,396.64386889483455,4,4,2.060699939727783,9,True,1.0,stem,med_low_cloze,0.25,stem
13,620.8812045335222,6,8,1.3978999853134155,6,True,1.0,bode,med_low_cloze,0.25,bode
1350,516.9654851201424,5,4,1.9444999694824219,8,True,1.0,omen,med_low_cloze,0.25,omen
67,476.6082520759678,5,6,3.2063000202178955,6,True,1.0,weak,med_low_cloze,0.25,weak
1379,751.1249726286724,7,3,1.875100016593933,4,True,1.0,puny,med_low_cloze,0.25,puny
31,818.2929823430455,10,10,2.5866000652313232,5,True,1.0,bold,med_low_cloze,0.25,bold
1308,766.7146347525503,7,4,2.2040998935699463,13,True,1.0,wimp,med_low_cloze,0.25,wimp
79,81.02544519816294,1,5,2.873300075531006,7,True,1.0,spin,med_low_cloze,0.25,spin
783,323.53060221547463,3,2,2.1238999366760254,7,True,1.0,axel,med_low_cloze,0.25,axel
39,813.2066488023954,9,9,1.9394999742507935,11,True,1.0,lard,med_low_cloze,0.25,lard
535,616.1012431705435,6,5,2.657099962234497,13,True,1.0,oven,med_low_cloze,0.25,oven
55,747.8640024121449,8,5,2.8626999855041504,5,True,1.0,flip,med_low_cloze,0.25,flip
966,789.2305082010048,10,12,2.816200017929077,6,True,1.0,dive,med_low_cloze,0.25,dive
43,442.9746098611152,4,1,1.6021000146865845,6,True,1.0,yogi,med_low_cloze,0.25,yogi
204,651.5038139825349,6,2,2.89490008354187,10,True,1.0,diet,med_low_cloze,0.25,diet
73,633.8316373595374,6,1,1.2303999662399292,3,True,1.0,gawk,med_low_cloze,0.25,gawk
119,466.9426800326605,5,1,1.3009999990463257,3,True,1.0,ogle,med_low_cloze,0.25,ogle
65,809.0374499955005,10,13,2.1270999908447266,7,True,1.0,hoot,med_low_cloze,0.25,hoot
354,701.9318483008532,7,2,1.6021000146865845,5,True,1.0,purr,med_low_cloze,0.25,purr
107,768.5649090607828,9,12,2.033400058746338,5,True,1.0,vine,med_low_cloze,0.25,vine
173,804.7439820058479,10,12,2.6675000190734863,5,True,1.0,reed,med_low_cloze,0.25,reed
82,805.3246763203541,10,11,2.045300006866455,6,True,1.0,hock,med_low_cloze,0.25,hock
648,793.3065696595784,9,8,1.8632999658584595,5,True,1.0,rump,med_low_cloze,0.25,rump
109,827.8086849004443,10,12,2.846299886703491,8,True,1.0,sail,med_low_cloze,0.25,sail
662,757.8263660647422,8,6,2.950900077819824,9,True,1.0,flag,med_low_cloze,0.25,flag
86,738.1572780797603,8,4,2.381999969482422,7,True,1.0,raft,med_low_cloze,0.25,raft
397,810.3961389011367,10,10,2.8101999759674072,7,True,1.0,pump,med_low_cloze,0.25,pump
113,775.271904129303,8,11,2.342400074005127,9,True,1.0,mold,med_low_cloze,0.25,mold
734,772.4953154812113,8,6,2.4047999382019043,11,True,1.0,slug,med_low_cloze,0.25,slug
89,680.491972623528,7,4,1.5563000440597534,12,True,1.0,lube,med_low_cloze,0.25,lube
1045,648.8689364655432,6,1,1.6990000009536743,7,True,1.0,oily,med_low_cloze,0.25,oily
93,667.5385868549573,6,2,2.8101999759674072,10,True,1.0,eats,med_low_cloze,0.25,eats
865,254.4908638522245,3,11,3.3664000034332275,10,True,1.0,cook,med_low_cloze,0.25,cook
95,297.7529951112187,3,8,0.7781999707221985,6,True,1.0,eave,med_low_cloze,0.25,eave
660,729.2820817244392,8,7,3.2597999572753906,10,True,1.0,roof,med_low_cloze,0.25,roof
108,503.29443512055957,5,3,2.3578999042510986,9,True,1.0,cult,med_low_cloze,0.25,cult
1054,602.9148073114925,6,7,3.876699924468994,8,True,1.0,team,med_low_cloze,0.25,team
98,678.5721601789324,6,3,2.8136000633239746,9,True,1.0,hawk,med_low_cloze,0.25,hawk
889,805.3377252717239,11,12,1.8632999658584595,8,True,1.0,loon,med_low_cloze,0.25,loon
120,387.387694007456,4,0,1.7633999586105347,7,True,1.0,afro,med_low_cloze,0.25,afro
1390,686.7127804140749,6,5,1.9394999742507935,10,True,1.0,jive,med_low_cloze,0.25,jive
101,526.2933134916702,5,3,2.983599901199341,9,True,1.0,june,med_low_cloze,0.25,june
1155,242.90555072947896,3,9,4.085100173950195,9,True,1.0,week,med_low_cloze,0.25,week
128,687.0011030929143,6,3,0.9031000137329102,9,True,1.0,alum,med_low_cloze,0.25,alum
582,559.378751221441,5,4,2.998300075531006,8,True,1.0,salt,med_low_cloze,0.25,salt
102,776.929368455049,8,6,2.1238999366760254,8,True,1.0,reap,med_low_cloze,0.25,reap
284,483.9143935483702,5,4,1.2553000450134277,7,True,1.0,sown,med_low_cloze,0.25,sown
137,774.9741030681417,7,6,1.9955999851226807,9,True,1.0,fang,med_low_cloze,0.25,fang
675,779.3390841782305,8,6,1.1461000442504883,8,True,1.0,tusk,med_low_cloze,0.25,tusk
111,668.1837763711901,6,1,1.1461000442504883,8,True,1.0,peso,med_low_cloze,0.25,peso
1260,725.4702136319016,7,4,1.986799955368042,11,True,1.0,watt,med_low_cloze,0.25,watt
117,640.4280154241626,7,4,0.8450999855995178,4,True,1.0,glob,med_low_cloze,0.25,glob
978,553.7493762082796,6,2,1.4471999406814575,6,True,1.0,ooze,med_low_cloze,0.25,ooze
122,143.2849321002123,2,11,1.0,11,True,1.0,seep,med_low_cloze,0.25,seep
1186,776.8541322922441,9,10,1.5681999921798706,3,True,1.0,gush,med_low_cloze,0.25,gush
127,736.0292615888524,7,9,2.76419997215271,7,True,1.0,cock,med_low_cloze,0.25,cock
604,782.9964227571938,8,9,3.0141000747680664,6,True,1.0,wing,med_low_cloze,0.25,wing
123,148.94068944996474,2,15,2.566999912261963,5,True,1.0,bent,med_low_cloze,0.25,bent
478,802.7442760887054,9,10,2.448699951171875,7,True,1.0,warp,med_low_cloze,0.25,warp
151,708.0908843708188,8,9,2.9781999588012695,10,True,1.0,vice,med_low_cloze,0.25,vice
858,712.5123909269947,8,9,2.086400032043457,9,True,1.0,swab,med_low_cloze,0.25,swab
131,819.691723872205,10,10,2.429800033569336,6,True,1.0,sole,med_low_cloze,0.25,sole
256,802.3167493176793,10,8,2.5866000652313232,6,True,1.0,bass,med_low_cloze,0.25,bass
187,249.1934719996297,3,1,3.122499942779541,7,True,1.0,amen,med_low_cloze,0.25,amen
316,717.2631056777327,8,13,2.2809998989105225,10,True,1.0,lent,med_low_cloze,0.25,lent
136,757.8612965393604,8,5,2.56820011138916,9,True,1.0,dorm,med_low_cloze,0.25,dorm
383,773.7337044948779,8,5,2.2067999839782715,12,True,1.0,frat,med_low_cloze,0.25,frat
154,726.2771763465909,7,3,1.9493999481201172,5,True,1.0,gasp,med_low_cloze,0.25,gasp
1013,580.6724948539106,6,3,2.240499973297119,7,True,1.0,sigh,med_low_cloze,0.25,sigh
148,76.45766552325667,1,1,3.116300106048584,10,True,1.0,data,med_low_cloze,0.25,data
831,732.6239839307311,8,11,3.351599931716919,11,True,1.0,file,med_low_cloze,0.25,file
153,94.92376519407188,1,1,1.4471999406814575,9,True,1.0,noun,med_low_cloze,0.25,noun
1301,622.9703878317538,7,3,5.320700168609619,6,True,1.0,they,med_low_cloze,0.25,they
158,683.9879895945243,6,1,3.486999988555908,3,True,1.0,lots,med_low_cloze,0.25,lots
1431,744.8040539160622,7,2,4.263199806213379,7,True,1.0,many,med_low_cloze,0.25,many
215,807.2593454191237,9,8,2.8006999492645264,12,True,1.0,tire,med_low_cloze,0.25,tire
791,795.8182884334414,9,12,2.170300006866455,10,True,1.0,puck,med_low_cloze,0.25,puck
167,728.7854796850249,8,6,1.1138999462127686,9,True,1.0,nape,med_low_cloze,0.25,nape
322,715.722745526009,8,5,2.8115999698638916,6,True,1.0,chin,med_low_cloze,0.25,chin
181,790.1426775482917,8,6,2.06820011138916,10,True,1.0,tong,med_low_cloze,0.25,tong
1116,668.1119162205786,7,11,1.9031000137329102,6,True,1.0,spat,med_low_cloze,0.25,spat
172,785.9754332629121,8,10,1.919100046157837,7,True,1.0,gent,med_low_cloze,0.25,gent
274,836.3730733303504,11,14,2.8469998836517334,10,True,1.0,dame,med_low_cloze,0.25,dame
197,700.4100026046056,7,8,2.773099899291992,5,True,1.0,porn,med_low_cloze,0.25,porn
1096,203.62443039641286,2,0,1.9444999694824219,6,True,1.0,orgy,med_low_cloze,0.25,orgy
176,673.1522266339969,6,2,1.9589999914169312,10,True,1.0,gala,med_low_cloze,0.25,gala
1081,757.069258797389,7,3,2.9576001167297363,12,True,1.0,prom,med_low_cloze,0.25,prom
192,114.51949862971935,2,3,3.0381999015808105,6,True,1.0,deny,med_low_cloze,0.25,deny
1435,98.80796071312305,1,11,3.2513999938964844,4,True,1.0,nope,med_low_cloze,0.25,nope
177,642.1329325718918,6,0,3.0834999084472656,6,True,1.0,guts,med_low_cloze,0.25,guts
434,540.205749192384,5,11,1.6128000020980835,11,True,1.0,bile,med_low_cloze,0.25,bile
206,607.1504866803161,6,15,1.7482000589370728,10,True,1.0,soot,med_low_cloze,0.25,soot
1135,443.86122739079366,5,2,1.079200029373169,6,True,1.0,inky,med_low_cloze,0.25,inky
180,708.7518860315876,7,5,2.52239990234375,8,True,1.0,vain,med_low_cloze,0.25,vain
298,148.3677719693032,2,2,2.859100103378296,9,True,1.0,self,med_low_cloze,0.25,self
193,503.27093246443536,5,3,1.857300043106079,11,True,1.0,gout,med_low_cloze,0.25,gout
519,286.34139583853914,3,1,2.8750998973846436,8,True,1.0,knee,med_low_cloze,0.25,knee
190,517.4354838705193,5,6,1.1138999462127686,4,True,1.0,meld,med_low_cloze,0.25,meld
1290,74.22075375194683,1,1,2.0492000579833984,5,True,1.0,ante,med_low_cloze,0.25,ante
201,726.4780686876823,9,8,1.7924000024795532,6,True,1.0,bony,med_low_cloze,0.25,bony
811,568.1449946647333,5,0,2.1270999908447266,7,True,1.0,jaws,med_low_cloze,0.25,jaws
200,517.5976122744981,5,3,1.0,3,True,1.0,boxy,med_low_cloze,0.25,boxy
607,813.8569040149066,9,11,2.7274999618530273,11,True,1.0,dice,med_low_cloze,0.25,dice
247,736.3859689079184,8,9,2.158400058746338,7,True,1.0,stat,med_low_cloze,0.25,stat
1423,371.2996366815302,4,1,2.2788000106811523,6,True,1.0,info,med_low_cloze,0.25,info
205,837.7931931555719,10,13,2.748199939727783,8,True,1.0,lick,med_low_cloze,0.25,lick
218,174.92337611059162,2,6,1.4914000034332275,10,True,1.0,balm,med_low_cloze,0.25,balm
254,401.6232819801162,4,0,3.5051000118255615,3,True,1.0,upon,med_low_cloze,0.25,upon
1406,589.1163778140672,6,2,4.82919979095459,7,True,1.0,over,med_low_cloze,0.25,over
209,759.6954189646783,8,4,3.1835999488830566,5,True,1.0,gosh,med_low_cloze,0.25,gosh
1233,780.0425885097645,8,9,4.285699844360352,6,True,1.0,fuck,med_low_cloze,0.25,fuck
235,683.0750658014294,6,3,1.3009999990463257,8,True,1.0,kiln,med_low_cloze,0.25,kiln
357,768.6889649590715,8,7,2.7874999046325684,7,True,1.0,clay,med_low_cloze,0.25,clay
227,653.8332556636884,6,1,2.8369998931884766,4,True,1.0,blah,med_low_cloze,0.25,blah
1332,72.84408756458825,1,2,2.1522998809814453,5,True,1.0,idle,med_low_cloze,0.25,idle
229,89.18486612441873,1,4,2.322200059890747,8,True,1.0,curb,med_low_cloze,0.25,curb
1487,524.7777947421886,5,4,4.160200119018555,10,True,1.0,damn,med_low_cloze,0.25,damn
232,260.6156218285725,3,13,2.1138999462127686,5,True,1.0,rave,med_low_cloze,0.25,rave
330,670.0410440159116,6,2,2.004300117492676,10,True,1.0,hula,med_low_cloze,0.25,hula
253,698.3336499065006,7,4,1.6232000589370728,5,True,1.0,drab,med_low_cloze,0.25,drab
302,372.64936187754245,3,1,1.0,7,True,1.0,ashy,med_low_cloze,0.25,ashy
242,809.1340485162522,10,10,3.203000068664551,9,True,1.0,bond,med_low_cloze,0.25,bond
837,318.1501567590063,3,1,2.3364999294281006,12,True,1.0,visa,med_low_cloze,0.25,visa
279,645.555647355532,6,1,2.3617000579833984,8,True,1.0,trek,med_low_cloze,0.25,trek
853,778.7370181048616,9,6,3.417099952697754,7,True,1.0,camp,med_low_cloze,0.25,camp
245,156.00195526698434,2,11,2.1461000442504883,7,True,1.0,tame,med_low_cloze,0.25,tame
1417,621.1241771433265,6,4,3.4660000801086426,6,True,1.0,wild,med_low_cloze,0.25,wild
283,65.5389252991532,1,1,2.5011000633239746,8,True,1.0,crib,med_low_cloze,0.25,crib
473,656.0711325321968,7,12,2.506500005722046,9,True,1.0,bunk,med_low_cloze,0.25,bunk
248,177.55987624524204,2,5,2.5762999057769775,11,True,1.0,monk,med_low_cloze,0.25,monk
1415,837.5798403390796,11,16,4.38040018081665,9,True,1.0,hell,med_low_cloze,0.25,hell
306,591.9472076098,5,4,1.8260999917984009,7,True,1.0,duet,med_low_cloze,0.25,duet
986,636.5945851909098,6,2,1.8260999917984009,5,True,1.0,trio,med_low_cloze,0.25,trio
265,807.5736971149435,9,11,1.875100016593933,4,True,1.0,rite,med_low_cloze,0.25,rite
1148,705.6558682220792,6,2,1.579800009727478,9,True,1.0,sect,med_low_cloze,0.25,sect
293,673.3426428773344,6,1,2.6364998817443848,9,True,1.0,drum,med_low_cloze,0.25,drum
708,774.9389387802496,8,6,2.09689998626709,8,True,1.0,gong,med_low_cloze,0.25,gong
289,584.8871087561196,5,3,1.715999960899353,8,True,1.0,perm,med_low_cloze,0.25,perm
522,742.9706714794112,8,5,2.4914000034332275,8,True,1.0,comb,med_low_cloze,0.25,comb
313,789.6125149002712,11,12,2.8041000366210938,6,True,1.0,slap,med_low_cloze,0.25,slap
822,809.795992167673,10,9,3.3183000087738037,7,True,1.0,bite,med_low_cloze,0.25,bite
295,831.1277661084401,10,12,2.0413999557495117,10,True,1.0,lice,med_low_cloze,0.25,lice
712,612.9051428476325,6,6,2.6963999271392822,6,True,1.0,bald,med_low_cloze,0.25,bald
344,254.7223427044636,3,1,1.3802000284194946,4,True,1.0,ajar,med_low_cloze,0.25,ajar
1182,764.910004775682,8,5,4.128900051116943,6,True,1.0,shut,med_low_cloze,0.25,shut
320,777.189181795341,8,4,1.3423999547958374,10,True,1.0,doer,med_low_cloze,0.25,doer
1416,753.674449509989,7,4,3.735100030899048,5,True,1.0,busy,med_low_cloze,0.25,busy
325,782.6070920378513,8,7,3.3385000228881836,4,True,1.0,main,med_low_cloze,0.25,main
486,56.27367846275848,1,1,1.2041000127792358,5,True,1.0,crux,med_low_cloze,0.25,crux
323,828.9621073879325,10,12,2.004300117492676,8,True,1.0,dome,med_low_cloze,0.25,dome
722,839.046973593976,12,15,3.4231998920440674,7,True,1.0,hall,med_low_cloze,0.25,hall
372,593.0209907911176,5,1,3.924299955368042,12,True,1.0,news,med_low_cloze,0.25,news
1484,629.1508428153662,8,3,5.700699806213379,6,True,1.0,what,med_low_cloze,0.25,what
334,762.5076589463215,7,4,1.2553000450134277,11,True,1.0,hemp,med_low_cloze,0.25,hemp
363,827.9885154123361,10,13,1.9589999914169312,9,True,1.0,dill,med_low_cloze,0.25,dill
336,773.0534505528691,9,11,1.7482000589370728,7,True,1.0,gore,med_low_cloze,0.25,gore
907,794.3409546515256,8,5,1.968500018119812,6,True,1.0,clot,med_low_cloze,0.25,clot
343,791.7053041059229,8,8,2.539099931716919,8,True,1.0,loop,med_low_cloze,0.25,loop
497,593.8284382786276,6,2,3.1350998878479004,3,True,1.0,tied,med_low_cloze,0.25,tied
361,824.8884850126727,10,13,2.762700080871582,10,True,1.0,heal,med_low_cloze,0.25,heal
370,650.6727830726503,6,11,3.026900053024292,9,True,1.0,cure,med_low_cloze,0.25,cure
348,733.4564918097497,9,8,1.3221999406814575,8,True,1.0,vise,med_low_cloze,0.25,vise
659,818.0756741937086,10,12,3.287600040435791,7,True,1.0,hook,med_low_cloze,0.25,hook
392,668.1863967838747,6,3,1.8062000274658203,8,True,1.0,kelp,med_low_cloze,0.25,kelp
586,795.8574548421216,8,8,2.3032000064849854,11,True,1.0,clam,med_low_cloze,0.25,clam
349,685.38298860787,8,7,2.1522998809814453,7,True,1.0,woof,med_low_cloze,0.25,woof
1219,657.6471095715075,6,7,1.7482000589370728,5,True,1.0,oink,med_low_cloze,0.25,oink
373,827.6893225358712,11,13,1.924299955368042,6,True,1.0,mast,med_low_cloze,0.25,mast
455,465.2881510026847,5,13,2.3345000743865967,7,True,1.0,hull,med_low_cloze,0.25,hull
374,59.87927456372112,1,4,1.4471999406814575,4,True,1.0,tyke,med_low_cloze,0.25,tyke
748,634.1955214559819,6,2,4.186299800872803,6,True,1.0,kids,med_low_cloze,0.25,kids
382,330.52693713741144,3,5,1.531499981880188,11,True,1.0,blog,med_low_cloze,0.25,blog
710,111.29059019517699,1,15,3.274199962615967,11,True,1.0,mail,med_low_cloze,0.25,mail
393,617.8546204751399,6,9,2.8608999252319336,8,True,1.0,corn,med_low_cloze,0.25,corn
666,692.8182436457093,6,3,2.0253000259399414,11,True,1.0,oats,med_low_cloze,0.25,oats
403,400.4503649425584,4,0,2.6884000301361084,6,True,1.0,envy,med_low_cloze,0.25,envy
492,800.4211367153116,9,10,2.4547998905181885,3,True,1.0,lust,med_low_cloze,0.25,lust
398,762.854766910085,8,4,3.1092000007629395,9,True,1.0,soup,med_low_cloze,0.25,soup
556,94.35931857404125,1,2,2.2014000415802,11,True,1.0,taco,med_low_cloze,0.25,taco
426,396.211758476888,4,7,2.4828999042510986,8,True,1.0,peak,med_low_cloze,0.25,peak
1178,189.4168898290161,2,0,1.6434999704360962,5,True,1.0,apex,med_low_cloze,0.25,apex
408,681.1091760362442,6,3,2.340399980545044,7,True,1.0,turf,med_low_cloze,0.25,turf
553,115.75702043418273,2,4,2.799999952316284,5,True,1.0,lawn,med_low_cloze,0.25,lawn
415,122.40680984908872,2,1,1.579800009727478,12,True,1.0,mono,med_low_cloze,0.25,mono
1173,660.4584828339165,6,2,1.740399956703186,13,True,1.0,aids,med_low_cloze,0.25,aids
411,328.99136435889096,3,5,3.81850004196167,8,True,1.0,poor,med_low_cloze,0.25,poor
968,729.2298233923113,8,9,1.8194999694824219,12,True,1.0,slum,med_low_cloze,0.25,slum
425,685.1840471503967,7,6,1.9138000011444092,14,True,1.0,yarn,med_low_cloze,0.25,yarn
580,827.2021882113979,9,12,1.7633999586105347,9,True,1.0,bead,med_low_cloze,0.25,bead
413,828.5843701264503,10,13,1.3978999853134155,10,True,1.0,pane,med_low_cloze,0.25,pane
882,792.7051944935332,11,11,1.9776999950408936,6,True,1.0,slab,med_low_cloze,0.25,slab
431,674.3809725425318,6,1,4.044600009918213,4,True,1.0,goes,med_low_cloze,0.25,goes
1442,486.4599323695118,6,3,4.634200096130371,5,True,1.0,into,med_low_cloze,0.25,into
423,749.7843962828656,9,7,2.895400047302246,6,True,1.0,flew,med_low_cloze,0.25,flew
1097,254.19888963400894,3,9,1.8976000547409058,6,True,1.0,soar,med_low_cloze,0.25,soar
449,457.39315536383765,5,3,2.591099977493286,4,True,1.0,unto,med_low_cloze,0.25,unto
1460,120.531446219988,2,0,3.058799982070923,8,True,1.0,thou,med_low_cloze,0.25,thou
443,803.6862947420939,9,8,1.4471999406814575,10,True,1.0,musk,med_low_cloze,0.25,musk
861,808.3328022644482,9,8,4.383999824523926,8,True,1.0,shit,med_low_cloze,0.25,shit
446,79.25453862544266,1,3,1.6901999711990356,8,True,1.0,gimp,med_low_cloze,0.25,gimp
1283,753.3923728571981,9,10,3.433000087738037,8,True,1.0,code,med_low_cloze,0.25,code
447,91.80642609726735,1,0,2.439300060272217,9,True,1.0,ammo,med_low_cloze,0.25,ammo
874,745.7413942631289,8,4,3.0852999687194824,9,True,1.0,trap,med_low_cloze,0.25,trap
448,826.1681054904,10,9,2.5464999675750732,8,True,1.0,bolt,med_low_cloze,0.25,bolt
551,727.365012060268,7,10,2.978600025177002,8,True,1.0,nail,med_low_cloze,0.25,nail
461,818.0390780120578,10,13,2.544100046157837,7,True,1.0,bean,med_low_cloze,0.25,bean
667,395.58946270145475,4,0,1.431399941444397,9,True,1.0,okra,med_low_cloze,0.25,okra
471,815.0707010828794,9,8,1.7924000024795532,14,True,1.0,dusk,med_low_cloze,0.25,dusk
1244,78.40253815905325,1,2,1.6232000589370728,3,True,1.0,hazy,med_low_cloze,0.25,hazy
468,757.2822105429514,8,4,1.8920999765396118,6,True,1.0,cram,med_low_cloze,0.25,cram
1355,69.75881573552824,1,0,0.8450999855995178,6,True,1.0,ditz,med_low_cloze,0.25,ditz
485,785.0113570075509,9,7,2.075500011444092,7,True,1.0,flop,med_low_cloze,0.25,flop
1527,629.4982828905888,7,3,1.924299955368042,7,True,1.0,hype,med_low_cloze,0.25,hype
481,614.4534499921972,6,2,1.4914000034332275,6,True,1.0,coed,med_low_cloze,0.25,coed
816,118.34911254756427,2,9,3.295599937438965,9,True,1.0,dean,med_low_cloze,0.25,dean
494,651.2227237019833,6,1,1.6128000020980835,8,True,1.0,saga,med_low_cloze,0.25,saga
1463,409.66394638195106,4,0,2.0827999114990234,7,True,1.0,epic,med_low_cloze,0.25,epic
484,511.1434934499547,5,0,2.340399980545044,6,True,1.0,iced,med_low_cloze,0.25,iced
771,817.4365195693683,10,11,2.0413999557495117,7,True,1.0,rink,med_low_cloze,0.25,rink
520,803.2526810035517,9,6,2.730799913406372,10,True,1.0,goat,med_low_cloze,0.25,goat
803,698.2374001004428,6,3,2.18179988861084,8,True,1.0,calf,med_low_cloze,0.25,calf
509,724.474575951313,8,16,3.7286999225616455,8,True,1.0,ball,med_low_cloze,0.25,ball
674,529.5938535036694,5,4,1.8513000011444092,7,True,1.0,mitt,med_low_cloze,0.25,mitt
574,802.0137187658019,9,9,2.7135000228881836,8,True,1.0,worm,med_low_cloze,0.25,worm
1027,661.2863790035937,6,1,2.1461000442504883,7,True,1.0,grub,med_low_cloze,0.25,grub
515,794.7471353837288,8,9,3.1208999156951904,14,True,1.0,bike,med_low_cloze,0.25,bike
525,787.9078443588356,9,6,2.176100015640259,7,True,1.0,sled,med_low_cloze,0.25,sled
539,805.4230776707163,9,7,3.0048000812530518,8,True,1.0,mask,med_low_cloze,0.25,mask
818,713.0018250999107,7,2,2.18179988861084,7,True,1.0,veil,med_low_cloze,0.25,veil
517,815.9370210580075,10,9,3.015399932861328,9,True,1.0,sand,med_low_cloze,0.25,sand
1065,667.3180262705232,6,3,1.8260999917984009,9,True,1.0,mesa,med_low_cloze,0.25,mesa
588,746.8716867385244,8,8,1.9493999481201172,13,True,1.0,hoof,med_low_cloze,0.25,hoof
635,632.7164333583249,6,7,2.3501999378204346,10,True,1.0,claw,med_low_cloze,0.25,claw
523,774.5792388432419,9,6,2.2945001125335693,9,True,1.0,vase,med_low_cloze,0.25,vase
756,573.5388073850281,5,0,2.2764999866485596,9,True,1.0,arch,med_low_cloze,0.25,arch
540,832.1901848100093,10,14,2.950900077819824,8,True,1.0,tent,med_low_cloze,0.25,tent
594,792.3995373226611,9,9,2.895400047302246,6,True,1.0,hood,med_low_cloze,0.25,hood
552,787.8575851108284,9,6,2.889899969100952,9,True,1.0,soap,med_low_cloze,0.25,soap
973,759.6090977190686,8,7,2.935499906539917,5,True,1.0,wipe,med_low_cloze,0.25,wipe
584,637.5851331698832,6,10,2.664599895477295,9,True,1.0,cart,med_low_cloze,0.25,cart
926,242.1776337859056,3,8,2.2227001190185547,8,True,1.0,reel,med_low_cloze,0.25,reel
558,786.4754411393982,8,5,3.3364999294281006,12,True,1.0,milk,med_low_cloze,0.25,milk
704,688.8280326353026,6,2,0.6990000009536743,12,True,1.0,whey,med_low_cloze,0.25,whey
606,767.7525373037295,8,12,2.7535998821258545,7,True,1.0,nest,med_low_cloze,0.25,nest
809,821.9617324441967,10,10,2.7235000133514404,4,True,1.0,coop,med_low_cloze,0.25,coop
564,740.7951136805983,10,9,3.545599937438965,8,True,1.0,tape,med_low_cloze,0.25,tape
932,699.0775312390876,7,2,2.9586000442504883,9,True,1.0,wrap,med_low_cloze,0.25,wrap
565,818.5797626225043,9,12,3.5201001167297363,10,True,1.0,foot,med_low_cloze,0.25,foot
611,746.0442408486107,9,7,2.198699951171875,6,True,1.0,shin,med_low_cloze,0.25,shin
571,815.7362642275377,10,10,3.0945000648498535,9,True,1.0,belt,med_low_cloze,0.25,belt
724,684.7435108076277,7,10,1.770900011062622,4,True,1.0,sash,med_low_cloze,0.25,sash
577,730.2288578624027,8,5,2.547800064086914,7,True,1.0,crab,med_low_cloze,0.25,crab
879,800.8814765005397,11,13,1.7853000164031982,9,True,1.0,mite,med_low_cloze,0.25,mite
575,218.52027617834233,3,9,2.6542000770568848,8,True,1.0,fork,med_low_cloze,0.25,fork
630,816.0053500573955,9,14,2.1847000122070312,7,True,1.0,rake,med_low_cloze,0.25,rake
787,807.3333548906867,10,8,2.2600998878479004,7,True,1.0,mist,med_low_cloze,0.25,mist
913,131.9833169317263,2,2,1.1138999462127686,7,True,1.0,dewy,med_low_cloze,0.25,dewy
617,696.30020125889,6,1,4.453499794006348,6,True,1.0,girl,med_low_cloze,0.25,girl
862,639.1734628734436,6,2,4.0441999435424805,10,True,1.0,lady,med_low_cloze,0.25,lady
719,762.1016747928888,8,5,2.827399969100952,10,True,1.0,whip,med_low_cloze,0.25,whip
1066,736.2803700972694,8,4,1.5563000440597534,4,True,1.0,prod,med_low_cloze,0.25,prod
639,649.2939994190413,6,5,3.1068999767303467,12,True,1.0,yard,med_low_cloze,0.25,yard
930,693.9516889710197,7,7,4.596499919891357,9,True,1.0,home,med_low_cloze,0.25,home
697,700.0637266781972,7,3,3.5223000049591064,13,True,1.0,film,med_low_cloze,0.25,film
1028,679.5625118933992,8,8,1.6334999799728394,10,True,1.0,skit,med_low_cloze,0.25,skit
643,795.9795248128682,9,10,3.674999952316284,9,True,1.0,ring,med_low_cloze,0.25,ring
644,800.1442774427278,8,9,3.6050000190734863,13,True,1.0,gold,med_low_cloze,0.25,gold
702,621.5269579331181,7,7,1.5184999704360962,8,True,1.0,scab,med_low_cloze,0.25,scab
999,131.85487563360087,2,11,3.072200059890747,9,True,1.0,cast,med_low_cloze,0.25,cast
650,801.1387923823445,9,7,3.116300106048584,6,True,1.0,tank,med_low_cloze,0.25,tank
705,639.8351585134012,5,1,3.6405999660491943,11,True,1.0,army,med_low_cloze,0.25,army
669,797.0171824394394,9,8,3.379699945449829,10,True,1.0,pool,med_low_cloze,0.25,pool
1563,790.7375279349909,8,4,2.6041998863220215,7,True,1.0,mere,med_low_cloze,0.25,mere
679,755.7991959526523,8,9,2.2600998878479004,10,True,1.0,veal,med_low_cloze,0.25,veal
842,424.74430940220265,4,4,1.2788000106811523,6,True,1.0,loin,med_low_cloze,0.25,loin
685,758.0483865054628,7,3,2.2067999839782715,7,True,1.0,duct,med_low_cloze,0.25,duct
693,841.8712125619228,11,13,3.14739990234375,10,True,1.0,wire,med_low_cloze,0.25,wire
687,454.55643850343296,4,3,2.459399938583374,7,True,1.0,tomb,med_low_cloze,0.25,tomb
1047,779.7861924112364,9,7,3.0232999324798584,6,True,1.0,bury,med_low_cloze,0.25,bury
743,735.918555524074,7,10,3.1682000160217285,11,True,1.0,meal,med_low_cloze,0.25,meal
943,772.8831551040709,9,10,2.257699966430664,4,True,1.0,hash,med_low_cloze,0.25,hash
716,820.1463474153372,9,10,4.040999889373779,10,True,1.0,fire,med_low_cloze,0.25,fire
906,783.5998425312838,9,6,2.4828999042510986,9,True,1.0,boil,med_low_cloze,0.25,boil
810,760.7469134467377,9,7,2.2764999866485596,4,True,1.0,prop,med_low_cloze,0.25,prop
1196,680.4762226738301,8,9,1.8194999694824219,7,True,1.0,scat,med_low_cloze,0.25,scat
718,359.44581736874454,4,10,3.4354000091552734,9,True,1.0,band,med_low_cloze,0.25,band
1215,442.5290806298105,4,0,1.6720999479293823,8,True,1.0,opus,med_low_cloze,0.25,opus
762,799.8749812187658,9,11,2.2227001190185547,10,True,1.0,cove,med_low_cloze,0.25,cove
945,123.53247793815441,2,3,2.3838000297546387,8,True,1.0,gulf,med_low_cloze,0.25,gulf
749,767.0724991933203,8,7,3.436500072479248,8,True,1.0,note,med_low_cloze,0.25,note
891,72.85920429084817,1,1,2.528899908065796,8,True,1.0,memo,med_low_cloze,0.25,memo
757,595.6587805600645,5,0,1.3978999853134155,6,True,1.0,suds,med_low_cloze,0.25,suds
854,773.5772138608324,8,11,3.3176000118255615,9,True,1.0,wash,med_low_cloze,0.25,wash
759,827.9832502841728,10,13,2.2788000106811523,9,True,1.0,mink,med_low_cloze,0.25,mink
944,714.4909224019469,7,5,1.6901999711990356,8,True,1.0,pelt,med_low_cloze,0.25,pelt
799,760.7047034583811,9,6,2.8420000076293945,7,True,1.0,chop,med_low_cloze,0.25,chop
997,183.60892320362956,2,4,2.340399980545044,6,True,1.0,trim,med_low_cloze,0.25,trim
768,776.4074509564314,8,8,2.9916999340057373,11,True,1.0,site,med_low_cloze,0.25,site
1079,618.0258896272827,5,0,3.5822999477386475,7,True,1.0,area,med_low_cloze,0.25,area
825,765.9694737743587,8,7,3.187000036239624,8,True,1.0,gang,med_low_cloze,0.25,gang
1162,779.4656701085254,8,8,2.322200059890747,10,True,1.0,clan,med_low_cloze,0.25,clan
817,848.8997447486214,11,18,3.2385001182556152,10,True,1.0,male,med_low_cloze,0.25,male
846,168.0052674315071,2,3,2.2504000663757324,10,True,1.0,womb,med_low_cloze,0.25,womb
1203,698.1042793838249,6,2,2.0413999557495117,6,True,1.0,blur,med_low_cloze,0.25,blur
1298,138.93267474947595,2,8,4.293000221252441,7,True,1.0,seen,med_low_cloze,0.25,seen
823,596.8638876517798,5,0,3.337100028991699,9,True,1.0,papa,med_low_cloze,0.25,papa
826,698.3483360152616,6,1,2.9646999835968018,5,True,1.0,sons,med_low_cloze,0.25,sons
886,738.5661776956283,7,2,1.6720999479293823,10,True,1.0,brie,med_low_cloze,0.25,brie
911,781.2155977771096,9,7,1.3617000579833984,8,True,1.0,curd,med_low_cloze,0.25,curd
855,747.0133890151177,11,10,3.6970999240875244,5,True,1.0,sing,med_low_cloze,0.25,sing
1024,635.8819877318535,7,10,2.973099946975708,9,True,1.0,yell,med_low_cloze,0.25,yell
1072,68.67672373990433,1,2,2.6730000972747803,7,True,1.0,arts,med_low_cloze,0.25,arts
1408,796.8830183292316,9,7,1.9955999851226807,10,True,1.0,muse,med_low_cloze,0.25,muse
857,812.6968345910357,10,12,2.7283999919891357,8,True,1.0,root,med_low_cloze,0.25,root
878,499.07430601996896,5,3,1.973099946975708,6,True,1.0,pulp,med_low_cloze,0.25,pulp
871,729.3595486146363,8,8,4.10830020904541,7,True,1.0,jack,med_low_cloze,0.25,jack
884,788.2725780531684,8,11,2.9121999740600586,11,True,1.0,gear,med_low_cloze,0.25,gear
869,92.62463515029336,1,7,3.436500072479248,10,True,1.0,shop,med_low_cloze,0.25,shop
1154,802.964743595767,9,9,4.609600067138672,7,True,1.0,work,med_low_cloze,0.25,work
983,561.3774010134354,5,18,3.827199935913086,8,True,1.0,beat,med_low_cloze,0.25,beat
1254,804.2625547385372,9,10,2.689300060272217,9,True,1.0,pace,med_low_cloze,0.25,pace
890,192.38811826343849,2,3,2.706700086593628,11,True,1.0,acid,med_low_cloze,0.25,acid
1245,630.8910964628593,6,10,2.4742000102996826,7,True,1.0,sour,med_low_cloze,0.25,sour
947,793.5114923574259,9,8,4.639500141143799,9,True,1.0,talk,med_low_cloze,0.25,talk
1167,642.8006053665754,6,2,2.344399929046631,6,True,1.0,oral,med_low_cloze,0.25,oral
935,846.7095040977074,12,16,2.498300075531006,6,True,1.0,fare,med_low_cloze,0.25,fare
1140,429.99473983714006,4,9,2.2355000972747803,9,True,1.0,toll,med_low_cloze,0.25,toll
1212,539.994686501758,6,2,0.9031000137329102,8,True,1.0,quip,med_low_cloze,0.25,quip
1468,718.700547638621,7,10,1.8387999534606934,8,True,1.0,jest,med_low_cloze,0.25,jest
941,746.9002386666695,8,7,2.799999952316284,7,True,1.0,bump,med_low_cloze,0.25,bump
1221,824.3885825716034,10,13,2.884200096130371,9,True,1.0,sore,med_low_cloze,0.25,sore
1280,116.05473998598598,2,2,2.2788000106811523,5,True,1.0,tidy,med_low_cloze,0.25,tidy
1405,127.65828483430005,2,10,2.803499937057495,8,True,1.0,neat,med_low_cloze,0.25,neat
985,254.17187724132023,3,1,1.857300043106079,6,True,1.0,ogre,med_low_cloze,0.25,ogre
989,148.50561468059976,2,0,1.1761000156402588,8,True,1.0,yeti,med_low_cloze,0.25,yeti
1206,825.1271568391273,12,12,3.588599920272827,6,True,1.0,slow,med_low_cloze,0.25,slow
1440,758.9881796590842,7,7,1.7853000164031982,4,True,1.0,lull,med_low_cloze,0.25,lull
1000,669.4107767381781,6,0,2.178999900817871,8,True,1.0,meow,med_low_cloze,0.25,meow
1043,709.1296778025911,7,4,2.0253000259399414,6,True,1.0,howl,med_low_cloze,0.25,howl
1121,456.92467838078176,4,0,1.8976000547409058,10,True,1.0,guru,med_low_cloze,0.25,guru
1494,491.32105146233755,5,9,3.1623001098632812,10,True,1.0,wise,med_low_cloze,0.25,wise
1020,754.6798902060308,8,8,4.163099765777588,11,True,1.0,five,med_low_cloze,0.25,five
1314,499.57871289065395,4,1,3.039400100708008,8,True,1.0,zero,med_low_cloze,0.25,zero
1218,132.23343732835227,2,7,1.9911999702453613,6,True,1.0,bulk,med_low_cloze,0.25,bulk
1365,106.52084431706817,2,1,4.24429988861084,6,True,1.0,used,med_low_cloze,0.25,used
1075,132.3746608690721,2,3,3.3078999519348145,6,True,1.0,loud,med_low_cloze,0.25,loud
1098,581.1272836001208,6,16,4.452199935913086,4,True,1.0,hear,med_low_cloze,0.25,hear
1360,439.04997953785687,4,0,2.659899950027466,5,True,1.0,obey,med_low_cloze,0.25,obey
1382,786.6409083209771,8,5,3.390199899673462,8,True,1.0,rule,med_low_cloze,0.25,rule
1110,716.7173329237575,8,17,3.0302000045776367,7,True,1.0,mile,med_low_cloze,0.25,mile
1397,389.59954014831703,4,1,1.7782000303268433,4,True,1.0,afar,med_low_cloze,0.25,afar
1328,554.2003069329592,5,1,3.6589999198913574,6,True,1.0,kept,med_low_cloze,0.25,kept
1371,796.6666347978957,9,8,4.2418999671936035,5,True,1.0,took,med_low_cloze,0.25,took
1166,699.7279236557747,7,9,1.3221999406814575,5,True,1.0,doze,med_low_cloze,0.25,doze
1276,815.5868965252687,10,11,4.035900115966797,5,True,1.0,rest,med_low_cloze,0.25,rest
1452,35.73722899019587,1,0,2.9872000217437744,9,True,1.0,odds,med_low_cloze,0.25,odds
1500,91.72495238243133,1,2,1.6812000274658203,4,True,1.0,vary,med_low_cloze,0.25,vary
1214,97.61242450041692,1,12,4.151500225067139,10,True,1.0,year,med_low_cloze,0.25,year
1341,689.4642052099996,6,0,2.983599901199341,11,True,1.0,noel,med_low_cloze,0.25,noel
1344,526.6197059164342,5,5,3.9446001052856445,7,True,1.0,fact,med_low_cloze,0.25,fact
1534,94.77520180034767,2,1,4.111299991607666,5,True,1.0,true,med_low_cloze,0.25,true
1256,562.4081878899565,5,5,3.9179000854492188,6,True,1.0,hour,med_low_cloze,0.25,hour
1263,781.2445004447479,8,7,4.999499797821045,5,True,1.0,time,med_low_cloze,0.25,time
1334,732.6113346041592,7,3,3.7534000873565674,5,True,1.0,less,med_low_cloze,0.25,less
1537,671.9509503088073,7,4,4.695799827575684,6,True,1.0,much,med_low_cloze,0.25,much
1304,804.4006640309378,10,9,1.2553000450134277,5,True,1.0,bonk,med_low_cloze,0.25,bonk
1353,272.78466632290804,3,4,1.9955999851226807,6,True,1.0,wham,med_low_cloze,0.25,wham
1364,825.7983239761664,10,15,4.327899932861328,10,True,1.0,same,med_low_cloze,0.25,same
1533,558.2062934544017,5,1,1.1761000156402588,5,True,1.0,akin,med_low_cloze,0.25,akin
1323,771.3672614960901,8,6,1.4471999406814575,8,True,1.0,dolt,med_low_cloze,0.25,dolt
1325,558.6622088690308,5,0,1.9138000011444092,5,True,1.0,redo,med_low_cloze,0.25,redo
1433,702.2819319435741,7,3,3.9416000843048096,8,True,1.0,glad,med_low_cloze,0.25,glad
1492,579.1706160347482,5,10,4.0391998291015625,9,True,1.0,hate,med_low_cloze,0.25,hate
1358,665.6510662683602,7,10,4.145400047302246,7,True,1.0,lost,med_low_cloze,0.25,lost
1368,792.9368063214121,9,10,4.627200126647949,5,True,1.0,find,med_low_cloze,0.25,find
1439,568.2183013684466,5,7,1.5051000118255615,8,True,1.0,zeal,med_low_cloze,0.25,zeal
1444,734.6139754868029,7,3,1.770900011062622,8,True,1.0,glee,med_low_cloze,0.25,glee
1373,91.76495091139674,1,2,2.460900068283081,5,True,1.0,cozy,med_low_cloze,0.25,cozy
1391,66.27041374020375,1,4,1.8691999912261963,5,True,1.0,snug,med_low_cloze,0.25,snug
1464,795.6171761228318,9,11,5.497300148010254,6,True,1.0,have,med_low_cloze,0.25,have
1501,113.44597379547474,2,9,4.947299957275391,5,True,1.0,been,med_low_cloze,0.25,been
1385,775.2430767091598,8,6,4.671899795532227,8,True,1.0,help,med_low_cloze,0.25,help
1438,861.0426844434332,12,20,4.393599987030029,7,True,1.0,care,med_low_cloze,0.25,care
1401,377.40581355036846,4,12,4.39300012588501,11,True,1.0,mind,med_low_cloze,0.25,mind
1511,599.32100965929,6,4,3.5940001010894775,7,True,1.0,soul,med_low_cloze,0.25,soul
1420,771.2739418786692,8,6,2.8685998916625977,5,True,1.0,foul,med_low_cloze,0.25,foul
1515,84.10056918302891,1,8,2.2899999618530273,6,True,1.0,yuck,med_low_cloze,0.25,yuck
1498,347.81665155612916,3,0,2.5315001010894775,9,True,1.0,urge,med_low_cloze,0.25,urge
1539,89.9016230033258,1,5,2.079200029373169,6,True,1.0,whim,med_low_cloze,0.25,whim
1458,98.44096816926586,1,5,1.8976000547409058,8,True,1.0,ploy,med_low_cloze,0.25,ploy
1554,794.8952919423866,10,8,1.934499979019165,4,True,1.0,ruse,med_low_cloze,0.25,ruse
1531,485.19759865381064,4,3,1.4149999618530273,5,True,1.0,avid,med_low_cloze,0.25,avid
1548,687.1083656976912,7,5,2.359800100326538,5,True,1.0,keen,med_low_cloze,0.25,keen
1,824.6624867166604,10,9,1.6990000009536743,9,True,1.0,pant,med_high_cloze,0.5,pant
261,112.66101715035134,1,5,2.9565999507904053,13,True,1.0,jean,med_high_cloze,0.5,jean
155,751.2179689948646,8,5,2.3578999042510986,7,True,1.0,crow,med_high_cloze,0.5,crow
335,805.969527179221,9,12,2.4547998905181885,10,True,1.0,dove,med_high_cloze,0.5,dove
12,605.77121548562,5,2,2.7809998989105225,14,True,1.0,frog,med_high_cloze,0.5,frog
442,635.0521411705192,6,4,1.8387999534606934,10,True,1.0,newt,med_high_cloze,0.5,newt
135,80.48132712743421,1,1,3.0183000564575195,10,True,1.0,earl,med_high_cloze,0.5,earl
972,273.86659183027706,3,7,3.1064999103546143,13,True,1.0,duke,med_high_cloze,0.5,duke
214,54.36567904032919,1,0,2.835700035095215,8,True,1.0,exam,med_high_cloze,0.5,exam
992,117.59566985497247,2,12,3.6324000358581543,11,True,1.0,test,med_high_cloze,0.5,test
157,752.1620901917954,8,8,1.5563000440597534,12,True,1.0,fowl,med_high_cloze,0.5,fowl
514,760.2772368048842,7,1,3.365299940109253,11,True,1.0,bird,med_high_cloze,0.5,bird
542,563.9556173220666,5,8,2.542799949645996,15,True,1.0,swan,med_high_cloze,0.5,swan
603,414.4799157049938,4,14,3.1017000675201416,15,True,1.0,duck,med_high_cloze,0.5,duck
2,659.8679374164997,7,5,2.637500047683716,10,True,1.0,robe,med_high_cloze,0.5,robe
781,753.015670436566,8,11,2.4547998905181885,11,True,1.0,vest,med_high_cloze,0.5,vest
146,72.50733584922206,1,1,1.6434999704360962,11,True,1.0,zinc,med_high_cloze,0.5,zinc
938,139.3458520158003,2,12,3.6280999183654785,16,True,1.0,lead,med_high_cloze,0.5,lead
369,109.17680533869479,2,4,2.004300117492676,10,True,1.0,barf,med_high_cloze,0.5,barf
755,157.41679934884814,2,5,2.5051000118255615,10,True,1.0,puke,med_high_cloze,0.5,puke
246,97.12885421173038,1,1,2.8608999252319336,9,True,1.0,debt,med_high_cloze,0.5,debt
1080,127.66178175548723,2,6,3.00600004196167,9,True,1.0,loan,med_high_cloze,0.5,loan
441,789.8278755536883,10,11,2.5262999534606934,10,True,1.0,mice,med_high_cloze,0.5,mice
905,328.4449469976722,3,5,2.176100015640259,13,True,1.0,puss,med_high_cloze,0.5,puss
422,85.3077639483803,1,1,2.8942999839782715,16,True,1.0,lion,med_high_cloze,0.5,lion
616,86.54004498951817,1,1,0.9031000137329102,9,True,1.0,puma,med_high_cloze,0.5,puma
721,554.8813025996934,6,4,1.5563000440597534,11,True,1.0,axes,med_high_cloze,0.5,axes
963,610.1083850482795,6,3,1.2303999662399292,9,True,1.0,maul,med_high_cloze,0.5,maul
439,411.62513919013156,4,7,1.9138000011444092,8,True,1.0,stag,med_high_cloze,0.5,stag
723,115.6000284211627,1,11,3.2360000610351562,11,True,1.0,buck,med_high_cloze,0.5,buck
566,168.76465710232867,2,12,3.4321999549865723,11,True,1.0,rose,med_high_cloze,0.5,rose
711,110.63270952371508,2,1,3.13700008392334,10,True,1.0,lily,med_high_cloze,0.5,lily
573,122.83617911993895,2,6,2.767199993133545,16,True,1.0,dish,med_high_cloze,0.5,dish
599,180.31034833106966,2,6,3.039400100708008,9,True,1.0,bowl,med_high_cloze,0.5,bowl
1117,130.3482599045673,2,3,4.0991997718811035,9,True,1.0,hurt,med_high_cloze,0.5,hurt
1152,135.06413716809095,2,7,3.6986000537872314,13,True,1.0,pain,med_high_cloze,0.5,pain
576,243.32593585383233,3,5,2.617000102996826,11,True,1.0,pony,med_high_cloze,0.5,pony
680,164.18563670402375,2,18,2.1731998920440674,13,True,1.0,mare,med_high_cloze,0.5,mare
8,91.49774205039527,1,6,2.1238999366760254,7,True,1.0,gram,med_high_cloze,0.5,gram
1239,152.03982733882827,2,4,1.9084999561309814,10,True,1.0,kilo,med_high_cloze,0.5,kilo
620,95.94709376563347,1,6,3.200900077819824,10,True,1.0,bath,med_high_cloze,0.5,bath
684,463.41696416598796,5,12,2.936500072479248,8,True,1.0,sink,med_high_cloze,0.5,sink
946,813.7129129178318,9,11,1.7559000253677368,13,True,1.0,gull,med_high_cloze,0.5,gull
1261,838.578675444038,11,15,1.5681999921798706,9,True,1.0,coot,med_high_cloze,0.5,coot
623,108.8184209493734,1,10,2.789599895477295,14,True,1.0,dime,med_high_cloze,0.5,dime
909,170.41895990163894,2,10,2.684799909591675,12,True,1.0,cent,med_high_cloze,0.5,cent
118,37.801790441558175,0,0,2.433000087738037,7,True,1.0,nova,med_high_cloze,0.5,nova
709,92.42869619463228,1,9,3.618000030517578,13,True,1.0,star,med_high_cloze,0.5,star
1437,463.0335924096133,5,16,1.544100046157837,9,True,1.0,lore,med_high_cloze,0.5,lore
1466,501.16357512088507,5,3,2.547800064086914,6,True,1.0,myth,med_high_cloze,0.5,myth
270,703.2766767312676,8,7,2.285599946975708,10,True,1.0,pact,med_high_cloze,0.5,pact
1255,130.3555669881344,2,14,4.124899864196777,11,True,1.0,deal,med_high_cloze,0.5,deal
41,139.29172177875284,2,7,2.6989998817443848,12,True,1.0,silk,med_high_cloze,0.5,silk
610,106.16641471666124,1,6,2.2095000743865967,9,True,1.0,wool,med_high_cloze,0.5,wool
1251,114.2901430477862,2,10,2.761899948120117,8,True,1.0,rage,med_high_cloze,0.5,rage
1311,341.5467075506962,4,2,2.29229998588562,8,True,1.0,fury,med_high_cloze,0.5,fury
510,391.038041154847,4,3,3.629300117492676,14,True,1.0,fish,med_high_cloze,0.5,fish
585,82.35006109136518,1,2,2.6117000579833984,12,True,1.0,tuna,med_high_cloze,0.5,tuna
910,91.29451514943274,1,4,1.857300043106079,8,True,1.0,wept,med_high_cloze,0.5,wept
1150,414.71225179140055,4,3,1.462399959564209,7,True,1.0,bawl,med_high_cloze,0.5,bawl
937,56.249927512449595,0,8,3.8190999031066895,7,True,1.0,king,med_high_cloze,0.5,king
1003,59.58480038209874,1,1,1.3009999990463257,9,True,1.0,tsar,med_high_cloze,0.5,tsar
22,103.97229613994311,1,5,2.4065001010894775,12,True,1.0,herb,med_high_cloze,0.5,herb
241,702.0049851667922,7,12,1.954200029373169,11,True,1.0,sage,med_high_cloze,0.5,sage
26,65.25924724048846,1,5,2.3784000873565674,10,True,1.0,limb,med_high_cloze,0.5,limb
692,112.07439258625043,2,7,4.154200077056885,11,True,1.0,hand,med_high_cloze,0.5,hand
30,62.345116618337855,1,2,1.9911999702453613,11,True,1.0,knit,med_high_cloze,0.5,knit
1034,101.41835906493726,1,2,1.8260999917984009,10,True,1.0,sewn,med_high_cloze,0.5,sewn
57,81.69944841542784,1,7,2.7723000049591064,11,True,1.0,plot,med_high_cloze,0.5,plot
1222,136.71251737439812,2,13,2.7874999046325684,11,True,1.0,tale,med_high_cloze,0.5,tale
61,469.21746978279054,5,7,1.9589999914169312,6,True,1.0,dung,med_high_cloze,0.5,dung
138,243.80838464317307,3,7,3.4986000061035156,7,True,1.0,crap,med_high_cloze,0.5,crap
62,425.04094664007624,4,0,0.3009999990463257,8,True,1.0,lynx,med_high_cloze,0.5,lynx
595,821.8012052685593,10,16,2.29229998588562,8,True,1.0,hare,med_high_cloze,0.5,hare
275,34.97489184376278,1,0,0.9031000137329102,13,True,1.0,ovum,med_high_cloze,0.5,ovum
821,110.60367158378946,1,10,3.4428999423980713,11,True,1.0,cell,med_high_cloze,0.5,cell
92,146.90441460975148,2,11,2.609600067138672,10,True,1.0,tuck,med_high_cloze,0.5,tuck
1287,277.2952658245082,3,9,2.851300001144409,8,True,1.0,darn,med_high_cloze,0.5,darn
240,222.5787721783193,2,4,2.478600025177002,11,True,1.0,glue,med_high_cloze,0.5,glue
815,37.75669054039065,1,1,1.0,14,True,1.0,inks,med_high_cloze,0.5,inks
141,105.75533982467991,1,10,2.5694000720977783,10,True,1.0,tick,med_high_cloze,0.5,tick
587,154.05477733713255,2,5,2.2304000854492188,8,True,1.0,flea,med_high_cloze,0.5,flea
213,25.34074142965976,1,0,1.2553000450134277,11,True,1.0,onyx,med_high_cloze,0.5,onyx
836,695.3417364608712,6,3,2.4149999618530273,9,True,1.0,jade,med_high_cloze,0.5,jade
142,370.2207023514107,4,1,2.56469988822937,12,True,1.0,glen,med_high_cloze,0.5,glen
549,189.7255049034507,2,12,3.282399892807007,13,True,1.0,hill,med_high_cloze,0.5,hill
170,135.1833147346494,2,9,2.2095000743865967,9,True,1.0,funk,med_high_cloze,0.5,funk
196,50.46763050369023,1,0,2.784600019454956,9,True,1.0,jazz,med_high_cloze,0.5,jazz
178,117.45050918680322,2,10,2.8578999042510986,10,True,1.0,bush,med_high_cloze,0.5,bush
511,128.5636177570377,2,4,3.5206000804901123,15,True,1.0,tree,med_high_cloze,0.5,tree
294,125.08033937365049,2,6,2.599900007247925,11,True,1.0,soil,med_high_cloze,0.5,soil
602,111.17141728458834,2,3,3.1175999641418457,5,True,1.0,dirt,med_high_cloze,0.5,dirt
186,715.8271556118086,7,3,2.734800100326538,12,True,1.0,lamb,med_high_cloze,0.5,lamb
608,823.396468955887,10,11,2.648400068283081,10,True,1.0,deer,med_high_cloze,0.5,deer
384,237.8025131377032,3,1,2.8006999492645264,7,True,1.0,inch,med_high_cloze,0.5,inch
1291,752.857765201919,10,8,2.0085999965667725,4,True,1.0,span,med_high_cloze,0.5,span
191,411.57160979154986,4,7,2.164400100708008,8,True,1.0,moss,med_high_cloze,0.5,moss
524,100.34627797254758,1,0,2.2147998809814453,9,True,1.0,fern,med_high_cloze,0.5,fern
266,117.86570229496655,2,7,1.8920999765396118,9,True,1.0,haze,med_high_cloze,0.5,haze
488,53.92016364331173,1,1,1.7482000589370728,9,True,1.0,smog,med_high_cloze,0.5,smog
230,696.6255144235236,7,8,1.924299955368042,10,True,1.0,lark,med_high_cloze,0.5,lark
470,685.3231307499798,6,1,1.3009999990463257,6,True,1.0,wren,med_high_cloze,0.5,wren
405,90.78811808991775,1,2,1.6720999479293823,11,True,1.0,acne,med_high_cloze,0.5,acne
1242,50.915723597822684,1,2,2.330399990081787,11,True,1.0,itch,med_high_cloze,0.5,itch
233,637.061805225727,6,7,2.3385000228881836,7,True,1.0,lure,med_high_cloze,0.5,lure
271,101.14581473567407,1,3,2.6963999271392822,6,True,1.0,bait,med_high_cloze,0.5,bait
314,412.89226209175996,4,3,2.749000072479248,11,True,1.0,shed,med_high_cloze,0.5,shed
654,238.02610514392396,3,8,4.350599765777588,15,True,1.0,room,med_high_cloze,0.5,room
251,130.9385755134827,2,6,1.462399959564209,11,True,1.0,kale,med_high_cloze,0.5,kale
559,110.62998335634657,2,8,1.2041000127792358,9,True,1.0,leek,med_high_cloze,0.5,leek
548,170.76718347173568,2,9,3.688999891281128,14,True,1.0,boat,med_high_cloze,0.5,boat
597,79.77618082533118,1,8,3.7028000354766846,10,True,1.0,ship,med_high_cloze,0.5,ship
285,676.188687523264,7,10,2.841399908065796,8,True,1.0,barn,med_high_cloze,0.5,barn
880,99.86009562958341,1,5,1.6901999711990356,9,True,1.0,silo,med_high_cloze,0.5,silo
25,103.88499712463924,1,10,1.544100046157837,8,True,1.0,mope,med_high_cloze,0.5,mope
1474,54.79484602066302,1,5,1.7243000268936157,8,True,1.0,glum,med_high_cloze,0.5,glum
319,692.4054979115892,7,5,1.8691999912261963,8,True,1.0,wasp,med_high_cloze,0.5,wasp
696,98.35621950130653,1,5,2.436199903488159,13,True,1.0,bees,med_high_cloze,0.5,bees
505,191.32269516891097,2,0,1.6128000020980835,11,True,1.0,kiwi,med_high_cloze,0.5,kiwi
626,74.4818642744473,1,5,2.243000030517578,12,True,1.0,plum,med_high_cloze,0.5,plum
454,53.05158609642598,1,3,1.3617000579833984,10,True,1.0,oxen,med_high_cloze,0.5,oxen
621,110.93524157362947,1,12,3.14739990234375,8,True,1.0,bull,med_high_cloze,0.5,bull
545,76.20689147043788,1,0,2.2227001190185547,14,True,1.0,mayo,med_high_cloze,0.5,mayo
736,196.47395711882808,2,9,1.2553000450134277,10,True,1.0,slaw,med_high_cloze,0.5,slaw
544,115.07238761563656,2,9,2.413300037384033,10,True,1.0,cafe,med_high_cloze,0.5,cafe
763,88.14441507637467,1,1,2.037400007247925,7,True,1.0,deli,med_high_cloze,0.5,deli
114,566.0676458363362,5,1,3.904400110244751,8,True,1.0,whoa,med_high_cloze,0.5,whoa
1483,55.18568362746795,1,1,2.7458999156951904,6,True,1.0,oops,med_high_cloze,0.5,oops
578,113.49188195693179,2,3,2.510499954223633,9,True,1.0,pond,med_high_cloze,0.5,pond
592,122.13790796130759,2,13,3.2641000747680664,9,True,1.0,lake,med_high_cloze,0.5,lake
174,83.82825754859286,1,2,2.5211000442504883,13,True,1.0,riot,med_high_cloze,0.5,riot
877,63.08339982116213,1,3,2.2528998851776123,11,True,1.0,thug,med_high_cloze,0.5,thug
590,122.83057970831105,2,11,3.585599899291992,12,True,1.0,beer,med_high_cloze,0.5,beer
1338,813.6129743448967,9,15,3.514899969100952,11,True,1.0,sake,med_high_cloze,0.5,sake
695,80.19222976556986,0,12,2.7809998989105225,15,True,1.0,pill,med_high_cloze,0.5,pill
798,59.251771876252086,1,2,3.36299991607666,12,True,1.0,drug,med_high_cloze,0.5,drug
596,124.67696903794783,2,10,4.168700218200684,9,True,1.0,face,med_high_cloze,0.5,face
676,186.96604758636923,2,11,4.277599811553955,9,True,1.0,head,med_high_cloze,0.5,head
144,120.35898420528997,2,6,1.8194999694824219,6,True,1.0,posh,med_high_cloze,0.5,posh
1347,83.92040449207346,1,5,2.0492000579833984,7,True,1.0,snob,med_high_cloze,0.5,snob
744,782.1359767200113,9,11,2.613800048828125,12,True,1.0,rash,med_high_cloze,0.5,rash
830,151.92141380915777,2,10,1.0,9,True,1.0,welt,med_high_cloze,0.5,welt
958,108.69848673957884,1,9,3.536799907684326,8,True,1.0,nine,med_high_cloze,0.5,nine
1188,90.08936042448627,1,6,4.115499973297119,9,True,1.0,four,med_high_cloze,0.5,four
751,69.14662530316784,0,8,2.4377999305725098,6,True,1.0,peel,med_high_cloze,0.5,peel
805,76.80618794106292,1,9,1.1761000156402588,6,True,1.0,rind,med_high_cloze,0.5,rind
1367,75.0875438078672,1,10,2.4969000816345215,6,True,1.0,scam,med_high_cloze,0.5,scam
1456,115.65914179795614,2,4,1.531499981880188,6,True,1.0,dupe,med_high_cloze,0.5,dupe
838,96.32120474048992,1,6,2.1875,10,True,1.0,boob,med_high_cloze,0.5,boob
843,173.2991349388185,2,13,1.2303999662399292,7,True,1.0,teat,med_high_cloze,0.5,teat
71,68.63683608176062,1,4,1.6812000274658203,10,True,1.0,spud,med_high_cloze,0.5,spud
698,73.50364069983378,1,7,3.0220000743865967,9,True,1.0,chip,med_high_cloze,0.5,chip
23,103.61579229758976,1,18,1.079200029373169,8,True,1.0,sear,med_high_cloze,0.5,sear
903,164.64531860298564,2,13,2.510499954223633,9,True,1.0,bake,med_high_cloze,0.5,bake
152,53.45865851443244,0,8,2.0569000244140625,4,True,1.0,goof,med_high_cloze,0.5,goof
1108,36.297138538448436,1,2,1.544100046157837,8,True,1.0,typo,med_high_cloze,0.5,typo
40,105.67277102434483,1,12,1.5563000440597534,11,True,1.0,gash,med_high_cloze,0.5,gash
931,95.81860368282472,1,6,3.4498000144958496,7,True,1.0,burn,med_high_cloze,0.5,burn
49,497.2310631154936,5,13,2.2279000282287598,11,True,1.0,lime,med_high_cloze,0.5,lime
557,138.64152507258365,2,13,1.8387999534606934,10,True,1.0,pear,med_high_cloze,0.5,pear
46,602.3983938404316,5,1,3.4149999618530273,6,True,1.0,duty,med_high_cloze,0.5,duty
1461,132.9848537618229,2,12,2.9684998989105225,8,True,1.0,role,med_high_cloze,0.5,role
305,71.11759351559357,1,2,3.380199909210205,7,True,1.0,plus,med_high_cloze,0.5,plus
375,96.58064039078337,1,6,2.4518001079559326,8,True,1.0,grid,med_high_cloze,0.5,grid
47,149.45791382971817,2,13,1.579800009727478,5,True,1.0,hone,med_high_cloze,0.5,hone
364,69.74215418140635,0,4,0.7781999707221985,10,True,1.0,rasp,med_high_cloze,0.5,rasp
195,255.00010486476808,3,2,1.8451000452041626,8,True,1.0,alto,med_high_cloze,0.5,alto
1105,55.84700172336471,1,1,1.8976000547409058,8,True,1.0,diva,med_high_cloze,0.5,diva
159,826.8747510962663,11,16,2.7551000118255615,10,True,1.0,boot,med_high_cloze,0.5,boot
609,115.81847691821383,2,7,2.577500104904175,6,True,1.0,heel,med_high_cloze,0.5,heel
162,52.727929650998384,1,0,3.1201999187469482,12,True,1.0,taxi,med_high_cloze,0.5,taxi
475,74.25821045445932,1,1,2.5933001041412354,12,True,1.0,auto,med_high_cloze,0.5,auto
161,145.68695526222183,2,4,1.6901999711990356,9,True,1.0,font,med_high_cloze,0.5,font
163,66.63671596276247,1,4,3.490499973297119,5,True,1.0,type,med_high_cloze,0.5,type
203,73.65944071199814,1,2,2.3032000064849854,13,True,1.0,bulb,med_high_cloze,0.5,bulb
534,104.58170865406814,1,8,2.81820011138916,11,True,1.0,lamp,med_high_cloze,0.5,lamp
185,45.42196470276397,0,0,1.2788000106811523,12,True,1.0,oboe,med_high_cloze,0.5,oboe
277,139.93354964841097,2,7,2.1303000450134277,11,True,1.0,harp,med_high_cloze,0.5,harp
342,63.868629201808666,1,0,1.9031000137329102,8,True,1.0,luau,med_high_cloze,0.5,luau
1093,139.14869217098027,2,13,1.8451000452041626,10,True,1.0,fest,med_high_cloze,0.5,fest
202,116.56210554254001,2,4,1.986799955368042,9,True,1.0,moan,med_high_cloze,0.5,moan
273,72.75838029343458,1,3,0.9031000137329102,6,True,1.0,yelp,med_high_cloze,0.5,yelp
346,80.91553830417,1,6,2.672100067138672,9,True,1.0,hint,med_high_cloze,0.5,hint
480,63.2582580448122,1,3,2.9537999629974365,7,True,1.0,clue,med_high_cloze,0.5,clue
210,112.6703389877855,2,7,2.037400007247925,11,True,1.0,snot,med_high_cloze,0.5,snot
581,111.94797405540126,2,10,3.5511999130249023,11,True,1.0,nose,med_high_cloze,0.5,nose
221,72.98154224941644,1,2,1.7243000268936157,9,True,1.0,opal,med_high_cloze,0.5,opal
671,473.7194441225437,4,0,2.783900022506714,11,True,1.0,ruby,med_high_cloze,0.5,ruby
234,57.2227846743535,0,3,3.0980000495910645,6,True,1.0,path,med_high_cloze,0.5,path
677,110.06838687043481,2,5,3.7565999031066895,11,True,1.0,road,med_high_cloze,0.5,road
244,154.44484762893725,2,5,2.9014999866485596,12,True,1.0,tune,med_high_cloze,0.5,tune
961,227.52678404947565,3,0,1.924299955368042,10,True,1.0,hymn,med_high_cloze,0.5,hymn
282,109.38333045260165,1,9,2.730799913406372,10,True,1.0,pork,med_high_cloze,0.5,pork
683,109.17630844665348,1,6,3.0025999546051025,13,True,1.0,beef,med_high_cloze,0.5,beef
440,519.5368579394064,5,4,2.613800048828125,11,True,1.0,tray,med_high_cloze,0.5,tray
990,820.9510971281339,11,13,4.1585001945495605,10,True,1.0,case,med_high_cloze,0.5,case
297,313.27899304535305,3,10,2.3559999465942383,6,True,1.0,vile,med_high_cloze,0.5,vile
1543,94.4179503256766,1,8,5.124199867248535,12,True,1.0,good,med_high_cloze,0.5,good
507,189.9681284134343,2,8,1.8260999917984009,9,True,1.0,tush,med_high_cloze,0.5,tush
860,386.71873222403667,4,12,5.0106000900268555,8,True,1.0,back,med_high_cloze,0.5,back
299,57.87688504640389,1,0,1.9031000137329102,7,True,1.0,quad,med_high_cloze,0.5,quad
651,93.19288698370113,1,7,2.7202000617980957,9,True,1.0,jeep,med_high_cloze,0.5,jeep
367,549.652266958184,5,3,1.6232000589370728,8,True,1.0,clog,med_high_cloze,0.5,clog
561,812.7087038546136,10,11,2.661799907684326,8,True,1.0,sock,med_high_cloze,0.5,sock
301,129.05950863230547,2,10,1.7323999404907227,10,True,1.0,mead,med_high_cloze,0.5,mead
657,121.77584483295126,2,16,3.4883999824523926,7,True,1.0,wine,med_high_cloze,0.5,wine
499,64.84369642860871,1,5,1.8691999912261963,8,True,1.0,spur,med_high_cloze,0.5,spur
936,84.00823524099887,1,2,1.968500018119812,10,True,1.0,trot,med_high_cloze,0.5,trot
362,84.49848701028071,1,1,1.0,5,True,1.0,cyan,med_high_cloze,0.5,cyan
1068,342.0523179646601,3,3,3.717900037765503,7,True,1.0,blue,med_high_cloze,0.5,blue
365,279.77441743061553,3,5,2.307499885559082,8,True,1.0,mutt,med_high_cloze,0.5,mutt
513,433.4331364140777,4,2,3.4321999549865723,10,True,1.0,dogs,med_high_cloze,0.5,dogs
368,564.3155572817623,6,11,2.819499969482422,9,True,1.0,sack,med_high_cloze,0.5,sack
841,143.5247788765226,2,6,1.7482000589370728,12,True,1.0,tote,med_high_cloze,0.5,tote
717,142.3165104206104,2,13,3.7811999320983887,13,True,1.0,bill,med_high_cloze,0.5,bill
1156,98.30273203999941,1,13,3.246299982070923,10,True,1.0,rent,med_high_cloze,0.5,rent
376,85.25410980666217,1,5,2.989000082015991,7,True,1.0,bout,med_high_cloze,0.5,bout
1124,107.5116671041607,1,13,3.4993999004364014,12,True,1.0,race,med_high_cloze,0.5,race
814,56.03723831094317,1,0,1.2303999662399292,8,True,1.0,gyro,med_high_cloze,0.5,gyro
827,434.91884245301907,4,6,2.517199993133545,7,True,1.0,stew,med_high_cloze,0.5,stew
388,788.0227538601182,9,7,1.6021000146865845,6,True,1.0,carp,med_high_cloze,0.5,carp
495,124.70733981794667,2,10,2.3710999488830566,9,True,1.0,pike,med_high_cloze,0.5,pike
528,777.9113407735384,8,5,3.544100046157837,11,True,1.0,suit,med_high_cloze,0.5,suit
750,708.3387167656635,7,3,2.5250000953674316,7,True,1.0,gown,med_high_cloze,0.5,gown
419,76.83836120901732,1,3,2.7258999347686768,13,True,1.0,plug,med_high_cloze,0.5,plug
774,122.10948210567219,2,4,2.396199941635132,11,True,1.0,fuse,med_high_cloze,0.5,fuse
529,122.56516013661789,2,2,3.4844000339508057,9,True,1.0,arms,med_high_cloze,0.5,arms
655,86.67749557030332,1,3,3.998800039291382,10,True,1.0,body,med_high_cloze,0.5,body
458,173.99501593938635,2,3,2.359800100326538,8,True,1.0,loaf,med_high_cloze,0.5,loaf
883,78.06679249776991,1,1,1.7633999586105347,12,True,1.0,pita,med_high_cloze,0.5,pita
619,89.04622495380626,1,6,3.2040998935699463,11,True,1.0,snow,med_high_cloze,0.5,snow
866,122.91079809131679,2,13,2.7881999015808105,9,True,1.0,hail,med_high_cloze,0.5,hail
493,153.34323006343058,2,17,1.3978999853134155,10,True,1.0,pore,med_high_cloze,0.5,pore
658,88.03449599548142,1,7,3.351599931716919,14,True,1.0,skin,med_high_cloze,0.5,skin
872,58.47330989624281,1,0,3.7235000133514404,10,True,1.0,mama,med_high_cloze,0.5,mama
916,85.95825374918584,1,5,3.4495999813079834,11,True,1.0,aunt,med_high_cloze,0.5,aunt
532,91.04270308353173,1,3,3.1905999183654785,12,True,1.0,shoe,med_high_cloze,0.5,shoe
1015,740.9297430960894,8,5,3.2790000438690186,4,True,1.0,pair,med_high_cloze,0.5,pair
613,72.93050422064798,1,0,2.139899969100952,10,True,1.0,tofu,med_high_cloze,0.5,tofu
1469,182.98148926404198,2,1,1.5184999704360962,9,True,1.0,idly,med_high_cloze,0.5,idly
591,807.3313455289294,12,19,3.4667000770568848,8,True,1.0,bear,med_high_cloze,0.5,bear
661,92.05659564323815,1,2,3.014899969100952,8,True,1.0,wolf,med_high_cloze,0.5,wolf
1137,65.31303482584205,1,0,3.3922998905181885,3,True,1.0,huge,med_high_cloze,0.5,huge
1475,86.34843451639959,1,8,2.4941999912261963,8,True,1.0,vast,med_high_cloze,0.5,vast
605,116.87751058457198,2,12,2.8864998817443848,7,True,1.0,rice,med_high_cloze,0.5,rice
804,81.15875405714542,1,3,1.8324999809265137,9,True,1.0,bran,med_high_cloze,0.5,bran
634,699.8956474337099,7,10,2.456399917602539,6,True,1.0,poop,med_high_cloze,0.5,poop
976,65.9418473090317,1,3,2.1522998809814453,8,True,1.0,turd,med_high_cloze,0.5,turd
624,785.2500919479562,11,11,2.2788000106811523,11,True,1.0,lace,med_high_cloze,0.5,lace
1275,140.13514704033372,2,7,3.7862000465393066,8,True,1.0,felt,med_high_cloze,0.5,felt
656,63.0452358205868,1,2,3.935800075531006,10,True,1.0,city,med_high_cloze,0.5,city
730,66.54759207982045,1,3,4.101900100708008,11,True,1.0,town,med_high_cloze,0.5,town
629,219.98495003711258,2,4,3.437299966812134,8,True,1.0,bomb,med_high_cloze,0.5,bomb
977,66.8919401552047,1,3,2.086400032043457,12,True,1.0,nuke,med_high_cloze,0.5,nuke
670,404.5468103907123,4,6,3.083899974822998,15,True,1.0,deck,med_high_cloze,0.5,deck
775,74.66644219390433,1,4,3.7820000648498535,7,True,1.0,step,med_high_cloze,0.5,step
636,670.6024196602932,6,2,1.3617000579833984,6,True,1.0,gnat,med_high_cloze,0.5,gnat
714,99.49875970260325,1,4,2.06820011138916,12,True,1.0,moth,med_high_cloze,0.5,moth
731,52.50714350814563,0,3,3.338900089263916,10,True,1.0,jury,med_high_cloze,0.5,jury
1025,98.23926468352752,1,14,2.9474000930786133,10,True,1.0,bail,med_high_cloze,0.5,bail
642,723.3420227653515,7,3,4.173099994659424,11,True,1.0,door,med_high_cloze,0.5,door
758,108.21624876545839,1,13,1.3802000284194946,7,True,1.0,sill,med_high_cloze,0.5,sill
646,401.2134794509111,4,17,3.3615000247955322,8,True,1.0,cake,med_high_cloze,0.5,cake
956,97.83401329677457,1,7,1.9394999742507935,11,True,1.0,flan,med_high_cloze,0.5,flan
673,81.3888584894414,1,4,2.4914000034332275,11,True,1.0,bats,med_high_cloze,0.5,bats
832,184.04757134122548,2,13,2.6149001121520996,8,True,1.0,mole,med_high_cloze,0.5,mole
981,107.63199015468565,1,7,4.396299839019775,11,True,1.0,show,med_high_cloze,0.5,show
1216,100.30613055539389,1,5,4.257199764251709,8,True,1.0,play,med_high_cloze,0.5,play
729,147.25499829093764,2,12,3.4602999687194824,9,True,1.0,lock,med_high_cloze,0.5,lock
1176,117.50009924403757,2,8,3.863600015640259,14,True,1.0,safe,med_high_cloze,0.5,safe
19,36.1197563039392,1,1,4.02239990234375,3,True,1.0,also,med_high_cloze,0.5,also
1564,63.38018022609242,1,3,2.7987000942230225,4,True,1.0,thus,med_high_cloze,0.5,thus
735,79.8691533516173,1,3,2.3784000873565674,9,True,1.0,lens,med_high_cloze,0.5,lens
1258,84.099050183914,1,4,2.2600998878479004,5,True,1.0,zoom,med_high_cloze,0.5,zoom
9,56.81736377387663,1,1,0.8450999855995178,9,True,1.0,clef,med_high_cloze,0.5,clef
728,107.83740464932161,1,11,3.756500005722046,10,True,1.0,mike,med_high_cloze,0.5,mike
740,69.21418169327816,1,4,2.0827999114990234,13,True,1.0,meth,med_high_cloze,0.5,meth
1286,196.53312388644096,2,14,2.914299964904785,6,True,1.0,dope,med_high_cloze,0.5,dope
1088,207.73250361830554,2,5,4.557199954986572,9,True,1.0,stop,med_high_cloze,0.5,stop
1184,664.7363398705912,7,5,2.7604000568389893,6,True,1.0,halt,med_high_cloze,0.5,halt
778,66.97173138593794,1,2,2.3578999042510986,12,True,1.0,yoga,med_high_cloze,0.5,yoga
1230,93.16637462454491,1,5,3.266700029373169,8,True,1.0,pray,med_high_cloze,0.5,pray
1236,647.5112656044229,6,4,2.7339999675750732,9,True,1.0,fund,med_high_cloze,0.5,fund
1330,66.34250559999916,1,1,3.6129000186920166,9,True,1.0,rich,med_high_cloze,0.5,rich
1031,112.05359883764784,2,11,3.8220999240875244,7,True,1.0,cold,med_high_cloze,0.5,cold
1134,793.035425949188,9,9,3.4249000549316406,4,True,1.0,warm,med_high_cloze,0.5,warm
4,136.3782408704688,2,10,2.444000005722046,8,True,1.0,mint,med_high_cloze,0.5,mint
638,79.11587247585004,1,0,1.2041000127792358,11,True,1.0,aloe,med_high_cloze,0.5,aloe
1372,78.24954315272984,1,4,2.9047000408172607,7,True,1.0,hers,med_high_cloze,0.5,hers
1428,54.74090122497692,1,5,5.5167999267578125,4,True,1.0,your,med_high_cloze,0.5,your
24,71.79405208132816,1,1,3.22189998626709,8,True,1.0,ally,med_high_cloze,0.5,ally
1525,59.053264801038004,0,6,1.7559000253677368,7,True,1.0,tact,med_high_cloze,0.5,tact
1496,155.50061847493424,2,10,5.148399829864502,6,True,1.0,want,med_high_cloze,0.5,want
1536,101.36106670696938,1,8,4.819799900054932,11,True,1.0,need,med_high_cloze,0.5,need
7,58.49830090747251,1,3,3.8712000846862793,6,True,1.0,plan,med_high_cloze,0.5,plan
1039,448.59382204890625,4,4,3.8020999431610107,11,True,1.0,boss,med_high_cloze,0.5,boss
5,195.9198653851943,2,15,3.112600088119507,10,True,1.0,sale,med_high_cloze,0.5,sale
1403,106.18065761197624,1,9,3.447499990463257,8,True,1.0,cost,med_high_cloze,0.5,cost
50,71.64878051541518,1,3,2.450200080871582,9,True,1.0,prey,med_high_cloze,0.5,prey
356,53.1783591015279,0,1,0.7781999707221985,7,True,1.0,bios,med_high_cloze,0.5,bios
10,100.78720427755184,1,7,3.239799976348877,8,True,1.0,mood,med_high_cloze,0.5,mood
1505,98.8921750031628,1,4,2.426500082015991,5,True,1.0,vibe,med_high_cloze,0.5,vibe
33,232.98881120794687,3,6,2.4249000549316406,8,True,1.0,leaf,med_high_cloze,0.5,leaf
741,64.18296951015465,1,4,2.060699939727783,9,True,1.0,stem,med_high_cloze,0.5,stem
13,108.60923971876078,2,8,1.3978999853134155,6,True,1.0,bode,med_high_cloze,0.5,bode
1350,50.65799563458971,1,4,1.9444999694824219,8,True,1.0,omen,med_high_cloze,0.5,omen
67,89.21778260028887,1,6,3.2063000202178955,6,True,1.0,weak,med_high_cloze,0.5,weak
1379,102.49492034165401,2,3,1.875100016593933,4,True,1.0,puny,med_high_cloze,0.5,puny
31,811.5854960284547,10,10,2.5866000652313232,5,True,1.0,bold,med_high_cloze,0.5,bold
1308,76.83896178089446,1,4,2.2040998935699463,13,True,1.0,wimp,med_high_cloze,0.5,wimp
79,48.83174881422404,0,5,2.873300075531006,7,True,1.0,spin,med_high_cloze,0.5,spin
783,48.189984446602836,1,2,2.1238999366760254,7,True,1.0,axel,med_high_cloze,0.5,axel
39,119.99398216283649,2,9,1.9394999742507935,11,True,1.0,lard,med_high_cloze,0.5,lard
535,54.8249582361589,1,5,2.657099962234497,13,True,1.0,oven,med_high_cloze,0.5,oven
55,88.20277808699377,1,5,2.8626999855041504,5,True,1.0,flip,med_high_cloze,0.5,flip
966,122.57838499196544,2,12,2.816200017929077,6,True,1.0,dive,med_high_cloze,0.5,dive
43,49.077315367285124,1,1,1.6021000146865845,6,True,1.0,yogi,med_high_cloze,0.5,yogi
204,96.97730356445132,1,2,2.89490008354187,10,True,1.0,diet,med_high_cloze,0.5,diet
73,626.874520020648,6,1,1.2303999662399292,3,True,1.0,gawk,med_high_cloze,0.5,gawk
119,458.4401063930562,5,1,1.3009999990463257,3,True,1.0,ogle,med_high_cloze,0.5,ogle
65,157.1417099578436,2,13,2.1270999908447266,7,True,1.0,hoot,med_high_cloze,0.5,hoot
354,694.8667361726646,7,2,1.6021000146865845,5,True,1.0,purr,med_high_cloze,0.5,purr
107,118.13439911725575,2,12,2.033400058746338,5,True,1.0,vine,med_high_cloze,0.5,vine
173,792.8753814513299,10,12,2.6675000190734863,5,True,1.0,reed,med_high_cloze,0.5,reed
82,798.7411287046109,10,11,2.045300006866455,6,True,1.0,hock,med_high_cloze,0.5,hock
648,787.6564222021274,9,8,1.8632999658584595,5,True,1.0,rump,med_high_cloze,0.5,rump
109,140.83016555894045,2,12,2.846299886703491,8,True,1.0,sail,med_high_cloze,0.5,sail
662,91.392915499134,1,6,2.950900077819824,9,True,1.0,flag,med_high_cloze,0.5,flag
86,110.39182914021822,2,4,2.381999969482422,7,True,1.0,raft,med_high_cloze,0.5,raft
397,93.36093752229367,1,10,2.8101999759674072,7,True,1.0,pump,med_high_cloze,0.5,pump
113,108.70086686302508,1,11,2.342400074005127,9,True,1.0,mold,med_high_cloze,0.5,mold
734,84.60776527567408,1,6,2.4047999382019043,11,True,1.0,slug,med_high_cloze,0.5,slug
89,89.26943335632882,1,4,1.5563000440597534,12,True,1.0,lube,med_high_cloze,0.5,lube
1045,85.95236729585523,1,1,1.6990000009536743,7,True,1.0,oily,med_high_cloze,0.5,oily
93,86.15281884894503,1,2,2.8101999759674072,10,True,1.0,eats,med_high_cloze,0.5,eats
865,89.47069179855839,1,11,3.3664000034332275,10,True,1.0,cook,med_high_cloze,0.5,cook
95,85.2569851509537,1,8,0.7781999707221985,6,True,1.0,eave,med_high_cloze,0.5,eave
660,112.18546934715053,2,7,3.2597999572753906,10,True,1.0,roof,med_high_cloze,0.5,roof
108,87.82222212844272,1,3,2.3578999042510986,9,True,1.0,cult,med_high_cloze,0.5,cult
1054,92.69179323639983,1,7,3.876699924468994,8,True,1.0,team,med_high_cloze,0.5,team
98,667.1728497907718,6,3,2.8136000633239746,9,True,1.0,hawk,med_high_cloze,0.5,hawk
889,781.6716223245301,10,12,1.8632999658584595,8,True,1.0,loon,med_high_cloze,0.5,loon
120,376.4107951425919,4,0,1.7633999586105347,7,True,1.0,afro,med_high_cloze,0.5,afro
1390,95.8904004546695,1,5,1.9394999742507935,10,True,1.0,jive,med_high_cloze,0.5,jive
101,85.7641265062937,2,3,2.983599901199341,9,True,1.0,june,med_high_cloze,0.5,june
1155,81.33772168202935,1,9,4.085100173950195,9,True,1.0,week,med_high_cloze,0.5,week
128,68.45306424883871,1,3,0.9031000137329102,9,True,1.0,alum,med_high_cloze,0.5,alum
582,113.29025137468882,2,4,2.998300075531006,8,True,1.0,salt,med_high_cloze,0.5,salt
102,249.92916155885254,3,6,2.1238999366760254,8,True,1.0,reap,med_high_cloze,0.5,reap
284,82.1578960347002,1,4,1.2553000450134277,7,True,1.0,sown,med_high_cloze,0.5,sown
137,97.2337598664479,1,6,1.9955999851226807,9,True,1.0,fang,med_high_cloze,0.5,fang
675,99.73407613360867,1,6,1.1461000442504883,8,True,1.0,tusk,med_high_cloze,0.5,tusk
111,79.1742631989,1,1,1.1461000442504883,8,True,1.0,peso,med_high_cloze,0.5,peso
1260,98.02360619353806,1,4,1.986799955368042,11,True,1.0,watt,med_high_cloze,0.5,watt
117,71.31202928424622,1,4,0.8450999855995178,4,True,1.0,glob,med_high_cloze,0.5,glob
978,100.57356904720191,2,2,1.4471999406814575,6,True,1.0,ooze,med_high_cloze,0.5,ooze
122,84.24567303662731,0,11,1.0,11,True,1.0,seep,med_high_cloze,0.5,seep
1186,104.56546540774653,1,10,1.5681999921798706,3,True,1.0,gush,med_high_cloze,0.5,gush
127,100.03606213321133,1,9,2.76419997215271,7,True,1.0,cock,med_high_cloze,0.5,cock
604,122.06810731346104,2,9,3.0141000747680664,6,True,1.0,wing,med_high_cloze,0.5,wing
123,89.43652302510608,1,15,2.566999912261963,5,True,1.0,bent,med_high_cloze,0.5,bent
478,126.88334467419483,2,10,2.448699951171875,7,True,1.0,warp,med_high_cloze,0.5,warp
151,334.626064082404,4,9,2.9781999588012695,10,True,1.0,vice,med_high_cloze,0.5,vice
858,610.5110389240605,6,9,2.086400032043457,9,True,1.0,swab,med_high_cloze,0.5,swab
131,795.0100092012126,10,10,2.429800033569336,6,True,1.0,sole,med_high_cloze,0.5,sole
256,797.1208133375977,10,8,2.5866000652313232,6,True,1.0,bass,med_high_cloze,0.5,bass
187,45.574113899706795,1,1,3.122499942779541,7,True,1.0,amen,med_high_cloze,0.5,amen
316,115.05505261813009,2,13,2.2809998989105225,10,True,1.0,lent,med_high_cloze,0.5,lent
136,103.27199955118719,1,5,2.56820011138916,9,True,1.0,dorm,med_high_cloze,0.5,dorm
383,116.23413749149593,2,5,2.2067999839782715,12,True,1.0,frat,med_high_cloze,0.5,frat
154,398.78962277395533,4,3,1.9493999481201172,5,True,1.0,gasp,med_high_cloze,0.5,gasp
1013,63.93989196819488,1,3,2.240499973297119,7,True,1.0,sigh,med_high_cloze,0.5,sigh
148,47.927122822430015,0,1,3.116300106048584,10,True,1.0,data,med_high_cloze,0.5,data
831,122.13888583284839,2,11,3.351599931716919,11,True,1.0,file,med_high_cloze,0.5,file
153,58.86465839555374,1,1,1.4471999406814575,9,True,1.0,noun,med_high_cloze,0.5,noun
1301,65.94355995920768,1,3,5.320700168609619,6,True,1.0,they,med_high_cloze,0.5,they
158,83.878551053342,1,1,3.486999988555908,3,True,1.0,lots,med_high_cloze,0.5,lots
1431,112.62023195686524,2,2,4.263199806213379,7,True,1.0,many,med_high_cloze,0.5,many
215,400.42016963276603,4,8,2.8006999492645264,12,True,1.0,tire,med_high_cloze,0.5,tire
791,95.17320862907563,1,12,2.170300006866455,10,True,1.0,puck,med_high_cloze,0.5,puck
167,720.7342673674774,8,6,1.1138999462127686,9,True,1.0,nape,med_high_cloze,0.5,nape
322,77.74666485019337,1,5,2.8115999698638916,6,True,1.0,chin,med_high_cloze,0.5,chin
181,481.67560241551445,5,6,2.06820011138916,10,True,1.0,tong,med_high_cloze,0.5,tong
1116,96.65723574151875,1,11,1.9031000137329102,6,True,1.0,spat,med_high_cloze,0.5,spat
172,137.8794890583137,2,10,1.919100046157837,7,True,1.0,gent,med_high_cloze,0.5,gent
274,209.09787947737624,2,14,2.8469998836517334,10,True,1.0,dame,med_high_cloze,0.5,dame
197,104.92512971153442,1,8,2.773099899291992,5,True,1.0,porn,med_high_cloze,0.5,porn
1096,34.75499726929512,1,0,1.9444999694824219,6,True,1.0,orgy,med_high_cloze,0.5,orgy
176,106.48538281887973,2,2,1.9589999914169312,10,True,1.0,gala,med_high_cloze,0.5,gala
1081,742.5373599910519,7,3,2.9576001167297363,12,True,1.0,prom,med_high_cloze,0.5,prom
192,67.3876879532185,1,3,3.0381999015808105,6,True,1.0,deny,med_high_cloze,0.5,deny
1435,60.44253121283172,0,11,3.2513999938964844,4,True,1.0,nope,med_high_cloze,0.5,nope
177,634.600934873836,5,0,3.0834999084472656,6,True,1.0,guts,med_high_cloze,0.5,guts
434,112.34969720468443,1,11,1.6128000020980835,11,True,1.0,bile,med_high_cloze,0.5,bile
206,121.15069445055829,2,15,1.7482000589370728,10,True,1.0,soot,med_high_cloze,0.5,soot
1135,41.54573904339288,1,2,1.079200029373169,6,True,1.0,inky,med_high_cloze,0.5,inky
180,88.82976579850043,1,5,2.52239990234375,8,True,1.0,vain,med_high_cloze,0.5,vain
298,68.63012103644843,1,2,2.859100103378296,9,True,1.0,self,med_high_cloze,0.5,self
193,84.3613652699766,1,3,1.857300043106079,11,True,1.0,gout,med_high_cloze,0.5,gout
519,55.29291239837912,1,1,2.8750998973846436,8,True,1.0,knee,med_high_cloze,0.5,knee
190,91.14155343124874,1,6,1.1138999462127686,4,True,1.0,meld,med_high_cloze,0.5,meld
1290,45.41524370563346,0,1,2.0492000579833984,5,True,1.0,ante,med_high_cloze,0.5,ante
201,124.97238676301849,2,8,1.7924000024795532,6,True,1.0,bony,med_high_cloze,0.5,bony
811,79.5514513504807,1,0,2.1270999908447266,7,True,1.0,jaws,med_high_cloze,0.5,jaws
200,67.94294752195904,1,3,1.0,3,True,1.0,boxy,med_high_cloze,0.5,boxy
607,134.3124226177926,2,11,2.7274999618530273,11,True,1.0,dice,med_high_cloze,0.5,dice
247,104.29982489055017,1,9,2.158400058746338,7,True,1.0,stat,med_high_cloze,0.5,stat
1423,30.247692857913847,1,1,2.2788000106811523,6,True,1.0,info,med_high_cloze,0.5,info
205,115.02826004535503,1,13,2.748199939727783,8,True,1.0,lick,med_high_cloze,0.5,lick
218,77.47539639898928,1,6,1.4914000034332275,10,True,1.0,balm,med_high_cloze,0.5,balm
254,45.90264984083422,1,0,3.5051000118255615,3,True,1.0,upon,med_high_cloze,0.5,upon
1406,297.11164268650236,3,2,4.82919979095459,7,True,1.0,over,med_high_cloze,0.5,over
209,434.17085617375034,4,4,3.1835999488830566,5,True,1.0,gosh,med_high_cloze,0.5,gosh
1233,103.54955230850696,1,9,4.285699844360352,6,True,1.0,fuck,med_high_cloze,0.5,fuck
235,312.1274416764634,3,3,1.3009999990463257,8,True,1.0,kiln,med_high_cloze,0.5,kiln
357,669.7235820121207,7,7,2.7874999046325684,7,True,1.0,clay,med_high_cloze,0.5,clay
227,79.78637452522914,1,1,2.8369998931884766,4,True,1.0,blah,med_high_cloze,0.5,blah
1332,46.18109507046828,1,2,2.1522998809814453,5,True,1.0,idle,med_high_cloze,0.5,idle
229,54.211112703250045,0,4,2.322200059890747,8,True,1.0,curb,med_high_cloze,0.5,curb
1487,77.34227304519797,1,4,4.160200119018555,10,True,1.0,damn,med_high_cloze,0.5,damn
232,95.08151723804119,1,13,2.1138999462127686,5,True,1.0,rave,med_high_cloze,0.5,rave
330,147.2617051822769,2,2,2.004300117492676,10,True,1.0,hula,med_high_cloze,0.5,hula
253,88.86041635958205,1,4,1.6232000589370728,5,True,1.0,drab,med_high_cloze,0.5,drab
302,140.05690881122027,2,1,1.0,7,True,1.0,ashy,med_high_cloze,0.5,ashy
242,136.92427755278038,2,10,3.203000068664551,9,True,1.0,bond,med_high_cloze,0.5,bond
837,53.89956387717888,1,1,2.3364999294281006,12,True,1.0,visa,med_high_cloze,0.5,visa
279,75.25140397279846,1,1,2.3617000579833984,8,True,1.0,trek,med_high_cloze,0.5,trek
853,109.93704575518193,2,6,3.417099952697754,7,True,1.0,camp,med_high_cloze,0.5,camp
245,96.33284849152935,1,11,2.1461000442504883,7,True,1.0,tame,med_high_cloze,0.5,tame
1417,91.18298494677916,1,4,3.4660000801086426,6,True,1.0,wild,med_high_cloze,0.5,wild
283,39.52590638010581,0,1,2.5011000633239746,8,True,1.0,crib,med_high_cloze,0.5,crib
473,101.13889701553794,1,12,2.506500005722046,9,True,1.0,bunk,med_high_cloze,0.5,bunk
248,86.11976944089466,1,5,2.5762999057769775,11,True,1.0,monk,med_high_cloze,0.5,monk
1415,120.33728542712626,2,16,4.38040018081665,9,True,1.0,hell,med_high_cloze,0.5,hell
306,86.810572275579,1,4,1.8260999917984009,7,True,1.0,duet,med_high_cloze,0.5,duet
986,71.43310039082601,1,2,1.8260999917984009,5,True,1.0,trio,med_high_cloze,0.5,trio
265,131.89524859633732,2,11,1.875100016593933,4,True,1.0,rite,med_high_cloze,0.5,rite
1148,98.99967255275051,1,2,1.579800009727478,9,True,1.0,sect,med_high_cloze,0.5,sect
293,600.0297382189289,5,1,2.6364998817443848,9,True,1.0,drum,med_high_cloze,0.5,drum
708,297.98284339528936,3,6,2.09689998626709,8,True,1.0,gong,med_high_cloze,0.5,gong
289,79.67729374816051,1,3,1.715999960899353,8,True,1.0,perm,med_high_cloze,0.5,perm
522,390.9513349069204,4,5,2.4914000034332275,8,True,1.0,comb,med_high_cloze,0.5,comb
313,123.37029099969735,2,12,2.8041000366210938,6,True,1.0,slap,med_high_cloze,0.5,slap
822,680.8013400244283,7,9,3.3183000087738037,7,True,1.0,bite,med_high_cloze,0.5,bite
295,392.3918586062309,4,12,2.0413999557495117,10,True,1.0,lice,med_high_cloze,0.5,lice
712,100.6751771956907,1,6,2.6963999271392822,6,True,1.0,bald,med_high_cloze,0.5,bald
344,46.24207561678577,1,1,1.3802000284194946,4,True,1.0,ajar,med_high_cloze,0.5,ajar
1182,113.15595782285293,2,5,4.128900051116943,6,True,1.0,shut,med_high_cloze,0.5,shut
320,116.07432438750136,2,4,1.3423999547958374,10,True,1.0,doer,med_high_cloze,0.5,doer
1416,90.6765771899997,1,4,3.735100030899048,5,True,1.0,busy,med_high_cloze,0.5,busy
325,112.1963593450616,2,7,3.3385000228881836,4,True,1.0,main,med_high_cloze,0.5,main
486,33.72431968565514,1,1,1.2041000127792358,5,True,1.0,crux,med_high_cloze,0.5,crux
323,238.2486928532206,3,12,2.004300117492676,8,True,1.0,dome,med_high_cloze,0.5,dome
722,341.2655866135895,4,15,3.4231998920440674,7,True,1.0,hall,med_high_cloze,0.5,hall
372,69.51844103273001,1,1,3.924299955368042,12,True,1.0,news,med_high_cloze,0.5,news
1484,556.5346423291988,6,3,5.700699806213379,6,True,1.0,what,med_high_cloze,0.5,what
334,86.9435738307599,1,4,1.2553000450134277,11,True,1.0,hemp,med_high_cloze,0.5,hemp
363,112.7375774347474,1,13,1.9589999914169312,9,True,1.0,dill,med_high_cloze,0.5,dill
336,283.68492065774143,3,11,1.7482000589370728,7,True,1.0,gore,med_high_cloze,0.5,gore
907,116.28504167531848,2,5,1.968500018119812,6,True,1.0,clot,med_high_cloze,0.5,clot
343,115.9029251544825,2,8,2.539099931716919,8,True,1.0,loop,med_high_cloze,0.5,loop
497,82.0292038832159,1,2,3.1350998878479004,3,True,1.0,tied,med_high_cloze,0.5,tied
361,121.01957061084686,2,13,2.762700080871582,10,True,1.0,heal,med_high_cloze,0.5,heal
370,110.68942370456152,1,11,3.026900053024292,9,True,1.0,cure,med_high_cloze,0.5,cure
348,111.6759190119104,2,8,1.3221999406814575,8,True,1.0,vise,med_high_cloze,0.5,vise
659,811.0524795386293,10,12,3.287600040435791,7,True,1.0,hook,med_high_cloze,0.5,hook
392,78.99012510690989,1,3,1.8062000274658203,8,True,1.0,kelp,med_high_cloze,0.5,kelp
586,97.53005533295061,1,8,2.3032000064849854,11,True,1.0,clam,med_high_cloze,0.5,clam
349,96.53032615532808,1,7,2.1522998809814453,7,True,1.0,woof,med_high_cloze,0.5,woof
1219,96.86748010190777,1,7,1.7482000589370728,5,True,1.0,oink,med_high_cloze,0.5,oink
373,148.14299214916724,2,13,1.924299955368042,6,True,1.0,mast,med_high_cloze,0.5,mast
455,94.50732625620964,1,13,2.3345000743865967,7,True,1.0,hull,med_high_cloze,0.5,hull
374,36.07387199872447,0,4,1.4471999406814575,4,True,1.0,tyke,med_high_cloze,0.5,tyke
748,65.44160957087135,1,2,4.186299800872803,6,True,1.0,kids,med_high_cloze,0.5,kids
382,65.88952872162908,1,5,1.531499981880188,11,True,1.0,blog,med_high_cloze,0.5,blog
710,67.32988617314334,0,15,3.274199962615967,11,True,1.0,mail,med_high_cloze,0.5,mail
393,103.32355410224488,1,9,2.8608999252319336,8,True,1.0,corn,med_high_cloze,0.5,corn
666,170.8759735931656,2,3,2.0253000259399414,11,True,1.0,oats,med_high_cloze,0.5,oats
403,33.60650978082718,1,0,2.6884000301361084,6,True,1.0,envy,med_high_cloze,0.5,envy
492,267.60833368897346,3,10,2.4547998905181885,3,True,1.0,lust,med_high_cloze,0.5,lust
398,103.46754663477786,1,4,3.1092000007629395,9,True,1.0,soup,med_high_cloze,0.5,soup
556,57.562234888976505,0,2,2.2014000415802,11,True,1.0,taco,med_high_cloze,0.5,taco
426,92.61657565946061,1,7,2.4828999042510986,8,True,1.0,peak,med_high_cloze,0.5,peak
1178,34.88911742073057,1,0,1.6434999704360962,5,True,1.0,apex,med_high_cloze,0.5,apex
408,261.6249001015188,3,3,2.340399980545044,7,True,1.0,turf,med_high_cloze,0.5,turf
553,60.59453658069178,1,4,2.799999952316284,5,True,1.0,lawn,med_high_cloze,0.5,lawn
415,65.94397366150518,0,1,1.579800009727478,12,True,1.0,mono,med_high_cloze,0.5,mono
1173,59.10900987160652,1,2,1.740399956703186,13,True,1.0,aids,med_high_cloze,0.5,aids
411,86.01109338593895,1,5,3.81850004196167,8,True,1.0,poor,med_high_cloze,0.5,poor
968,79.97289639678135,1,9,1.8194999694824219,12,True,1.0,slum,med_high_cloze,0.5,slum
425,248.44604100972896,3,6,1.9138000011444092,14,True,1.0,yarn,med_high_cloze,0.5,yarn
580,535.0040032923878,5,12,1.7633999586105347,9,True,1.0,bead,med_high_cloze,0.5,bead
413,158.62162287116703,2,13,1.3978999853134155,10,True,1.0,pane,med_high_cloze,0.5,pane
882,785.7523839290782,11,11,1.9776999950408936,6,True,1.0,slab,med_high_cloze,0.5,slab
431,631.3755556503625,6,1,4.044600009918213,4,True,1.0,goes,med_high_cloze,0.5,goes
1442,460.8142365707878,6,3,4.634200096130371,5,True,1.0,into,med_high_cloze,0.5,into
423,74.72689805850251,1,7,2.895400047302246,6,True,1.0,flew,med_high_cloze,0.5,flew
1097,97.20743308394945,1,9,1.8976000547409058,6,True,1.0,soar,med_high_cloze,0.5,soar
449,447.20600340112526,5,3,2.591099977493286,4,True,1.0,unto,med_high_cloze,0.5,unto
1460,42.16028609475657,1,0,3.058799982070923,8,True,1.0,thou,med_high_cloze,0.5,thou
443,164.37101518048337,2,8,1.4471999406814575,10,True,1.0,musk,med_high_cloze,0.5,musk
861,105.97209059081611,1,8,4.383999824523926,8,True,1.0,shit,med_high_cloze,0.5,shit
446,47.94632011163585,0,3,1.6901999711990356,8,True,1.0,gimp,med_high_cloze,0.5,gimp
1283,138.92161222656824,2,10,3.433000087738037,8,True,1.0,code,med_high_cloze,0.5,code
447,31.88739806656424,1,0,2.439300060272217,9,True,1.0,ammo,med_high_cloze,0.5,ammo
874,431.0508966803903,4,4,3.0852999687194824,9,True,1.0,trap,med_high_cloze,0.5,trap
448,146.71140653233968,2,9,2.5464999675750732,8,True,1.0,bolt,med_high_cloze,0.5,bolt
551,718.4226626292514,7,10,2.978600025177002,8,True,1.0,nail,med_high_cloze,0.5,nail
461,123.73043053361837,2,13,2.544100046157837,7,True,1.0,bean,med_high_cloze,0.5,bean
667,95.16928042093885,1,0,1.431399941444397,9,True,1.0,okra,med_high_cloze,0.5,okra
471,117.51648248844705,1,8,1.7924000024795532,14,True,1.0,dusk,med_high_cloze,0.5,dusk
1244,47.881972165850726,1,2,1.6232000589370728,3,True,1.0,hazy,med_high_cloze,0.5,hazy
468,100.50897854284382,1,4,1.8920999765396118,6,True,1.0,cram,med_high_cloze,0.5,cram
1355,43.36941664383656,1,0,0.8450999855995178,6,True,1.0,ditz,med_high_cloze,0.5,ditz
485,107.5406654745515,1,7,2.075500011444092,7,True,1.0,flop,med_high_cloze,0.5,flop
1527,86.39470315183344,1,3,1.924299955368042,7,True,1.0,hype,med_high_cloze,0.5,hype
481,97.22999839516143,1,2,1.4914000034332275,6,True,1.0,coed,med_high_cloze,0.5,coed
816,70.69517048277271,0,9,3.295599937438965,9,True,1.0,dean,med_high_cloze,0.5,dean
494,84.16487903638964,1,1,1.6128000020980835,8,True,1.0,saga,med_high_cloze,0.5,saga
1463,33.81637910571844,1,0,2.0827999114990234,7,True,1.0,epic,med_high_cloze,0.5,epic
484,242.5929663423114,3,0,2.340399980545044,6,True,1.0,iced,med_high_cloze,0.5,iced
771,745.4008534462333,8,11,2.0413999557495117,7,True,1.0,rink,med_high_cloze,0.5,rink
520,779.863998869277,8,6,2.730799913406372,10,True,1.0,goat,med_high_cloze,0.5,goat
803,134.914868837852,2,3,2.18179988861084,8,True,1.0,calf,med_high_cloze,0.5,calf
509,112.83249909403185,1,16,3.7286999225616455,8,True,1.0,ball,med_high_cloze,0.5,ball
674,81.55840384477376,1,4,1.8513000011444092,7,True,1.0,mitt,med_high_cloze,0.5,mitt
574,104.5496492723294,1,9,2.7135000228881836,8,True,1.0,worm,med_high_cloze,0.5,worm
1027,60.973134816188704,1,1,2.1461000442504883,7,True,1.0,grub,med_high_cloze,0.5,grub
515,116.24262422432585,1,9,3.1208999156951904,14,True,1.0,bike,med_high_cloze,0.5,bike
525,120.797019814977,2,6,2.176100015640259,7,True,1.0,sled,med_high_cloze,0.5,sled
539,357.0179048162011,4,7,3.0048000812530518,8,True,1.0,mask,med_high_cloze,0.5,mask
818,706.000157816071,7,2,2.18179988861084,7,True,1.0,veil,med_high_cloze,0.5,veil
517,807.2839267869327,10,9,3.015399932861328,9,True,1.0,sand,med_high_cloze,0.5,sand
1065,85.26245638640306,1,3,1.8260999917984009,9,True,1.0,mesa,med_high_cloze,0.5,mesa
588,297.32789113123744,3,8,1.9493999481201172,13,True,1.0,hoof,med_high_cloze,0.5,hoof
635,76.56223731241155,1,7,2.3501999378204346,10,True,1.0,claw,med_high_cloze,0.5,claw
523,734.2608645665565,9,6,2.2945001125335693,9,True,1.0,vase,med_high_cloze,0.5,vase
756,64.34559413685636,1,0,2.2764999866485596,9,True,1.0,arch,med_high_cloze,0.5,arch
540,147.3980324466688,2,14,2.950900077819824,8,True,1.0,tent,med_high_cloze,0.5,tent
594,447.84238589680746,4,9,2.895400047302246,6,True,1.0,hood,med_high_cloze,0.5,hood
552,146.2765493327499,2,6,2.889899969100952,9,True,1.0,soap,med_high_cloze,0.5,soap
973,111.33543503868836,2,7,2.935499906539917,5,True,1.0,wipe,med_high_cloze,0.5,wipe
584,109.308373094391,2,10,2.664599895477295,9,True,1.0,cart,med_high_cloze,0.5,cart
926,79.78973264681674,1,8,2.2227001190185547,8,True,1.0,reel,med_high_cloze,0.5,reel
558,106.23946828451048,1,5,3.3364999294281006,12,True,1.0,milk,med_high_cloze,0.5,milk
704,70.23771445552346,1,2,0.6990000009536743,12,True,1.0,whey,med_high_cloze,0.5,whey
606,101.7215443445331,1,12,2.7535998821258545,7,True,1.0,nest,med_high_cloze,0.5,nest
809,701.7460824930015,7,10,2.7235000133514404,4,True,1.0,coop,med_high_cloze,0.5,coop
564,295.9702545132183,3,9,3.545599937438965,8,True,1.0,tape,med_high_cloze,0.5,tape
932,428.44021291300925,4,2,2.9586000442504883,9,True,1.0,wrap,med_high_cloze,0.5,wrap
565,153.19522624024847,2,12,3.5201001167297363,10,True,1.0,foot,med_high_cloze,0.5,foot
611,93.73415488794691,1,7,2.198699951171875,6,True,1.0,shin,med_high_cloze,0.5,shin
571,134.37785537088834,2,10,3.0945000648498535,9,True,1.0,belt,med_high_cloze,0.5,belt
724,99.0407865563358,1,10,1.770900011062622,4,True,1.0,sash,med_high_cloze,0.5,sash
577,478.90518089870864,5,5,2.547800064086914,7,True,1.0,crab,med_high_cloze,0.5,crab
879,275.77395379338566,3,13,1.7853000164031982,9,True,1.0,mite,med_high_cloze,0.5,mite
575,86.82549279236164,1,9,2.6542000770568848,8,True,1.0,fork,med_high_cloze,0.5,fork
630,808.4291092336063,9,14,2.1847000122070312,7,True,1.0,rake,med_high_cloze,0.5,rake
787,152.3569055277983,2,8,2.2600998878479004,7,True,1.0,mist,med_high_cloze,0.5,mist
913,53.71516435259961,1,2,1.1138999462127686,7,True,1.0,dewy,med_high_cloze,0.5,dewy
617,429.38263522814384,4,1,4.453499794006348,6,True,1.0,girl,med_high_cloze,0.5,girl
862,78.68327526924443,1,2,4.0441999435424805,10,True,1.0,lady,med_high_cloze,0.5,lady
719,754.1063306190242,8,5,2.827399969100952,10,True,1.0,whip,med_high_cloze,0.5,whip
1066,730.2490435733941,8,4,1.5563000440597534,4,True,1.0,prod,med_high_cloze,0.5,prod
639,202.29052261200036,2,5,3.1068999767303467,12,True,1.0,yard,med_high_cloze,0.5,yard
930,106.82751402879619,1,7,4.596499919891357,9,True,1.0,home,med_high_cloze,0.5,home
697,111.2906371779156,2,3,3.5223000049591064,13,True,1.0,film,med_high_cloze,0.5,film
1028,100.61024455025566,1,8,1.6334999799728394,10,True,1.0,skit,med_high_cloze,0.5,skit
643,101.60129061925531,1,10,3.674999952316284,9,True,1.0,ring,med_high_cloze,0.5,ring
644,115.29703463470935,2,9,3.6050000190734863,13,True,1.0,gold,med_high_cloze,0.5,gold
702,339.89910299588104,3,7,1.5184999704360962,8,True,1.0,scab,med_high_cloze,0.5,scab
999,79.71038379236658,0,11,3.072200059890747,9,True,1.0,cast,med_high_cloze,0.5,cast
650,148.1060982404411,2,7,3.116300106048584,6,True,1.0,tank,med_high_cloze,0.5,tank
705,64.40615598224977,1,1,3.6405999660491943,11,True,1.0,army,med_high_cloze,0.5,army
669,129.72226318690616,2,8,3.379699945449829,10,True,1.0,pool,med_high_cloze,0.5,pool
1563,782.7789786485849,8,4,2.6041998863220215,7,True,1.0,mere,med_high_cloze,0.5,mere
679,110.64722679449214,1,9,2.2600998878479004,10,True,1.0,veal,med_high_cloze,0.5,veal
842,84.31455594535514,1,4,1.2788000106811523,6,True,1.0,loin,med_high_cloze,0.5,loin
685,122.02485940020283,2,3,2.2067999839782715,7,True,1.0,duct,med_high_cloze,0.5,duct
693,160.554218485659,2,13,3.14739990234375,10,True,1.0,wire,med_high_cloze,0.5,wire
687,67.50417053188443,1,3,2.459399938583374,7,True,1.0,tomb,med_high_cloze,0.5,tomb
1047,100.15848007286299,1,7,3.0232999324798584,6,True,1.0,bury,med_high_cloze,0.5,bury
743,105.68292402203102,1,10,3.1682000160217285,11,True,1.0,meal,med_high_cloze,0.5,meal
943,218.7360337749692,3,10,2.257699966430664,4,True,1.0,hash,med_high_cloze,0.5,hash
716,135.66817539789736,2,10,4.040999889373779,10,True,1.0,fire,med_high_cloze,0.5,fire
906,123.73610935546829,2,6,2.4828999042510986,9,True,1.0,boil,med_high_cloze,0.5,boil
810,511.42584054443176,5,7,2.2764999866485596,4,True,1.0,prop,med_high_cloze,0.5,prop
1196,120.34619568358785,2,9,1.8194999694824219,7,True,1.0,scat,med_high_cloze,0.5,scat
718,94.05473418775686,1,10,3.4354000091552734,9,True,1.0,band,med_high_cloze,0.5,band
1215,36.99972835847306,1,0,1.6720999479293823,8,True,1.0,opus,med_high_cloze,0.5,opus
762,133.8061427854552,2,11,2.2227001190185547,10,True,1.0,cove,med_high_cloze,0.5,cove
945,58.27975710086391,1,3,2.3838000297546387,8,True,1.0,gulf,med_high_cloze,0.5,gulf
749,115.82551037602073,2,7,3.436500072479248,8,True,1.0,note,med_high_cloze,0.5,note
891,44.8837573251337,0,1,2.528899908065796,8,True,1.0,memo,med_high_cloze,0.5,memo
757,533.1423643140579,5,0,1.3978999853134155,6,True,1.0,suds,med_high_cloze,0.5,suds
854,99.14026008420352,1,11,3.3176000118255615,9,True,1.0,wash,med_high_cloze,0.5,wash
759,178.83067811633606,2,13,2.2788000106811523,9,True,1.0,mink,med_high_cloze,0.5,mink
944,108.69516236551003,2,5,1.6901999711990356,8,True,1.0,pelt,med_high_cloze,0.5,pelt
799,98.72046818514272,1,6,2.8420000076293945,7,True,1.0,chop,med_high_cloze,0.5,chop
997,56.14216005183825,1,4,2.340399980545044,6,True,1.0,trim,med_high_cloze,0.5,trim
768,123.06259803575024,2,8,2.9916999340057373,11,True,1.0,site,med_high_cloze,0.5,site
1079,75.91820017945334,1,0,3.5822999477386475,7,True,1.0,area,med_high_cloze,0.5,area
825,91.22581840092167,1,7,3.187000036239624,8,True,1.0,gang,med_high_cloze,0.5,gang
1162,99.57155978620747,1,8,2.322200059890747,10,True,1.0,clan,med_high_cloze,0.5,clan
817,145.5536053812904,2,18,3.2385001182556152,10,True,1.0,male,med_high_cloze,0.5,male
846,58.83026178493592,1,3,2.2504000663757324,10,True,1.0,womb,med_high_cloze,0.5,womb
1203,83.49376876283526,1,2,2.0413999557495117,6,True,1.0,blur,med_high_cloze,0.5,blur
1298,83.57291598061457,1,8,4.293000221252441,7,True,1.0,seen,med_high_cloze,0.5,seen
823,141.3246229935269,2,0,3.337100028991699,9,True,1.0,papa,med_high_cloze,0.5,papa
826,667.1212628085644,6,1,2.9646999835968018,5,True,1.0,sons,med_high_cloze,0.5,sons
886,98.43664551154505,1,2,1.6720999479293823,10,True,1.0,brie,med_high_cloze,0.5,brie
911,537.0870267234275,5,7,1.3617000579833984,8,True,1.0,curd,med_high_cloze,0.5,curd
855,737.3080172630919,10,10,3.6970999240875244,5,True,1.0,sing,med_high_cloze,0.5,sing
1024,335.8489922475791,3,10,2.973099946975708,9,True,1.0,yell,med_high_cloze,0.5,yell
1072,38.93648942831536,1,2,2.6730000972747803,7,True,1.0,arts,med_high_cloze,0.5,arts
1408,113.90583874014305,2,7,1.9955999851226807,10,True,1.0,muse,med_high_cloze,0.5,muse
857,148.00901411625475,2,12,2.7283999919891357,8,True,1.0,root,med_high_cloze,0.5,root
878,78.36643088593382,1,3,1.973099946975708,6,True,1.0,pulp,med_high_cloze,0.5,pulp
871,680.4815590450014,7,8,4.10830020904541,7,True,1.0,jack,med_high_cloze,0.5,jack
884,101.40279910412852,1,11,2.9121999740600586,11,True,1.0,gear,med_high_cloze,0.5,gear
869,55.634066573728205,0,7,3.436500072479248,10,True,1.0,shop,med_high_cloze,0.5,shop
1154,142.39579317596696,2,9,4.609600067138672,7,True,1.0,work,med_high_cloze,0.5,work
983,120.17834518239238,2,18,3.827199935913086,8,True,1.0,beat,med_high_cloze,0.5,beat
1254,154.94415810220636,2,10,2.689300060272217,9,True,1.0,pace,med_high_cloze,0.5,pace
890,47.27448898376833,1,3,2.706700086593628,11,True,1.0,acid,med_high_cloze,0.5,acid
1245,92.63395299784705,1,10,2.4742000102996826,7,True,1.0,sour,med_high_cloze,0.5,sour
947,129.8292036445077,2,8,4.639500141143799,9,True,1.0,talk,med_high_cloze,0.5,talk
1167,445.09332405856185,4,2,2.344399929046631,6,True,1.0,oral,med_high_cloze,0.5,oral
935,193.70650225761835,2,16,2.498300075531006,6,True,1.0,fare,med_high_cloze,0.5,fare
1140,101.57026706650008,1,9,2.2355000972747803,9,True,1.0,toll,med_high_cloze,0.5,toll
1212,73.0124745991239,1,2,0.9031000137329102,8,True,1.0,quip,med_high_cloze,0.5,quip
1468,103.12707410136056,1,10,1.8387999534606934,8,True,1.0,jest,med_high_cloze,0.5,jest
941,93.45474042275387,1,7,2.799999952316284,7,True,1.0,bump,med_high_cloze,0.5,bump
1221,740.5120451289329,8,13,2.884200096130371,9,True,1.0,sore,med_high_cloze,0.5,sore
1280,51.44545671690098,1,2,2.2788000106811523,5,True,1.0,tidy,med_high_cloze,0.5,tidy
1405,79.29743025033181,0,10,2.803499937057495,8,True,1.0,neat,med_high_cloze,0.5,neat
985,56.47883879206273,1,1,1.857300043106079,6,True,1.0,ogre,med_high_cloze,0.5,ogre
989,37.87554226456886,1,0,1.1761000156402588,8,True,1.0,yeti,med_high_cloze,0.5,yeti
1206,724.7180249152298,9,12,3.588599920272827,6,True,1.0,slow,med_high_cloze,0.5,slow
1440,125.70856081891914,2,7,1.7853000164031982,4,True,1.0,lull,med_high_cloze,0.5,lull
1000,600.1993792886478,5,0,2.178999900817871,8,True,1.0,meow,med_high_cloze,0.5,meow
1043,118.3190411801293,2,4,2.0253000259399414,6,True,1.0,howl,med_high_cloze,0.5,howl
1121,64.40875245011395,1,0,1.8976000547409058,10,True,1.0,guru,med_high_cloze,0.5,guru
1494,102.94993935844597,1,9,3.1623001098632812,10,True,1.0,wise,med_high_cloze,0.5,wise
1020,115.65873231109569,2,8,4.163099765777588,11,True,1.0,five,med_high_cloze,0.5,five
1314,67.28736847934331,1,1,3.039400100708008,8,True,1.0,zero,med_high_cloze,0.5,zero
1218,77.00987600263909,1,7,1.9911999702453613,6,True,1.0,bulk,med_high_cloze,0.5,bulk
1365,37.46396425918503,1,1,4.24429988861084,6,True,1.0,used,med_high_cloze,0.5,used
1075,71.90035913204099,1,3,3.3078999519348145,6,True,1.0,loud,med_high_cloze,0.5,loud
1098,96.5400235269215,1,16,4.452199935913086,4,True,1.0,hear,med_high_cloze,0.5,hear
1360,431.0910241451572,4,0,2.659899950027466,5,True,1.0,obey,med_high_cloze,0.5,obey
1382,129.92788904313275,2,5,3.390199899673462,8,True,1.0,rule,med_high_cloze,0.5,rule
1110,131.68141755486937,2,17,3.0302000045776367,7,True,1.0,mile,med_high_cloze,0.5,mile
1397,56.85308561064157,1,1,1.7782000303268433,4,True,1.0,afar,med_high_cloze,0.5,afar
1328,67.70158972432436,1,1,3.6589999198913574,6,True,1.0,kept,med_high_cloze,0.5,kept
1371,148.01115486903387,2,8,4.2418999671936035,5,True,1.0,took,med_high_cloze,0.5,took
1166,116.21854809850545,2,9,1.3221999406814575,5,True,1.0,doze,med_high_cloze,0.5,doze
1276,809.1831079881829,9,11,4.035900115966797,5,True,1.0,rest,med_high_cloze,0.5,rest
1452,23.291532568961117,0,0,2.9872000217437744,9,True,1.0,odds,med_high_cloze,0.5,odds
1500,56.09781099288475,0,2,1.6812000274658203,4,True,1.0,vary,med_high_cloze,0.5,vary
1214,60.3071392431964,0,12,4.151500225067139,10,True,1.0,year,med_high_cloze,0.5,year
1341,101.00727991163203,1,0,2.983599901199341,11,True,1.0,noel,med_high_cloze,0.5,noel
1344,88.8752036514102,1,5,3.9446001052856445,7,True,1.0,fact,med_high_cloze,0.5,fact
1534,56.841963387917815,1,1,4.111299991607666,5,True,1.0,true,med_high_cloze,0.5,true
1256,77.12942743150471,1,5,3.9179000854492188,6,True,1.0,hour,med_high_cloze,0.5,hour
1263,118.66825963978697,2,7,4.999499797821045,5,True,1.0,time,med_high_cloze,0.5,time
1334,93.89598811239462,1,3,3.7534000873565674,5,True,1.0,less,med_high_cloze,0.5,less
1537,68.19930563544756,1,4,4.695799827575684,6,True,1.0,much,med_high_cloze,0.5,much
1304,119.34616913942632,2,9,1.2553000450134277,5,True,1.0,bonk,med_high_cloze,0.5,bonk
1353,56.96114842558383,1,4,1.9955999851226807,6,True,1.0,wham,med_high_cloze,0.5,wham
1364,166.43496646354998,2,15,4.327899932861328,10,True,1.0,same,med_high_cloze,0.5,same
1533,60.34373510134991,1,1,1.1761000156402588,5,True,1.0,akin,med_high_cloze,0.5,akin
1323,153.52259997917216,2,6,1.4471999406814575,8,True,1.0,dolt,med_high_cloze,0.5,dolt
1325,405.75356640123863,4,0,1.9138000011444092,5,True,1.0,redo,med_high_cloze,0.5,redo
1433,79.99209635913684,1,3,3.9416000843048096,8,True,1.0,glad,med_high_cloze,0.5,glad
1492,109.33361229489142,1,10,4.0391998291015625,9,True,1.0,hate,med_high_cloze,0.5,hate
1358,115.70990349357862,2,10,4.145400047302246,7,True,1.0,lost,med_high_cloze,0.5,lost
1368,103.39043508584743,1,10,4.627200126647949,5,True,1.0,find,med_high_cloze,0.5,find
1439,104.55573169779436,1,7,1.5051000118255615,8,True,1.0,zeal,med_high_cloze,0.5,zeal
1444,369.30444789197793,4,3,1.770900011062622,8,True,1.0,glee,med_high_cloze,0.5,glee
1373,56.350299026621585,1,2,2.460900068283081,5,True,1.0,cozy,med_high_cloze,0.5,cozy
1391,39.24478789489274,0,4,1.8691999912261963,5,True,1.0,snug,med_high_cloze,0.5,snug
1464,685.5679631629658,7,11,5.497300148010254,6,True,1.0,have,med_high_cloze,0.5,have
1501,67.21057643076627,0,9,4.947299957275391,5,True,1.0,been,med_high_cloze,0.5,been
1385,100.72115856247721,1,6,4.671899795532227,8,True,1.0,help,med_high_cloze,0.5,help
1438,198.6560684267424,2,20,4.393599987030029,7,True,1.0,care,med_high_cloze,0.5,care
1401,87.0284934615168,1,12,4.39300012588501,11,True,1.0,mind,med_high_cloze,0.5,mind
1511,97.72523223021867,1,4,3.5940001010894775,7,True,1.0,soul,med_high_cloze,0.5,soul
1420,127.00840056543487,2,6,2.8685998916625977,5,True,1.0,foul,med_high_cloze,0.5,foul
1515,50.47787466251189,0,8,2.2899999618530273,6,True,1.0,yuck,med_high_cloze,0.5,yuck
1498,49.67464894872396,1,0,2.5315001010894775,9,True,1.0,urge,med_high_cloze,0.5,urge
1539,48.45573540257404,1,5,2.079200029373169,6,True,1.0,whim,med_high_cloze,0.5,whim
1458,57.01109358903226,1,5,1.8976000547409058,8,True,1.0,ploy,med_high_cloze,0.5,ploy
1554,545.8945856398113,6,8,1.934499979019165,4,True,1.0,ruse,med_high_cloze,0.5,ruse
1531,58.087458660889624,1,3,1.4149999618530273,5,True,1.0,avid,med_high_cloze,0.5,avid
1548,302.02332009870753,3,5,2.359800100326538,5,True,1.0,keen,med_high_cloze,0.5,keen
1,170.85961398844915,2,9,1.6990000009536743,9,True,1.0,pant,high_cloze,0.9,pant
261,75.55413820521126,1,5,2.9565999507904053,13,True,1.0,jean,high_cloze,0.9,jean
155,364.33485541679624,4,5,2.3578999042510986,7,True,1.0,crow,high_cloze,0.9,crow
335,677.4982212954851,7,12,2.4547998905181885,10,True,1.0,dove,high_cloze,0.9,dove
12,74.67909880378996,1,2,2.7809998989105225,14,True,1.0,frog,high_cloze,0.9,frog
442,99.35411319132217,1,4,1.8387999534606934,10,True,1.0,newt,high_cloze,0.9,newt
135,54.31847602589188,0,1,3.0183000564575195,10,True,1.0,earl,high_cloze,0.9,earl
972,95.52662374294535,1,7,3.1064999103546143,13,True,1.0,duke,high_cloze,0.9,duke
214,36.960492226190325,1,0,2.835700035095215,8,True,1.0,exam,high_cloze,0.9,exam
992,75.746771965822,0,12,3.6324000358581543,11,True,1.0,test,high_cloze,0.9,test
157,647.8179752781854,6,8,1.5563000440597534,12,True,1.0,fowl,high_cloze,0.9,fowl
514,708.8516542617272,6,1,3.365299940109253,11,True,1.0,bird,high_cloze,0.9,bird
542,97.45452710000362,1,8,2.542799949645996,15,True,1.0,swan,high_cloze,0.9,swan
603,99.19005755006751,1,14,3.1017000675201416,15,True,1.0,duck,high_cloze,0.9,duck
2,298.56601343367936,3,5,2.637500047683716,10,True,1.0,robe,high_cloze,0.9,robe
781,115.24124408549854,1,11,2.4547998905181885,11,True,1.0,vest,high_cloze,0.9,vest
146,50.56440874789824,1,1,1.6434999704360962,11,True,1.0,zinc,high_cloze,0.9,zinc
938,93.26144797732854,1,12,3.6280999183654785,16,True,1.0,lead,high_cloze,0.9,lead
369,73.0640945800445,1,4,2.004300117492676,10,True,1.0,barf,high_cloze,0.9,barf
755,87.74949760900422,1,5,2.5051000118255615,10,True,1.0,puke,high_cloze,0.9,puke
246,65.2146666950987,1,1,2.8608999252319336,9,True,1.0,debt,high_cloze,0.9,debt
1080,81.17723777188463,1,6,3.00600004196167,9,True,1.0,loan,high_cloze,0.9,loan
441,152.82796783767338,2,11,2.5262999534606934,10,True,1.0,mice,high_cloze,0.9,mice
905,85.73099426645516,1,5,2.176100015640259,13,True,1.0,puss,high_cloze,0.9,puss
422,58.18136734646479,0,1,2.8942999839782715,16,True,1.0,lion,high_cloze,0.9,lion
616,56.6720269874588,1,1,0.9031000137329102,9,True,1.0,puma,high_cloze,0.9,puma
721,63.07058453804217,1,4,1.5563000440597534,11,True,1.0,axes,high_cloze,0.9,axes
963,90.44522916244293,1,3,1.2303999662399292,9,True,1.0,maul,high_cloze,0.9,maul
439,78.2549614694993,1,7,1.9138000011444092,8,True,1.0,stag,high_cloze,0.9,stag
723,74.5483533054852,0,11,3.2360000610351562,11,True,1.0,buck,high_cloze,0.9,buck
566,110.8993678786107,1,12,3.4321999549865723,11,True,1.0,rose,high_cloze,0.9,rose
711,71.50992282062415,1,1,3.13700008392334,10,True,1.0,lily,high_cloze,0.9,lily
573,77.76698188557415,1,6,2.767199993133545,16,True,1.0,dish,high_cloze,0.9,dish
599,78.60580262278192,1,6,3.039400100708008,9,True,1.0,bowl,high_cloze,0.9,bowl
1117,84.50496637130092,1,3,4.0991997718811035,9,True,1.0,hurt,high_cloze,0.9,hurt
1152,86.20007564749778,1,7,3.6986000537872314,13,True,1.0,pain,high_cloze,0.9,pain
576,93.57204117690266,1,5,2.617000102996826,11,True,1.0,pony,high_cloze,0.9,pony
680,110.18892553462881,0,18,2.1731998920440674,13,True,1.0,mare,high_cloze,0.9,mare
8,58.194606452875725,1,6,2.1238999366760254,7,True,1.0,gram,high_cloze,0.9,gram
1239,69.21429627215089,1,4,1.9084999561309814,10,True,1.0,kilo,high_cloze,0.9,kilo
620,63.49169198892182,0,6,3.200900077819824,10,True,1.0,bath,high_cloze,0.9,bath
684,115.89156446162549,2,12,2.936500072479248,8,True,1.0,sink,high_cloze,0.9,sink
946,110.9788567985114,1,11,1.7559000253677368,13,True,1.0,gull,high_cloze,0.9,gull
1261,159.0245025942666,2,15,1.5681999921798706,9,True,1.0,coot,high_cloze,0.9,coot
623,72.59685094103988,0,10,2.789599895477295,14,True,1.0,dime,high_cloze,0.9,dime
909,102.32776154947679,1,10,2.684799909591675,12,True,1.0,cent,high_cloze,0.9,cent
118,20.841460522304992,0,0,2.433000087738037,7,True,1.0,nova,high_cloze,0.9,nova
709,62.19525632166382,0,9,3.618000030517578,13,True,1.0,star,high_cloze,0.9,star
1437,140.1533558546691,2,16,1.544100046157837,9,True,1.0,lore,high_cloze,0.9,lore
1466,51.365937183859785,1,3,2.547800064086914,6,True,1.0,myth,high_cloze,0.9,myth
270,116.16111005830776,2,7,2.285599946975708,10,True,1.0,pact,high_cloze,0.9,pact
1255,86.21798865767605,0,14,4.124899864196777,11,True,1.0,deal,high_cloze,0.9,deal
41,91.56478002433747,1,7,2.6989998817443848,12,True,1.0,silk,high_cloze,0.9,silk
610,70.24519974795382,0,6,2.2095000743865967,9,True,1.0,wool,high_cloze,0.9,wool
1251,78.44857004828592,0,10,2.761899948120117,8,True,1.0,rage,high_cloze,0.9,rage
1311,84.20651383158798,1,2,2.29229998588562,8,True,1.0,fury,high_cloze,0.9,fury
510,85.48961642145446,1,3,3.629300117492676,14,True,1.0,fish,high_cloze,0.9,fish
585,55.12196800470142,0,2,2.6117000579833984,12,True,1.0,tuna,high_cloze,0.9,tuna
910,61.28294539378616,0,4,1.857300043106079,8,True,1.0,wept,high_cloze,0.9,wept
1150,85.97612938316206,1,3,1.462399959564209,7,True,1.0,bawl,high_cloze,0.9,bawl
937,31.60749067009109,0,8,3.8190999031066895,7,True,1.0,king,high_cloze,0.9,king
1003,34.72445441959842,0,1,1.3009999990463257,9,True,1.0,tsar,high_cloze,0.9,tsar
22,69.39999934778648,1,5,2.4065001010894775,12,True,1.0,herb,high_cloze,0.9,herb
241,127.52362706275612,2,12,1.954200029373169,11,True,1.0,sage,high_cloze,0.9,sage
26,43.1605277984859,0,5,2.3784000873565674,10,True,1.0,limb,high_cloze,0.9,limb
692,74.16591263594862,0,7,4.154200077056885,11,True,1.0,hand,high_cloze,0.9,hand
30,42.54782734897401,0,2,1.9911999702453613,11,True,1.0,knit,high_cloze,0.9,knit
1034,67.7948558204633,1,2,1.8260999917984009,10,True,1.0,sewn,high_cloze,0.9,sewn
57,53.251932898290875,0,7,2.7723000049591064,11,True,1.0,plot,high_cloze,0.9,plot
1222,91.15836908262781,0,13,2.7874999046325684,11,True,1.0,tale,high_cloze,0.9,tale
61,88.7279255033482,1,7,1.9589999914169312,6,True,1.0,dung,high_cloze,0.9,dung
138,80.51319963560894,1,7,3.4986000061035156,7,True,1.0,crap,high_cloze,0.9,crap
62,142.86034498022542,2,0,0.3009999990463257,8,True,1.0,lynx,high_cloze,0.9,lynx
595,157.13256957993053,2,16,2.29229998588562,8,True,1.0,hare,high_cloze,0.9,hare
275,26.171310643022878,0,0,0.9031000137329102,13,True,1.0,ovum,high_cloze,0.9,ovum
821,71.73559297083052,0,10,3.4428999423980713,11,True,1.0,cell,high_cloze,0.9,cell
92,87.4226479022805,1,11,2.609600067138672,10,True,1.0,tuck,high_cloze,0.9,tuck
1287,98.16345530632249,1,9,2.851300001144409,8,True,1.0,darn,high_cloze,0.9,darn
240,76.15567538970996,1,4,2.478600025177002,11,True,1.0,glue,high_cloze,0.9,glue
815,27.70058123181941,0,1,1.0,14,True,1.0,inks,high_cloze,0.9,inks
141,69.20148566405464,0,10,2.5694000720977783,10,True,1.0,tick,high_cloze,0.9,tick
587,61.29397709203563,1,5,2.2304000854492188,8,True,1.0,flea,high_cloze,0.9,flea
213,19.318741644883982,0,0,1.2553000450134277,11,True,1.0,onyx,high_cloze,0.9,onyx
836,121.47616465183356,2,3,2.4149999618530273,9,True,1.0,jade,high_cloze,0.9,jade
142,74.31527032309722,1,1,2.56469988822937,12,True,1.0,glen,high_cloze,0.9,glen
549,102.06574979808407,1,12,3.282399892807007,13,True,1.0,hill,high_cloze,0.9,hill
170,88.36416985608642,1,9,2.2095000743865967,9,True,1.0,funk,high_cloze,0.9,funk
196,35.54407998358013,0,0,2.784600019454956,9,True,1.0,jazz,high_cloze,0.9,jazz
178,75.43680248331988,1,10,2.8578999042510986,10,True,1.0,bush,high_cloze,0.9,bush
511,81.29551539845936,1,4,3.5206000804901123,15,True,1.0,tree,high_cloze,0.9,tree
294,83.25448827251712,0,6,2.599900007247925,11,True,1.0,soil,high_cloze,0.9,soil
602,71.54314846764191,1,3,3.1175999641418457,5,True,1.0,dirt,high_cloze,0.9,dirt
186,216.41299389582892,2,3,2.734800100326538,12,True,1.0,lamb,high_cloze,0.9,lamb
608,176.24454161761906,2,11,2.648400068283081,10,True,1.0,deer,high_cloze,0.9,deer
384,40.282981884910434,1,1,2.8006999492645264,7,True,1.0,inch,high_cloze,0.9,inch
1291,106.7930749300908,1,8,2.0085999965667725,4,True,1.0,span,high_cloze,0.9,span
191,95.34096335372612,1,7,2.164400100708008,8,True,1.0,moss,high_cloze,0.9,moss
524,65.52776221152516,1,0,2.2147998809814453,9,True,1.0,fern,high_cloze,0.9,fern
266,81.51031292554693,1,7,1.8920999765396118,9,True,1.0,haze,high_cloze,0.9,haze
488,36.550961171040676,0,1,1.7482000589370728,9,True,1.0,smog,high_cloze,0.9,smog
230,113.68292511992665,2,8,1.924299955368042,10,True,1.0,lark,high_cloze,0.9,lark
470,86.69944295326198,1,1,1.3009999990463257,6,True,1.0,wren,high_cloze,0.9,wren
405,62.620046992024186,1,2,1.6720999479293823,11,True,1.0,acne,high_cloze,0.9,acne
1242,34.82703349536725,1,2,2.330399990081787,11,True,1.0,itch,high_cloze,0.9,itch
233,117.13993706666277,2,7,2.3385000228881836,7,True,1.0,lure,high_cloze,0.9,lure
271,64.62743660410096,0,3,2.6963999271392822,6,True,1.0,bait,high_cloze,0.9,bait
314,86.0404538032041,1,3,2.749000072479248,11,True,1.0,shed,high_cloze,0.9,shed
654,92.03000801237343,1,8,4.350599765777588,15,True,1.0,room,high_cloze,0.9,room
251,91.2714915860611,1,6,1.462399959564209,11,True,1.0,kale,high_cloze,0.9,kale
559,72.29339189577247,0,8,1.2041000127792358,9,True,1.0,leek,high_cloze,0.9,leek
548,112.0763330866944,1,9,3.688999891281128,14,True,1.0,boat,high_cloze,0.9,boat
597,51.32221699883748,0,8,3.7028000354766846,10,True,1.0,ship,high_cloze,0.9,ship
285,119.09124768977696,2,10,2.841399908065796,8,True,1.0,barn,high_cloze,0.9,barn
880,66.65433633382047,0,5,1.6901999711990356,9,True,1.0,silo,high_cloze,0.9,silo
25,69.51429817658774,0,10,1.544100046157837,8,True,1.0,mope,high_cloze,0.9,mope
1474,35.714449483991245,0,5,1.7243000268936157,8,True,1.0,glum,high_cloze,0.9,glum
319,105.17958592283324,1,5,1.8691999912261963,8,True,1.0,wasp,high_cloze,0.9,wasp
696,66.28456390185279,0,5,2.436199903488159,13,True,1.0,bees,high_cloze,0.9,bees
505,45.720390570521246,1,0,1.6128000020980835,11,True,1.0,kiwi,high_cloze,0.9,kiwi
626,48.869674441341296,0,5,2.243000030517578,12,True,1.0,plum,high_cloze,0.9,plum
454,35.96315262299509,0,3,1.3617000579833984,10,True,1.0,oxen,high_cloze,0.9,oxen
621,71.41296704661849,0,12,3.14739990234375,8,True,1.0,bull,high_cloze,0.9,bull
545,54.7056844375732,1,0,2.2227001190185547,14,True,1.0,mayo,high_cloze,0.9,mayo
736,89.53567649520483,1,9,1.2553000450134277,10,True,1.0,slaw,high_cloze,0.9,slaw
544,79.38846660254154,0,9,2.413300037384033,10,True,1.0,cafe,high_cloze,0.9,cafe
763,58.649130186866955,1,1,2.037400007247925,7,True,1.0,deli,high_cloze,0.9,deli
114,266.2792327464352,3,1,3.904400110244751,8,True,1.0,whoa,high_cloze,0.9,whoa
1483,37.17060407266554,0,1,2.7458999156951904,6,True,1.0,oops,high_cloze,0.9,oops
578,74.92397778787884,0,3,2.510499954223633,9,True,1.0,pond,high_cloze,0.9,pond
592,82.17576726853342,0,13,3.2641000747680664,9,True,1.0,lake,high_cloze,0.9,lake
174,56.13817597159006,0,2,2.5211000442504883,13,True,1.0,riot,high_cloze,0.9,riot
877,41.964427784394736,0,3,2.2528998851776123,11,True,1.0,thug,high_cloze,0.9,thug
590,81.56296602585286,1,11,3.585599899291992,12,True,1.0,beer,high_cloze,0.9,beer
1338,144.44810177715078,2,15,3.514899969100952,11,True,1.0,sake,high_cloze,0.9,sake
695,46.70705782744858,0,12,2.7809998989105225,15,True,1.0,pill,high_cloze,0.9,pill
798,40.02136365349219,0,2,3.36299991607666,12,True,1.0,drug,high_cloze,0.9,drug
596,84.21203183479226,0,10,4.168700218200684,9,True,1.0,face,high_cloze,0.9,face
676,102.34994751796772,1,11,4.277599811553955,9,True,1.0,head,high_cloze,0.9,head
144,79.40139914603323,1,6,1.8194999694824219,6,True,1.0,posh,high_cloze,0.9,posh
1347,55.1900149067519,1,5,2.0492000579833984,7,True,1.0,snob,high_cloze,0.9,snob
744,114.9257505097416,1,11,2.613800048828125,12,True,1.0,rash,high_cloze,0.9,rash
830,97.26600906409587,1,10,1.0,9,True,1.0,welt,high_cloze,0.9,welt
958,61.57455533598248,0,9,3.536799907684326,8,True,1.0,nine,high_cloze,0.9,nine
1188,58.110757236816234,0,6,4.115499973297119,9,True,1.0,four,high_cloze,0.9,four
751,38.45378867122246,0,8,2.4377999305725098,6,True,1.0,peel,high_cloze,0.9,peel
805,48.14413077026698,0,9,1.1761000156402588,6,True,1.0,rind,high_cloze,0.9,rind
1367,48.50539051684958,0,10,2.4969000816345215,6,True,1.0,scam,high_cloze,0.9,scam
1456,74.58829268161494,1,4,1.531499981880188,6,True,1.0,dupe,high_cloze,0.9,dupe
838,64.19487556521412,0,6,2.1875,10,True,1.0,boob,high_cloze,0.9,boob
843,110.8602273002086,1,13,1.2303999662399292,7,True,1.0,teat,high_cloze,0.9,teat
71,45.41510030813099,0,4,1.6812000274658203,10,True,1.0,spud,high_cloze,0.9,spud
698,47.56158929911685,0,7,3.0220000743865967,9,True,1.0,chip,high_cloze,0.9,chip
23,66.13930053967547,0,18,1.079200029373169,8,True,1.0,sear,high_cloze,0.9,sear
903,111.00047270550363,1,13,2.510499954223633,9,True,1.0,bake,high_cloze,0.9,bake
152,22.196030811699735,0,8,2.0569000244140625,4,True,1.0,goof,high_cloze,0.9,goof
1108,24.8043346308642,0,2,1.544100046157837,8,True,1.0,typo,high_cloze,0.9,typo
40,70.2088976902343,0,12,1.5563000440597534,11,True,1.0,gash,high_cloze,0.9,gash
931,60.756689337047604,0,6,3.4498000144958496,7,True,1.0,burn,high_cloze,0.9,burn
49,120.03815080009754,2,13,2.2279000282287598,11,True,1.0,lime,high_cloze,0.9,lime
557,91.22749935022227,1,13,1.8387999534606934,10,True,1.0,pear,high_cloze,0.9,pear
46,75.70854518651228,1,1,3.4149999618530273,6,True,1.0,duty,high_cloze,0.9,duty
1461,88.44029067127394,0,12,2.9684998989105225,8,True,1.0,role,high_cloze,0.9,role
305,45.74151760257222,1,2,3.380199909210205,7,True,1.0,plus,high_cloze,0.9,plus
375,62.14680287382936,1,6,2.4518001079559326,8,True,1.0,grid,high_cloze,0.9,grid
47,97.1735844189006,0,13,1.579800009727478,5,True,1.0,hone,high_cloze,0.9,hone
364,43.85545339861506,0,4,0.7781999707221985,10,True,1.0,rasp,high_cloze,0.9,rasp
195,49.20973659585529,1,2,1.8451000452041626,8,True,1.0,alto,high_cloze,0.9,alto
1105,37.436320376265215,0,1,1.8976000547409058,8,True,1.0,diva,high_cloze,0.9,diva
159,148.15203435425116,2,16,2.7551000118255615,10,True,1.0,boot,high_cloze,0.9,boot
609,75.28108336019423,1,7,2.577500104904175,6,True,1.0,heel,high_cloze,0.9,heel
162,37.91320285344155,0,0,3.1201999187469482,12,True,1.0,taxi,high_cloze,0.9,taxi
475,49.56034973769037,1,1,2.5933001041412354,12,True,1.0,auto,high_cloze,0.9,auto
161,97.7106370905314,1,4,1.6901999711990356,9,True,1.0,font,high_cloze,0.9,font
163,40.62356979764849,0,4,3.490499973297119,5,True,1.0,type,high_cloze,0.9,type
203,49.63437214584713,0,2,2.3032000064849854,13,True,1.0,bulb,high_cloze,0.9,bulb
534,69.50384321536187,0,8,2.81820011138916,11,True,1.0,lamp,high_cloze,0.9,lamp
185,31.575868285090895,0,0,1.2788000106811523,12,True,1.0,oboe,high_cloze,0.9,oboe
277,93.22272285260445,1,7,2.1303000450134277,11,True,1.0,harp,high_cloze,0.9,harp
342,42.867282755227805,0,0,1.9031000137329102,8,True,1.0,luau,high_cloze,0.9,luau
1093,92.74738263263654,1,13,1.8451000452041626,10,True,1.0,fest,high_cloze,0.9,fest
202,77.67704710513706,1,4,1.986799955368042,9,True,1.0,moan,high_cloze,0.9,moan
273,48.261672664288135,0,3,0.9031000137329102,6,True,1.0,yelp,high_cloze,0.9,yelp
346,50.394382018174,0,6,2.672100067138672,9,True,1.0,hint,high_cloze,0.9,hint
480,39.58359256843741,0,3,2.9537999629974365,7,True,1.0,clue,high_cloze,0.9,clue
210,75.40832733987375,1,7,2.037400007247925,11,True,1.0,snot,high_cloze,0.9,snot
581,75.96475950908982,0,10,3.5511999130249023,11,True,1.0,nose,high_cloze,0.9,nose
221,49.380943773580405,1,2,1.7243000268936157,9,True,1.0,opal,high_cloze,0.9,opal
671,65.7448825068313,1,0,2.783900022506714,11,True,1.0,ruby,high_cloze,0.9,ruby
234,34.26942938393715,0,3,3.0980000495910645,6,True,1.0,path,high_cloze,0.9,path
677,73.67245608720843,0,5,3.7565999031066895,11,True,1.0,road,high_cloze,0.9,road
244,102.26470531741856,1,5,2.9014999866485596,12,True,1.0,tune,high_cloze,0.9,tune
961,46.57025697206974,1,0,1.924299955368042,10,True,1.0,hymn,high_cloze,0.9,hymn
282,71.98392095366208,0,9,2.730799913406372,10,True,1.0,pork,high_cloze,0.9,pork
683,74.13551398300835,1,6,3.0025999546051025,13,True,1.0,beef,high_cloze,0.9,beef
440,85.50816437689943,1,4,2.613800048828125,11,True,1.0,tray,high_cloze,0.9,tray
990,469.09835823010224,5,13,4.1585001945495605,10,True,1.0,case,high_cloze,0.9,case
297,110.2375930170004,1,10,2.3559999465942383,6,True,1.0,vile,high_cloze,0.9,vile
1543,62.82302055049367,0,8,5.124199867248535,12,True,1.0,good,high_cloze,0.9,good
507,81.63019944612901,1,8,1.8260999917984009,9,True,1.0,tush,high_cloze,0.9,tush
860,108.77586369890041,1,12,5.0106000900268555,8,True,1.0,back,high_cloze,0.9,back
299,38.71949578387894,0,0,1.9031000137329102,7,True,1.0,quad,high_cloze,0.9,quad
651,61.65533914174908,0,7,2.7202000617980957,9,True,1.0,jeep,high_cloze,0.9,jeep
367,74.82846017326453,1,3,1.6232000589370728,8,True,1.0,clog,high_cloze,0.9,clog
561,145.87507764531432,2,11,2.661799907684326,8,True,1.0,sock,high_cloze,0.9,sock
301,85.39665365969861,1,10,1.7323999404907227,10,True,1.0,mead,high_cloze,0.9,mead
657,79.05554608210157,0,16,3.4883999824523926,7,True,1.0,wine,high_cloze,0.9,wine
499,42.344812051786235,0,5,1.8691999912261963,8,True,1.0,spur,high_cloze,0.9,spur
936,55.38190215828642,0,2,1.968500018119812,10,True,1.0,trot,high_cloze,0.9,trot
362,53.3109105127088,1,1,1.0,5,True,1.0,cyan,high_cloze,0.9,cyan
1068,81.0657704505084,1,3,3.717900037765503,7,True,1.0,blue,high_cloze,0.9,blue
365,85.16640001109049,1,5,2.307499885559082,8,True,1.0,mutt,high_cloze,0.9,mutt
513,75.88765782743225,1,2,3.4321999549865723,10,True,1.0,dogs,high_cloze,0.9,dogs
368,115.26255344909389,2,11,2.819499969482422,9,True,1.0,sack,high_cloze,0.9,sack
841,98.81984175070015,1,6,1.7482000589370728,12,True,1.0,tote,high_cloze,0.9,tote
717,94.0520509488406,1,13,3.7811999320983887,13,True,1.0,bill,high_cloze,0.9,bill
1156,64.18118028415357,0,13,3.246299982070923,10,True,1.0,rent,high_cloze,0.9,rent
376,55.45769391542918,0,5,2.989000082015991,7,True,1.0,bout,high_cloze,0.9,bout
1124,71.6931108707768,0,13,3.4993999004364014,12,True,1.0,race,high_cloze,0.9,race
814,37.86793243330244,1,0,1.2303999662399292,8,True,1.0,gyro,high_cloze,0.9,gyro
827,72.1470753353611,1,6,2.517199993133545,7,True,1.0,stew,high_cloze,0.9,stew
388,115.22303175551686,2,7,1.6021000146865845,6,True,1.0,carp,high_cloze,0.9,carp
495,80.85281427429491,1,10,2.3710999488830566,9,True,1.0,pike,high_cloze,0.9,pike
528,138.9795895573318,2,5,3.544100046157837,11,True,1.0,suit,high_cloze,0.9,suit
750,92.65920640712224,1,3,2.5250000953674316,7,True,1.0,gown,high_cloze,0.9,gown
419,51.392592739349894,0,3,2.7258999347686768,13,True,1.0,plug,high_cloze,0.9,plug
774,81.27329571175399,1,4,2.396199941635132,11,True,1.0,fuse,high_cloze,0.9,fuse
529,47.074777035411834,1,2,3.4844000339508057,9,True,1.0,arms,high_cloze,0.9,arms
655,58.71641164456704,0,3,3.998800039291382,10,True,1.0,body,high_cloze,0.9,body
458,75.74327079305897,1,3,2.359800100326538,8,True,1.0,loaf,high_cloze,0.9,loaf
883,52.53508711407477,0,1,1.7633999586105347,12,True,1.0,pita,high_cloze,0.9,pita
619,58.68924934664367,1,6,3.2040998935699463,11,True,1.0,snow,high_cloze,0.9,snow
866,78.8899572827586,1,13,2.7881999015808105,9,True,1.0,hail,high_cloze,0.9,hail
493,102.54050445493063,0,17,1.3978999853134155,10,True,1.0,pore,high_cloze,0.9,pore
658,59.388868682439764,0,7,3.351599931716919,14,True,1.0,skin,high_cloze,0.9,skin
872,39.20137905479673,0,0,3.7235000133514404,10,True,1.0,mama,high_cloze,0.9,mama
916,57.566480474071646,0,5,3.4495999813079834,11,True,1.0,aunt,high_cloze,0.9,aunt
532,60.87471324217298,0,3,3.1905999183654785,12,True,1.0,shoe,high_cloze,0.9,shoe
1015,715.2824438367054,7,5,3.2790000438690186,4,True,1.0,pair,high_cloze,0.9,pair
613,51.024152060085186,1,0,2.139899969100952,10,True,1.0,tofu,high_cloze,0.9,tofu
1469,47.67456189611251,1,1,1.5184999704360962,9,True,1.0,idly,high_cloze,0.9,idly
591,134.71956096668646,2,19,3.4667000770568848,8,True,1.0,bear,high_cloze,0.9,bear
661,61.27293256482515,0,2,3.014899969100952,8,True,1.0,wolf,high_cloze,0.9,wolf
1137,42.245477932471616,0,0,3.3922998905181885,3,True,1.0,huge,high_cloze,0.9,huge
1475,55.95257704891062,0,8,2.4941999912261963,8,True,1.0,vast,high_cloze,0.9,vast
605,74.93630171033135,0,12,2.8864998817443848,7,True,1.0,rice,high_cloze,0.9,rice
804,52.92189818026789,0,3,1.8324999809265137,9,True,1.0,bran,high_cloze,0.9,bran
634,116.52652221875238,2,10,2.456399917602539,6,True,1.0,poop,high_cloze,0.9,poop
976,41.34659818788943,0,3,2.1522998809814453,8,True,1.0,turd,high_cloze,0.9,turd
624,161.3139992804388,2,11,2.2788000106811523,11,True,1.0,lace,high_cloze,0.9,lace
1275,92.98295908849899,1,7,3.7862000465393066,8,True,1.0,felt,high_cloze,0.9,felt
656,42.240067835482115,0,2,3.935800075531006,10,True,1.0,city,high_cloze,0.9,city
730,44.432874466411036,0,3,4.101900100708008,11,True,1.0,town,high_cloze,0.9,town
629,75.41435752654817,1,4,3.437299966812134,8,True,1.0,bomb,high_cloze,0.9,bomb
977,45.1776816731955,0,3,2.086400032043457,12,True,1.0,nuke,high_cloze,0.9,nuke
670,95.93258567799708,1,6,3.083899974822998,15,True,1.0,deck,high_cloze,0.9,deck
775,48.11473494660642,0,4,3.7820000648498535,7,True,1.0,step,high_cloze,0.9,step
636,515.8856976549023,5,2,1.3617000579833984,6,True,1.0,gnat,high_cloze,0.9,gnat
714,66.57349918095348,1,4,2.06820011138916,12,True,1.0,moth,high_cloze,0.9,moth
731,29.93414141335085,0,3,3.338900089263916,10,True,1.0,jury,high_cloze,0.9,jury
1025,63.57994418903347,0,14,2.9474000930786133,10,True,1.0,bail,high_cloze,0.9,bail
642,108.01151955403466,1,3,4.173099994659424,11,True,1.0,door,high_cloze,0.9,door
758,69.16403968889713,0,13,1.3802000284194946,7,True,1.0,sill,high_cloze,0.9,sill
646,119.49863753326524,2,17,3.3615000247955322,8,True,1.0,cake,high_cloze,0.9,cake
956,64.10381239026924,0,7,1.9394999742507935,11,True,1.0,flan,high_cloze,0.9,flan
673,54.16797149095696,0,4,2.4914000034332275,11,True,1.0,bats,high_cloze,0.9,bats
832,121.83283123162637,2,13,2.6149001121520996,8,True,1.0,mole,high_cloze,0.9,mole
981,70.22659692680347,1,7,4.396299839019775,11,True,1.0,show,high_cloze,0.9,show
1216,65.25970667830727,1,5,4.257199764251709,8,True,1.0,play,high_cloze,0.9,play
729,96.34956021119174,1,12,3.4602999687194824,9,True,1.0,lock,high_cloze,0.9,lock
1176,80.93199163859774,0,8,3.863600015640259,14,True,1.0,safe,high_cloze,0.9,safe
19,21.352212525793384,0,1,4.02239990234375,3,True,1.0,also,high_cloze,0.9,also
1564,39.00282428560221,1,3,2.7987000942230225,4,True,1.0,thus,high_cloze,0.9,thus
735,52.538221688046065,0,3,2.3784000873565674,9,True,1.0,lens,high_cloze,0.9,lens
1258,55.84117220432389,0,4,2.2600998878479004,5,True,1.0,zoom,high_cloze,0.9,zoom
9,38.00819029297137,0,1,0.8450999855995178,9,True,1.0,clef,high_cloze,0.9,clef
728,72.42691441593013,0,11,3.756500005722046,10,True,1.0,mike,high_cloze,0.9,mike
740,46.826152604404555,0,4,2.0827999114990234,13,True,1.0,meth,high_cloze,0.9,meth
1286,106.13792631922279,1,14,2.914299964904785,6,True,1.0,dope,high_cloze,0.9,dope
1088,74.15722722990212,1,5,4.557199954986572,9,True,1.0,stop,high_cloze,0.9,stop
1184,123.32424728250437,2,5,2.7604000568389893,6,True,1.0,halt,high_cloze,0.9,halt
778,47.40250314831256,1,2,2.3578999042510986,12,True,1.0,yoga,high_cloze,0.9,yoga
1230,60.17473933507067,1,5,3.266700029373169,8,True,1.0,pray,high_cloze,0.9,pray
1236,101.95462038496164,1,4,2.7339999675750732,9,True,1.0,fund,high_cloze,0.9,fund
1330,43.540316053989194,0,1,3.6129000186920166,9,True,1.0,rich,high_cloze,0.9,rich
1031,72.89611251620927,0,11,3.8220999240875244,7,True,1.0,cold,high_cloze,0.9,cold
1134,247.35125309591803,3,9,3.4249000549316406,4,True,1.0,warm,high_cloze,0.9,warm
4,89.57702531164392,1,10,2.444000005722046,8,True,1.0,mint,high_cloze,0.9,mint
638,53.17262664813062,0,0,1.2041000127792358,11,True,1.0,aloe,high_cloze,0.9,aloe
1372,51.09199194623093,0,4,2.9047000408172607,7,True,1.0,hers,high_cloze,0.9,hers
1428,35.75412069739474,0,5,5.5167999267578125,4,True,1.0,your,high_cloze,0.9,your
24,47.206421980610216,0,1,3.22189998626709,8,True,1.0,ally,high_cloze,0.9,ally
1525,23.06134551614404,0,6,1.7559000253677368,7,True,1.0,tact,high_cloze,0.9,tact
1496,102.31625418670227,1,10,5.148399829864502,6,True,1.0,want,high_cloze,0.9,want
1536,67.60343952068152,0,8,4.819799900054932,11,True,1.0,need,high_cloze,0.9,need
7,36.12342631116287,0,3,3.8712000846862793,6,True,1.0,plan,high_cloze,0.9,plan
1039,101.96656839425414,1,4,3.8020999431610107,11,True,1.0,boss,high_cloze,0.9,boss
5,124.35353011927107,2,15,3.112600088119507,10,True,1.0,sale,high_cloze,0.9,sale
1403,68.87402274932285,0,9,3.447499990463257,8,True,1.0,cost,high_cloze,0.9,cost
50,46.6939826330083,0,3,2.450200080871582,9,True,1.0,prey,high_cloze,0.9,prey
356,31.862623038621827,0,1,0.7781999707221985,7,True,1.0,bios,high_cloze,0.9,bios
10,66.2247526436208,0,7,3.239799976348877,8,True,1.0,mood,high_cloze,0.9,mood
1505,68.6683283910597,1,4,2.426500082015991,5,True,1.0,vibe,high_cloze,0.9,vibe
33,85.14832346618495,1,6,2.4249000549316406,8,True,1.0,leaf,high_cloze,0.9,leaf
741,42.733238765219106,0,4,2.060699939727783,9,True,1.0,stem,high_cloze,0.9,stem
13,71.02884478167093,0,8,1.3978999853134155,6,True,1.0,bode,high_cloze,0.9,bode
1350,33.79759939223028,0,4,1.9444999694824219,8,True,1.0,omen,high_cloze,0.9,omen
67,57.670242113048985,0,6,3.2063000202178955,6,True,1.0,weak,high_cloze,0.9,weak
1379,63.96678648375547,1,3,1.875100016593933,4,True,1.0,puny,high_cloze,0.9,puny
31,131.94969174597583,2,10,2.5866000652313232,5,True,1.0,bold,high_cloze,0.9,bold
1308,51.36878654639363,0,4,2.2040998935699463,13,True,1.0,wimp,high_cloze,0.9,wimp
79,23.21733702987052,0,5,2.873300075531006,7,True,1.0,spin,high_cloze,0.9,spin
783,31.816771495414237,0,2,2.1238999366760254,7,True,1.0,axel,high_cloze,0.9,axel
39,79.11798264323406,0,9,1.9394999742507935,11,True,1.0,lard,high_cloze,0.9,lard
535,37.666054256877764,0,5,2.657099962234497,13,True,1.0,oven,high_cloze,0.9,oven
55,54.41670225398546,1,5,2.8626999855041504,5,True,1.0,flip,high_cloze,0.9,flip
966,81.59473280700612,1,12,2.816200017929077,6,True,1.0,dive,high_cloze,0.9,dive
43,34.003007875550324,1,1,1.6021000146865845,6,True,1.0,yogi,high_cloze,0.9,yogi
204,64.42841662918683,0,2,2.89490008354187,10,True,1.0,diet,high_cloze,0.9,diet
73,78.81848283086681,1,1,1.2303999662399292,3,True,1.0,gawk,high_cloze,0.9,gawk
119,453.06369425434923,5,1,1.3009999990463257,3,True,1.0,ogle,high_cloze,0.9,ogle
65,104.24216342189295,1,13,2.1270999908447266,7,True,1.0,hoot,high_cloze,0.9,hoot
354,99.89693887168218,1,2,1.6021000146865845,5,True,1.0,purr,high_cloze,0.9,purr
107,78.09405111337172,0,12,2.033400058746338,5,True,1.0,vine,high_cloze,0.9,vine
173,136.26531582637315,2,12,2.6675000190734863,5,True,1.0,reed,high_cloze,0.9,reed
82,123.51956366454155,2,11,2.045300006866455,6,True,1.0,hock,high_cloze,0.9,hock
648,170.8688491945053,2,8,1.8632999658584595,5,True,1.0,rump,high_cloze,0.9,rump
109,93.06977053515631,1,12,2.846299886703491,8,True,1.0,sail,high_cloze,0.9,sail
662,59.35732129170418,1,6,2.950900077819824,9,True,1.0,flag,high_cloze,0.9,flag
86,74.49821058662172,1,4,2.381999969482422,7,True,1.0,raft,high_cloze,0.9,raft
397,59.856953623536945,0,10,2.8101999759674072,7,True,1.0,pump,high_cloze,0.9,pump
113,71.42162087475673,0,11,2.342400074005127,9,True,1.0,mold,high_cloze,0.9,mold
734,55.80896941997645,0,6,2.4047999382019043,11,True,1.0,slug,high_cloze,0.9,slug
89,60.92135692095519,0,4,1.5563000440597534,12,True,1.0,lube,high_cloze,0.9,lube
1045,57.06936444114302,1,1,1.6990000009536743,7,True,1.0,oily,high_cloze,0.9,oily
93,59.01678143456409,1,2,2.8101999759674072,10,True,1.0,eats,high_cloze,0.9,eats
865,52.31186230232337,0,11,3.3664000034332275,10,True,1.0,cook,high_cloze,0.9,cook
95,57.2674283358279,0,8,0.7781999707221985,6,True,1.0,eave,high_cloze,0.9,eave
660,76.30095003702164,1,7,3.2597999572753906,10,True,1.0,roof,high_cloze,0.9,roof
108,55.22523529375458,0,3,2.3578999042510986,9,True,1.0,cult,high_cloze,0.9,cult
1054,60.298474895382626,0,7,3.876699924468994,8,True,1.0,team,high_cloze,0.9,team
98,95.35881125384695,1,3,2.8136000633239746,9,True,1.0,hawk,high_cloze,0.9,hawk
889,121.55759133204052,2,12,1.8632999658584595,8,True,1.0,loon,high_cloze,0.9,loon
120,53.26343222423087,1,0,1.7633999586105347,7,True,1.0,afro,high_cloze,0.9,afro
1390,65.99238839092101,0,5,1.9394999742507935,10,True,1.0,jive,high_cloze,0.9,jive
101,55.37110780169432,0,3,2.983599901199341,9,True,1.0,june,high_cloze,0.9,june
1155,52.63969633258316,0,9,4.085100173950195,9,True,1.0,week,high_cloze,0.9,week
128,44.91649189990919,0,3,0.9031000137329102,9,True,1.0,alum,high_cloze,0.9,alum
582,73.72451415101382,0,4,2.998300075531006,8,True,1.0,salt,high_cloze,0.9,salt
102,95.95702760923717,1,6,2.1238999366760254,8,True,1.0,reap,high_cloze,0.9,reap
284,54.71448822584957,0,4,1.2553000450134277,7,True,1.0,sown,high_cloze,0.9,sown
137,64.34087773939783,0,6,1.9955999851226807,9,True,1.0,fang,high_cloze,0.9,fang
675,64.482655884533,0,6,1.1461000442504883,8,True,1.0,tusk,high_cloze,0.9,tusk
111,52.10346842812398,0,1,1.1461000442504883,8,True,1.0,peso,high_cloze,0.9,peso
1260,65.55997032139696,0,4,1.986799955368042,11,True,1.0,watt,high_cloze,0.9,watt
117,36.76330646148335,2,4,0.8450999855995178,4,True,1.0,glob,high_cloze,0.9,glob
978,71.60619826458216,1,2,1.4471999406814575,6,True,1.0,ooze,high_cloze,0.9,ooze
122,52.482272375449575,0,11,1.0,11,True,1.0,seep,high_cloze,0.9,seep
1186,64.5971413549438,1,10,1.5681999921798706,3,True,1.0,gush,high_cloze,0.9,gush
127,64.95951477476493,0,9,2.76419997215271,7,True,1.0,cock,high_cloze,0.9,cock
604,79.0718188718595,1,9,3.0141000747680664,6,True,1.0,wing,high_cloze,0.9,wing
123,54.07607157671496,0,15,2.566999912261963,5,True,1.0,bent,high_cloze,0.9,bent
478,84.15154833089576,1,10,2.448699951171875,7,True,1.0,warp,high_cloze,0.9,warp
151,72.89725832518772,2,9,2.9781999588012695,10,True,1.0,vice,high_cloze,0.9,vice
858,82.57827438777876,1,9,2.086400032043457,9,True,1.0,swab,high_cloze,0.9,swab
131,157.97742526218636,2,10,2.429800033569336,6,True,1.0,sole,high_cloze,0.9,sole
256,791.5994788028528,10,8,2.5866000652313232,6,True,1.0,bass,high_cloze,0.9,bass
187,30.351729975988814,0,1,3.122499942779541,7,True,1.0,amen,high_cloze,0.9,amen
316,75.58319971572932,0,13,2.2809998989105225,10,True,1.0,lent,high_cloze,0.9,lent
136,69.12285175524488,0,5,2.56820011138916,9,True,1.0,dorm,high_cloze,0.9,dorm
383,77.2489582485177,1,5,2.2067999839782715,12,True,1.0,frat,high_cloze,0.9,frat
154,86.33619951170057,1,3,1.9493999481201172,5,True,1.0,gasp,high_cloze,0.9,gasp
1013,42.33905676802871,0,3,2.240499973297119,7,True,1.0,sigh,high_cloze,0.9,sigh
148,23.842747159709003,0,1,3.116300106048584,10,True,1.0,data,high_cloze,0.9,data
831,81.15238262075196,0,11,3.351599931716919,11,True,1.0,file,high_cloze,0.9,file
153,39.225815056658675,0,1,1.4471999406814575,9,True,1.0,noun,high_cloze,0.9,noun
1301,42.32040007760114,0,3,5.320700168609619,6,True,1.0,they,high_cloze,0.9,they
158,53.007180923138776,1,1,3.486999988555908,3,True,1.0,lots,high_cloze,0.9,lots
1431,75.08242256129856,1,2,4.263199806213379,7,True,1.0,many,high_cloze,0.9,many
215,120.58831429243544,2,8,2.8006999492645264,12,True,1.0,tire,high_cloze,0.9,tire
791,61.41020197743262,0,12,2.170300006866455,10,True,1.0,puck,high_cloze,0.9,puck
167,115.25968966193416,2,6,1.1138999462127686,9,True,1.0,nape,high_cloze,0.9,nape
322,49.6719587940718,1,5,2.8115999698638916,6,True,1.0,chin,high_cloze,0.9,chin
181,99.50736800911366,1,6,2.06820011138916,10,True,1.0,tong,high_cloze,0.9,tong
1116,62.491397563110034,0,11,1.9031000137329102,6,True,1.0,spat,high_cloze,0.9,spat
172,91.70539893096588,1,10,1.919100046157837,7,True,1.0,gent,high_cloze,0.9,gent
274,115.57124794135652,1,14,2.8469998836517334,10,True,1.0,dame,high_cloze,0.9,dame
197,67.5354913657272,0,8,2.773099899291992,5,True,1.0,porn,high_cloze,0.9,porn
1096,23.135279776971196,0,0,1.9444999694824219,6,True,1.0,orgy,high_cloze,0.9,orgy
176,72.80741874741231,1,2,1.9589999914169312,10,True,1.0,gala,high_cloze,0.9,gala
1081,86.38849674626043,1,3,2.9576001167297363,12,True,1.0,prom,high_cloze,0.9,prom
192,42.35875343616488,0,3,3.0381999015808105,6,True,1.0,deny,high_cloze,0.9,deny
1435,22.646255213509935,0,11,3.2513999938964844,4,True,1.0,nope,high_cloze,0.9,nope
177,130.32431531277106,2,0,3.0834999084472656,6,True,1.0,guts,high_cloze,0.9,guts
434,73.6470214098845,0,11,1.6128000020980835,11,True,1.0,bile,high_cloze,0.9,bile
206,78.78557423433521,0,15,1.7482000589370728,10,True,1.0,soot,high_cloze,0.9,soot
1135,25.205906167694103,2,2,1.079200029373169,6,True,1.0,inky,high_cloze,0.9,inky
180,59.126848564553164,0,5,2.52239990234375,8,True,1.0,vain,high_cloze,0.9,vain
298,44.71156089133479,0,2,2.859100103378296,9,True,1.0,self,high_cloze,0.9,self
193,56.51202017691467,0,3,1.857300043106079,11,True,1.0,gout,high_cloze,0.9,gout
519,37.43668254068924,0,1,2.8750998973846436,8,True,1.0,knee,high_cloze,0.9,knee
190,55.74953115037798,0,6,1.1138999462127686,4,True,1.0,meld,high_cloze,0.9,meld
1290,26.52870139770003,0,1,2.0492000579833984,5,True,1.0,ante,high_cloze,0.9,ante
201,83.09803269780984,1,8,1.7924000024795532,6,True,1.0,bony,high_cloze,0.9,bony
811,51.57077211113007,1,0,2.1270999908447266,7,True,1.0,jaws,high_cloze,0.9,jaws
200,44.56760631296972,0,3,1.0,3,True,1.0,boxy,high_cloze,0.9,boxy
607,90.1677301671202,0,11,2.7274999618530273,11,True,1.0,dice,high_cloze,0.9,dice
247,68.21454353624313,0,9,2.158400058746338,7,True,1.0,stat,high_cloze,0.9,stat
1423,20.58629147623309,0,1,2.2788000106811523,6,True,1.0,info,high_cloze,0.9,info
205,73.68581337191503,0,13,2.748199939727783,8,True,1.0,lick,high_cloze,0.9,lick
218,50.35151697244224,0,6,1.4914000034332275,10,True,1.0,balm,high_cloze,0.9,balm
254,28.985101807391267,1,0,3.5051000118255615,3,True,1.0,upon,high_cloze,0.9,upon
1406,48.163083369401065,1,2,4.82919979095459,7,True,1.0,over,high_cloze,0.9,over
209,85.32547144930012,1,4,3.1835999488830566,5,True,1.0,gosh,high_cloze,0.9,gosh
1233,62.79656251363464,1,9,4.285699844360352,6,True,1.0,fuck,high_cloze,0.9,fuck
235,77.33927193901096,1,3,1.3009999990463257,8,True,1.0,kiln,high_cloze,0.9,kiln
357,92.22752359328254,1,7,2.7874999046325684,7,True,1.0,clay,high_cloze,0.9,clay
227,48.64714094948813,1,1,2.8369998931884766,4,True,1.0,blah,high_cloze,0.9,blah
1332,29.82126645272831,0,2,2.1522998809814453,5,True,1.0,idle,high_cloze,0.9,idle
229,31.24366945989965,0,4,2.322200059890747,8,True,1.0,curb,high_cloze,0.9,curb
1487,51.95804420299386,0,4,4.160200119018555,10,True,1.0,damn,high_cloze,0.9,damn
232,62.196667008270516,0,13,2.1138999462127686,5,True,1.0,rave,high_cloze,0.9,rave
330,70.41756755786588,1,2,2.004300117492676,10,True,1.0,hula,high_cloze,0.9,hula
253,55.14331572495845,1,4,1.6232000589370728,5,True,1.0,drab,high_cloze,0.9,drab
302,35.05371698027046,1,1,1.0,7,True,1.0,ashy,high_cloze,0.9,ashy
242,90.76879701721008,1,10,3.203000068664551,9,True,1.0,bond,high_cloze,0.9,bond
837,37.060455543773,0,1,2.3364999294281006,12,True,1.0,visa,high_cloze,0.9,visa
279,49.315664816793436,0,1,2.3617000579833984,8,True,1.0,trek,high_cloze,0.9,trek
853,71.2803255978823,1,6,3.417099952697754,7,True,1.0,camp,high_cloze,0.9,camp
245,62.03119608913696,0,11,2.1461000442504883,7,True,1.0,tame,high_cloze,0.9,tame
1417,58.666213995070265,0,4,3.4660000801086426,6,True,1.0,wild,high_cloze,0.9,wild
283,21.781099296754082,0,1,2.5011000633239746,8,True,1.0,crib,high_cloze,0.9,crib
473,65.09591318735872,0,12,2.506500005722046,9,True,1.0,bunk,high_cloze,0.9,bunk
248,55.355810392598165,0,5,2.5762999057769775,11,True,1.0,monk,high_cloze,0.9,monk
1415,77.93841899965325,0,16,4.38040018081665,9,True,1.0,hell,high_cloze,0.9,hell
306,56.112387809280015,0,4,1.8260999917984009,7,True,1.0,duet,high_cloze,0.9,duet
986,45.886580113750455,1,2,1.8260999917984009,5,True,1.0,trio,high_cloze,0.9,trio
265,84.91588577227193,1,11,1.875100016593933,4,True,1.0,rite,high_cloze,0.9,rite
1148,63.508186609239786,0,2,1.579800009727478,9,True,1.0,sect,high_cloze,0.9,sect
293,64.70094293105102,1,1,2.6364998817443848,9,True,1.0,drum,high_cloze,0.9,drum
708,87.41817023685832,1,6,2.09689998626709,8,True,1.0,gong,high_cloze,0.9,gong
289,51.97695352882829,0,3,1.715999960899353,8,True,1.0,perm,high_cloze,0.9,perm
522,79.48238618203274,1,5,2.4914000034332275,8,True,1.0,comb,high_cloze,0.9,comb
313,79.95597729838026,1,12,2.8041000366210938,6,True,1.0,slap,high_cloze,0.9,slap
822,122.76810955046173,2,9,3.3183000087738037,7,True,1.0,bite,high_cloze,0.9,bite
295,113.46749931925706,1,12,2.0413999557495117,10,True,1.0,lice,high_cloze,0.9,lice
712,64.9341367635521,0,6,2.6963999271392822,6,True,1.0,bald,high_cloze,0.9,bald
344,29.330371533143392,0,1,1.3802000284194946,4,True,1.0,ajar,high_cloze,0.9,ajar
1182,72.45522984179686,1,5,4.128900051116943,6,True,1.0,shut,high_cloze,0.9,shut
320,77.76149221564329,1,4,1.3423999547958374,10,True,1.0,doer,high_cloze,0.9,doer
1416,57.17776007471339,0,4,3.735100030899048,5,True,1.0,busy,high_cloze,0.9,busy
325,71.45332781278026,1,7,3.3385000228881836,4,True,1.0,main,high_cloze,0.9,main
486,21.769010404156564,0,1,1.2041000127792358,5,True,1.0,crux,high_cloze,0.9,crux
323,113.56111841728452,2,12,2.004300117492676,8,True,1.0,dome,high_cloze,0.9,dome
722,116.33567619326553,1,15,3.4231998920440674,7,True,1.0,hall,high_cloze,0.9,hall
372,47.87290231973877,1,1,3.924299955368042,12,True,1.0,news,high_cloze,0.9,news
1484,85.19153591804167,1,3,5.700699806213379,6,True,1.0,what,high_cloze,0.9,what
334,57.250647857494585,0,4,1.2553000450134277,11,True,1.0,hemp,high_cloze,0.9,hemp
363,72.91252989450884,0,13,1.9589999914169312,9,True,1.0,dill,high_cloze,0.9,dill
336,119.98223862710843,2,11,1.7482000589370728,7,True,1.0,gore,high_cloze,0.9,gore
907,74.70679747164418,1,5,1.968500018119812,6,True,1.0,clot,high_cloze,0.9,clot
343,76.5110261316884,0,8,2.539099931716919,8,True,1.0,loop,high_cloze,0.9,loop
497,47.59442255124003,0,2,3.1350998878479004,3,True,1.0,tied,high_cloze,0.9,tied
361,79.74746724480603,0,13,2.762700080871582,10,True,1.0,heal,high_cloze,0.9,heal
370,72.20859458003903,0,11,3.026900053024292,9,True,1.0,cure,high_cloze,0.9,cure
348,66.62048420672632,2,8,1.3221999406814575,8,True,1.0,vise,high_cloze,0.9,vise
659,125.57262226331052,2,12,3.287600040435791,7,True,1.0,hook,high_cloze,0.9,hook
392,52.402373841859664,0,3,1.8062000274658203,8,True,1.0,kelp,high_cloze,0.9,kelp
586,63.76795243194833,0,8,2.3032000064849854,11,True,1.0,clam,high_cloze,0.9,clam
349,65.00564890082124,1,7,2.1522998809814453,7,True,1.0,woof,high_cloze,0.9,woof
1219,63.71239893866532,1,7,1.7482000589370728,5,True,1.0,oink,high_cloze,0.9,oink
373,97.14763128160078,1,13,1.924299955368042,6,True,1.0,mast,high_cloze,0.9,mast
455,60.59450871711332,0,13,2.3345000743865967,7,True,1.0,hull,high_cloze,0.9,hull
374,13.726608896411346,0,4,1.4471999406814575,4,True,1.0,tyke,high_cloze,0.9,tyke
748,43.153537908993016,1,2,4.186299800872803,6,True,1.0,kids,high_cloze,0.9,kids
382,43.98729270256748,0,5,1.531499981880188,11,True,1.0,blog,high_cloze,0.9,blog
710,29.300359267162584,0,15,3.274199962615967,11,True,1.0,mail,high_cloze,0.9,mail
393,67.7174685369948,0,9,2.8608999252319336,8,True,1.0,corn,high_cloze,0.9,corn
666,68.41703456289436,1,3,2.0253000259399414,11,True,1.0,oats,high_cloze,0.9,oats
403,22.972272290685506,0,0,2.6884000301361084,6,True,1.0,envy,high_cloze,0.9,envy
492,92.41085680574193,1,10,2.4547998905181885,3,True,1.0,lust,high_cloze,0.9,lust
398,69.10071859040085,0,4,3.1092000007629395,9,True,1.0,soup,high_cloze,0.9,soup
556,37.533186338874984,0,2,2.2014000415802,11,True,1.0,taco,high_cloze,0.9,taco
426,60.22015977517591,0,7,2.4828999042510986,8,True,1.0,peak,high_cloze,0.9,peak
1178,23.35070202591575,0,0,1.6434999704360962,5,True,1.0,apex,high_cloze,0.9,apex
408,73.47948564492455,1,3,2.340399980545044,7,True,1.0,turf,high_cloze,0.9,turf
553,38.81282843022989,0,4,2.799999952316284,5,True,1.0,lawn,high_cloze,0.9,lawn
415,42.71639871142818,0,1,1.579800009727478,12,True,1.0,mono,high_cloze,0.9,mono
1173,40.758393611974384,0,2,1.740399956703186,13,True,1.0,aids,high_cloze,0.9,aids
411,55.65748382930891,0,5,3.81850004196167,8,True,1.0,poor,high_cloze,0.9,poor
968,52.67104200062791,0,9,1.8194999694824219,12,True,1.0,slum,high_cloze,0.9,slum
425,88.21609604406342,1,6,1.9138000011444092,14,True,1.0,yarn,high_cloze,0.9,yarn
580,113.93567275537362,2,12,1.7633999586105347,9,True,1.0,bead,high_cloze,0.9,bead
413,107.31272883496464,0,13,1.3978999853134155,10,True,1.0,pane,high_cloze,0.9,pane
882,170.8759163419366,2,11,1.9776999950408936,6,True,1.0,slab,high_cloze,0.9,slab
431,84.52999156808865,1,1,4.044600009918213,4,True,1.0,goes,high_cloze,0.9,goes
1442,39.05187353438613,1,3,4.634200096130371,5,True,1.0,into,high_cloze,0.9,into
423,47.81453346322096,0,7,2.895400047302246,6,True,1.0,flew,high_cloze,0.9,flew
1097,62.27259478038874,0,9,1.8976000547409058,6,True,1.0,soar,high_cloze,0.9,soar
449,350.1075285073268,4,3,2.591099977493286,4,True,1.0,unto,high_cloze,0.9,unto
1460,28.10301786378115,0,0,3.058799982070923,8,True,1.0,thou,high_cloze,0.9,thou
443,90.40497482145858,1,8,1.4471999406814575,10,True,1.0,musk,high_cloze,0.9,musk
861,68.86460792854558,0,8,4.383999824523926,8,True,1.0,shit,high_cloze,0.9,shit
446,24.902277819029695,0,3,1.6901999711990356,8,True,1.0,gimp,high_cloze,0.9,gimp
1283,95.70004051565039,1,10,3.433000087738037,8,True,1.0,code,high_cloze,0.9,code
447,22.745908531202375,0,0,2.439300060272217,9,True,1.0,ammo,high_cloze,0.9,ammo
874,85.27243176210837,1,4,3.0852999687194824,9,True,1.0,trap,high_cloze,0.9,trap
448,96.88412023392821,1,9,2.5464999675750732,8,True,1.0,bolt,high_cloze,0.9,bolt
551,117.18085827381731,2,10,2.978600025177002,8,True,1.0,nail,high_cloze,0.9,nail
461,78.39213735093146,0,13,2.544100046157837,7,True,1.0,bean,high_cloze,0.9,bean
667,37.11795321269979,1,0,1.431399941444397,9,True,1.0,okra,high_cloze,0.9,okra
471,77.72617256077447,0,8,1.7924000024795532,14,True,1.0,dusk,high_cloze,0.9,dusk
1244,30.078287862312095,0,2,1.6232000589370728,3,True,1.0,hazy,high_cloze,0.9,hazy
468,64.73682555500571,1,4,1.8920999765396118,6,True,1.0,cram,high_cloze,0.9,cram
1355,27.920234744366876,0,0,0.8450999855995178,6,True,1.0,ditz,high_cloze,0.9,ditz
485,69.10668187532565,1,7,2.075500011444092,7,True,1.0,flop,high_cloze,0.9,flop
1527,57.68047631809143,1,3,1.924299955368042,7,True,1.0,hype,high_cloze,0.9,hype
481,59.79371247891356,0,2,1.4914000034332275,6,True,1.0,coed,high_cloze,0.9,coed
816,32.175432128659054,0,9,3.295599937438965,9,True,1.0,dean,high_cloze,0.9,dean
494,55.75190619120796,1,1,1.6128000020980835,8,True,1.0,saga,high_cloze,0.9,saga
1463,23.43614051739133,0,0,2.0827999114990234,7,True,1.0,epic,high_cloze,0.9,epic
484,50.087813591619174,1,0,2.340399980545044,6,True,1.0,iced,high_cloze,0.9,iced
771,117.71367244631715,2,11,2.0413999557495117,7,True,1.0,rink,high_cloze,0.9,rink
520,133.2137690041223,2,6,2.730799913406372,10,True,1.0,goat,high_cloze,0.9,goat
803,74.15255233518486,1,3,2.18179988861084,8,True,1.0,calf,high_cloze,0.9,calf
509,72.4598542313023,0,16,3.7286999225616455,8,True,1.0,ball,high_cloze,0.9,ball
674,52.889817754729926,0,4,1.8513000011444092,7,True,1.0,mitt,high_cloze,0.9,mitt
574,69.05429868558741,0,9,2.7135000228881836,8,True,1.0,worm,high_cloze,0.9,worm
1027,39.501463431740305,1,1,2.1461000442504883,7,True,1.0,grub,high_cloze,0.9,grub
515,78.85804098173506,0,9,3.1208999156951904,14,True,1.0,bike,high_cloze,0.9,bike
525,78.09895177892147,1,6,2.176100015640259,7,True,1.0,sled,high_cloze,0.9,sled
539,105.71794060509475,1,7,3.0048000812530518,8,True,1.0,mask,high_cloze,0.9,mask
818,152.51307472427615,2,2,2.18179988861084,7,True,1.0,veil,high_cloze,0.9,veil
517,143.0630002734628,2,9,3.015399932861328,9,True,1.0,sand,high_cloze,0.9,sand
1065,56.8521642593215,0,3,1.8260999917984009,9,True,1.0,mesa,high_cloze,0.9,mesa
588,91.045923096546,1,8,1.9493999481201172,13,True,1.0,hoof,high_cloze,0.9,hoof
635,50.350647317847866,0,7,2.3501999378204346,10,True,1.0,claw,high_cloze,0.9,claw
523,721.7694636759767,9,6,2.2945001125335693,9,True,1.0,vase,high_cloze,0.9,vase
756,41.74450005204132,1,0,2.2764999866485596,9,True,1.0,arch,high_cloze,0.9,arch
540,96.68716226118083,1,14,2.950900077819824,8,True,1.0,tent,high_cloze,0.9,tent
594,105.48309568485232,1,9,2.895400047302246,6,True,1.0,hood,high_cloze,0.9,hood
552,98.12481859450382,1,6,2.889899969100952,9,True,1.0,soap,high_cloze,0.9,soap
973,71.947532381363,0,7,2.935499906539917,5,True,1.0,wipe,high_cloze,0.9,wipe
584,71.18984082345973,0,10,2.664599895477295,9,True,1.0,cart,high_cloze,0.9,cart
926,51.165767961365844,0,8,2.2227001190185547,8,True,1.0,reel,high_cloze,0.9,reel
558,70.06684547470005,0,5,3.3364999294281006,12,True,1.0,milk,high_cloze,0.9,milk
704,46.803930503679815,0,2,0.6990000009536743,12,True,1.0,whey,high_cloze,0.9,whey
606,66.54834016529288,0,12,2.7535998821258545,7,True,1.0,nest,high_cloze,0.9,nest
809,111.14678452536384,2,10,2.7235000133514404,4,True,1.0,coop,high_cloze,0.9,coop
564,109.656473368696,2,9,3.545599937438965,8,True,1.0,tape,high_cloze,0.9,tape
932,78.16834994731212,1,2,2.9586000442504883,9,True,1.0,wrap,high_cloze,0.9,wrap
565,101.37888472078944,1,12,3.5201001167297363,10,True,1.0,foot,high_cloze,0.9,foot
611,60.20111335925726,1,7,2.198699951171875,6,True,1.0,shin,high_cloze,0.9,shin
571,88.27409047823494,0,10,3.0945000648498535,9,True,1.0,belt,high_cloze,0.9,belt
724,60.469727011631235,0,10,1.770900011062622,4,True,1.0,sash,high_cloze,0.9,sash
577,77.33123555623133,1,5,2.547800064086914,7,True,1.0,crab,high_cloze,0.9,crab
879,109.60540188325618,1,13,1.7853000164031982,9,True,1.0,mite,high_cloze,0.9,mite
575,55.58150060677374,0,9,2.6542000770568848,8,True,1.0,fork,high_cloze,0.9,fork
630,132.886324752761,2,14,2.1847000122070312,7,True,1.0,rake,high_cloze,0.9,rake
787,98.46759686804482,1,8,2.2600998878479004,7,True,1.0,mist,high_cloze,0.9,mist
913,35.77862323082026,0,2,1.1138999462127686,7,True,1.0,dewy,high_cloze,0.9,dewy
617,81.3482991532389,1,1,4.453499794006348,6,True,1.0,girl,high_cloze,0.9,girl
862,53.612875404986596,0,2,4.0441999435424805,10,True,1.0,lady,high_cloze,0.9,lady
719,87.44191495485279,1,5,2.827399969100952,10,True,1.0,whip,high_cloze,0.9,whip
1066,725.1119553743592,8,4,1.5563000440597534,4,True,1.0,prod,high_cloze,0.9,prod
639,85.1136477785839,1,5,3.1068999767303467,12,True,1.0,yard,high_cloze,0.9,yard
930,71.65573450494536,0,7,4.596499919891357,9,True,1.0,home,high_cloze,0.9,home
697,73.57759349423063,1,3,3.5223000049591064,13,True,1.0,film,high_cloze,0.9,film
1028,67.76812245324146,1,8,1.6334999799728394,10,True,1.0,skit,high_cloze,0.9,skit
643,66.5281163249576,0,10,3.674999952316284,9,True,1.0,ring,high_cloze,0.9,ring
644,76.91594879974039,0,9,3.6050000190734863,13,True,1.0,gold,high_cloze,0.9,gold
702,73.57685008152062,1,7,1.5184999704360962,8,True,1.0,scab,high_cloze,0.9,scab
999,35.93630970253861,0,11,3.072200059890747,9,True,1.0,cast,high_cloze,0.9,cast
650,97.30576363380797,1,7,3.116300106048584,6,True,1.0,tank,high_cloze,0.9,tank
705,42.90194848609819,1,1,3.6405999660491943,11,True,1.0,army,high_cloze,0.9,army
669,86.07090868637623,1,8,3.379699945449829,10,True,1.0,pool,high_cloze,0.9,pool
1563,123.38111842334497,2,4,2.6041998863220215,7,True,1.0,mere,high_cloze,0.9,mere
679,74.20924813920375,1,9,2.2600998878479004,10,True,1.0,veal,high_cloze,0.9,veal
842,53.65915289951862,0,4,1.2788000106811523,6,True,1.0,loin,high_cloze,0.9,loin
685,79.41454200273066,1,3,2.2067999839782715,7,True,1.0,duct,high_cloze,0.9,duct
693,107.41115472233517,1,13,3.14739990234375,10,True,1.0,wire,high_cloze,0.9,wire
687,44.73878733830351,0,3,2.459399938583374,7,True,1.0,tomb,high_cloze,0.9,tomb
1047,63.298131874473924,0,7,3.0232999324798584,6,True,1.0,bury,high_cloze,0.9,bury
743,69.54405784356545,0,10,3.1682000160217285,11,True,1.0,meal,high_cloze,0.9,meal
943,89.72134456794242,1,10,2.257699966430664,4,True,1.0,hash,high_cloze,0.9,hash
716,89.65513009331599,0,10,4.040999889373779,10,True,1.0,fire,high_cloze,0.9,fire
906,82.09772220563131,1,6,2.4828999042510986,9,True,1.0,boil,high_cloze,0.9,boil
810,79.72678097134924,1,7,2.2764999866485596,4,True,1.0,prop,high_cloze,0.9,prop
1196,80.91087594156971,1,9,1.8194999694824219,7,True,1.0,scat,high_cloze,0.9,scat
718,60.84396618653361,0,10,3.4354000091552734,9,True,1.0,band,high_cloze,0.9,band
1215,25.253209995799793,0,0,1.6720999479293823,8,True,1.0,opus,high_cloze,0.9,opus
762,91.86562658221258,1,11,2.2227001190185547,10,True,1.0,cove,high_cloze,0.9,cove
945,38.2082880985675,0,3,2.3838000297546387,8,True,1.0,gulf,high_cloze,0.9,gulf
749,79.24019276257586,1,7,3.436500072479248,8,True,1.0,note,high_cloze,0.9,note
891,25.917607936737028,0,1,2.528899908065796,8,True,1.0,memo,high_cloze,0.9,memo
757,69.6112955526026,1,0,1.3978999853134155,6,True,1.0,suds,high_cloze,0.9,suds
854,65.24808464384549,0,11,3.3176000118255615,9,True,1.0,wash,high_cloze,0.9,wash
759,94.74900044872294,1,13,2.2788000106811523,9,True,1.0,mink,high_cloze,0.9,mink
944,70.42392244459202,0,5,1.6901999711990356,8,True,1.0,pelt,high_cloze,0.9,pelt
799,62.50002402836426,1,6,2.8420000076293945,7,True,1.0,chop,high_cloze,0.9,chop
997,35.96544680191403,0,4,2.340399980545044,6,True,1.0,trim,high_cloze,0.9,trim
768,82.76505002578196,0,8,2.9916999340057373,11,True,1.0,site,high_cloze,0.9,site
1079,48.86754719122001,1,0,3.5822999477386475,7,True,1.0,area,high_cloze,0.9,area
825,60.074843518224114,0,7,3.187000036239624,8,True,1.0,gang,high_cloze,0.9,gang
1162,64.8693135827079,0,8,2.322200059890747,10,True,1.0,clan,high_cloze,0.9,clan
817,96.60799955891447,0,18,3.2385001182556152,10,True,1.0,male,high_cloze,0.9,male
846,39.970068049836,0,3,2.2504000663757324,10,True,1.0,womb,high_cloze,0.9,womb
1203,53.18529494496596,1,2,2.0413999557495117,6,True,1.0,blur,high_cloze,0.9,blur
1298,51.897003844800494,0,8,4.293000221252441,7,True,1.0,seen,high_cloze,0.9,seen
823,61.51978602949241,1,0,3.337100028991699,9,True,1.0,papa,high_cloze,0.9,papa
826,106.7861882759498,2,1,2.9646999835968018,5,True,1.0,sons,high_cloze,0.9,sons
886,64.60818623809152,1,2,1.6720999479293823,10,True,1.0,brie,high_cloze,0.9,brie
911,96.42815239409629,1,7,1.3617000579833984,8,True,1.0,curd,high_cloze,0.9,curd
855,132.2644709072551,2,10,3.6970999240875244,5,True,1.0,sing,high_cloze,0.9,sing
1024,93.20058385007124,1,10,2.973099946975708,9,True,1.0,yell,high_cloze,0.9,yell
1072,25.400347474068106,0,2,2.6730000972747803,7,True,1.0,arts,high_cloze,0.9,arts
1408,74.87950493423736,0,7,1.9955999851226807,10,True,1.0,muse,high_cloze,0.9,muse
857,98.7254355533192,1,12,2.7283999919891357,8,True,1.0,root,high_cloze,0.9,root
878,50.30910001189799,0,3,1.973099946975708,6,True,1.0,pulp,high_cloze,0.9,pulp
871,100.81435857836325,1,8,4.10830020904541,7,True,1.0,jack,high_cloze,0.9,jack
884,67.41166590371355,0,11,2.9121999740600586,11,True,1.0,gear,high_cloze,0.9,gear
869,26.667956782686634,0,7,3.436500072479248,10,True,1.0,shop,high_cloze,0.9,shop
1154,93.50270044824106,1,9,4.609600067138672,7,True,1.0,work,high_cloze,0.9,work
983,77.26257969091037,0,18,3.827199935913086,8,True,1.0,beat,high_cloze,0.9,beat
1254,105.87961488744995,1,10,2.689300060272217,9,True,1.0,pace,high_cloze,0.9,pace
890,32.51316110573022,0,3,2.706700086593628,11,True,1.0,acid,high_cloze,0.9,acid
1245,60.65858052294097,0,10,2.4742000102996826,7,True,1.0,sour,high_cloze,0.9,sour
947,86.64547245933223,1,8,4.639500141143799,9,True,1.0,talk,high_cloze,0.9,talk
1167,70.4128302068723,1,2,2.344399929046631,6,True,1.0,oral,high_cloze,0.9,oral
935,130.00871728738102,2,16,2.498300075531006,6,True,1.0,fare,high_cloze,0.9,fare
1140,66.16371430588595,0,9,2.2355000972747803,9,True,1.0,toll,high_cloze,0.9,toll
1212,48.852931447855624,1,2,0.9031000137329102,8,True,1.0,quip,high_cloze,0.9,quip
1468,68.59430514165555,0,10,1.8387999534606934,8,True,1.0,jest,high_cloze,0.9,jest
941,60.47819347027384,1,7,2.799999952316284,7,True,1.0,bump,high_cloze,0.9,bump
1221,156.72854453302355,2,13,2.884200096130371,9,True,1.0,sore,high_cloze,0.9,sore
1280,32.9518186165289,0,2,2.2788000106811523,5,True,1.0,tidy,high_cloze,0.9,tidy
1405,45.90430403840382,0,10,2.803499937057495,8,True,1.0,neat,high_cloze,0.9,neat
985,38.28283119974942,0,1,1.857300043106079,6,True,1.0,ogre,high_cloze,0.9,ogre
989,26.39277167726538,0,0,1.1761000156402588,8,True,1.0,yeti,high_cloze,0.9,yeti
1206,99.86725722312387,1,12,3.588599920272827,6,True,1.0,slow,high_cloze,0.9,slow
1440,81.12247456715264,1,7,1.7853000164031982,4,True,1.0,lull,high_cloze,0.9,lull
1000,79.2725300380075,1,0,2.178999900817871,8,True,1.0,meow,high_cloze,0.9,meow
1043,68.25551953451259,1,4,2.0253000259399414,6,True,1.0,howl,high_cloze,0.9,howl
1121,43.894642621165616,0,0,1.8976000547409058,10,True,1.0,guru,high_cloze,0.9,guru
1494,67.52160735066873,0,9,3.1623001098632812,10,True,1.0,wise,high_cloze,0.9,wise
1020,70.84062371190045,0,8,4.163099765777588,11,True,1.0,five,high_cloze,0.9,five
1314,45.86427663737443,0,1,3.039400100708008,8,True,1.0,zero,high_cloze,0.9,zero
1218,48.43064898740414,0,7,1.9911999702453613,6,True,1.0,bulk,high_cloze,0.9,bulk
1365,25.285255631207285,0,1,4.24429988861084,6,True,1.0,used,high_cloze,0.9,used
1075,45.56597170650176,0,3,3.3078999519348145,6,True,1.0,loud,high_cloze,0.9,loud
1098,59.374012852580506,0,16,4.452199935913086,4,True,1.0,hear,high_cloze,0.9,hear
1360,57.609908987100766,1,0,2.659899950027466,5,True,1.0,obey,high_cloze,0.9,obey
1382,86.06532087146878,1,5,3.390199899673462,8,True,1.0,rule,high_cloze,0.9,rule
1110,82.88116689100187,0,17,3.0302000045776367,7,True,1.0,mile,high_cloze,0.9,mile
1397,36.70506105872056,1,1,1.7782000303268433,4,True,1.0,afar,high_cloze,0.9,afar
1328,45.51060139711625,0,1,3.6589999198913574,6,True,1.0,kept,high_cloze,0.9,kept
1371,95.98237247814676,1,8,4.2418999671936035,5,True,1.0,took,high_cloze,0.9,took
1166,79.06641329086217,1,9,1.3221999406814575,5,True,1.0,doze,high_cloze,0.9,doze
1276,131.424663439233,2,11,4.035900115966797,5,True,1.0,rest,high_cloze,0.9,rest
1452,16.20872558844081,0,0,2.9872000217437744,9,True,1.0,odds,high_cloze,0.9,odds
1500,31.40909903543647,0,2,1.6812000274658203,4,True,1.0,vary,high_cloze,0.9,vary
1214,27.475440773793434,0,12,4.151500225067139,10,True,1.0,year,high_cloze,0.9,year
1341,69.09428911103258,1,0,2.983599901199341,11,True,1.0,noel,high_cloze,0.9,noel
1344,57.662166297131776,0,5,3.9446001052856445,7,True,1.0,fact,high_cloze,0.9,fact
1534,35.359218464242105,0,1,4.111299991607666,5,True,1.0,true,high_cloze,0.9,true
1256,49.80513840513439,0,5,3.9179000854492188,6,True,1.0,hour,high_cloze,0.9,hour
1263,76.34553292872305,0,7,4.999499797821045,5,True,1.0,time,high_cloze,0.9,time
1334,60.5158306493076,1,3,3.7534000873565674,5,True,1.0,less,high_cloze,0.9,less
1537,43.94671333909999,0,4,4.695799827575684,6,True,1.0,much,high_cloze,0.9,much
1304,76.22322120730811,0,9,1.2553000450134277,5,True,1.0,bonk,high_cloze,0.9,bonk
1353,36.873123060185875,0,4,1.9955999851226807,6,True,1.0,wham,high_cloze,0.9,wham
1364,114.54602227173586,2,15,4.327899932861328,10,True,1.0,same,high_cloze,0.9,same
1533,39.25984441622312,1,1,1.1761000156402588,5,True,1.0,akin,high_cloze,0.9,akin
1323,102.45588709916062,1,6,1.4471999406814575,8,True,1.0,dolt,high_cloze,0.9,dolt
1325,58.13520785057544,1,0,1.9138000011444092,5,True,1.0,redo,high_cloze,0.9,redo
1433,50.07619405411275,0,3,3.9416000843048096,8,True,1.0,glad,high_cloze,0.9,glad
1492,73.10641583676608,0,10,4.0391998291015625,9,True,1.0,hate,high_cloze,0.9,hate
1358,75.43481842206731,0,10,4.145400047302246,7,True,1.0,lost,high_cloze,0.9,lost
1368,64.43483480616436,0,10,4.627200126647949,5,True,1.0,find,high_cloze,0.9,find
1439,71.28748670419188,1,7,1.5051000118255615,8,True,1.0,zeal,high_cloze,0.9,zeal
1444,75.54931190702958,2,3,1.770900011062622,8,True,1.0,glee,high_cloze,0.9,glee
1373,36.24363432280454,0,2,2.460900068283081,5,True,1.0,cozy,high_cloze,0.9,cozy
1391,20.214664105775498,0,4,1.8691999912261963,5,True,1.0,snug,high_cloze,0.9,snug
1464,118.92214434453744,2,11,5.497300148010254,6,True,1.0,have,high_cloze,0.9,have
1501,30.732653299204713,0,9,4.947299957275391,5,True,1.0,been,high_cloze,0.9,been
1385,65.68515884522982,0,6,4.671899795532227,8,True,1.0,help,high_cloze,0.9,help
1438,132.95484682492673,2,20,4.393599987030029,7,True,1.0,care,high_cloze,0.9,care
1401,56.61010924202543,0,12,4.39300012588501,11,True,1.0,mind,high_cloze,0.9,mind
1511,63.41553429770478,0,4,3.5940001010894775,7,True,1.0,soul,high_cloze,0.9,soul
1420,78.07805499280967,1,6,2.8685998916625977,5,True,1.0,foul,high_cloze,0.9,foul
1515,26.809867263396075,0,8,2.2899999618530273,6,True,1.0,yuck,high_cloze,0.9,yuck
1498,35.003310174533,0,0,2.5315001010894775,9,True,1.0,urge,high_cloze,0.9,urge
1539,30.86579620601943,0,5,2.079200029373169,6,True,1.0,whim,high_cloze,0.9,whim
1458,35.88823782996414,0,5,1.8976000547409058,8,True,1.0,ploy,high_cloze,0.9,ploy
1554,110.71833347534621,2,8,1.934499979019165,4,True,1.0,ruse,high_cloze,0.9,ruse
1531,37.13658637827752,1,3,1.4149999618530273,5,True,1.0,avid,high_cloze,0.9,avid
1548,81.6032088487144,1,5,2.359800100326538,5,True,1.0,keen,high_cloze,0.9,keen
