WordInds,LexSemErr,ThresholdCrossingIteration,ONsize,Frequency,NumSemFeats,ThresholdWasCrossed,CorrectItemCrossed,WordThatCrossed,SemRelatedtoCompetitor_name,HasCompetitor_name,Constraint_name,SemRelatedtoCompetitor_code,HasCompetitor_code,Constraint_code,WordInput
1,830.2951201448417,10,9,1.6990000009536743,9,True,1.0,pant,Unrelated,NoCompetitor,Low,-0.5,-0.5,-0.5,pant
261,710.3971627774528,6,5,2.9565999507904053,13,True,1.0,jean,Unrelated,NoCompetitor,Low,-0.5,-0.5,-0.5,jean
155,757.9919378871075,8,5,2.3578999042510986,7,True,1.0,crow,Unrelated,NoCompetitor,Low,-0.5,-0.5,-0.5,crow
335,811.5324791782821,9,12,2.4547998905181885,10,True,1.0,dove,Unrelated,NoCompetitor,Low,-0.5,-0.5,-0.5,dove
12,705.5002998647221,6,2,2.7809998989105225,14,True,1.0,frog,Unrelated,NoCompetitor,Low,-0.5,-0.5,-0.5,frog
442,642.5310470964129,6,4,1.8387999534606934,10,True,1.0,newt,Unrelated,NoCompetitor,Low,-0.5,-0.5,-0.5,newt
135,186.5930125823434,2,1,3.0183000564575195,10,True,1.0,earl,Unrelated,NoCompetitor,Low,-0.5,-0.5,-0.5,earl
972,767.9447811443858,9,7,3.1064999103546143,13,True,1.0,duke,Unrelated,NoCompetitor,Low,-0.5,-0.5,-0.5,duke
214,484.45938336363497,4,0,2.835700035095215,8,True,1.0,exam,Unrelated,NoCompetitor,Low,-0.5,-0.5,-0.5,exam
992,564.0986832478704,5,12,3.6324000358581543,11,True,1.0,test,Unrelated,NoCompetitor,Low,-0.5,-0.5,-0.5,test
157,760.7033649100956,8,8,1.5563000440597534,12,True,1.0,fowl,Unrelated,NoCompetitor,Low,-0.5,-0.5,-0.5,fowl
514,768.9804760161221,7,1,3.365299940109253,11,True,1.0,bird,Unrelated,NoCompetitor,Low,-0.5,-0.5,-0.5,bird
542,741.9480014315701,8,8,2.542799949645996,15,True,1.0,swan,Unrelated,NoCompetitor,Low,-0.5,-0.5,-0.5,swan
603,845.0471651546957,10,14,3.1017000675201416,15,True,1.0,duck,Unrelated,NoCompetitor,Low,-0.5,-0.5,-0.5,duck
2,669.0771822608011,7,5,2.637500047683716,10,True,1.0,robe,Unrelated,NoCompetitor,Low,-0.5,-0.5,-0.5,robe
781,786.6798078973522,9,11,2.4547998905181885,11,True,1.0,vest,Unrelated,NoCompetitor,Low,-0.5,-0.5,-0.5,vest
146,469.0161100436109,4,1,1.6434999704360962,11,True,1.0,zinc,Unrelated,NoCompetitor,Low,-0.5,-0.5,-0.5,zinc
938,834.7151948801951,10,12,3.6280999183654785,16,True,1.0,lead,Unrelated,NoCompetitor,Low,-0.5,-0.5,-0.5,lead
369,676.758988441495,6,4,2.004300117492676,10,True,1.0,barf,Unrelated,NoCompetitor,Low,-0.5,-0.5,-0.5,barf
755,775.2323154271472,8,5,2.5051000118255615,10,True,1.0,puke,Unrelated,NoCompetitor,Low,-0.5,-0.5,-0.5,puke
246,539.3610101832102,5,1,2.8608999252319336,9,True,1.0,debt,Unrelated,NoCompetitor,Low,-0.5,-0.5,-0.5,debt
1080,788.4615385744053,9,6,3.00600004196167,9,True,1.0,loan,Unrelated,NoCompetitor,Low,-0.5,-0.5,-0.5,loan
441,799.224212531007,10,11,2.5262999534606934,10,True,1.0,mice,Unrelated,NoCompetitor,Low,-0.5,-0.5,-0.5,mice
905,761.7112457386959,8,5,2.176100015640259,13,True,1.0,puss,Unrelated,NoCompetitor,Low,-0.5,-0.5,-0.5,puss
422,635.958594355329,5,1,2.8942999839782715,16,True,1.0,lion,Unrelated,NoCompetitor,Low,-0.5,-0.5,-0.5,lion
616,644.4049473302731,6,1,0.9031000137329102,9,True,1.0,puma,Unrelated,NoCompetitor,Low,-0.5,-0.5,-0.5,puma
721,639.1211380061179,8,4,1.5563000440597534,11,True,1.0,axes,Unrelated,NoCompetitor,Low,-0.5,-0.5,-0.5,axes
963,685.3217406590788,7,3,1.2303999662399292,9,True,1.0,maul,Unrelated,NoCompetitor,Low,-0.5,-0.5,-0.5,maul
439,731.0458890659827,7,7,1.9138000011444092,8,True,1.0,stag,Unrelated,NoCompetitor,Low,-0.5,-0.5,-0.5,stag
723,802.9977580482912,9,11,3.2360000610351562,11,True,1.0,buck,Unrelated,NoCompetitor,Low,-0.5,-0.5,-0.5,buck
566,824.0803405823533,10,12,3.4321999549865723,11,True,1.0,rose,Unrelated,NoCompetitor,Low,-0.5,-0.5,-0.5,rose
711,724.6011997696136,7,1,3.13700008392334,10,True,1.0,lily,Unrelated,NoCompetitor,Low,-0.5,-0.5,-0.5,lily
573,801.7305159986184,8,6,2.767199993133545,16,True,1.0,dish,Unrelated,NoCompetitor,Low,-0.5,-0.5,-0.5,dish
599,741.4842556582499,8,6,3.039400100708008,9,True,1.0,bowl,Unrelated,NoCompetitor,Low,-0.5,-0.5,-0.5,bowl
1117,782.8276934178181,7,3,4.0991997718811035,9,True,1.0,hurt,Unrelated,NoCompetitor,Low,-0.5,-0.5,-0.5,hurt
1152,793.959071080884,8,7,3.6986000537872314,13,True,1.0,pain,Unrelated,NoCompetitor,Low,-0.5,-0.5,-0.5,pain
576,783.2560926209628,8,5,2.617000102996826,11,True,1.0,pony,Unrelated,NoCompetitor,Low,-0.5,-0.5,-0.5,pony
680,820.1468224725375,10,18,2.1731998920440674,13,True,1.0,mare,Unrelated,NoCompetitor,Low,-0.5,-0.5,-0.5,mare
8,725.7264182956892,7,6,2.1238999366760254,7,True,1.0,gram,Unrelated,NoCompetitor,Low,-0.5,-0.5,-0.5,gram
1239,684.6472424599324,6,4,1.9084999561309814,10,True,1.0,kilo,Unrelated,NoCompetitor,Low,-0.5,-0.5,-0.5,kilo
620,716.4306268620928,7,6,3.200900077819824,10,True,1.0,bath,Unrelated,NoCompetitor,Low,-0.5,-0.5,-0.5,bath
684,809.7826452594757,11,12,2.936500072479248,8,True,1.0,sink,Unrelated,NoCompetitor,Low,-0.5,-0.5,-0.5,sink
946,821.4842458208208,9,11,1.7559000253677368,13,True,1.0,gull,Unrelated,NoCompetitor,Low,-0.5,-0.5,-0.5,gull
1261,844.3657506162992,11,15,1.5681999921798706,9,True,1.0,coot,Unrelated,NoCompetitor,Low,-0.5,-0.5,-0.5,coot
623,405.4910554494818,4,10,2.789599895477295,14,True,1.0,dime,Unrelated,NoCompetitor,Low,-0.5,-0.5,-0.5,dime
909,784.6635779527596,8,10,2.684799909591675,12,True,1.0,cent,Unrelated,NoCompetitor,Low,-0.5,-0.5,-0.5,cent
118,52.659238570913566,1,0,2.433000087738037,7,True,1.0,nova,Unrelated,NoCompetitor,Low,-0.5,-0.5,-0.5,nova
709,542.8586473731389,5,9,3.618000030517578,13,True,1.0,star,Unrelated,NoCompetitor,Low,-0.5,-0.5,-0.5,star
1437,840.8681484655965,11,16,1.544100046157837,9,True,1.0,lore,Unrelated,NoCompetitor,Low,-0.5,-0.5,-0.5,lore
1466,573.685628968921,5,3,2.547800064086914,6,True,1.0,myth,Unrelated,NoCompetitor,Low,-0.5,-0.5,-0.5,myth
270,783.0615676509163,9,7,2.285599946975708,10,True,1.0,pact,Unrelated,NoCompetitor,Low,-0.5,-0.5,-0.5,pact
1255,783.4355927682999,9,14,4.124899864196777,11,True,1.0,deal,Unrelated,NoCompetitor,Low,-0.5,-0.5,-0.5,deal
41,796.1729756218965,9,7,2.6989998817443848,12,True,1.0,silk,Unrelated,NoCompetitor,Low,-0.5,-0.5,-0.5,silk
610,557.3556229734761,5,6,2.2095000743865967,9,True,1.0,wool,Unrelated,NoCompetitor,Low,-0.5,-0.5,-0.5,wool
1251,586.645947126971,6,10,2.761899948120117,8,True,1.0,rage,Unrelated,NoCompetitor,Low,-0.5,-0.5,-0.5,rage
1311,732.4879741376379,7,2,2.29229998588562,8,True,1.0,fury,Unrelated,NoCompetitor,Low,-0.5,-0.5,-0.5,fury
510,757.5806090224273,7,3,3.629300117492676,14,True,1.0,fish,Unrelated,NoCompetitor,Low,-0.5,-0.5,-0.5,fish
585,515.8769412910817,5,2,2.6117000579833984,12,True,1.0,tuna,Unrelated,NoCompetitor,Low,-0.5,-0.5,-0.5,tuna
910,543.7539301911058,5,4,1.857300043106079,8,True,1.0,wept,Unrelated,NoCompetitor,Low,-0.5,-0.5,-0.5,wept
1150,710.7715004838738,7,3,1.462399959564209,7,True,1.0,bawl,Unrelated,NoCompetitor,Low,-0.5,-0.5,-0.5,bawl
937,81.53465732446524,1,8,3.8190999031066895,7,True,1.0,king,Unrelated,NoCompetitor,Low,-0.5,-0.5,-0.5,king
1003,202.27012090880672,2,1,1.3009999990463257,9,True,1.0,tsar,Unrelated,NoCompetitor,Low,-0.5,-0.5,-0.5,tsar
22,686.0437902988976,7,5,2.4065001010894775,12,True,1.0,herb,Unrelated,NoCompetitor,Low,-0.5,-0.5,-0.5,herb
241,779.0667368343254,9,12,1.954200029373169,11,True,1.0,sage,Unrelated,NoCompetitor,Low,-0.5,-0.5,-0.5,sage
26,189.63611300073384,2,5,2.3784000873565674,10,True,1.0,limb,Unrelated,NoCompetitor,Low,-0.5,-0.5,-0.5,limb
692,574.1999328858714,5,7,4.154200077056885,11,True,1.0,hand,Unrelated,NoCompetitor,Low,-0.5,-0.5,-0.5,hand
30,374.31776845690007,3,2,1.9911999702453613,11,True,1.0,knit,Unrelated,NoCompetitor,Low,-0.5,-0.5,-0.5,knit
1034,705.7922121921131,6,2,1.8260999917984009,10,True,1.0,sewn,Unrelated,NoCompetitor,Low,-0.5,-0.5,-0.5,sewn
57,123.0203418598048,2,7,2.7723000049591064,11,True,1.0,plot,Unrelated,NoCompetitor,Low,-0.5,-0.5,-0.5,plot
1222,481.37924017023477,5,13,2.7874999046325684,11,True,1.0,tale,Unrelated,NoCompetitor,Low,-0.5,-0.5,-0.5,tale
61,769.4665670517592,9,7,1.9589999914169312,6,True,1.0,dung,Unrelated,NoCompetitor,Low,-0.5,-0.5,-0.5,dung
138,787.575371355886,9,7,3.4986000061035156,7,True,1.0,crap,Unrelated,NoCompetitor,Low,-0.5,-0.5,-0.5,crap
62,432.662607970939,4,0,0.3009999990463257,8,True,1.0,lynx,Unrelated,NoCompetitor,Low,-0.5,-0.5,-0.5,lynx
595,846.2163580516768,11,16,2.29229998588562,8,True,1.0,hare,Unrelated,NoCompetitor,Low,-0.5,-0.5,-0.5,hare
275,48.551923231501476,1,0,0.9031000137329102,13,True,1.0,ovum,Unrelated,NoCompetitor,Low,-0.5,-0.5,-0.5,ovum
821,469.7314648878905,4,10,3.4428999423980713,11,True,1.0,cell,Unrelated,NoCompetitor,Low,-0.5,-0.5,-0.5,cell
92,775.963698688528,10,11,2.609600067138672,10,True,1.0,tuck,Unrelated,NoCompetitor,Low,-0.5,-0.5,-0.5,tuck
1287,789.1383006292903,9,9,2.851300001144409,8,True,1.0,darn,Unrelated,NoCompetitor,Low,-0.5,-0.5,-0.5,darn
240,755.9662051626549,8,4,2.478600025177002,11,True,1.0,glue,Unrelated,NoCompetitor,Low,-0.5,-0.5,-0.5,glue
815,284.02451333517564,3,1,1.0,14,True,1.0,inks,Unrelated,NoCompetitor,Low,-0.5,-0.5,-0.5,inks
141,680.43418030107,7,10,2.5694000720977783,10,True,1.0,tick,Unrelated,NoCompetitor,Low,-0.5,-0.5,-0.5,tick
587,664.1958468193427,7,5,2.2304000854492188,8,True,1.0,flea,Unrelated,NoCompetitor,Low,-0.5,-0.5,-0.5,flea
213,104.02362713663823,1,0,1.2553000450134277,11,True,1.0,onyx,Unrelated,NoCompetitor,Low,-0.5,-0.5,-0.5,onyx
836,701.9056974709646,6,3,2.4149999618530273,9,True,1.0,jade,Unrelated,NoCompetitor,Low,-0.5,-0.5,-0.5,jade
142,721.5792617760856,6,1,2.56469988822937,12,True,1.0,glen,Unrelated,NoCompetitor,Low,-0.5,-0.5,-0.5,glen
549,828.9702683426989,10,12,3.282399892807007,13,True,1.0,hill,Unrelated,NoCompetitor,Low,-0.5,-0.5,-0.5,hill
170,773.4694304801976,9,9,2.2095000743865967,9,True,1.0,funk,Unrelated,NoCompetitor,Low,-0.5,-0.5,-0.5,funk
196,357.1216093905735,3,0,2.784600019454956,9,True,1.0,jazz,Unrelated,NoCompetitor,Low,-0.5,-0.5,-0.5,jazz
178,812.7697042563673,9,10,2.8578999042510986,10,True,1.0,bush,Unrelated,NoCompetitor,Low,-0.5,-0.5,-0.5,bush
511,775.9372643358545,8,4,3.5206000804901123,15,True,1.0,tree,Unrelated,NoCompetitor,Low,-0.5,-0.5,-0.5,tree
294,737.290598905766,7,6,2.599900007247925,11,True,1.0,soil,Unrelated,NoCompetitor,Low,-0.5,-0.5,-0.5,soil
602,676.1732462218074,7,3,3.1175999641418457,5,True,1.0,dirt,Unrelated,NoCompetitor,Low,-0.5,-0.5,-0.5,dirt
186,725.2536229161033,7,3,2.734800100326538,12,True,1.0,lamb,Unrelated,NoCompetitor,Low,-0.5,-0.5,-0.5,lamb
608,830.5149870691691,10,11,2.648400068283081,10,True,1.0,deer,Unrelated,NoCompetitor,Low,-0.5,-0.5,-0.5,deer
384,564.097863940307,5,1,2.8006999492645264,7,True,1.0,inch,Unrelated,NoCompetitor,Low,-0.5,-0.5,-0.5,inch
1291,756.8050703688048,10,8,2.0085999965667725,4,True,1.0,span,Unrelated,NoCompetitor,Low,-0.5,-0.5,-0.5,span
191,783.0032042466961,9,7,2.164400100708008,8,True,1.0,moss,Unrelated,NoCompetitor,Low,-0.5,-0.5,-0.5,moss
524,744.9596412666174,6,0,2.2147998809814453,9,True,1.0,fern,Unrelated,NoCompetitor,Low,-0.5,-0.5,-0.5,fern
266,614.2182734753648,7,7,1.8920999765396118,9,True,1.0,haze,Unrelated,NoCompetitor,Low,-0.5,-0.5,-0.5,haze
488,78.21020474426231,1,1,1.7482000589370728,9,True,1.0,smog,Unrelated,NoCompetitor,Low,-0.5,-0.5,-0.5,smog
230,810.0143234519476,9,8,1.924299955368042,10,True,1.0,lark,Unrelated,NoCompetitor,Low,-0.5,-0.5,-0.5,lark
470,690.4125327904021,6,1,1.3009999990463257,6,True,1.0,wren,Unrelated,NoCompetitor,Low,-0.5,-0.5,-0.5,wren
405,615.7774489719627,6,2,1.6720999479293823,11,True,1.0,acne,Unrelated,NoCompetitor,Low,-0.5,-0.5,-0.5,acne
1242,513.1951745002634,5,2,2.330399990081787,11,True,1.0,itch,Unrelated,NoCompetitor,Low,-0.5,-0.5,-0.5,itch
233,797.3174518582113,9,7,2.3385000228881836,7,True,1.0,lure,Unrelated,NoCompetitor,Low,-0.5,-0.5,-0.5,lure
271,148.08081878474871,2,3,2.6963999271392822,6,True,1.0,bait,Unrelated,NoCompetitor,Low,-0.5,-0.5,-0.5,bait
314,760.042336630215,7,3,2.749000072479248,11,True,1.0,shed,Unrelated,NoCompetitor,Low,-0.5,-0.5,-0.5,shed
654,776.6128729781506,9,8,4.350599765777588,15,True,1.0,room,Unrelated,NoCompetitor,Low,-0.5,-0.5,-0.5,room
251,699.3447606687153,6,6,1.462399959564209,11,True,1.0,kale,Unrelated,NoCompetitor,Low,-0.5,-0.5,-0.5,kale
559,746.2617219140623,7,8,1.2041000127792358,9,True,1.0,leek,Unrelated,NoCompetitor,Low,-0.5,-0.5,-0.5,leek
548,819.8102787249456,10,9,3.688999891281128,14,True,1.0,boat,Unrelated,NoCompetitor,Low,-0.5,-0.5,-0.5,boat
597,134.23471019695387,2,8,3.7028000354766846,10,True,1.0,ship,Unrelated,NoCompetitor,Low,-0.5,-0.5,-0.5,ship
285,816.981518221814,10,10,2.841399908065796,8,True,1.0,barn,Unrelated,NoCompetitor,Low,-0.5,-0.5,-0.5,barn
880,670.9526488192197,6,5,1.6901999711990356,9,True,1.0,silo,Unrelated,NoCompetitor,Low,-0.5,-0.5,-0.5,silo
25,191.9101337214286,2,10,1.544100046157837,8,True,1.0,mope,Unrelated,NoCompetitor,Low,-0.5,-0.5,-0.5,mope
1474,81.66969455950843,1,5,1.7243000268936157,8,True,1.0,glum,Unrelated,NoCompetitor,Low,-0.5,-0.5,-0.5,glum
319,765.0711939403584,9,5,1.8691999912261963,8,True,1.0,wasp,Unrelated,NoCompetitor,Low,-0.5,-0.5,-0.5,wasp
696,560.9853975440789,5,5,2.436199903488159,13,True,1.0,bees,Unrelated,NoCompetitor,Low,-0.5,-0.5,-0.5,bees
505,425.6803687799189,4,0,1.6128000020980835,11,True,1.0,kiwi,Unrelated,NoCompetitor,Low,-0.5,-0.5,-0.5,kiwi
626,688.4771349678945,6,5,2.243000030517578,12,True,1.0,plum,Unrelated,NoCompetitor,Low,-0.5,-0.5,-0.5,plum
454,291.1375252228796,3,3,1.3617000579833984,10,True,1.0,oxen,Unrelated,NoCompetitor,Low,-0.5,-0.5,-0.5,oxen
621,509.84155764750096,5,12,3.14739990234375,8,True,1.0,bull,Unrelated,NoCompetitor,Low,-0.5,-0.5,-0.5,bull
545,456.94735848357095,4,0,2.2227001190185547,14,True,1.0,mayo,Unrelated,NoCompetitor,Low,-0.5,-0.5,-0.5,mayo
736,798.7704564394837,9,9,1.2553000450134277,10,True,1.0,slaw,Unrelated,NoCompetitor,Low,-0.5,-0.5,-0.5,slaw
544,550.5676387491343,5,9,2.413300037384033,10,True,1.0,cafe,Unrelated,NoCompetitor,Low,-0.5,-0.5,-0.5,cafe
763,514.7660018020421,5,1,2.037400007247925,7,True,1.0,deli,Unrelated,NoCompetitor,Low,-0.5,-0.5,-0.5,deli
114,572.2511881875382,5,1,3.904400110244751,8,True,1.0,whoa,Unrelated,NoCompetitor,Low,-0.5,-0.5,-0.5,whoa
1483,126.8823749234851,2,1,2.7458999156951904,6,True,1.0,oops,Unrelated,NoCompetitor,Low,-0.5,-0.5,-0.5,oops
578,423.32883128609575,4,3,2.510499954223633,9,True,1.0,pond,Unrelated,NoCompetitor,Low,-0.5,-0.5,-0.5,pond
592,530.3514108782199,5,13,3.2641000747680664,9,True,1.0,lake,Unrelated,NoCompetitor,Low,-0.5,-0.5,-0.5,lake
174,181.7622910339064,2,2,2.5211000442504883,13,True,1.0,riot,Unrelated,NoCompetitor,Low,-0.5,-0.5,-0.5,riot
877,597.036303299244,5,3,2.2528998851776123,11,True,1.0,thug,Unrelated,NoCompetitor,Low,-0.5,-0.5,-0.5,thug
590,814.914220543967,9,11,3.585599899291992,12,True,1.0,beer,Unrelated,NoCompetitor,Low,-0.5,-0.5,-0.5,beer
1338,824.6375681858892,9,15,3.514899969100952,11,True,1.0,sake,Unrelated,NoCompetitor,Low,-0.5,-0.5,-0.5,sake
695,119.79193639683459,1,12,2.7809998989105225,15,True,1.0,pill,Unrelated,NoCompetitor,Low,-0.5,-0.5,-0.5,pill
798,470.5439940400646,4,2,3.36299991607666,12,True,1.0,drug,Unrelated,NoCompetitor,Low,-0.5,-0.5,-0.5,drug
596,646.1206398502194,6,10,4.168700218200684,9,True,1.0,face,Unrelated,NoCompetitor,Low,-0.5,-0.5,-0.5,face
676,796.083979321322,10,11,4.277599811553955,9,True,1.0,head,Unrelated,NoCompetitor,Low,-0.5,-0.5,-0.5,head
144,786.7604402047115,8,6,1.8194999694824219,6,True,1.0,posh,Unrelated,NoCompetitor,Low,-0.5,-0.5,-0.5,posh
1347,685.1408102441685,8,5,2.0492000579833984,7,True,1.0,snob,Unrelated,NoCompetitor,Low,-0.5,-0.5,-0.5,snob
744,803.945050643136,9,11,2.613800048828125,12,True,1.0,rash,Unrelated,NoCompetitor,Low,-0.5,-0.5,-0.5,rash
830,812.8187084692324,10,10,1.0,9,True,1.0,welt,Unrelated,NoCompetitor,Low,-0.5,-0.5,-0.5,welt
958,200.25378565468856,2,9,3.536799907684326,8,True,1.0,nine,Unrelated,NoCompetitor,Low,-0.5,-0.5,-0.5,nine
1188,544.0494320320731,5,6,4.115499973297119,9,True,1.0,four,Unrelated,NoCompetitor,Low,-0.5,-0.5,-0.5,four
751,104.02313113334075,1,8,2.4377999305725098,6,True,1.0,peel,Unrelated,NoCompetitor,Low,-0.5,-0.5,-0.5,peel
805,115.30244090294545,2,9,1.1761000156402588,6,True,1.0,rind,Unrelated,NoCompetitor,Low,-0.5,-0.5,-0.5,rind
1367,152.1479185239776,2,10,2.4969000816345215,6,True,1.0,scam,Unrelated,NoCompetitor,Low,-0.5,-0.5,-0.5,scam
1456,731.1111706104671,7,4,1.531499981880188,6,True,1.0,dupe,Unrelated,NoCompetitor,Low,-0.5,-0.5,-0.5,dupe
838,334.9528812114587,3,6,2.1875,10,True,1.0,boob,Unrelated,NoCompetitor,Low,-0.5,-0.5,-0.5,boob
843,815.836608323602,11,13,1.2303999662399292,7,True,1.0,teat,Unrelated,NoCompetitor,Low,-0.5,-0.5,-0.5,teat
71,201.52852619662252,2,4,1.6812000274658203,10,True,1.0,spud,Unrelated,NoCompetitor,Low,-0.5,-0.5,-0.5,spud
698,331.41076680341206,3,7,3.0220000743865967,9,True,1.0,chip,Unrelated,NoCompetitor,Low,-0.5,-0.5,-0.5,chip
23,149.67509809329576,2,18,1.079200029373169,8,True,1.0,sear,Unrelated,NoCompetitor,Low,-0.5,-0.5,-0.5,sear
903,798.9956772175927,10,13,2.510499954223633,9,True,1.0,bake,Unrelated,NoCompetitor,Low,-0.5,-0.5,-0.5,bake
152,79.73430473361178,1,8,2.0569000244140625,4,True,1.0,goof,Unrelated,NoCompetitor,Low,-0.5,-0.5,-0.5,goof
1108,52.08287973433098,1,2,1.544100046157837,8,True,1.0,typo,Unrelated,NoCompetitor,Low,-0.5,-0.5,-0.5,typo
40,742.6151084930796,8,12,1.5563000440597534,11,True,1.0,gash,Unrelated,NoCompetitor,Low,-0.5,-0.5,-0.5,gash
931,449.73431836452903,4,6,3.4498000144958496,7,True,1.0,burn,Unrelated,NoCompetitor,Low,-0.5,-0.5,-0.5,burn
49,839.5946523230512,11,13,2.2279000282287598,11,True,1.0,lime,Unrelated,NoCompetitor,Low,-0.5,-0.5,-0.5,lime
557,817.965636101462,9,13,1.8387999534606934,10,True,1.0,pear,Unrelated,NoCompetitor,Low,-0.5,-0.5,-0.5,pear
46,685.7235293044396,6,1,3.4149999618530273,6,True,1.0,duty,Unrelated,NoCompetitor,Low,-0.5,-0.5,-0.5,duty
1461,512.5597352605158,5,12,2.9684998989105225,8,True,1.0,role,Unrelated,NoCompetitor,Low,-0.5,-0.5,-0.5,role
305,653.4460981908207,6,2,3.380199909210205,7,True,1.0,plus,Unrelated,NoCompetitor,Low,-0.5,-0.5,-0.5,plus
375,768.6492843574698,8,6,2.4518001079559326,8,True,1.0,grid,Unrelated,NoCompetitor,Low,-0.5,-0.5,-0.5,grid
47,754.4901403315984,8,13,1.579800009727478,5,True,1.0,hone,Unrelated,NoCompetitor,Low,-0.5,-0.5,-0.5,hone
364,100.64692720185977,1,4,0.7781999707221985,10,True,1.0,rasp,Unrelated,NoCompetitor,Low,-0.5,-0.5,-0.5,rasp
195,622.0855839597422,6,2,1.8451000452041626,8,True,1.0,alto,Unrelated,NoCompetitor,Low,-0.5,-0.5,-0.5,alto
1105,117.8175333547936,2,1,1.8976000547409058,8,True,1.0,diva,Unrelated,NoCompetitor,Low,-0.5,-0.5,-0.5,diva
159,838.9487508730319,12,16,2.7551000118255615,10,True,1.0,boot,Unrelated,NoCompetitor,Low,-0.5,-0.5,-0.5,boot
609,753.090691009518,9,7,2.577500104904175,6,True,1.0,heel,Unrelated,NoCompetitor,Low,-0.5,-0.5,-0.5,heel
162,138.08683476163677,2,0,3.1201999187469482,12,True,1.0,taxi,Unrelated,NoCompetitor,Low,-0.5,-0.5,-0.5,taxi
475,664.5479389053479,6,1,2.5933001041412354,12,True,1.0,auto,Unrelated,NoCompetitor,Low,-0.5,-0.5,-0.5,auto
161,779.6510781116338,8,4,1.6901999711990356,9,True,1.0,font,Unrelated,NoCompetitor,Low,-0.5,-0.5,-0.5,font
163,251.94356867141514,3,4,3.490499973297119,5,True,1.0,type,Unrelated,NoCompetitor,Low,-0.5,-0.5,-0.5,type
203,170.83788610649418,2,2,2.3032000064849854,13,True,1.0,bulb,Unrelated,NoCompetitor,Low,-0.5,-0.5,-0.5,bulb
534,692.7068410149977,7,8,2.81820011138916,11,True,1.0,lamp,Unrelated,NoCompetitor,Low,-0.5,-0.5,-0.5,lamp
185,62.45224035390951,1,0,1.2788000106811523,12,True,1.0,oboe,Unrelated,NoCompetitor,Low,-0.5,-0.5,-0.5,oboe
277,784.2283625862034,8,7,2.1303000450134277,11,True,1.0,harp,Unrelated,NoCompetitor,Low,-0.5,-0.5,-0.5,harp
342,254.2416529084568,3,0,1.9031000137329102,8,True,1.0,luau,Unrelated,NoCompetitor,Low,-0.5,-0.5,-0.5,luau
1093,815.4440297007093,10,13,1.8451000452041626,10,True,1.0,fest,Unrelated,NoCompetitor,Low,-0.5,-0.5,-0.5,fest
202,745.1704106058247,8,4,1.986799955368042,9,True,1.0,moan,Unrelated,NoCompetitor,Low,-0.5,-0.5,-0.5,moan
273,371.1797084698147,4,3,0.9031000137329102,6,True,1.0,yelp,Unrelated,NoCompetitor,Low,-0.5,-0.5,-0.5,yelp
346,117.71506283750725,2,6,2.672100067138672,9,True,1.0,hint,Unrelated,NoCompetitor,Low,-0.5,-0.5,-0.5,hint
480,92.18993490225174,1,3,2.9537999629974365,7,True,1.0,clue,Unrelated,NoCompetitor,Low,-0.5,-0.5,-0.5,clue
210,764.4724046948561,8,7,2.037400007247925,11,True,1.0,snot,Unrelated,NoCompetitor,Low,-0.5,-0.5,-0.5,snot
581,346.96169728174897,3,10,3.5511999130249023,11,True,1.0,nose,Unrelated,NoCompetitor,Low,-0.5,-0.5,-0.5,nose
221,607.9841061621623,5,2,1.7243000268936157,9,True,1.0,opal,Unrelated,NoCompetitor,Low,-0.5,-0.5,-0.5,opal
671,573.1359593606505,5,0,2.783900022506714,11,True,1.0,ruby,Unrelated,NoCompetitor,Low,-0.5,-0.5,-0.5,ruby
234,82.49542119328065,1,3,3.0980000495910645,6,True,1.0,path,Unrelated,NoCompetitor,Low,-0.5,-0.5,-0.5,path
677,551.2897279731047,5,5,3.7565999031066895,11,True,1.0,road,Unrelated,NoCompetitor,Low,-0.5,-0.5,-0.5,road
244,787.647523925439,9,5,2.9014999866485596,12,True,1.0,tune,Unrelated,NoCompetitor,Low,-0.5,-0.5,-0.5,tune
961,499.59671325714726,4,0,1.924299955368042,10,True,1.0,hymn,Unrelated,NoCompetitor,Low,-0.5,-0.5,-0.5,hymn
282,288.43858412151724,3,9,2.730799913406372,10,True,1.0,pork,Unrelated,NoCompetitor,Low,-0.5,-0.5,-0.5,pork
683,729.6125339565784,7,6,3.0025999546051025,13,True,1.0,beef,Unrelated,NoCompetitor,Low,-0.5,-0.5,-0.5,beef
440,774.4361458200514,7,4,2.613800048828125,11,True,1.0,tray,Unrelated,NoCompetitor,Low,-0.5,-0.5,-0.5,tray
990,833.3601933779479,11,13,4.1585001945495605,10,True,1.0,case,Unrelated,NoCompetitor,Low,-0.5,-0.5,-0.5,case
297,758.3728085515153,9,10,2.3559999465942383,6,True,1.0,vile,Unrelated,NoCompetitor,Low,-0.5,-0.5,-0.5,vile
1543,229.1548734155267,3,8,5.124199867248535,12,True,1.0,good,Unrelated,NoCompetitor,Low,-0.5,-0.5,-0.5,good
507,781.5757676068363,8,8,1.8260999917984009,9,True,1.0,tush,Unrelated,NoCompetitor,Low,-0.5,-0.5,-0.5,tush
860,824.7762329360446,10,12,5.0106000900268555,8,True,1.0,back,Unrelated,NoCompetitor,Low,-0.5,-0.5,-0.5,back
299,112.94686723328141,2,0,1.9031000137329102,7,True,1.0,quad,Unrelated,NoCompetitor,Low,-0.5,-0.5,-0.5,quad
651,656.0311990725654,6,7,2.7202000617980957,9,True,1.0,jeep,Unrelated,NoCompetitor,Low,-0.5,-0.5,-0.5,jeep
367,714.3264859604478,7,3,1.6232000589370728,8,True,1.0,clog,Unrelated,NoCompetitor,Low,-0.5,-0.5,-0.5,clog
561,818.4755077777389,10,11,2.661799907684326,8,True,1.0,sock,Unrelated,NoCompetitor,Low,-0.5,-0.5,-0.5,sock
301,809.5230835615838,9,10,1.7323999404907227,10,True,1.0,mead,Unrelated,NoCompetitor,Low,-0.5,-0.5,-0.5,mead
657,197.56761090479006,2,16,3.4883999824523926,7,True,1.0,wine,Unrelated,NoCompetitor,Low,-0.5,-0.5,-0.5,wine
499,269.41500484889536,3,5,1.8691999912261963,8,True,1.0,spur,Unrelated,NoCompetitor,Low,-0.5,-0.5,-0.5,spur
936,294.329921564436,3,2,1.968500018119812,10,True,1.0,trot,Unrelated,NoCompetitor,Low,-0.5,-0.5,-0.5,trot
362,561.1755947022988,5,1,1.0,5,True,1.0,cyan,Unrelated,NoCompetitor,Low,-0.5,-0.5,-0.5,cyan
1068,749.3042898546449,7,3,3.717900037765503,7,True,1.0,blue,Unrelated,NoCompetitor,Low,-0.5,-0.5,-0.5,blue
365,755.2371943912259,8,5,2.307499885559082,8,True,1.0,mutt,Unrelated,NoCompetitor,Low,-0.5,-0.5,-0.5,mutt
513,627.347142480232,6,2,3.4321999549865723,10,True,1.0,dogs,Unrelated,NoCompetitor,Low,-0.5,-0.5,-0.5,dogs
368,782.6285738033481,10,11,2.819499969482422,9,True,1.0,sack,Unrelated,NoCompetitor,Low,-0.5,-0.5,-0.5,sack
841,778.9041343850861,8,6,1.7482000589370728,12,True,1.0,tote,Unrelated,NoCompetitor,Low,-0.5,-0.5,-0.5,tote
717,831.7500727611987,10,13,3.7811999320983887,13,True,1.0,bill,Unrelated,NoCompetitor,Low,-0.5,-0.5,-0.5,bill
1156,140.6328253201023,2,13,3.246299982070923,10,True,1.0,rent,Unrelated,NoCompetitor,Low,-0.5,-0.5,-0.5,rent
376,121.20951130781086,2,5,2.989000082015991,7,True,1.0,bout,Unrelated,NoCompetitor,Low,-0.5,-0.5,-0.5,bout
1124,156.14510484235853,2,13,3.4993999004364014,12,True,1.0,race,Unrelated,NoCompetitor,Low,-0.5,-0.5,-0.5,race
814,505.3733677867196,4,0,1.2303999662399292,8,True,1.0,gyro,Unrelated,NoCompetitor,Low,-0.5,-0.5,-0.5,gyro
827,722.7568938368569,8,6,2.517199993133545,7,True,1.0,stew,Unrelated,NoCompetitor,Low,-0.5,-0.5,-0.5,stew
388,795.2862948664558,9,7,1.6021000146865845,6,True,1.0,carp,Unrelated,NoCompetitor,Low,-0.5,-0.5,-0.5,carp
495,791.7607549232396,9,10,2.3710999488830566,9,True,1.0,pike,Unrelated,NoCompetitor,Low,-0.5,-0.5,-0.5,pike
528,786.2570115310049,9,5,3.544100046157837,11,True,1.0,suit,Unrelated,NoCompetitor,Low,-0.5,-0.5,-0.5,suit
750,713.1475832375838,7,3,2.5250000953674316,7,True,1.0,gown,Unrelated,NoCompetitor,Low,-0.5,-0.5,-0.5,gown
419,678.1665420539518,6,3,2.7258999347686768,13,True,1.0,plug,Unrelated,NoCompetitor,Low,-0.5,-0.5,-0.5,plug
774,778.9310347190135,8,4,2.396199941635132,11,True,1.0,fuse,Unrelated,NoCompetitor,Low,-0.5,-0.5,-0.5,fuse
529,614.6398474559807,6,2,3.4844000339508057,9,True,1.0,arms,Unrelated,NoCompetitor,Low,-0.5,-0.5,-0.5,arms
655,596.0470982896074,6,3,3.998800039291382,10,True,1.0,body,Unrelated,NoCompetitor,Low,-0.5,-0.5,-0.5,body
458,696.713119685914,7,3,2.359800100326538,8,True,1.0,loaf,Unrelated,NoCompetitor,Low,-0.5,-0.5,-0.5,loaf
883,655.0748958514437,6,1,1.7633999586105347,12,True,1.0,pita,Unrelated,NoCompetitor,Low,-0.5,-0.5,-0.5,pita
619,751.0000983734327,8,6,3.2040998935699463,11,True,1.0,snow,Unrelated,NoCompetitor,Low,-0.5,-0.5,-0.5,snow
866,771.4493772230005,8,13,2.7881999015808105,9,True,1.0,hail,Unrelated,NoCompetitor,Low,-0.5,-0.5,-0.5,hail
493,768.0689436317743,8,17,1.3978999853134155,10,True,1.0,pore,Unrelated,NoCompetitor,Low,-0.5,-0.5,-0.5,pore
658,604.8433072510097,6,7,3.351599931716919,14,True,1.0,skin,Unrelated,NoCompetitor,Low,-0.5,-0.5,-0.5,skin
872,82.43677844031842,1,0,3.7235000133514404,10,True,1.0,mama,Unrelated,NoCompetitor,Low,-0.5,-0.5,-0.5,mama
916,188.36614620227022,2,5,3.4495999813079834,11,True,1.0,aunt,Unrelated,NoCompetitor,Low,-0.5,-0.5,-0.5,aunt
532,489.15455672656225,4,3,3.1905999183654785,12,True,1.0,shoe,Unrelated,NoCompetitor,Low,-0.5,-0.5,-0.5,shoe
1015,745.0197952920079,8,5,3.2790000438690186,4,True,1.0,pair,Unrelated,NoCompetitor,Low,-0.5,-0.5,-0.5,pair
613,460.07113283229836,4,0,2.139899969100952,10,True,1.0,tofu,Unrelated,NoCompetitor,Low,-0.5,-0.5,-0.5,tofu
1469,532.1580534857459,5,1,1.5184999704360962,9,True,1.0,idly,Unrelated,NoCompetitor,Low,-0.5,-0.5,-0.5,idly
591,813.6713142746491,12,19,3.4667000770568848,8,True,1.0,bear,Unrelated,NoCompetitor,Low,-0.5,-0.5,-0.5,bear
661,642.6261203952077,6,2,3.014899969100952,8,True,1.0,wolf,Unrelated,NoCompetitor,Low,-0.5,-0.5,-0.5,wolf
1137,93.5576876629893,2,0,3.3922998905181885,3,True,1.0,huge,Unrelated,NoCompetitor,Low,-0.5,-0.5,-0.5,huge
1475,121.51490291743612,2,8,2.4941999912261963,8,True,1.0,vast,Unrelated,NoCompetitor,Low,-0.5,-0.5,-0.5,vast
605,514.4130570712564,5,12,2.8864998817443848,7,True,1.0,rice,Unrelated,NoCompetitor,Low,-0.5,-0.5,-0.5,rice
804,298.9773179350732,3,3,1.8324999809265137,9,True,1.0,bran,Unrelated,NoCompetitor,Low,-0.5,-0.5,-0.5,bran
634,811.9924081030573,10,10,2.456399917602539,6,True,1.0,poop,Unrelated,NoCompetitor,Low,-0.5,-0.5,-0.5,poop
976,96.5616007632147,1,3,2.1522998809814453,8,True,1.0,turd,Unrelated,NoCompetitor,Low,-0.5,-0.5,-0.5,turd
624,792.4752730757059,11,11,2.2788000106811523,11,True,1.0,lace,Unrelated,NoCompetitor,Low,-0.5,-0.5,-0.5,lace
1275,793.8896914998188,9,7,3.7862000465393066,8,True,1.0,felt,Unrelated,NoCompetitor,Low,-0.5,-0.5,-0.5,felt
656,118.64779957950627,2,2,3.935800075531006,10,True,1.0,city,Unrelated,NoCompetitor,Low,-0.5,-0.5,-0.5,city
730,93.43013143949132,1,3,4.101900100708008,11,True,1.0,town,Unrelated,NoCompetitor,Low,-0.5,-0.5,-0.5,town
629,720.1952066293375,8,4,3.437299966812134,8,True,1.0,bomb,Unrelated,NoCompetitor,Low,-0.5,-0.5,-0.5,bomb
977,92.56933744005748,1,3,2.086400032043457,12,True,1.0,nuke,Unrelated,NoCompetitor,Low,-0.5,-0.5,-0.5,nuke
670,814.3525746849315,9,6,3.083899974822998,15,True,1.0,deck,Unrelated,NoCompetitor,Low,-0.5,-0.5,-0.5,deck
775,289.34459100193584,3,4,3.7820000648498535,7,True,1.0,step,Unrelated,NoCompetitor,Low,-0.5,-0.5,-0.5,step
636,674.8534692109672,6,2,1.3617000579833984,6,True,1.0,gnat,Unrelated,NoCompetitor,Low,-0.5,-0.5,-0.5,gnat
714,741.1302432913565,7,4,2.06820011138916,12,True,1.0,moth,Unrelated,NoCompetitor,Low,-0.5,-0.5,-0.5,moth
731,74.83098831799731,1,3,3.338900089263916,10,True,1.0,jury,Unrelated,NoCompetitor,Low,-0.5,-0.5,-0.5,jury
1025,144.24190490754665,2,14,2.9474000930786133,10,True,1.0,bail,Unrelated,NoCompetitor,Low,-0.5,-0.5,-0.5,bail
642,734.479215415413,7,3,4.173099994659424,11,True,1.0,door,Unrelated,NoCompetitor,Low,-0.5,-0.5,-0.5,door
758,279.4423829266501,3,13,1.3802000284194946,7,True,1.0,sill,Unrelated,NoCompetitor,Low,-0.5,-0.5,-0.5,sill
646,775.9901792997358,10,17,3.3615000247955322,8,True,1.0,cake,Unrelated,NoCompetitor,Low,-0.5,-0.5,-0.5,cake
956,713.8855904403738,7,7,1.9394999742507935,11,True,1.0,flan,Unrelated,NoCompetitor,Low,-0.5,-0.5,-0.5,flan
673,193.23335788749546,2,4,2.4914000034332275,11,True,1.0,bats,Unrelated,NoCompetitor,Low,-0.5,-0.5,-0.5,bats
832,831.8089150564581,11,13,2.6149001121520996,8,True,1.0,mole,Unrelated,NoCompetitor,Low,-0.5,-0.5,-0.5,mole
981,773.7856397119347,9,7,4.396299839019775,11,True,1.0,show,Unrelated,NoCompetitor,Low,-0.5,-0.5,-0.5,show
1216,761.8296433525633,8,5,4.257199764251709,8,True,1.0,play,Unrelated,NoCompetitor,Low,-0.5,-0.5,-0.5,play
729,823.54602424187,11,12,3.4602999687194824,9,True,1.0,lock,Unrelated,NoCompetitor,Low,-0.5,-0.5,-0.5,lock
1176,482.8367804158469,4,8,3.863600015640259,14,True,1.0,safe,Unrelated,NoCompetitor,Low,-0.5,-0.5,-0.5,safe
19,55.50190754917967,1,1,4.02239990234375,3,True,1.0,also,Unrelated,NoCompetitor,Low,-0.5,-0.5,-0.5,also
1564,654.9929860094423,6,3,2.7987000942230225,4,True,1.0,thus,Unrelated,NoCompetitor,Low,-0.5,-0.5,-0.5,thus
735,272.39195967444243,3,3,2.3784000873565674,9,True,1.0,lens,Unrelated,NoCompetitor,Low,-0.5,-0.5,-0.5,lens
1258,419.4226128883123,4,4,2.2600998878479004,5,True,1.0,zoom,Unrelated,NoCompetitor,Low,-0.5,-0.5,-0.5,zoom
9,116.04800844448305,2,1,0.8450999855995178,9,True,1.0,clef,Unrelated,NoCompetitor,Low,-0.5,-0.5,-0.5,clef
728,388.89971056040383,4,11,3.756500005722046,10,True,1.0,mike,Unrelated,NoCompetitor,Low,-0.5,-0.5,-0.5,mike
740,214.96982868510682,2,4,2.0827999114990234,13,True,1.0,meth,Unrelated,NoCompetitor,Low,-0.5,-0.5,-0.5,meth
1286,800.4423961091097,9,14,2.914299964904785,6,True,1.0,dope,Unrelated,NoCompetitor,Low,-0.5,-0.5,-0.5,dope
1088,738.7670154813821,8,5,4.557199954986572,9,True,1.0,stop,Unrelated,NoCompetitor,Low,-0.5,-0.5,-0.5,stop
1184,786.5397083843202,9,5,2.7604000568389893,6,True,1.0,halt,Unrelated,NoCompetitor,Low,-0.5,-0.5,-0.5,halt
778,575.8093038193914,5,2,2.3578999042510986,12,True,1.0,yoga,Unrelated,NoCompetitor,Low,-0.5,-0.5,-0.5,yoga
1230,754.6845007484081,8,5,3.266700029373169,8,True,1.0,pray,Unrelated,NoCompetitor,Low,-0.5,-0.5,-0.5,pray
1236,779.8848002546472,8,4,2.7339999675750732,9,True,1.0,fund,Unrelated,NoCompetitor,Low,-0.5,-0.5,-0.5,fund
1330,165.27720517472156,2,1,3.6129000186920166,9,True,1.0,rich,Unrelated,NoCompetitor,Low,-0.5,-0.5,-0.5,rich
1031,444.3389531625373,4,11,3.8220999240875244,7,True,1.0,cold,Unrelated,NoCompetitor,Low,-0.5,-0.5,-0.5,cold
1134,797.2591504293954,9,9,3.4249000549316406,4,True,1.0,warm,Unrelated,NoCompetitor,Low,-0.5,-0.5,-0.5,warm
4,792.0012691788439,9,10,2.444000005722046,8,True,1.0,mint,Unrelated,NoCompetitor,Low,-0.5,-0.5,-0.5,mint
638,316.76555098235497,3,0,1.2041000127792358,11,True,1.0,aloe,Unrelated,NoCompetitor,Low,-0.5,-0.5,-0.5,aloe
1372,247.23041624864035,3,4,2.9047000408172607,7,True,1.0,hers,Unrelated,NoCompetitor,Low,-0.5,-0.5,-0.5,hers
1428,78.41268299597239,1,5,5.5167999267578125,4,True,1.0,your,Unrelated,NoCompetitor,Low,-0.5,-0.5,-0.5,your
24,527.8694394270915,5,1,3.22189998626709,8,True,1.0,ally,Unrelated,NoCompetitor,Low,-0.5,-0.5,-0.5,ally
1525,86.03483138372114,1,6,1.7559000253677368,7,True,1.0,tact,Unrelated,NoCompetitor,Low,-0.5,-0.5,-0.5,tact
1496,814.1206983459267,10,10,5.148399829864502,6,True,1.0,want,Unrelated,NoCompetitor,Low,-0.5,-0.5,-0.5,want
1536,573.7805576120464,5,8,4.819799900054932,11,True,1.0,need,Unrelated,NoCompetitor,Low,-0.5,-0.5,-0.5,need
7,86.14427763793586,1,3,3.8712000846862793,6,True,1.0,plan,Unrelated,NoCompetitor,Low,-0.5,-0.5,-0.5,plan
1039,778.3305526158011,8,4,3.8020999431610107,11,True,1.0,boss,Unrelated,NoCompetitor,Low,-0.5,-0.5,-0.5,boss
5,813.085754284455,11,15,3.112600088119507,10,True,1.0,sale,Unrelated,NoCompetitor,Low,-0.5,-0.5,-0.5,sale
1403,151.79160487576672,2,9,3.447499990463257,8,True,1.0,cost,Unrelated,NoCompetitor,Low,-0.5,-0.5,-0.5,cost
50,285.7140156996826,3,3,2.450200080871582,9,True,1.0,prey,Unrelated,NoCompetitor,Low,-0.5,-0.5,-0.5,prey
356,77.0865216433256,1,1,0.7781999707221985,7,True,1.0,bios,Unrelated,NoCompetitor,Low,-0.5,-0.5,-0.5,bios
10,278.96943592317655,3,7,3.239799976348877,8,True,1.0,mood,Unrelated,NoCompetitor,Low,-0.5,-0.5,-0.5,mood
1505,624.2540639735087,6,4,2.426500082015991,5,True,1.0,vibe,Unrelated,NoCompetitor,Low,-0.5,-0.5,-0.5,vibe
33,712.3697147170091,7,6,2.4249000549316406,8,True,1.0,leaf,Unrelated,NoCompetitor,Low,-0.5,-0.5,-0.5,leaf
741,94.4858564636303,1,4,2.060699939727783,9,True,1.0,stem,Unrelated,NoCompetitor,Low,-0.5,-0.5,-0.5,stem
13,225.1772040873446,3,8,1.3978999853134155,6,True,1.0,bode,Unrelated,NoCompetitor,Low,-0.5,-0.5,-0.5,bode
1350,233.81993979925588,2,4,1.9444999694824219,8,True,1.0,omen,Unrelated,NoCompetitor,Low,-0.5,-0.5,-0.5,omen
67,131.5244552451516,2,6,3.2063000202178955,6,True,1.0,weak,Unrelated,NoCompetitor,Low,-0.5,-0.5,-0.5,weak
1379,749.0759261266701,7,3,1.875100016593933,4,True,1.0,puny,Unrelated,NoCompetitor,Low,-0.5,-0.5,-0.5,puny
31,816.8281252499474,10,10,2.5866000652313232,5,True,1.0,bold,Unrelated,NoCompetitor,Low,-0.5,-0.5,-0.5,bold
1308,402.83679670006416,4,4,2.2040998935699463,13,True,1.0,wimp,Unrelated,NoCompetitor,Low,-0.5,-0.5,-0.5,wimp
79,70.957170916621,1,5,2.873300075531006,7,True,1.0,spin,Unrelated,NoCompetitor,Low,-0.5,-0.5,-0.5,spin
783,71.80362612865346,1,2,2.1238999366760254,7,True,1.0,axel,Unrelated,NoCompetitor,Low,-0.5,-0.5,-0.5,axel
39,694.4779173294864,7,9,1.9394999742507935,11,True,1.0,lard,Unrelated,NoCompetitor,Low,-0.5,-0.5,-0.5,lard
535,291.83503254283875,3,5,2.657099962234497,13,True,1.0,oven,Unrelated,NoCompetitor,Low,-0.5,-0.5,-0.5,oven
55,746.167915683703,8,5,2.8626999855041504,5,True,1.0,flip,Unrelated,NoCompetitor,Low,-0.5,-0.5,-0.5,flip
966,718.9491358566306,8,12,2.816200017929077,6,True,1.0,dive,Unrelated,NoCompetitor,Low,-0.5,-0.5,-0.5,dive
43,393.90338672656605,4,1,1.6021000146865845,6,True,1.0,yogi,Unrelated,NoCompetitor,Low,-0.5,-0.5,-0.5,yogi
204,288.93149307659394,3,2,2.89490008354187,10,True,1.0,diet,Unrelated,NoCompetitor,Low,-0.5,-0.5,-0.5,diet
73,632.2955766327535,6,1,1.2303999662399292,3,True,1.0,gawk,Unrelated,NoCompetitor,Low,-0.5,-0.5,-0.5,gawk
119,464.45714823834834,5,1,1.3009999990463257,3,True,1.0,ogle,Unrelated,NoCompetitor,Low,-0.5,-0.5,-0.5,ogle
65,807.0977819323231,10,13,2.1270999908447266,7,True,1.0,hoot,Unrelated,NoCompetitor,Low,-0.5,-0.5,-0.5,hoot
354,700.166409757114,7,2,1.6021000146865845,5,True,1.0,purr,Unrelated,NoCompetitor,Low,-0.5,-0.5,-0.5,purr
107,565.535568391985,5,12,2.033400058746338,5,True,1.0,vine,Unrelated,NoCompetitor,Low,-0.5,-0.5,-0.5,vine
173,798.6743491396473,10,12,2.6675000190734863,5,True,1.0,reed,Unrelated,NoCompetitor,Low,-0.5,-0.5,-0.5,reed
82,803.8206818792331,10,11,2.045300006866455,6,True,1.0,hock,Unrelated,NoCompetitor,Low,-0.5,-0.5,-0.5,hock
648,791.9440813919343,9,8,1.8632999658584595,5,True,1.0,rump,Unrelated,NoCompetitor,Low,-0.5,-0.5,-0.5,rump
109,825.7358883403315,9,12,2.846299886703491,8,True,1.0,sail,Unrelated,NoCompetitor,Low,-0.5,-0.5,-0.5,sail
662,725.044490633445,7,6,2.950900077819824,9,True,1.0,flag,Unrelated,NoCompetitor,Low,-0.5,-0.5,-0.5,flag
86,736.2293482781536,8,4,2.381999969482422,7,True,1.0,raft,Unrelated,NoCompetitor,Low,-0.5,-0.5,-0.5,raft
397,608.7138103820964,6,10,2.8101999759674072,7,True,1.0,pump,Unrelated,NoCompetitor,Low,-0.5,-0.5,-0.5,pump
113,400.4847764705477,4,11,2.342400074005127,9,True,1.0,mold,Unrelated,NoCompetitor,Low,-0.5,-0.5,-0.5,mold
734,547.5592719110771,5,6,2.4047999382019043,11,True,1.0,slug,Unrelated,NoCompetitor,Low,-0.5,-0.5,-0.5,slug
89,491.6145955587716,5,4,1.5563000440597534,12,True,1.0,lube,Unrelated,NoCompetitor,Low,-0.5,-0.5,-0.5,lube
1045,610.5009549137842,5,1,1.6990000009536743,7,True,1.0,oily,Unrelated,NoCompetitor,Low,-0.5,-0.5,-0.5,oily
93,661.6349404123041,6,2,2.8101999759674072,10,True,1.0,eats,Unrelated,NoCompetitor,Low,-0.5,-0.5,-0.5,eats
865,132.28158786866564,2,11,3.3664000034332275,10,True,1.0,cook,Unrelated,NoCompetitor,Low,-0.5,-0.5,-0.5,cook
95,117.14644391142721,2,8,0.7781999707221985,6,True,1.0,eave,Unrelated,NoCompetitor,Low,-0.5,-0.5,-0.5,eave
660,711.7646842369015,8,7,3.2597999572753906,10,True,1.0,roof,Unrelated,NoCompetitor,Low,-0.5,-0.5,-0.5,roof
108,130.25574262100366,2,3,2.3578999042510986,9,True,1.0,cult,Unrelated,NoCompetitor,Low,-0.5,-0.5,-0.5,cult
1054,161.15162002779599,2,7,3.876699924468994,8,True,1.0,team,Unrelated,NoCompetitor,Low,-0.5,-0.5,-0.5,team
98,674.5624069445582,6,3,2.8136000633239746,9,True,1.0,hawk,Unrelated,NoCompetitor,Low,-0.5,-0.5,-0.5,hawk
889,803.6826201902138,11,12,1.8632999658584595,8,True,1.0,loon,Unrelated,NoCompetitor,Low,-0.5,-0.5,-0.5,loon
120,384.1263905094951,4,0,1.7633999586105347,7,True,1.0,afro,Unrelated,NoCompetitor,Low,-0.5,-0.5,-0.5,afro
1390,589.2153240540453,5,5,1.9394999742507935,10,True,1.0,jive,Unrelated,NoCompetitor,Low,-0.5,-0.5,-0.5,jive
101,176.04116457369736,2,3,2.983599901199341,9,True,1.0,june,Unrelated,NoCompetitor,Low,-0.5,-0.5,-0.5,june
1155,117.13557047881491,2,9,4.085100173950195,9,True,1.0,week,Unrelated,NoCompetitor,Low,-0.5,-0.5,-0.5,week
128,592.6044132191072,5,3,0.9031000137329102,9,True,1.0,alum,Unrelated,NoCompetitor,Low,-0.5,-0.5,-0.5,alum
582,165.3552643706468,2,4,2.998300075531006,8,True,1.0,salt,Unrelated,NoCompetitor,Low,-0.5,-0.5,-0.5,salt
102,774.5217869678597,8,6,2.1238999366760254,8,True,1.0,reap,Unrelated,NoCompetitor,Low,-0.5,-0.5,-0.5,reap
284,152.62473365255235,2,4,1.2553000450134277,7,True,1.0,sown,Unrelated,NoCompetitor,Low,-0.5,-0.5,-0.5,sown
137,534.486258230105,5,6,1.9955999851226807,9,True,1.0,fang,Unrelated,NoCompetitor,Low,-0.5,-0.5,-0.5,fang
675,638.177118314223,6,6,1.1461000442504883,8,True,1.0,tusk,Unrelated,NoCompetitor,Low,-0.5,-0.5,-0.5,tusk
111,351.23752809839795,4,1,1.1461000442504883,8,True,1.0,peso,Unrelated,NoCompetitor,Low,-0.5,-0.5,-0.5,peso
1260,372.8854670601283,4,4,1.986799955368042,11,True,1.0,watt,Unrelated,NoCompetitor,Low,-0.5,-0.5,-0.5,watt
117,637.5204513133015,7,4,0.8450999855995178,4,True,1.0,glob,Unrelated,NoCompetitor,Low,-0.5,-0.5,-0.5,glob
978,550.2661892494066,6,2,1.4471999406814575,6,True,1.0,ooze,Unrelated,NoCompetitor,Low,-0.5,-0.5,-0.5,ooze
122,121.12985276054295,2,11,1.0,11,True,1.0,seep,Unrelated,NoCompetitor,Low,-0.5,-0.5,-0.5,seep
1186,775.2746871597916,9,10,1.5681999921798706,3,True,1.0,gush,Unrelated,NoCompetitor,Low,-0.5,-0.5,-0.5,gush
127,321.8195814409638,3,9,2.76419997215271,7,True,1.0,cock,Unrelated,NoCompetitor,Low,-0.5,-0.5,-0.5,cock
604,781.0066953388426,8,9,3.0141000747680664,6,True,1.0,wing,Unrelated,NoCompetitor,Low,-0.5,-0.5,-0.5,wing
123,130.6291295326038,2,15,2.566999912261963,5,True,1.0,bent,Unrelated,NoCompetitor,Low,-0.5,-0.5,-0.5,bent
478,800.834061796025,9,10,2.448699951171875,7,True,1.0,warp,Unrelated,NoCompetitor,Low,-0.5,-0.5,-0.5,warp
151,705.405517499159,8,9,2.9781999588012695,10,True,1.0,vice,Unrelated,NoCompetitor,Low,-0.5,-0.5,-0.5,vice
858,709.1996328609856,8,9,2.086400032043457,9,True,1.0,swab,Unrelated,NoCompetitor,Low,-0.5,-0.5,-0.5,swab
131,818.0490627394436,10,10,2.429800033569336,6,True,1.0,sole,Unrelated,NoCompetitor,Low,-0.5,-0.5,-0.5,sole
256,800.8501755650408,10,8,2.5866000652313232,6,True,1.0,bass,Unrelated,NoCompetitor,Low,-0.5,-0.5,-0.5,bass
187,67.06924294249146,1,1,3.122499942779541,7,True,1.0,amen,Unrelated,NoCompetitor,Low,-0.5,-0.5,-0.5,amen
316,316.6623452034966,3,13,2.2809998989105225,10,True,1.0,lent,Unrelated,NoCompetitor,Low,-0.5,-0.5,-0.5,lent
136,459.1564718525102,4,5,2.56820011138916,9,True,1.0,dorm,Unrelated,NoCompetitor,Low,-0.5,-0.5,-0.5,dorm
383,771.3188679036042,8,5,2.2067999839782715,12,True,1.0,frat,Unrelated,NoCompetitor,Low,-0.5,-0.5,-0.5,frat
154,724.0927069837923,7,3,1.9493999481201172,5,True,1.0,gasp,Unrelated,NoCompetitor,Low,-0.5,-0.5,-0.5,gasp
1013,226.88620937810552,3,3,2.240499973297119,7,True,1.0,sigh,Unrelated,NoCompetitor,Low,-0.5,-0.5,-0.5,sigh
148,67.74547557660546,1,1,3.116300106048584,10,True,1.0,data,Unrelated,NoCompetitor,Low,-0.5,-0.5,-0.5,data
831,344.8667099283367,4,11,3.351599931716919,11,True,1.0,file,Unrelated,NoCompetitor,Low,-0.5,-0.5,-0.5,file
153,82.48380489149073,1,1,1.4471999406814575,9,True,1.0,noun,Unrelated,NoCompetitor,Low,-0.5,-0.5,-0.5,noun
1301,360.95121302009426,4,3,5.320700168609619,6,True,1.0,they,Unrelated,NoCompetitor,Low,-0.5,-0.5,-0.5,they
158,674.5906112185411,6,1,3.486999988555908,3,True,1.0,lots,Unrelated,NoCompetitor,Low,-0.5,-0.5,-0.5,lots
1431,742.4177993501761,7,2,4.263199806213379,7,True,1.0,many,Unrelated,NoCompetitor,Low,-0.5,-0.5,-0.5,many
215,804.8015724068234,9,8,2.8006999492645264,12,True,1.0,tire,Unrelated,NoCompetitor,Low,-0.5,-0.5,-0.5,tire
791,372.9673465838804,4,12,2.170300006866455,10,True,1.0,puck,Unrelated,NoCompetitor,Low,-0.5,-0.5,-0.5,puck
167,726.2528202114088,8,6,1.1138999462127686,9,True,1.0,nape,Unrelated,NoCompetitor,Low,-0.5,-0.5,-0.5,nape
322,607.5094704065519,6,5,2.8115999698638916,6,True,1.0,chin,Unrelated,NoCompetitor,Low,-0.5,-0.5,-0.5,chin
181,788.2821408497773,8,6,2.06820011138916,10,True,1.0,tong,Unrelated,NoCompetitor,Low,-0.5,-0.5,-0.5,tong
1116,253.94888643883118,3,11,1.9031000137329102,6,True,1.0,spat,Unrelated,NoCompetitor,Low,-0.5,-0.5,-0.5,spat
172,783.927149109111,8,10,1.919100046157837,7,True,1.0,gent,Unrelated,NoCompetitor,Low,-0.5,-0.5,-0.5,gent
274,833.6772121292549,11,14,2.8469998836517334,10,True,1.0,dame,Unrelated,NoCompetitor,Low,-0.5,-0.5,-0.5,dame
197,286.68929156531055,3,8,2.773099899291992,5,True,1.0,porn,Unrelated,NoCompetitor,Low,-0.5,-0.5,-0.5,porn
1096,51.427349292595714,1,0,1.9444999694824219,6,True,1.0,orgy,Unrelated,NoCompetitor,Low,-0.5,-0.5,-0.5,orgy
176,667.832883266514,6,2,1.9589999914169312,10,True,1.0,gala,Unrelated,NoCompetitor,Low,-0.5,-0.5,-0.5,gala
1081,754.3113442587776,7,3,2.9576001167297363,12,True,1.0,prom,Unrelated,NoCompetitor,Low,-0.5,-0.5,-0.5,prom
192,98.00730974551063,1,3,3.0381999015808105,6,True,1.0,deny,Unrelated,NoCompetitor,Low,-0.5,-0.5,-0.5,deny
1435,87.44048826945155,1,11,3.2513999938964844,4,True,1.0,nope,Unrelated,NoCompetitor,Low,-0.5,-0.5,-0.5,nope
177,640.2644393922812,6,0,3.0834999084472656,6,True,1.0,guts,Unrelated,NoCompetitor,Low,-0.5,-0.5,-0.5,guts
434,164.3755787708253,2,11,1.6128000020980835,11,True,1.0,bile,Unrelated,NoCompetitor,Low,-0.5,-0.5,-0.5,bile
206,179.2332192708968,2,15,1.7482000589370728,10,True,1.0,soot,Unrelated,NoCompetitor,Low,-0.5,-0.5,-0.5,soot
1135,441.6972308926497,5,2,1.079200029373169,6,True,1.0,inky,Unrelated,NoCompetitor,Low,-0.5,-0.5,-0.5,inky
180,426.818280426496,4,5,2.52239990234375,8,True,1.0,vain,Unrelated,NoCompetitor,Low,-0.5,-0.5,-0.5,vain
298,97.50847849761337,1,2,2.859100103378296,9,True,1.0,self,Unrelated,NoCompetitor,Low,-0.5,-0.5,-0.5,self
193,124.29110127892557,2,3,1.857300043106079,11,True,1.0,gout,Unrelated,NoCompetitor,Low,-0.5,-0.5,-0.5,gout
519,79.50354963142908,1,1,2.8750998973846436,8,True,1.0,knee,Unrelated,NoCompetitor,Low,-0.5,-0.5,-0.5,knee
190,137.11910079798326,2,6,1.1138999462127686,4,True,1.0,meld,Unrelated,NoCompetitor,Low,-0.5,-0.5,-0.5,meld
1290,65.32624513933186,1,1,2.0492000579833984,5,True,1.0,ante,Unrelated,NoCompetitor,Low,-0.5,-0.5,-0.5,ante
201,724.0067909951742,9,8,1.7924000024795532,6,True,1.0,bony,Unrelated,NoCompetitor,Low,-0.5,-0.5,-0.5,bony
811,566.1902093191376,5,0,2.1270999908447266,7,True,1.0,jaws,Unrelated,NoCompetitor,Low,-0.5,-0.5,-0.5,jaws
200,219.94733823679638,3,3,1.0,3,True,1.0,boxy,Unrelated,NoCompetitor,Low,-0.5,-0.5,-0.5,boxy
607,809.1169517816137,9,11,2.7274999618530273,11,True,1.0,dice,Unrelated,NoCompetitor,Low,-0.5,-0.5,-0.5,dice
247,444.8859204899592,4,9,2.158400058746338,7,True,1.0,stat,Unrelated,NoCompetitor,Low,-0.5,-0.5,-0.5,stat
1423,89.73990537370808,1,1,2.2788000106811523,6,True,1.0,info,Unrelated,NoCompetitor,Low,-0.5,-0.5,-0.5,info
205,787.8082135101528,9,13,2.748199939727783,8,True,1.0,lick,Unrelated,NoCompetitor,Low,-0.5,-0.5,-0.5,lick
218,111.12013268348323,2,6,1.4914000034332275,10,True,1.0,balm,Unrelated,NoCompetitor,Low,-0.5,-0.5,-0.5,balm
254,399.85552961866904,4,0,3.5051000118255615,3,True,1.0,upon,Unrelated,NoCompetitor,Low,-0.5,-0.5,-0.5,upon
1406,586.4838206456253,6,2,4.82919979095459,7,True,1.0,over,Unrelated,NoCompetitor,Low,-0.5,-0.5,-0.5,over
209,757.9934734542196,8,4,3.1835999488830566,5,True,1.0,gosh,Unrelated,NoCompetitor,Low,-0.5,-0.5,-0.5,gosh
1233,712.9843084137083,7,9,4.285699844360352,6,True,1.0,fuck,Unrelated,NoCompetitor,Low,-0.5,-0.5,-0.5,fuck
235,681.28920777116,6,3,1.3009999990463257,8,True,1.0,kiln,Unrelated,NoCompetitor,Low,-0.5,-0.5,-0.5,kiln
357,767.1610381683769,8,7,2.7874999046325684,7,True,1.0,clay,Unrelated,NoCompetitor,Low,-0.5,-0.5,-0.5,clay
227,583.7371998055489,5,1,2.8369998931884766,4,True,1.0,blah,Unrelated,NoCompetitor,Low,-0.5,-0.5,-0.5,blah
1332,64.75146808485661,1,2,2.1522998809814453,5,True,1.0,idle,Unrelated,NoCompetitor,Low,-0.5,-0.5,-0.5,idle
229,78.31563798659853,1,4,2.322200059890747,8,True,1.0,curb,Unrelated,NoCompetitor,Low,-0.5,-0.5,-0.5,curb
1487,147.8362070323055,2,4,4.160200119018555,10,True,1.0,damn,Unrelated,NoCompetitor,Low,-0.5,-0.5,-0.5,damn
232,133.17070617430784,2,13,2.1138999462127686,5,True,1.0,rave,Unrelated,NoCompetitor,Low,-0.5,-0.5,-0.5,rave
330,667.9059204414867,6,2,2.004300117492676,10,True,1.0,hula,Unrelated,NoCompetitor,Low,-0.5,-0.5,-0.5,hula
253,696.5402180367304,7,4,1.6232000589370728,5,True,1.0,drab,Unrelated,NoCompetitor,Low,-0.5,-0.5,-0.5,drab
302,368.88227260524275,3,1,1.0,7,True,1.0,ashy,Unrelated,NoCompetitor,Low,-0.5,-0.5,-0.5,ashy
242,784.5470080252513,9,10,3.203000068664551,9,True,1.0,bond,Unrelated,NoCompetitor,Low,-0.5,-0.5,-0.5,bond
837,77.32935789594258,1,1,2.3364999294281006,12,True,1.0,visa,Unrelated,NoCompetitor,Low,-0.5,-0.5,-0.5,visa
279,278.6632526585907,3,1,2.3617000579833984,8,True,1.0,trek,Unrelated,NoCompetitor,Low,-0.5,-0.5,-0.5,trek
853,776.292022341336,8,6,3.417099952697754,7,True,1.0,camp,Unrelated,NoCompetitor,Low,-0.5,-0.5,-0.5,camp
245,135.79426769469106,2,11,2.1461000442504883,7,True,1.0,tame,Unrelated,NoCompetitor,Low,-0.5,-0.5,-0.5,tame
1417,207.43934624560248,2,4,3.4660000801086426,6,True,1.0,wild,Unrelated,NoCompetitor,Low,-0.5,-0.5,-0.5,wild
283,57.25633871391526,1,1,2.5011000633239746,8,True,1.0,crib,Unrelated,NoCompetitor,Low,-0.5,-0.5,-0.5,crib
473,228.76645371104482,3,12,2.506500005722046,9,True,1.0,bunk,Unrelated,NoCompetitor,Low,-0.5,-0.5,-0.5,bunk
248,124.23676232115702,2,5,2.5762999057769775,11,True,1.0,monk,Unrelated,NoCompetitor,Low,-0.5,-0.5,-0.5,monk
1415,523.6609199883018,5,16,4.38040018081665,9,True,1.0,hell,Unrelated,NoCompetitor,Low,-0.5,-0.5,-0.5,hell
306,186.63543564115406,2,4,1.8260999917984009,7,True,1.0,duet,Unrelated,NoCompetitor,Low,-0.5,-0.5,-0.5,duet
986,634.7919077043542,6,2,1.8260999917984009,5,True,1.0,trio,Unrelated,NoCompetitor,Low,-0.5,-0.5,-0.5,trio
265,805.8000583104571,9,11,1.875100016593933,4,True,1.0,rite,Unrelated,NoCompetitor,Low,-0.5,-0.5,-0.5,rite
1148,302.43453505330353,3,2,1.579800009727478,9,True,1.0,sect,Unrelated,NoCompetitor,Low,-0.5,-0.5,-0.5,sect
293,670.0609000580232,6,1,2.6364998817443848,9,True,1.0,drum,Unrelated,NoCompetitor,Low,-0.5,-0.5,-0.5,drum
708,772.9379228953692,8,6,2.09689998626709,8,True,1.0,gong,Unrelated,NoCompetitor,Low,-0.5,-0.5,-0.5,gong
289,170.01612386990848,2,3,1.715999960899353,8,True,1.0,perm,Unrelated,NoCompetitor,Low,-0.5,-0.5,-0.5,perm
522,740.4423934160308,8,5,2.4914000034332275,8,True,1.0,comb,Unrelated,NoCompetitor,Low,-0.5,-0.5,-0.5,comb
313,770.9586935885388,10,12,2.8041000366210938,6,True,1.0,slap,Unrelated,NoCompetitor,Low,-0.5,-0.5,-0.5,slap
822,808.0350109837212,10,9,3.3183000087738037,7,True,1.0,bite,Unrelated,NoCompetitor,Low,-0.5,-0.5,-0.5,bite
295,827.1546997526617,10,12,2.0413999557495117,10,True,1.0,lice,Unrelated,NoCompetitor,Low,-0.5,-0.5,-0.5,lice
712,204.2260236175117,2,6,2.6963999271392822,6,True,1.0,bald,Unrelated,NoCompetitor,Low,-0.5,-0.5,-0.5,bald
344,113.62000034343524,2,1,1.3802000284194946,4,True,1.0,ajar,Unrelated,NoCompetitor,Low,-0.5,-0.5,-0.5,ajar
1182,763.1572475414207,8,5,4.128900051116943,6,True,1.0,shut,Unrelated,NoCompetitor,Low,-0.5,-0.5,-0.5,shut
320,773.271457482686,8,4,1.3423999547958374,10,True,1.0,doer,Unrelated,NoCompetitor,Low,-0.5,-0.5,-0.5,doer
1416,438.7371124111718,4,4,3.735100030899048,5,True,1.0,busy,Unrelated,NoCompetitor,Low,-0.5,-0.5,-0.5,busy
325,731.9669755370293,8,7,3.3385000228881836,4,True,1.0,main,Unrelated,NoCompetitor,Low,-0.5,-0.5,-0.5,main
486,49.07443161669049,1,1,1.2041000127792358,5,True,1.0,crux,Unrelated,NoCompetitor,Low,-0.5,-0.5,-0.5,crux
323,827.1443541951076,10,12,2.004300117492676,8,True,1.0,dome,Unrelated,NoCompetitor,Low,-0.5,-0.5,-0.5,dome
722,837.2960190344362,12,15,3.4231998920440674,7,True,1.0,hall,Unrelated,NoCompetitor,Low,-0.5,-0.5,-0.5,hall
372,590.593520442678,5,1,3.924299955368042,12,True,1.0,news,Unrelated,NoCompetitor,Low,-0.5,-0.5,-0.5,news
1484,625.4857819535937,8,3,5.700699806213379,6,True,1.0,what,Unrelated,NoCompetitor,Low,-0.5,-0.5,-0.5,what
334,611.0168970355809,6,4,1.2553000450134277,11,True,1.0,hemp,Unrelated,NoCompetitor,Low,-0.5,-0.5,-0.5,hemp
363,519.0612144278147,5,13,1.9589999914169312,9,True,1.0,dill,Unrelated,NoCompetitor,Low,-0.5,-0.5,-0.5,dill
336,769.1165382970198,9,11,1.7482000589370728,7,True,1.0,gore,Unrelated,NoCompetitor,Low,-0.5,-0.5,-0.5,gore
907,792.072884496208,8,5,1.968500018119812,6,True,1.0,clot,Unrelated,NoCompetitor,Low,-0.5,-0.5,-0.5,clot
343,745.1708540101777,8,8,2.539099931716919,8,True,1.0,loop,Unrelated,NoCompetitor,Low,-0.5,-0.5,-0.5,loop
497,188.8329768647973,2,2,3.1350998878479004,3,True,1.0,tied,Unrelated,NoCompetitor,Low,-0.5,-0.5,-0.5,tied
361,543.9653972872956,5,13,2.762700080871582,10,True,1.0,heal,Unrelated,NoCompetitor,Low,-0.5,-0.5,-0.5,heal
370,198.12647105806013,2,11,3.026900053024292,9,True,1.0,cure,Unrelated,NoCompetitor,Low,-0.5,-0.5,-0.5,cure
348,731.363732675001,9,8,1.3221999406814575,8,True,1.0,vise,Unrelated,NoCompetitor,Low,-0.5,-0.5,-0.5,vise
659,816.5820478649083,10,12,3.287600040435791,7,True,1.0,hook,Unrelated,NoCompetitor,Low,-0.5,-0.5,-0.5,hook
392,478.60973409246674,4,3,1.8062000274658203,8,True,1.0,kelp,Unrelated,NoCompetitor,Low,-0.5,-0.5,-0.5,kelp
586,742.6247969250051,7,8,2.3032000064849854,11,True,1.0,clam,Unrelated,NoCompetitor,Low,-0.5,-0.5,-0.5,clam
349,589.926139811157,6,7,2.1522998809814453,7,True,1.0,woof,Unrelated,NoCompetitor,Low,-0.5,-0.5,-0.5,woof
1219,530.0502274858935,5,7,1.7482000589370728,5,True,1.0,oink,Unrelated,NoCompetitor,Low,-0.5,-0.5,-0.5,oink
373,825.8755061420898,11,13,1.924299955368042,6,True,1.0,mast,Unrelated,NoCompetitor,Low,-0.5,-0.5,-0.5,mast
455,139.04675039847146,2,13,2.3345000743865967,7,True,1.0,hull,Unrelated,NoCompetitor,Low,-0.5,-0.5,-0.5,hull
374,52.53366250287307,1,4,1.4471999406814575,4,True,1.0,tyke,Unrelated,NoCompetitor,Low,-0.5,-0.5,-0.5,tyke
748,561.8122898847707,5,2,4.186299800872803,6,True,1.0,kids,Unrelated,NoCompetitor,Low,-0.5,-0.5,-0.5,kids
382,95.56368038591818,1,5,1.531499981880188,11,True,1.0,blog,Unrelated,NoCompetitor,Low,-0.5,-0.5,-0.5,blog
710,96.9087822481643,1,15,3.274199962615967,11,True,1.0,mail,Unrelated,NoCompetitor,Low,-0.5,-0.5,-0.5,mail
393,210.85858766535162,2,9,2.8608999252319336,8,True,1.0,corn,Unrelated,NoCompetitor,Low,-0.5,-0.5,-0.5,corn
666,689.3263126256104,6,3,2.0253000259399414,11,True,1.0,oats,Unrelated,NoCompetitor,Low,-0.5,-0.5,-0.5,oats
403,119.93982794249962,2,0,2.6884000301361084,6,True,1.0,envy,Unrelated,NoCompetitor,Low,-0.5,-0.5,-0.5,envy
492,798.9737017878002,9,10,2.4547998905181885,3,True,1.0,lust,Unrelated,NoCompetitor,Low,-0.5,-0.5,-0.5,lust
398,516.9832713769763,5,4,3.1092000007629395,9,True,1.0,soup,Unrelated,NoCompetitor,Low,-0.5,-0.5,-0.5,soup
556,80.53146876540649,1,2,2.2014000415802,11,True,1.0,taco,Unrelated,NoCompetitor,Low,-0.5,-0.5,-0.5,taco
426,134.02464015511495,2,7,2.4828999042510986,8,True,1.0,peak,Unrelated,NoCompetitor,Low,-0.5,-0.5,-0.5,peak
1178,50.68238964807553,1,0,1.6434999704360962,5,True,1.0,apex,Unrelated,NoCompetitor,Low,-0.5,-0.5,-0.5,apex
408,678.7424616601595,6,3,2.340399980545044,7,True,1.0,turf,Unrelated,NoCompetitor,Low,-0.5,-0.5,-0.5,turf
553,87.13217082465367,1,4,2.799999952316284,5,True,1.0,lawn,Unrelated,NoCompetitor,Low,-0.5,-0.5,-0.5,lawn
415,94.10387108056929,1,1,1.579800009727478,12,True,1.0,mono,Unrelated,NoCompetitor,Low,-0.5,-0.5,-0.5,mono
1173,219.23456592655538,2,2,1.740399956703186,13,True,1.0,aids,Unrelated,NoCompetitor,Low,-0.5,-0.5,-0.5,aids
411,122.55500512796925,2,5,3.81850004196167,8,True,1.0,poor,Unrelated,NoCompetitor,Low,-0.5,-0.5,-0.5,poor
968,209.44479752679717,2,9,1.8194999694824219,12,True,1.0,slum,Unrelated,NoCompetitor,Low,-0.5,-0.5,-0.5,slum
425,680.3239007254608,7,6,1.9138000011444092,14,True,1.0,yarn,Unrelated,NoCompetitor,Low,-0.5,-0.5,-0.5,yarn
580,825.6272827307088,9,12,1.7633999586105347,9,True,1.0,bead,Unrelated,NoCompetitor,Low,-0.5,-0.5,-0.5,bead
413,823.6612071480622,10,13,1.3978999853134155,10,True,1.0,pane,Unrelated,NoCompetitor,Low,-0.5,-0.5,-0.5,pane
882,790.836606541672,11,11,1.9776999950408936,6,True,1.0,slab,Unrelated,NoCompetitor,Low,-0.5,-0.5,-0.5,slab
431,672.662737554858,6,1,4.044600009918213,4,True,1.0,goes,Unrelated,NoCompetitor,Low,-0.5,-0.5,-0.5,goes
1442,483.7740761696349,6,3,4.634200096130371,5,True,1.0,into,Unrelated,NoCompetitor,Low,-0.5,-0.5,-0.5,into
423,409.46729144773553,4,7,2.895400047302246,6,True,1.0,flew,Unrelated,NoCompetitor,Low,-0.5,-0.5,-0.5,flew
1097,140.38173073491964,2,9,1.8976000547409058,6,True,1.0,soar,Unrelated,NoCompetitor,Low,-0.5,-0.5,-0.5,soar
449,454.4904427044791,5,3,2.591099977493286,4,True,1.0,unto,Unrelated,NoCompetitor,Low,-0.5,-0.5,-0.5,unto
1460,60.06313964580454,1,0,3.058799982070923,8,True,1.0,thou,Unrelated,NoCompetitor,Low,-0.5,-0.5,-0.5,thou
443,801.2361553437598,9,8,1.4471999406814575,10,True,1.0,musk,Unrelated,NoCompetitor,Low,-0.5,-0.5,-0.5,musk
861,738.9808196265492,7,8,4.383999824523926,8,True,1.0,shit,Unrelated,NoCompetitor,Low,-0.5,-0.5,-0.5,shit
446,69.39155132033213,1,3,1.6901999711990356,8,True,1.0,gimp,Unrelated,NoCompetitor,Low,-0.5,-0.5,-0.5,gimp
1283,750.7967382846481,8,10,3.433000087738037,8,True,1.0,code,Unrelated,NoCompetitor,Low,-0.5,-0.5,-0.5,code
447,44.84039897112959,1,0,2.439300060272217,9,True,1.0,ammo,Unrelated,NoCompetitor,Low,-0.5,-0.5,-0.5,ammo
874,739.227442611426,8,4,3.0852999687194824,9,True,1.0,trap,Unrelated,NoCompetitor,Low,-0.5,-0.5,-0.5,trap
448,823.1086273906269,10,9,2.5464999675750732,8,True,1.0,bolt,Unrelated,NoCompetitor,Low,-0.5,-0.5,-0.5,bolt
551,724.4312750096386,7,10,2.978600025177002,8,True,1.0,nail,Unrelated,NoCompetitor,Low,-0.5,-0.5,-0.5,nail
461,656.3604531395263,7,13,2.544100046157837,7,True,1.0,bean,Unrelated,NoCompetitor,Low,-0.5,-0.5,-0.5,bean
667,392.90454005599065,4,0,1.431399941444397,9,True,1.0,okra,Unrelated,NoCompetitor,Low,-0.5,-0.5,-0.5,okra
471,806.7905151877328,9,8,1.7924000024795532,14,True,1.0,dusk,Unrelated,NoCompetitor,Low,-0.5,-0.5,-0.5,dusk
1244,68.95038424246486,1,2,1.6232000589370728,3,True,1.0,hazy,Unrelated,NoCompetitor,Low,-0.5,-0.5,-0.5,hazy
468,755.1336121310239,8,4,1.8920999765396118,6,True,1.0,cram,Unrelated,NoCompetitor,Low,-0.5,-0.5,-0.5,cram
1355,61.59485982844816,1,0,0.8450999855995178,6,True,1.0,ditz,Unrelated,NoCompetitor,Low,-0.5,-0.5,-0.5,ditz
485,782.9638395991688,9,7,2.075500011444092,7,True,1.0,flop,Unrelated,NoCompetitor,Low,-0.5,-0.5,-0.5,flop
1527,627.734669229651,7,3,1.924299955368042,7,True,1.0,hype,Unrelated,NoCompetitor,Low,-0.5,-0.5,-0.5,hype
481,213.66972785385815,3,2,1.4914000034332275,6,True,1.0,coed,Unrelated,NoCompetitor,Low,-0.5,-0.5,-0.5,coed
816,102.61557578387507,1,9,3.295599937438965,9,True,1.0,dean,Unrelated,NoCompetitor,Low,-0.5,-0.5,-0.5,dean
494,649.3630682309954,6,1,1.6128000020980835,8,True,1.0,saga,Unrelated,NoCompetitor,Low,-0.5,-0.5,-0.5,saga
1463,165.52794033057202,2,0,2.0827999114990234,7,True,1.0,epic,Unrelated,NoCompetitor,Low,-0.5,-0.5,-0.5,epic
484,509.21411365140466,4,0,2.340399980545044,6,True,1.0,iced,Unrelated,NoCompetitor,Low,-0.5,-0.5,-0.5,iced
771,815.2986165676114,10,11,2.0413999557495117,7,True,1.0,rink,Unrelated,NoCompetitor,Low,-0.5,-0.5,-0.5,rink
520,800.2564062296417,9,6,2.730799913406372,10,True,1.0,goat,Unrelated,NoCompetitor,Low,-0.5,-0.5,-0.5,goat
803,696.5931562756577,6,3,2.18179988861084,8,True,1.0,calf,Unrelated,NoCompetitor,Low,-0.5,-0.5,-0.5,calf
509,249.3558443294935,3,16,3.7286999225616455,8,True,1.0,ball,Unrelated,NoCompetitor,Low,-0.5,-0.5,-0.5,ball
674,137.73071229660636,2,4,1.8513000011444092,7,True,1.0,mitt,Unrelated,NoCompetitor,Low,-0.5,-0.5,-0.5,mitt
574,518.120033151801,5,9,2.7135000228881836,8,True,1.0,worm,Unrelated,NoCompetitor,Low,-0.5,-0.5,-0.5,worm
1027,658.2289996035304,6,1,2.1461000442504883,7,True,1.0,grub,Unrelated,NoCompetitor,Low,-0.5,-0.5,-0.5,grub
515,654.3214325281829,6,9,3.1208999156951904,14,True,1.0,bike,Unrelated,NoCompetitor,Low,-0.5,-0.5,-0.5,bike
525,785.9007190586808,9,6,2.176100015640259,7,True,1.0,sled,Unrelated,NoCompetitor,Low,-0.5,-0.5,-0.5,sled
539,803.5311452935144,9,7,3.0048000812530518,8,True,1.0,mask,Unrelated,NoCompetitor,Low,-0.5,-0.5,-0.5,mask
818,711.4010154577811,7,2,2.18179988861084,7,True,1.0,veil,Unrelated,NoCompetitor,Low,-0.5,-0.5,-0.5,veil
517,813.5844044021782,10,9,3.015399932861328,9,True,1.0,sand,Unrelated,NoCompetitor,Low,-0.5,-0.5,-0.5,sand
1065,614.067316134474,6,3,1.8260999917984009,9,True,1.0,mesa,Unrelated,NoCompetitor,Low,-0.5,-0.5,-0.5,mesa
588,740.8119955389177,8,8,1.9493999481201172,13,True,1.0,hoof,Unrelated,NoCompetitor,Low,-0.5,-0.5,-0.5,hoof
635,225.88633764707706,3,7,2.3501999378204346,10,True,1.0,claw,Unrelated,NoCompetitor,Low,-0.5,-0.5,-0.5,claw
523,767.0725765519489,9,6,2.2945001125335693,9,True,1.0,vase,Unrelated,NoCompetitor,Low,-0.5,-0.5,-0.5,vase
756,570.6638492739962,5,0,2.2764999866485596,9,True,1.0,arch,Unrelated,NoCompetitor,Low,-0.5,-0.5,-0.5,arch
540,829.8819009045819,10,14,2.950900077819824,8,True,1.0,tent,Unrelated,NoCompetitor,Low,-0.5,-0.5,-0.5,tent
594,790.7798109004963,9,9,2.895400047302246,6,True,1.0,hood,Unrelated,NoCompetitor,Low,-0.5,-0.5,-0.5,hood
552,772.6734691695004,9,6,2.889899969100952,9,True,1.0,soap,Unrelated,NoCompetitor,Low,-0.5,-0.5,-0.5,soap
973,655.901665864017,6,7,2.935499906539917,5,True,1.0,wipe,Unrelated,NoCompetitor,Low,-0.5,-0.5,-0.5,wipe
584,177.2567208883495,2,10,2.664599895477295,9,True,1.0,cart,Unrelated,NoCompetitor,Low,-0.5,-0.5,-0.5,cart
926,116.28546631566712,2,8,2.2227001190185547,8,True,1.0,reel,Unrelated,NoCompetitor,Low,-0.5,-0.5,-0.5,reel
558,660.449396925874,6,5,3.3364999294281006,12,True,1.0,milk,Unrelated,NoCompetitor,Low,-0.5,-0.5,-0.5,milk
704,672.8314501985942,6,2,0.6990000009536743,12,True,1.0,whey,Unrelated,NoCompetitor,Low,-0.5,-0.5,-0.5,whey
606,428.02570278201955,4,12,2.7535998821258545,7,True,1.0,nest,Unrelated,NoCompetitor,Low,-0.5,-0.5,-0.5,nest
809,820.691113243497,10,10,2.7235000133514404,4,True,1.0,coop,Unrelated,NoCompetitor,Low,-0.5,-0.5,-0.5,coop
564,738.5546129209997,10,9,3.545599937438965,8,True,1.0,tape,Unrelated,NoCompetitor,Low,-0.5,-0.5,-0.5,tape
932,692.7583561976231,7,2,2.9586000442504883,9,True,1.0,wrap,Unrelated,NoCompetitor,Low,-0.5,-0.5,-0.5,wrap
565,807.7480122228725,9,12,3.5201001167297363,10,True,1.0,foot,Unrelated,NoCompetitor,Low,-0.5,-0.5,-0.5,foot
611,650.083195123613,7,7,2.198699951171875,6,True,1.0,shin,Unrelated,NoCompetitor,Low,-0.5,-0.5,-0.5,shin
571,718.6444943219924,8,10,3.0945000648498535,9,True,1.0,belt,Unrelated,NoCompetitor,Low,-0.5,-0.5,-0.5,belt
724,258.873863525802,3,10,1.770900011062622,4,True,1.0,sash,Unrelated,NoCompetitor,Low,-0.5,-0.5,-0.5,sash
577,728.0666532953483,8,5,2.547800064086914,7,True,1.0,crab,Unrelated,NoCompetitor,Low,-0.5,-0.5,-0.5,crab
879,797.760400456517,11,13,1.7853000164031982,9,True,1.0,mite,Unrelated,NoCompetitor,Low,-0.5,-0.5,-0.5,mite
575,124.86646150556946,2,9,2.6542000770568848,8,True,1.0,fork,Unrelated,NoCompetitor,Low,-0.5,-0.5,-0.5,fork
630,814.2244841810808,9,14,2.1847000122070312,7,True,1.0,rake,Unrelated,NoCompetitor,Low,-0.5,-0.5,-0.5,rake
787,805.328487009212,10,8,2.2600998878479004,7,True,1.0,mist,Unrelated,NoCompetitor,Low,-0.5,-0.5,-0.5,mist
913,76.55669419948316,1,2,1.1138999462127686,7,True,1.0,dewy,Unrelated,NoCompetitor,Low,-0.5,-0.5,-0.5,dewy
617,694.5296430114219,6,1,4.453499794006348,6,True,1.0,girl,Unrelated,NoCompetitor,Low,-0.5,-0.5,-0.5,girl
862,395.8185254704102,4,2,4.0441999435424805,10,True,1.0,lady,Unrelated,NoCompetitor,Low,-0.5,-0.5,-0.5,lady
719,759.774648563152,8,5,2.827399969100952,10,True,1.0,whip,Unrelated,NoCompetitor,Low,-0.5,-0.5,-0.5,whip
1066,734.2305862066237,8,4,1.5563000440597534,4,True,1.0,prod,Unrelated,NoCompetitor,Low,-0.5,-0.5,-0.5,prod
639,643.3211095184201,6,5,3.1068999767303467,12,True,1.0,yard,Unrelated,NoCompetitor,Low,-0.5,-0.5,-0.5,yard
930,234.67320987287493,3,7,4.596499919891357,9,True,1.0,home,Unrelated,NoCompetitor,Low,-0.5,-0.5,-0.5,home
697,695.4341269495499,7,3,3.5223000049591064,13,True,1.0,film,Unrelated,NoCompetitor,Low,-0.5,-0.5,-0.5,film
1028,600.3181464154911,6,8,1.6334999799728394,10,True,1.0,skit,Unrelated,NoCompetitor,Low,-0.5,-0.5,-0.5,skit
643,730.0026786909114,7,10,3.674999952316284,9,True,1.0,ring,Unrelated,NoCompetitor,Low,-0.5,-0.5,-0.5,ring
644,766.267046794423,8,9,3.6050000190734863,13,True,1.0,gold,Unrelated,NoCompetitor,Low,-0.5,-0.5,-0.5,gold
702,618.5252152986841,7,7,1.5184999704360962,8,True,1.0,scab,Unrelated,NoCompetitor,Low,-0.5,-0.5,-0.5,scab
999,115.19667198722948,2,11,3.072200059890747,9,True,1.0,cast,Unrelated,NoCompetitor,Low,-0.5,-0.5,-0.5,cast
650,799.1540603331503,9,7,3.116300106048584,6,True,1.0,tank,Unrelated,NoCompetitor,Low,-0.5,-0.5,-0.5,tank
705,637.1018719489,5,1,3.6405999660491943,11,True,1.0,army,Unrelated,NoCompetitor,Low,-0.5,-0.5,-0.5,army
669,792.9361484872227,9,8,3.379699945449829,10,True,1.0,pool,Unrelated,NoCompetitor,Low,-0.5,-0.5,-0.5,pool
1563,789.1168889554149,8,4,2.6041998863220215,7,True,1.0,mere,Unrelated,NoCompetitor,Low,-0.5,-0.5,-0.5,mere
679,746.1340287294131,8,9,2.2600998878479004,10,True,1.0,veal,Unrelated,NoCompetitor,Low,-0.5,-0.5,-0.5,veal
842,122.55889713372203,2,4,1.2788000106811523,6,True,1.0,loin,Unrelated,NoCompetitor,Low,-0.5,-0.5,-0.5,loin
685,755.8088375835775,7,3,2.2067999839782715,7,True,1.0,duct,Unrelated,NoCompetitor,Low,-0.5,-0.5,-0.5,duct
693,839.0615803667818,11,13,3.14739990234375,10,True,1.0,wire,Unrelated,NoCompetitor,Low,-0.5,-0.5,-0.5,wire
687,121.32233661584681,2,3,2.459399938583374,7,True,1.0,tomb,Unrelated,NoCompetitor,Low,-0.5,-0.5,-0.5,tomb
1047,569.6755561879611,6,7,3.0232999324798584,6,True,1.0,bury,Unrelated,NoCompetitor,Low,-0.5,-0.5,-0.5,bury
743,292.5663682219323,3,10,3.1682000160217285,11,True,1.0,meal,Unrelated,NoCompetitor,Low,-0.5,-0.5,-0.5,meal
943,770.9561326478312,9,10,2.257699966430664,4,True,1.0,hash,Unrelated,NoCompetitor,Low,-0.5,-0.5,-0.5,hash
716,738.421030435021,8,10,4.040999889373779,10,True,1.0,fire,Unrelated,NoCompetitor,Low,-0.5,-0.5,-0.5,fire
906,781.1830307833585,9,6,2.4828999042510986,9,True,1.0,boil,Unrelated,NoCompetitor,Low,-0.5,-0.5,-0.5,boil
810,759.4366028205792,9,7,2.2764999866485596,4,True,1.0,prop,Unrelated,NoCompetitor,Low,-0.5,-0.5,-0.5,prop
1196,678.4510341960993,8,9,1.8194999694824219,7,True,1.0,scat,Unrelated,NoCompetitor,Low,-0.5,-0.5,-0.5,scat
718,137.76149180026295,2,10,3.4354000091552734,9,True,1.0,band,Unrelated,NoCompetitor,Low,-0.5,-0.5,-0.5,band
1215,129.52875413140066,2,0,1.6720999479293823,8,True,1.0,opus,Unrelated,NoCompetitor,Low,-0.5,-0.5,-0.5,opus
762,738.9629947022682,8,11,2.2227001190185547,10,True,1.0,cove,Unrelated,NoCompetitor,Low,-0.5,-0.5,-0.5,cove
945,83.83736536984841,1,3,2.3838000297546387,8,True,1.0,gulf,Unrelated,NoCompetitor,Low,-0.5,-0.5,-0.5,gulf
749,717.8471454888057,7,7,3.436500072479248,8,True,1.0,note,Unrelated,NoCompetitor,Low,-0.5,-0.5,-0.5,note
891,64.10680624278993,1,1,2.528899908065796,8,True,1.0,memo,Unrelated,NoCompetitor,Low,-0.5,-0.5,-0.5,memo
757,593.8563731254824,5,0,1.3978999853134155,6,True,1.0,suds,Unrelated,NoCompetitor,Low,-0.5,-0.5,-0.5,suds
854,389.6634460858239,4,11,3.3176000118255615,9,True,1.0,wash,Unrelated,NoCompetitor,Low,-0.5,-0.5,-0.5,wash
759,825.3214257661577,10,13,2.2788000106811523,9,True,1.0,mink,Unrelated,NoCompetitor,Low,-0.5,-0.5,-0.5,mink
944,292.6505054000555,3,5,1.6901999711990356,8,True,1.0,pelt,Unrelated,NoCompetitor,Low,-0.5,-0.5,-0.5,pelt
799,758.4325707833666,9,6,2.8420000076293945,7,True,1.0,chop,Unrelated,NoCompetitor,Low,-0.5,-0.5,-0.5,chop
997,83.08368411754563,1,4,2.340399980545044,6,True,1.0,trim,Unrelated,NoCompetitor,Low,-0.5,-0.5,-0.5,trim
768,600.2872955719743,6,8,2.9916999340057373,11,True,1.0,site,Unrelated,NoCompetitor,Low,-0.5,-0.5,-0.5,site
1079,614.4232353911984,5,0,3.5822999477386475,7,True,1.0,area,Unrelated,NoCompetitor,Low,-0.5,-0.5,-0.5,area
825,385.0785557539553,4,7,3.187000036239624,8,True,1.0,gang,Unrelated,NoCompetitor,Low,-0.5,-0.5,-0.5,gang
1162,768.4941706040182,8,8,2.322200059890747,10,True,1.0,clan,Unrelated,NoCompetitor,Low,-0.5,-0.5,-0.5,clan
817,560.0844116799377,5,18,3.2385001182556152,10,True,1.0,male,Unrelated,NoCompetitor,Low,-0.5,-0.5,-0.5,male
846,82.44176206237996,1,3,2.2504000663757324,10,True,1.0,womb,Unrelated,NoCompetitor,Low,-0.5,-0.5,-0.5,womb
1203,696.2391219365461,6,2,2.0413999557495117,6,True,1.0,blur,Unrelated,NoCompetitor,Low,-0.5,-0.5,-0.5,blur
1298,121.45284932761699,2,8,4.293000221252441,7,True,1.0,seen,Unrelated,NoCompetitor,Low,-0.5,-0.5,-0.5,seen
823,592.6111304982057,5,0,3.337100028991699,9,True,1.0,papa,Unrelated,NoCompetitor,Low,-0.5,-0.5,-0.5,papa
826,696.6372374448466,6,1,2.9646999835968018,5,True,1.0,sons,Unrelated,NoCompetitor,Low,-0.5,-0.5,-0.5,sons
886,734.3113207796465,7,2,1.6720999479293823,10,True,1.0,brie,Unrelated,NoCompetitor,Low,-0.5,-0.5,-0.5,brie
911,779.3630708522879,9,7,1.3617000579833984,8,True,1.0,curd,Unrelated,NoCompetitor,Low,-0.5,-0.5,-0.5,curd
855,744.5394974179524,11,10,3.6970999240875244,5,True,1.0,sing,Unrelated,NoCompetitor,Low,-0.5,-0.5,-0.5,sing
1024,632.6623129766201,7,10,2.973099946975708,9,True,1.0,yell,Unrelated,NoCompetitor,Low,-0.5,-0.5,-0.5,yell
1072,57.39197572648635,1,2,2.6730000972747803,7,True,1.0,arts,Unrelated,NoCompetitor,Low,-0.5,-0.5,-0.5,arts
1408,496.2139370583491,5,7,1.9955999851226807,10,True,1.0,muse,Unrelated,NoCompetitor,Low,-0.5,-0.5,-0.5,muse
857,810.7270276585789,10,12,2.7283999919891357,8,True,1.0,root,Unrelated,NoCompetitor,Low,-0.5,-0.5,-0.5,root
878,133.9234147978854,2,3,1.973099946975708,6,True,1.0,pulp,Unrelated,NoCompetitor,Low,-0.5,-0.5,-0.5,pulp
871,727.0749007239089,8,8,4.10830020904541,7,True,1.0,jack,Unrelated,NoCompetitor,Low,-0.5,-0.5,-0.5,jack
884,460.97821646587437,4,11,2.9121999740600586,11,True,1.0,gear,Unrelated,NoCompetitor,Low,-0.5,-0.5,-0.5,gear
869,80.70336486402316,1,7,3.436500072479248,10,True,1.0,shop,Unrelated,NoCompetitor,Low,-0.5,-0.5,-0.5,shop
1154,800.6541051787223,9,9,4.609600067138672,7,True,1.0,work,Unrelated,NoCompetitor,Low,-0.5,-0.5,-0.5,work
983,174.7365897270532,2,18,3.827199935913086,8,True,1.0,beat,Unrelated,NoCompetitor,Low,-0.5,-0.5,-0.5,beat
1254,801.150413849524,9,10,2.689300060272217,9,True,1.0,pace,Unrelated,NoCompetitor,Low,-0.5,-0.5,-0.5,pace
890,67.79334422938484,1,3,2.706700086593628,11,True,1.0,acid,Unrelated,NoCompetitor,Low,-0.5,-0.5,-0.5,acid
1245,210.90180659536455,2,10,2.4742000102996826,7,True,1.0,sour,Unrelated,NoCompetitor,Low,-0.5,-0.5,-0.5,sour
947,785.252311066435,9,8,4.639500141143799,9,True,1.0,talk,Unrelated,NoCompetitor,Low,-0.5,-0.5,-0.5,talk
1167,640.974149792781,6,2,2.344399929046631,6,True,1.0,oral,Unrelated,NoCompetitor,Low,-0.5,-0.5,-0.5,oral
935,844.9246342140777,12,16,2.498300075531006,6,True,1.0,fare,Unrelated,NoCompetitor,Low,-0.5,-0.5,-0.5,fare
1140,145.76224227811494,2,9,2.2355000972747803,9,True,1.0,toll,Unrelated,NoCompetitor,Low,-0.5,-0.5,-0.5,toll
1212,508.91618920913436,5,2,0.9031000137329102,8,True,1.0,quip,Unrelated,NoCompetitor,Low,-0.5,-0.5,-0.5,quip
1468,374.0134919836529,4,10,1.8387999534606934,8,True,1.0,jest,Unrelated,NoCompetitor,Low,-0.5,-0.5,-0.5,jest
941,712.5033178231644,7,7,2.799999952316284,7,True,1.0,bump,Unrelated,NoCompetitor,Low,-0.5,-0.5,-0.5,bump
1221,821.9988023565045,10,13,2.884200096130371,9,True,1.0,sore,Unrelated,NoCompetitor,Low,-0.5,-0.5,-0.5,sore
1280,75.03686710280817,1,2,2.2788000106811523,5,True,1.0,tidy,Unrelated,NoCompetitor,Low,-0.5,-0.5,-0.5,tidy
1405,113.0085960572087,2,10,2.803499937057495,8,True,1.0,neat,Unrelated,NoCompetitor,Low,-0.5,-0.5,-0.5,neat
985,79.42174698883785,1,1,1.857300043106079,6,True,1.0,ogre,Unrelated,NoCompetitor,Low,-0.5,-0.5,-0.5,ogre
989,52.89721894703117,1,0,1.1761000156402588,8,True,1.0,yeti,Unrelated,NoCompetitor,Low,-0.5,-0.5,-0.5,yeti
1206,823.6490439495221,12,12,3.588599920272827,6,True,1.0,slow,Unrelated,NoCompetitor,Low,-0.5,-0.5,-0.5,slow
1440,757.1506839997362,7,7,1.7853000164031982,4,True,1.0,lull,Unrelated,NoCompetitor,Low,-0.5,-0.5,-0.5,lull
1000,667.1988898488859,6,0,2.178999900817871,8,True,1.0,meow,Unrelated,NoCompetitor,Low,-0.5,-0.5,-0.5,meow
1043,707.3441993466478,7,4,2.0253000259399414,6,True,1.0,howl,Unrelated,NoCompetitor,Low,-0.5,-0.5,-0.5,howl
1121,223.07170179903378,3,0,1.8976000547409058,10,True,1.0,guru,Unrelated,NoCompetitor,Low,-0.5,-0.5,-0.5,guru
1494,149.59518421000288,2,9,3.1623001098632812,10,True,1.0,wise,Unrelated,NoCompetitor,Low,-0.5,-0.5,-0.5,wise
1020,695.111363084231,7,8,4.163099765777588,11,True,1.0,five,Unrelated,NoCompetitor,Low,-0.5,-0.5,-0.5,five
1314,367.60415445009386,3,1,3.039400100708008,8,True,1.0,zero,Unrelated,NoCompetitor,Low,-0.5,-0.5,-0.5,zero
1218,112.75375050243125,2,7,1.9911999702453613,6,True,1.0,bulk,Unrelated,NoCompetitor,Low,-0.5,-0.5,-0.5,bulk
1365,53.05390226499128,1,1,4.24429988861084,6,True,1.0,used,Unrelated,NoCompetitor,Low,-0.5,-0.5,-0.5,used
1075,103.36896080747547,2,3,3.3078999519348145,6,True,1.0,loud,Unrelated,NoCompetitor,Low,-0.5,-0.5,-0.5,loud
1098,147.8174924204901,2,16,4.452199935913086,4,True,1.0,hear,Unrelated,NoCompetitor,Low,-0.5,-0.5,-0.5,hear
1360,436.7444342630876,4,0,2.659899950027466,5,True,1.0,obey,Unrelated,NoCompetitor,Low,-0.5,-0.5,-0.5,obey
1382,783.2752405286452,8,5,3.390199899673462,8,True,1.0,rule,Unrelated,NoCompetitor,Low,-0.5,-0.5,-0.5,rule
1110,289.0665789999022,3,17,3.0302000045776367,7,True,1.0,mile,Unrelated,NoCompetitor,Low,-0.5,-0.5,-0.5,mile
1397,387.5064290236316,4,1,1.7782000303268433,4,True,1.0,afar,Unrelated,NoCompetitor,Low,-0.5,-0.5,-0.5,afar
1328,238.11264840936005,3,1,3.6589999198913574,6,True,1.0,kept,Unrelated,NoCompetitor,Low,-0.5,-0.5,-0.5,kept
1371,794.8778408531754,9,8,4.2418999671936035,5,True,1.0,took,Unrelated,NoCompetitor,Low,-0.5,-0.5,-0.5,took
1166,648.737390198846,7,9,1.3221999406814575,5,True,1.0,doze,Unrelated,NoCompetitor,Low,-0.5,-0.5,-0.5,doze
1276,814.169757611778,10,11,4.035900115966797,5,True,1.0,rest,Unrelated,NoCompetitor,Low,-0.5,-0.5,-0.5,rest
1452,31.695210541211463,1,0,2.9872000217437744,9,True,1.0,odds,Unrelated,NoCompetitor,Low,-0.5,-0.5,-0.5,odds
1500,80.95651126622558,1,2,1.6812000274658203,4,True,1.0,vary,Unrelated,NoCompetitor,Low,-0.5,-0.5,-0.5,vary
1214,86.06487298471978,1,12,4.151500225067139,10,True,1.0,year,Unrelated,NoCompetitor,Low,-0.5,-0.5,-0.5,year
1341,686.4478112022622,6,0,2.983599901199341,11,True,1.0,noel,Unrelated,NoCompetitor,Low,-0.5,-0.5,-0.5,noel
1344,153.80851761527674,2,5,3.9446001052856445,7,True,1.0,fact,Unrelated,NoCompetitor,Low,-0.5,-0.5,-0.5,fact
1534,82.30106284783338,1,1,4.111299991607666,5,True,1.0,true,Unrelated,NoCompetitor,Low,-0.5,-0.5,-0.5,true
1256,169.690068518857,2,5,3.9179000854492188,6,True,1.0,hour,Unrelated,NoCompetitor,Low,-0.5,-0.5,-0.5,hour
1263,614.2075198118371,6,7,4.999499797821045,5,True,1.0,time,Unrelated,NoCompetitor,Low,-0.5,-0.5,-0.5,time
1334,664.8567011478622,6,3,3.7534000873565674,5,True,1.0,less,Unrelated,NoCompetitor,Low,-0.5,-0.5,-0.5,less
1537,293.3645767776591,3,4,4.695799827575684,6,True,1.0,much,Unrelated,NoCompetitor,Low,-0.5,-0.5,-0.5,much
1304,456.118516297886,4,9,1.2553000450134277,5,True,1.0,bonk,Unrelated,NoCompetitor,Low,-0.5,-0.5,-0.5,bonk
1353,83.964492218962,1,4,1.9955999851226807,6,True,1.0,wham,Unrelated,NoCompetitor,Low,-0.5,-0.5,-0.5,wham
1364,823.2372493478579,10,15,4.327899932861328,10,True,1.0,same,Unrelated,NoCompetitor,Low,-0.5,-0.5,-0.5,same
1533,556.4828278566345,5,1,1.1761000156402588,5,True,1.0,akin,Unrelated,NoCompetitor,Low,-0.5,-0.5,-0.5,akin
1323,768.572304024536,8,6,1.4471999406814575,8,True,1.0,dolt,Unrelated,NoCompetitor,Low,-0.5,-0.5,-0.5,dolt
1325,556.0967324355407,5,0,1.9138000011444092,5,True,1.0,redo,Unrelated,NoCompetitor,Low,-0.5,-0.5,-0.5,redo
1433,350.2086289578202,4,3,3.9416000843048096,8,True,1.0,glad,Unrelated,NoCompetitor,Low,-0.5,-0.5,-0.5,glad
1492,162.44448227478725,2,10,4.0391998291015625,9,True,1.0,hate,Unrelated,NoCompetitor,Low,-0.5,-0.5,-0.5,hate
1358,249.8025217443716,3,10,4.145400047302246,7,True,1.0,lost,Unrelated,NoCompetitor,Low,-0.5,-0.5,-0.5,lost
1368,393.80314831522116,4,10,4.627200126647949,5,True,1.0,find,Unrelated,NoCompetitor,Low,-0.5,-0.5,-0.5,find
1439,549.7862557728158,5,7,1.5051000118255615,8,True,1.0,zeal,Unrelated,NoCompetitor,Low,-0.5,-0.5,-0.5,zeal
1444,732.4136935856995,7,3,1.770900011062622,8,True,1.0,glee,Unrelated,NoCompetitor,Low,-0.5,-0.5,-0.5,glee
1373,79.85586009371667,1,2,2.460900068283081,5,True,1.0,cozy,Unrelated,NoCompetitor,Low,-0.5,-0.5,-0.5,cozy
1391,57.77416487755213,1,4,1.8691999912261963,5,True,1.0,snug,Unrelated,NoCompetitor,Low,-0.5,-0.5,-0.5,snug
1464,794.1127418713329,9,11,5.497300148010254,6,True,1.0,have,Unrelated,NoCompetitor,Low,-0.5,-0.5,-0.5,have
1501,99.20053806967964,1,9,4.947299957275391,5,True,1.0,been,Unrelated,NoCompetitor,Low,-0.5,-0.5,-0.5,been
1385,646.5585447495724,6,6,4.671899795532227,8,True,1.0,help,Unrelated,NoCompetitor,Low,-0.5,-0.5,-0.5,help
1438,859.0179745669245,12,20,4.393599987030029,7,True,1.0,care,Unrelated,NoCompetitor,Low,-0.5,-0.5,-0.5,care
1401,126.60874793510952,2,12,4.39300012588501,11,True,1.0,mind,Unrelated,NoCompetitor,Low,-0.5,-0.5,-0.5,mind
1511,224.71149006700625,3,4,3.5940001010894775,7,True,1.0,soul,Unrelated,NoCompetitor,Low,-0.5,-0.5,-0.5,soul
1420,769.3900292304154,8,6,2.8685998916625977,5,True,1.0,foul,Unrelated,NoCompetitor,Low,-0.5,-0.5,-0.5,foul
1515,73.72948285014293,1,8,2.2899999618530273,6,True,1.0,yuck,Unrelated,NoCompetitor,Low,-0.5,-0.5,-0.5,yuck
1498,141.28483342173914,2,0,2.5315001010894775,9,True,1.0,urge,Unrelated,NoCompetitor,Low,-0.5,-0.5,-0.5,urge
1539,72.18250474463126,1,5,2.079200029373169,6,True,1.0,whim,Unrelated,NoCompetitor,Low,-0.5,-0.5,-0.5,whim
1458,84.35412255452529,1,5,1.8976000547409058,8,True,1.0,ploy,Unrelated,NoCompetitor,Low,-0.5,-0.5,-0.5,ploy
1554,792.9972682847863,10,8,1.934499979019165,4,True,1.0,ruse,Unrelated,NoCompetitor,Low,-0.5,-0.5,-0.5,ruse
1531,439.09888907266196,4,3,1.4149999618530273,5,True,1.0,avid,Unrelated,NoCompetitor,Low,-0.5,-0.5,-0.5,avid
1548,685.635215513703,7,5,2.359800100326538,5,True,1.0,keen,Unrelated,NoCompetitor,Low,-0.5,-0.5,-0.5,keen
1,833.2325715511219,10,9,1.6990000009536743,9,True,1.0,pant,Unrelated,HasCompetitor,High,-0.5,0.5,0.5,pant
261,715.2253748815685,6,5,2.9565999507904053,13,True,1.0,jean,Unrelated,HasCompetitor,High,-0.5,0.5,0.5,jean
155,761.9128771690117,8,5,2.3578999042510986,7,True,1.0,crow,Unrelated,HasCompetitor,High,-0.5,0.5,0.5,crow
335,821.0404126112214,9,12,2.4547998905181885,10,True,1.0,dove,Unrelated,HasCompetitor,High,-0.5,0.5,0.5,dove
12,712.0146530672727,6,2,2.7809998989105225,14,True,1.0,frog,Unrelated,HasCompetitor,High,-0.5,0.5,0.5,frog
442,649.84968953645,6,4,1.8387999534606934,10,True,1.0,newt,Unrelated,HasCompetitor,High,-0.5,0.5,0.5,newt
135,198.21880723024591,2,1,3.0183000564575195,10,True,1.0,earl,Unrelated,HasCompetitor,High,-0.5,0.5,0.5,earl
972,774.2023029428806,9,7,3.1064999103546143,13,True,1.0,duke,Unrelated,HasCompetitor,High,-0.5,0.5,0.5,duke
214,487.21966360740845,4,0,2.835700035095215,8,True,1.0,exam,Unrelated,HasCompetitor,High,-0.5,0.5,0.5,exam
992,578.8085920412402,5,12,3.6324000358581543,11,True,1.0,test,Unrelated,HasCompetitor,High,-0.5,0.5,0.5,test
157,766.6236098396836,8,8,1.5563000440597534,12,True,1.0,fowl,Unrelated,HasCompetitor,High,-0.5,0.5,0.5,fowl
514,777.0828201443859,7,1,3.365299940109253,11,True,1.0,bird,Unrelated,HasCompetitor,High,-0.5,0.5,0.5,bird
542,746.9004765720525,8,8,2.542799949645996,15,True,1.0,swan,Unrelated,HasCompetitor,High,-0.5,0.5,0.5,swan
603,852.005880930704,10,14,3.1017000675201416,15,True,1.0,duck,Unrelated,HasCompetitor,High,-0.5,0.5,0.5,duck
2,639.8988585790173,7,5,2.637500047683716,10,True,1.0,robe,Unrelated,HasCompetitor,High,-0.5,0.5,0.5,robe
781,793.7420672724693,9,11,2.4547998905181885,11,True,1.0,vest,Unrelated,HasCompetitor,High,-0.5,0.5,0.5,vest
146,475.64846186102443,4,1,1.6434999704360962,11,True,1.0,zinc,Unrelated,HasCompetitor,High,-0.5,0.5,0.5,zinc
938,839.8506328021427,10,12,3.6280999183654785,16,True,1.0,lead,Unrelated,HasCompetitor,High,-0.5,0.5,0.5,lead
369,686.816014097776,6,4,2.004300117492676,10,True,1.0,barf,Unrelated,HasCompetitor,High,-0.5,0.5,0.5,barf
755,786.0452732231413,8,5,2.5051000118255615,10,True,1.0,puke,Unrelated,HasCompetitor,High,-0.5,0.5,0.5,puke
246,547.7015843397198,5,1,2.8608999252319336,9,True,1.0,debt,Unrelated,HasCompetitor,High,-0.5,0.5,0.5,debt
1080,794.954185381325,9,6,3.00600004196167,9,True,1.0,loan,Unrelated,HasCompetitor,High,-0.5,0.5,0.5,loan
441,805.9371919049232,10,11,2.5262999534606934,10,True,1.0,mice,Unrelated,HasCompetitor,High,-0.5,0.5,0.5,mice
905,767.8659521672113,8,5,2.176100015640259,13,True,1.0,puss,Unrelated,HasCompetitor,High,-0.5,0.5,0.5,puss
422,650.0136707325631,6,1,2.8942999839782715,16,True,1.0,lion,Unrelated,HasCompetitor,High,-0.5,0.5,0.5,lion
616,649.2029675047158,6,1,0.9031000137329102,9,True,1.0,puma,Unrelated,HasCompetitor,High,-0.5,0.5,0.5,puma
721,651.2649455080239,8,4,1.5563000440597534,11,True,1.0,axes,Unrelated,HasCompetitor,High,-0.5,0.5,0.5,axes
963,689.7158945060046,7,3,1.2303999662399292,9,True,1.0,maul,Unrelated,HasCompetitor,High,-0.5,0.5,0.5,maul
439,738.976625960017,7,7,1.9138000011444092,8,True,1.0,stag,Unrelated,HasCompetitor,High,-0.5,0.5,0.5,stag
723,812.7652506784453,9,11,3.2360000610351562,11,True,1.0,buck,Unrelated,HasCompetitor,High,-0.5,0.5,0.5,buck
566,829.0305020482347,10,12,3.4321999549865723,11,True,1.0,rose,Unrelated,HasCompetitor,High,-0.5,0.5,0.5,rose
711,731.3427142923625,7,1,3.13700008392334,10,True,1.0,lily,Unrelated,HasCompetitor,High,-0.5,0.5,0.5,lily
573,806.6347614855162,8,6,2.767199993133545,16,True,1.0,dish,Unrelated,HasCompetitor,High,-0.5,0.5,0.5,dish
599,748.8136832668824,8,6,3.039400100708008,9,True,1.0,bowl,Unrelated,HasCompetitor,High,-0.5,0.5,0.5,bowl
1117,790.935994303789,7,3,4.0991997718811035,9,True,1.0,hurt,Unrelated,HasCompetitor,High,-0.5,0.5,0.5,hurt
1152,772.6325565976424,8,7,3.6986000537872314,13,True,1.0,pain,Unrelated,HasCompetitor,High,-0.5,0.5,0.5,pain
576,783.0632982753974,8,5,2.617000102996826,11,True,1.0,pony,Unrelated,HasCompetitor,High,-0.5,0.5,0.5,pony
680,829.3484044810684,10,18,2.1731998920440674,13,True,1.0,mare,Unrelated,HasCompetitor,High,-0.5,0.5,0.5,mare
8,738.2234063687886,7,6,2.1238999366760254,7,True,1.0,gram,Unrelated,HasCompetitor,High,-0.5,0.5,0.5,gram
1239,692.5590200890035,6,4,1.9084999561309814,10,True,1.0,kilo,Unrelated,HasCompetitor,High,-0.5,0.5,0.5,kilo
620,715.6519471894393,7,6,3.200900077819824,10,True,1.0,bath,Unrelated,HasCompetitor,High,-0.5,0.5,0.5,bath
684,815.3312654491934,11,12,2.936500072479248,8,True,1.0,sink,Unrelated,HasCompetitor,High,-0.5,0.5,0.5,sink
946,827.0706798864161,9,11,1.7559000253677368,13,True,1.0,gull,Unrelated,HasCompetitor,High,-0.5,0.5,0.5,gull
1261,844.5088110743127,11,15,1.5681999921798706,9,True,1.0,coot,Unrelated,HasCompetitor,High,-0.5,0.5,0.5,coot
623,417.6647489117287,4,10,2.789599895477295,14,True,1.0,dime,Unrelated,HasCompetitor,High,-0.5,0.5,0.5,dime
909,793.3018811204263,8,10,2.684799909591675,12,True,1.0,cent,Unrelated,HasCompetitor,High,-0.5,0.5,0.5,cent
118,61.665750464150435,1,0,2.433000087738037,7,True,1.0,nova,Unrelated,HasCompetitor,High,-0.5,0.5,0.5,nova
709,560.5486291145795,5,9,3.618000030517578,13,True,1.0,star,Unrelated,HasCompetitor,High,-0.5,0.5,0.5,star
1437,846.4726759911413,11,16,1.544100046157837,9,True,1.0,lore,Unrelated,HasCompetitor,High,-0.5,0.5,0.5,lore
1466,577.928231365004,5,3,2.547800064086914,6,True,1.0,myth,Unrelated,HasCompetitor,High,-0.5,0.5,0.5,myth
270,788.5548923831936,9,7,2.285599946975708,10,True,1.0,pact,Unrelated,HasCompetitor,High,-0.5,0.5,0.5,pact
1255,791.6237859932667,9,14,4.124899864196777,11,True,1.0,deal,Unrelated,HasCompetitor,High,-0.5,0.5,0.5,deal
41,800.8753404803876,9,7,2.6989998817443848,12,True,1.0,silk,Unrelated,HasCompetitor,High,-0.5,0.5,0.5,silk
610,565.6779580055861,5,6,2.2095000743865967,9,True,1.0,wool,Unrelated,HasCompetitor,High,-0.5,0.5,0.5,wool
1251,600.9428403153826,6,10,2.761899948120117,8,True,1.0,rage,Unrelated,HasCompetitor,High,-0.5,0.5,0.5,rage
1311,738.4371884869872,7,2,2.29229998588562,8,True,1.0,fury,Unrelated,HasCompetitor,High,-0.5,0.5,0.5,fury
510,762.2195499824531,7,3,3.629300117492676,14,True,1.0,fish,Unrelated,HasCompetitor,High,-0.5,0.5,0.5,fish
585,525.4762728178348,5,2,2.6117000579833984,12,True,1.0,tuna,Unrelated,HasCompetitor,High,-0.5,0.5,0.5,tuna
910,556.7326865821259,5,4,1.857300043106079,8,True,1.0,wept,Unrelated,HasCompetitor,High,-0.5,0.5,0.5,wept
1150,718.1874413646498,7,3,1.462399959564209,7,True,1.0,bawl,Unrelated,HasCompetitor,High,-0.5,0.5,0.5,bawl
937,88.87206688312763,1,8,3.8190999031066895,7,True,1.0,king,Unrelated,HasCompetitor,High,-0.5,0.5,0.5,king
1003,212.4427311543217,2,1,1.3009999990463257,9,True,1.0,tsar,Unrelated,HasCompetitor,High,-0.5,0.5,0.5,tsar
22,691.6594521316395,7,5,2.4065001010894775,12,True,1.0,herb,Unrelated,HasCompetitor,High,-0.5,0.5,0.5,herb
241,786.4365336284121,9,12,1.954200029373169,11,True,1.0,sage,Unrelated,HasCompetitor,High,-0.5,0.5,0.5,sage
26,201.3799199191748,2,5,2.3784000873565674,10,True,1.0,limb,Unrelated,HasCompetitor,High,-0.5,0.5,0.5,limb
692,588.5814633945741,5,7,4.154200077056885,11,True,1.0,hand,Unrelated,HasCompetitor,High,-0.5,0.5,0.5,hand
30,391.761681440652,4,2,1.9911999702453613,11,True,1.0,knit,Unrelated,HasCompetitor,High,-0.5,0.5,0.5,knit
1034,712.8060170891165,6,2,1.8260999917984009,10,True,1.0,sewn,Unrelated,HasCompetitor,High,-0.5,0.5,0.5,sewn
57,127.4772847276486,2,7,2.7723000049591064,11,True,1.0,plot,Unrelated,HasCompetitor,High,-0.5,0.5,0.5,plot
1222,496.40516171715154,5,13,2.7874999046325684,11,True,1.0,tale,Unrelated,HasCompetitor,High,-0.5,0.5,0.5,tale
61,769.1075446552146,9,7,1.9589999914169312,6,True,1.0,dung,Unrelated,HasCompetitor,High,-0.5,0.5,0.5,dung
138,794.2187156855636,9,7,3.4986000061035156,7,True,1.0,crap,Unrelated,HasCompetitor,High,-0.5,0.5,0.5,crap
62,441.92168723813904,4,0,0.3009999990463257,8,True,1.0,lynx,Unrelated,HasCompetitor,High,-0.5,0.5,0.5,lynx
595,853.782177057478,11,16,2.29229998588562,8,True,1.0,hare,Unrelated,HasCompetitor,High,-0.5,0.5,0.5,hare
275,50.85776011820216,1,0,0.9031000137329102,13,True,1.0,ovum,Unrelated,HasCompetitor,High,-0.5,0.5,0.5,ovum
821,484.78857285422583,5,10,3.4428999423980713,11,True,1.0,cell,Unrelated,HasCompetitor,High,-0.5,0.5,0.5,cell
92,783.9555669125467,10,11,2.609600067138672,10,True,1.0,tuck,Unrelated,HasCompetitor,High,-0.5,0.5,0.5,tuck
1287,785.1702306623926,9,9,2.851300001144409,8,True,1.0,darn,Unrelated,HasCompetitor,High,-0.5,0.5,0.5,darn
240,761.5316453360819,8,4,2.478600025177002,11,True,1.0,glue,Unrelated,HasCompetitor,High,-0.5,0.5,0.5,glue
815,294.22196613351736,3,1,1.0,14,True,1.0,inks,Unrelated,HasCompetitor,High,-0.5,0.5,0.5,inks
141,692.9596782830596,7,10,2.5694000720977783,10,True,1.0,tick,Unrelated,HasCompetitor,High,-0.5,0.5,0.5,tick
587,669.3942189558505,7,5,2.2304000854492188,8,True,1.0,flea,Unrelated,HasCompetitor,High,-0.5,0.5,0.5,flea
213,112.19909195661702,1,0,1.2553000450134277,11,True,1.0,onyx,Unrelated,HasCompetitor,High,-0.5,0.5,0.5,onyx
836,706.8177520423521,6,3,2.4149999618530273,9,True,1.0,jade,Unrelated,HasCompetitor,High,-0.5,0.5,0.5,jade
142,721.228206898719,6,1,2.56469988822937,12,True,1.0,glen,Unrelated,HasCompetitor,High,-0.5,0.5,0.5,glen
549,834.6123828799458,10,12,3.282399892807007,13,True,1.0,hill,Unrelated,HasCompetitor,High,-0.5,0.5,0.5,hill
170,782.5555447221096,9,9,2.2095000743865967,9,True,1.0,funk,Unrelated,HasCompetitor,High,-0.5,0.5,0.5,funk
196,369.25497198378594,3,0,2.784600019454956,9,True,1.0,jazz,Unrelated,HasCompetitor,High,-0.5,0.5,0.5,jazz
178,819.7015629853946,9,10,2.8578999042510986,10,True,1.0,bush,Unrelated,HasCompetitor,High,-0.5,0.5,0.5,bush
511,779.7114755310109,8,4,3.5206000804901123,15,True,1.0,tree,Unrelated,HasCompetitor,High,-0.5,0.5,0.5,tree
294,751.7576146444685,8,6,2.599900007247925,11,True,1.0,soil,Unrelated,HasCompetitor,High,-0.5,0.5,0.5,soil
602,688.4202993885087,7,3,3.1175999641418457,5,True,1.0,dirt,Unrelated,HasCompetitor,High,-0.5,0.5,0.5,dirt
186,729.3642820331847,7,3,2.734800100326538,12,True,1.0,lamb,Unrelated,HasCompetitor,High,-0.5,0.5,0.5,lamb
608,833.6501875804446,10,11,2.648400068283081,10,True,1.0,deer,Unrelated,HasCompetitor,High,-0.5,0.5,0.5,deer
384,567.6510729473531,5,1,2.8006999492645264,7,True,1.0,inch,Unrelated,HasCompetitor,High,-0.5,0.5,0.5,inch
1291,762.0718534985572,10,8,2.0085999965667725,4,True,1.0,span,Unrelated,HasCompetitor,High,-0.5,0.5,0.5,span
191,781.792724676657,9,7,2.164400100708008,8,True,1.0,moss,Unrelated,HasCompetitor,High,-0.5,0.5,0.5,moss
524,752.2991368256922,6,0,2.2147998809814453,9,True,1.0,fern,Unrelated,HasCompetitor,High,-0.5,0.5,0.5,fern
266,626.1700839931156,7,7,1.8920999765396118,9,True,1.0,haze,Unrelated,HasCompetitor,High,-0.5,0.5,0.5,haze
488,83.91255660700389,1,1,1.7482000589370728,9,True,1.0,smog,Unrelated,HasCompetitor,High,-0.5,0.5,0.5,smog
230,803.4713432055283,9,8,1.924299955368042,10,True,1.0,lark,Unrelated,HasCompetitor,High,-0.5,0.5,0.5,lark
470,696.3558250361613,6,1,1.3009999990463257,6,True,1.0,wren,Unrelated,HasCompetitor,High,-0.5,0.5,0.5,wren
405,620.3333254971698,6,2,1.6720999479293823,11,True,1.0,acne,Unrelated,HasCompetitor,High,-0.5,0.5,0.5,acne
1242,515.2740951919866,5,2,2.330399990081787,11,True,1.0,itch,Unrelated,HasCompetitor,High,-0.5,0.5,0.5,itch
233,803.7609759470663,9,7,2.3385000228881836,7,True,1.0,lure,Unrelated,HasCompetitor,High,-0.5,0.5,0.5,lure
271,156.83624415093465,2,3,2.6963999271392822,6,True,1.0,bait,Unrelated,HasCompetitor,High,-0.5,0.5,0.5,bait
314,763.8234988484503,7,3,2.749000072479248,11,True,1.0,shed,Unrelated,HasCompetitor,High,-0.5,0.5,0.5,shed
654,782.0315484431737,9,8,4.350599765777588,15,True,1.0,room,Unrelated,HasCompetitor,High,-0.5,0.5,0.5,room
251,707.5058687151102,6,6,1.462399959564209,11,True,1.0,kale,Unrelated,HasCompetitor,High,-0.5,0.5,0.5,kale
559,758.5764188241894,8,8,1.2041000127792358,9,True,1.0,leek,Unrelated,HasCompetitor,High,-0.5,0.5,0.5,leek
548,821.6426023204762,10,9,3.688999891281128,14,True,1.0,boat,Unrelated,HasCompetitor,High,-0.5,0.5,0.5,boat
597,143.83863061024311,2,8,3.7028000354766846,10,True,1.0,ship,Unrelated,HasCompetitor,High,-0.5,0.5,0.5,ship
285,822.1066104563794,10,10,2.841399908065796,8,True,1.0,barn,Unrelated,HasCompetitor,High,-0.5,0.5,0.5,barn
880,679.391894175068,6,5,1.6901999711990356,9,True,1.0,silo,Unrelated,HasCompetitor,High,-0.5,0.5,0.5,silo
25,200.4714172415685,2,10,1.544100046157837,8,True,1.0,mope,Unrelated,HasCompetitor,High,-0.5,0.5,0.5,mope
1474,87.06189270085909,1,5,1.7243000268936157,8,True,1.0,glum,Unrelated,HasCompetitor,High,-0.5,0.5,0.5,glum
319,770.2203312854039,9,5,1.8691999912261963,8,True,1.0,wasp,Unrelated,HasCompetitor,High,-0.5,0.5,0.5,wasp
696,575.9556142589388,5,5,2.436199903488159,13,True,1.0,bees,Unrelated,HasCompetitor,High,-0.5,0.5,0.5,bees
505,423.1656965416779,4,0,1.6128000020980835,11,True,1.0,kiwi,Unrelated,HasCompetitor,High,-0.5,0.5,0.5,kiwi
626,701.6433759324664,6,5,2.243000030517578,12,True,1.0,plum,Unrelated,HasCompetitor,High,-0.5,0.5,0.5,plum
454,304.4392254488606,3,3,1.3617000579833984,10,True,1.0,oxen,Unrelated,HasCompetitor,High,-0.5,0.5,0.5,oxen
621,521.8312278927896,5,12,3.14739990234375,8,True,1.0,bull,Unrelated,HasCompetitor,High,-0.5,0.5,0.5,bull
545,462.5391059022422,4,0,2.2227001190185547,14,True,1.0,mayo,Unrelated,HasCompetitor,High,-0.5,0.5,0.5,mayo
736,803.4166055239472,9,9,1.2553000450134277,10,True,1.0,slaw,Unrelated,HasCompetitor,High,-0.5,0.5,0.5,slaw
544,560.4257647475813,5,9,2.413300037384033,10,True,1.0,cafe,Unrelated,HasCompetitor,High,-0.5,0.5,0.5,cafe
763,518.8993933096815,5,1,2.037400007247925,7,True,1.0,deli,Unrelated,HasCompetitor,High,-0.5,0.5,0.5,deli
114,570.70313041919,5,1,3.904400110244751,8,True,1.0,whoa,Unrelated,HasCompetitor,High,-0.5,0.5,0.5,whoa
1483,133.7526634109674,2,1,2.7458999156951904,6,True,1.0,oops,Unrelated,HasCompetitor,High,-0.5,0.5,0.5,oops
578,439.1202827688421,4,3,2.510499954223633,9,True,1.0,pond,Unrelated,HasCompetitor,High,-0.5,0.5,0.5,pond
592,543.0517966900824,5,13,3.2641000747680664,9,True,1.0,lake,Unrelated,HasCompetitor,High,-0.5,0.5,0.5,lake
174,192.57420955382625,2,2,2.5211000442504883,13,True,1.0,riot,Unrelated,HasCompetitor,High,-0.5,0.5,0.5,riot
877,608.1704550976608,5,3,2.2528998851776123,11,True,1.0,thug,Unrelated,HasCompetitor,High,-0.5,0.5,0.5,thug
590,826.2611393165447,9,11,3.585599899291992,12,True,1.0,beer,Unrelated,HasCompetitor,High,-0.5,0.5,0.5,beer
1338,832.2338186334146,9,15,3.514899969100952,11,True,1.0,sake,Unrelated,HasCompetitor,High,-0.5,0.5,0.5,sake
695,127.87091866930697,1,12,2.7809998989105225,15,True,1.0,pill,Unrelated,HasCompetitor,High,-0.5,0.5,0.5,pill
798,475.5851779748891,4,2,3.36299991607666,12,True,1.0,drug,Unrelated,HasCompetitor,High,-0.5,0.5,0.5,drug
596,642.2430254939285,6,10,4.168700218200684,9,True,1.0,face,Unrelated,HasCompetitor,High,-0.5,0.5,0.5,face
676,773.1346209308563,10,11,4.277599811553955,9,True,1.0,head,Unrelated,HasCompetitor,High,-0.5,0.5,0.5,head
144,791.7943304079351,8,6,1.8194999694824219,6,True,1.0,posh,Unrelated,HasCompetitor,High,-0.5,0.5,0.5,posh
1347,690.8872384958968,8,5,2.0492000579833984,7,True,1.0,snob,Unrelated,HasCompetitor,High,-0.5,0.5,0.5,snob
744,808.6799365329593,9,11,2.613800048828125,12,True,1.0,rash,Unrelated,HasCompetitor,High,-0.5,0.5,0.5,rash
830,819.3524527164147,10,10,1.0,9,True,1.0,welt,Unrelated,HasCompetitor,High,-0.5,0.5,0.5,welt
958,211.76493575426156,2,9,3.536799907684326,8,True,1.0,nine,Unrelated,HasCompetitor,High,-0.5,0.5,0.5,nine
1188,556.0708050091246,5,6,4.115499973297119,9,True,1.0,four,Unrelated,HasCompetitor,High,-0.5,0.5,0.5,four
751,108.62946794790116,1,8,2.4377999305725098,6,True,1.0,peel,Unrelated,HasCompetitor,High,-0.5,0.5,0.5,peel
805,120.0413135427302,2,9,1.1761000156402588,6,True,1.0,rind,Unrelated,HasCompetitor,High,-0.5,0.5,0.5,rind
1367,159.98031147256197,2,10,2.4969000816345215,6,True,1.0,scam,Unrelated,HasCompetitor,High,-0.5,0.5,0.5,scam
1456,735.8233364003709,7,4,1.531499981880188,6,True,1.0,dupe,Unrelated,HasCompetitor,High,-0.5,0.5,0.5,dupe
838,350.13262591721525,3,6,2.1875,10,True,1.0,boob,Unrelated,HasCompetitor,High,-0.5,0.5,0.5,boob
843,821.5845826024458,11,13,1.2303999662399292,7,True,1.0,teat,Unrelated,HasCompetitor,High,-0.5,0.5,0.5,teat
71,214.4617111907747,2,4,1.6812000274658203,10,True,1.0,spud,Unrelated,HasCompetitor,High,-0.5,0.5,0.5,spud
698,343.29820647312386,3,7,3.0220000743865967,9,True,1.0,chip,Unrelated,HasCompetitor,High,-0.5,0.5,0.5,chip
23,153.35859660269952,2,18,1.079200029373169,8,True,1.0,sear,Unrelated,HasCompetitor,High,-0.5,0.5,0.5,sear
903,804.8661798136835,10,13,2.510499954223633,9,True,1.0,bake,Unrelated,HasCompetitor,High,-0.5,0.5,0.5,bake
152,86.56187359586531,1,8,2.0569000244140625,4,True,1.0,goof,Unrelated,HasCompetitor,High,-0.5,0.5,0.5,goof
1108,57.217249619691735,1,2,1.544100046157837,8,True,1.0,typo,Unrelated,HasCompetitor,High,-0.5,0.5,0.5,typo
40,754.7202709669656,8,12,1.5563000440597534,11,True,1.0,gash,Unrelated,HasCompetitor,High,-0.5,0.5,0.5,gash
931,461.23289464268294,4,6,3.4498000144958496,7,True,1.0,burn,Unrelated,HasCompetitor,High,-0.5,0.5,0.5,burn
49,845.2505992643544,11,13,2.2279000282287598,11,True,1.0,lime,Unrelated,HasCompetitor,High,-0.5,0.5,0.5,lime
557,823.2125129589247,9,13,1.8387999534606934,10,True,1.0,pear,Unrelated,HasCompetitor,High,-0.5,0.5,0.5,pear
46,690.0831559648595,6,1,3.4149999618530273,6,True,1.0,duty,Unrelated,HasCompetitor,High,-0.5,0.5,0.5,duty
1461,527.2420546044784,5,12,2.9684998989105225,8,True,1.0,role,Unrelated,HasCompetitor,High,-0.5,0.5,0.5,role
305,660.9519381322211,6,2,3.380199909210205,7,True,1.0,plus,Unrelated,HasCompetitor,High,-0.5,0.5,0.5,plus
375,774.32022457057,8,6,2.4518001079559326,8,True,1.0,grid,Unrelated,HasCompetitor,High,-0.5,0.5,0.5,grid
47,756.3990728441117,8,13,1.579800009727478,5,True,1.0,hone,Unrelated,HasCompetitor,High,-0.5,0.5,0.5,hone
364,106.20847053551901,1,4,0.7781999707221985,10,True,1.0,rasp,Unrelated,HasCompetitor,High,-0.5,0.5,0.5,rasp
195,625.7607883139563,6,2,1.8451000452041626,8,True,1.0,alto,Unrelated,HasCompetitor,High,-0.5,0.5,0.5,alto
1105,128.53750390038974,2,1,1.8976000547409058,8,True,1.0,diva,Unrelated,HasCompetitor,High,-0.5,0.5,0.5,diva
159,848.2385971377056,12,16,2.7551000118255615,10,True,1.0,boot,Unrelated,HasCompetitor,High,-0.5,0.5,0.5,boot
609,738.9734683444206,9,7,2.577500104904175,6,True,1.0,heel,Unrelated,HasCompetitor,High,-0.5,0.5,0.5,heel
162,146.73601814812164,2,0,3.1201999187469482,12,True,1.0,taxi,Unrelated,HasCompetitor,High,-0.5,0.5,0.5,taxi
475,668.5275590248751,6,1,2.5933001041412354,12,True,1.0,auto,Unrelated,HasCompetitor,High,-0.5,0.5,0.5,auto
161,788.6356215524773,8,4,1.6901999711990356,9,True,1.0,font,Unrelated,HasCompetitor,High,-0.5,0.5,0.5,font
163,261.4761508775942,3,4,3.490499973297119,5,True,1.0,type,Unrelated,HasCompetitor,High,-0.5,0.5,0.5,type
203,181.6106269884903,2,2,2.3032000064849854,13,True,1.0,bulb,Unrelated,HasCompetitor,High,-0.5,0.5,0.5,bulb
534,704.1462123172058,7,8,2.81820011138916,11,True,1.0,lamp,Unrelated,HasCompetitor,High,-0.5,0.5,0.5,lamp
185,67.89146386891862,1,0,1.2788000106811523,12,True,1.0,oboe,Unrelated,HasCompetitor,High,-0.5,0.5,0.5,oboe
277,790.9406898843777,8,7,2.1303000450134277,11,True,1.0,harp,Unrelated,HasCompetitor,High,-0.5,0.5,0.5,harp
342,266.7514967463613,3,0,1.9031000137329102,8,True,1.0,luau,Unrelated,HasCompetitor,High,-0.5,0.5,0.5,luau
1093,799.1118123406999,10,13,1.8451000452041626,10,True,1.0,fest,Unrelated,HasCompetitor,High,-0.5,0.5,0.5,fest
202,752.1855336256348,8,4,1.986799955368042,9,True,1.0,moan,Unrelated,HasCompetitor,High,-0.5,0.5,0.5,moan
273,380.0972941380086,4,3,0.9031000137329102,6,True,1.0,yelp,Unrelated,HasCompetitor,High,-0.5,0.5,0.5,yelp
346,123.75120836525177,2,6,2.672100067138672,9,True,1.0,hint,Unrelated,HasCompetitor,High,-0.5,0.5,0.5,hint
480,96.17126325256207,1,3,2.9537999629974365,7,True,1.0,clue,Unrelated,HasCompetitor,High,-0.5,0.5,0.5,clue
210,767.0025031729853,8,7,2.037400007247925,11,True,1.0,snot,Unrelated,HasCompetitor,High,-0.5,0.5,0.5,snot
581,357.5594234483466,4,10,3.5511999130249023,11,True,1.0,nose,Unrelated,HasCompetitor,High,-0.5,0.5,0.5,nose
221,615.7291100983057,5,2,1.7243000268936157,9,True,1.0,opal,Unrelated,HasCompetitor,High,-0.5,0.5,0.5,opal
671,581.2448677110762,5,0,2.783900022506714,11,True,1.0,ruby,Unrelated,HasCompetitor,High,-0.5,0.5,0.5,ruby
234,90.1192178832737,1,3,3.0980000495910645,6,True,1.0,path,Unrelated,HasCompetitor,High,-0.5,0.5,0.5,path
677,566.8984598302837,5,5,3.7565999031066895,11,True,1.0,road,Unrelated,HasCompetitor,High,-0.5,0.5,0.5,road
244,787.3746058636336,9,5,2.9014999866485596,12,True,1.0,tune,Unrelated,HasCompetitor,High,-0.5,0.5,0.5,tune
961,506.83677024181395,4,0,1.924299955368042,10,True,1.0,hymn,Unrelated,HasCompetitor,High,-0.5,0.5,0.5,hymn
282,299.84239004320057,3,9,2.730799913406372,10,True,1.0,pork,Unrelated,HasCompetitor,High,-0.5,0.5,0.5,pork
683,734.0654054848088,7,6,3.0025999546051025,13,True,1.0,beef,Unrelated,HasCompetitor,High,-0.5,0.5,0.5,beef
440,781.6801684973748,7,4,2.613800048828125,11,True,1.0,tray,Unrelated,HasCompetitor,High,-0.5,0.5,0.5,tray
990,841.522575861362,11,13,4.1585001945495605,10,True,1.0,case,Unrelated,HasCompetitor,High,-0.5,0.5,0.5,case
297,764.3750069943541,9,10,2.3559999465942383,6,True,1.0,vile,Unrelated,HasCompetitor,High,-0.5,0.5,0.5,vile
1543,247.03364596395733,3,8,5.124199867248535,12,True,1.0,good,Unrelated,HasCompetitor,High,-0.5,0.5,0.5,good
507,785.0120711390382,8,8,1.8260999917984009,9,True,1.0,tush,Unrelated,HasCompetitor,High,-0.5,0.5,0.5,tush
860,821.0578634841761,10,12,5.0106000900268555,8,True,1.0,back,Unrelated,HasCompetitor,High,-0.5,0.5,0.5,back
299,119.00487243239233,2,0,1.9031000137329102,7,True,1.0,quad,Unrelated,HasCompetitor,High,-0.5,0.5,0.5,quad
651,654.3597640682171,6,7,2.7202000617980957,9,True,1.0,jeep,Unrelated,HasCompetitor,High,-0.5,0.5,0.5,jeep
367,719.1356683117255,7,3,1.6232000589370728,8,True,1.0,clog,Unrelated,HasCompetitor,High,-0.5,0.5,0.5,clog
561,818.0107742981461,10,11,2.661799907684326,8,True,1.0,sock,Unrelated,HasCompetitor,High,-0.5,0.5,0.5,sock
301,805.4295971464105,9,10,1.7323999404907227,10,True,1.0,mead,Unrelated,HasCompetitor,High,-0.5,0.5,0.5,mead
657,208.83279734567606,2,16,3.4883999824523926,7,True,1.0,wine,Unrelated,HasCompetitor,High,-0.5,0.5,0.5,wine
499,281.6007849638106,3,5,1.8691999912261963,8,True,1.0,spur,Unrelated,HasCompetitor,High,-0.5,0.5,0.5,spur
936,308.52008026828764,3,2,1.968500018119812,10,True,1.0,trot,Unrelated,HasCompetitor,High,-0.5,0.5,0.5,trot
362,562.8250306016413,5,1,1.0,5,True,1.0,cyan,Unrelated,HasCompetitor,High,-0.5,0.5,0.5,cyan
1068,757.0541019395043,7,3,3.717900037765503,7,True,1.0,blue,Unrelated,HasCompetitor,High,-0.5,0.5,0.5,blue
365,759.2773052570217,8,5,2.307499885559082,8,True,1.0,mutt,Unrelated,HasCompetitor,High,-0.5,0.5,0.5,mutt
513,631.7427199200159,6,2,3.4321999549865723,10,True,1.0,dogs,Unrelated,HasCompetitor,High,-0.5,0.5,0.5,dogs
368,791.1084697582803,10,11,2.819499969482422,9,True,1.0,sack,Unrelated,HasCompetitor,High,-0.5,0.5,0.5,sack
841,786.6240528370952,8,6,1.7482000589370728,12,True,1.0,tote,Unrelated,HasCompetitor,High,-0.5,0.5,0.5,tote
717,838.6566735479761,10,13,3.7811999320983887,13,True,1.0,bill,Unrelated,HasCompetitor,High,-0.5,0.5,0.5,bill
1156,147.80442713545807,2,13,3.246299982070923,10,True,1.0,rent,Unrelated,HasCompetitor,High,-0.5,0.5,0.5,rent
376,126.3306714188104,2,5,2.989000082015991,7,True,1.0,bout,Unrelated,HasCompetitor,High,-0.5,0.5,0.5,bout
1124,161.31767820959428,2,13,3.4993999004364014,12,True,1.0,race,Unrelated,HasCompetitor,High,-0.5,0.5,0.5,race
814,509.222758569314,4,0,1.2303999662399292,8,True,1.0,gyro,Unrelated,HasCompetitor,High,-0.5,0.5,0.5,gyro
827,731.2155140563209,8,6,2.517199993133545,7,True,1.0,stew,Unrelated,HasCompetitor,High,-0.5,0.5,0.5,stew
388,802.5025922776608,9,7,1.6021000146865845,6,True,1.0,carp,Unrelated,HasCompetitor,High,-0.5,0.5,0.5,carp
495,797.7406358499439,9,10,2.3710999488830566,9,True,1.0,pike,Unrelated,HasCompetitor,High,-0.5,0.5,0.5,pike
528,789.4374792998319,9,5,3.544100046157837,11,True,1.0,suit,Unrelated,HasCompetitor,High,-0.5,0.5,0.5,suit
750,719.6381219023385,7,3,2.5250000953674316,7,True,1.0,gown,Unrelated,HasCompetitor,High,-0.5,0.5,0.5,gown
419,687.216527748276,6,3,2.7258999347686768,13,True,1.0,plug,Unrelated,HasCompetitor,High,-0.5,0.5,0.5,plug
774,784.9538055268204,8,4,2.396199941635132,11,True,1.0,fuse,Unrelated,HasCompetitor,High,-0.5,0.5,0.5,fuse
529,623.164773103647,6,2,3.4844000339508057,9,True,1.0,arms,Unrelated,HasCompetitor,High,-0.5,0.5,0.5,arms
655,610.1810980005632,6,3,3.998800039291382,10,True,1.0,body,Unrelated,HasCompetitor,High,-0.5,0.5,0.5,body
458,703.3186982734552,7,3,2.359800100326538,8,True,1.0,loaf,Unrelated,HasCompetitor,High,-0.5,0.5,0.5,loaf
883,659.4208561086483,6,1,1.7633999586105347,12,True,1.0,pita,Unrelated,HasCompetitor,High,-0.5,0.5,0.5,pita
619,728.6059522554842,8,6,3.2040998935699463,11,True,1.0,snow,Unrelated,HasCompetitor,High,-0.5,0.5,0.5,snow
866,782.6467174937836,9,13,2.7881999015808105,9,True,1.0,hail,Unrelated,HasCompetitor,High,-0.5,0.5,0.5,hail
493,778.669700434787,9,17,1.3978999853134155,10,True,1.0,pore,Unrelated,HasCompetitor,High,-0.5,0.5,0.5,pore
658,621.6579331642613,6,7,3.351599931716919,14,True,1.0,skin,Unrelated,HasCompetitor,High,-0.5,0.5,0.5,skin
872,88.668621198439,1,0,3.7235000133514404,10,True,1.0,mama,Unrelated,HasCompetitor,High,-0.5,0.5,0.5,mama
916,205.20115835297628,2,5,3.4495999813079834,11,True,1.0,aunt,Unrelated,HasCompetitor,High,-0.5,0.5,0.5,aunt
532,504.8702600144512,4,3,3.1905999183654785,12,True,1.0,shoe,Unrelated,HasCompetitor,High,-0.5,0.5,0.5,shoe
1015,751.5133240013405,8,5,3.2790000438690186,4,True,1.0,pair,Unrelated,HasCompetitor,High,-0.5,0.5,0.5,pair
613,468.44166602568095,4,0,2.139899969100952,10,True,1.0,tofu,Unrelated,HasCompetitor,High,-0.5,0.5,0.5,tofu
1469,533.6030152387423,5,1,1.5184999704360962,9,True,1.0,idly,Unrelated,HasCompetitor,High,-0.5,0.5,0.5,idly
591,816.3303376106394,12,19,3.4667000770568848,8,True,1.0,bear,Unrelated,HasCompetitor,High,-0.5,0.5,0.5,bear
661,652.1547311249177,6,2,3.014899969100952,8,True,1.0,wolf,Unrelated,HasCompetitor,High,-0.5,0.5,0.5,wolf
1137,98.01132999405024,2,0,3.3922998905181885,3,True,1.0,huge,Unrelated,HasCompetitor,High,-0.5,0.5,0.5,huge
1475,126.45719128773264,2,8,2.4941999912261963,8,True,1.0,vast,Unrelated,HasCompetitor,High,-0.5,0.5,0.5,vast
605,524.0396393828315,5,12,2.8864998817443848,7,True,1.0,rice,Unrelated,HasCompetitor,High,-0.5,0.5,0.5,rice
804,310.21382837514005,3,3,1.8324999809265137,9,True,1.0,bran,Unrelated,HasCompetitor,High,-0.5,0.5,0.5,bran
634,817.1631065949774,10,10,2.456399917602539,6,True,1.0,poop,Unrelated,HasCompetitor,High,-0.5,0.5,0.5,poop
976,103.17947252394512,1,3,2.1522998809814453,8,True,1.0,turd,Unrelated,HasCompetitor,High,-0.5,0.5,0.5,turd
624,799.0911489514787,11,11,2.2788000106811523,11,True,1.0,lace,Unrelated,HasCompetitor,High,-0.5,0.5,0.5,lace
1275,802.0896426924024,9,7,3.7862000465393066,8,True,1.0,felt,Unrelated,HasCompetitor,High,-0.5,0.5,0.5,felt
656,127.38507065059994,2,2,3.935800075531006,10,True,1.0,city,Unrelated,HasCompetitor,High,-0.5,0.5,0.5,city
730,98.92046184123346,1,3,4.101900100708008,11,True,1.0,town,Unrelated,HasCompetitor,High,-0.5,0.5,0.5,town
629,730.748553112273,8,4,3.437299966812134,8,True,1.0,bomb,Unrelated,HasCompetitor,High,-0.5,0.5,0.5,bomb
977,97.70400681143674,1,3,2.086400032043457,12,True,1.0,nuke,Unrelated,HasCompetitor,High,-0.5,0.5,0.5,nuke
670,820.1494334583604,9,6,3.083899974822998,15,True,1.0,deck,Unrelated,HasCompetitor,High,-0.5,0.5,0.5,deck
775,300.94390552330094,3,4,3.7820000648498535,7,True,1.0,step,Unrelated,HasCompetitor,High,-0.5,0.5,0.5,step
636,682.6581377714776,6,2,1.3617000579833984,6,True,1.0,gnat,Unrelated,HasCompetitor,High,-0.5,0.5,0.5,gnat
714,748.1331070631411,7,4,2.06820011138916,12,True,1.0,moth,Unrelated,HasCompetitor,High,-0.5,0.5,0.5,moth
731,77.21636436175955,1,3,3.338900089263916,10,True,1.0,jury,Unrelated,HasCompetitor,High,-0.5,0.5,0.5,jury
1025,152.02468804289944,2,14,2.9474000930786133,10,True,1.0,bail,Unrelated,HasCompetitor,High,-0.5,0.5,0.5,bail
642,738.8780083217737,7,3,4.173099994659424,11,True,1.0,door,Unrelated,HasCompetitor,High,-0.5,0.5,0.5,door
758,291.3330731504308,3,13,1.3802000284194946,7,True,1.0,sill,Unrelated,HasCompetitor,High,-0.5,0.5,0.5,sill
646,775.6391125186967,10,17,3.3615000247955322,8,True,1.0,cake,Unrelated,HasCompetitor,High,-0.5,0.5,0.5,cake
956,724.1371339295101,7,7,1.9394999742507935,11,True,1.0,flan,Unrelated,HasCompetitor,High,-0.5,0.5,0.5,flan
673,201.4983770733241,2,4,2.4914000034332275,11,True,1.0,bats,Unrelated,HasCompetitor,High,-0.5,0.5,0.5,bats
832,835.9062497254754,11,13,2.6149001121520996,8,True,1.0,mole,Unrelated,HasCompetitor,High,-0.5,0.5,0.5,mole
981,780.6817572674365,9,7,4.396299839019775,11,True,1.0,show,Unrelated,HasCompetitor,High,-0.5,0.5,0.5,show
1216,767.0559948371806,8,5,4.257199764251709,8,True,1.0,play,Unrelated,HasCompetitor,High,-0.5,0.5,0.5,play
729,826.2719446494069,11,12,3.4602999687194824,9,True,1.0,lock,Unrelated,HasCompetitor,High,-0.5,0.5,0.5,lock
1176,501.9277928744371,5,8,3.863600015640259,14,True,1.0,safe,Unrelated,HasCompetitor,High,-0.5,0.5,0.5,safe
19,60.62087699621668,1,1,4.02239990234375,3,True,1.0,also,Unrelated,HasCompetitor,High,-0.5,0.5,0.5,also
1564,658.1748774176559,6,3,2.7987000942230225,4,True,1.0,thus,Unrelated,HasCompetitor,High,-0.5,0.5,0.5,thus
735,285.47913838727436,3,3,2.3784000873565674,9,True,1.0,lens,Unrelated,HasCompetitor,High,-0.5,0.5,0.5,lens
1258,430.3567818431973,4,4,2.2600998878479004,5,True,1.0,zoom,Unrelated,HasCompetitor,High,-0.5,0.5,0.5,zoom
9,125.66658508897228,2,1,0.8450999855995178,9,True,1.0,clef,Unrelated,HasCompetitor,High,-0.5,0.5,0.5,clef
728,401.547393292062,4,11,3.756500005722046,10,True,1.0,mike,Unrelated,HasCompetitor,High,-0.5,0.5,0.5,mike
740,228.29330789706364,2,4,2.0827999114990234,13,True,1.0,meth,Unrelated,HasCompetitor,High,-0.5,0.5,0.5,meth
1286,783.2605404466424,9,14,2.914299964904785,6,True,1.0,dope,Unrelated,HasCompetitor,High,-0.5,0.5,0.5,dope
1088,748.079925690734,8,5,4.557199954986572,9,True,1.0,stop,Unrelated,HasCompetitor,High,-0.5,0.5,0.5,stop
1184,791.116453285018,9,5,2.7604000568389893,6,True,1.0,halt,Unrelated,HasCompetitor,High,-0.5,0.5,0.5,halt
778,580.9732728330102,5,2,2.3578999042510986,12,True,1.0,yoga,Unrelated,HasCompetitor,High,-0.5,0.5,0.5,yoga
1230,756.8668269693768,8,5,3.266700029373169,8,True,1.0,pray,Unrelated,HasCompetitor,High,-0.5,0.5,0.5,pray
1236,786.4396967139809,8,4,2.7339999675750732,9,True,1.0,fund,Unrelated,HasCompetitor,High,-0.5,0.5,0.5,fund
1330,174.89163343610372,2,1,3.6129000186920166,9,True,1.0,rich,Unrelated,HasCompetitor,High,-0.5,0.5,0.5,rich
1031,457.68543906623825,4,11,3.8220999240875244,7,True,1.0,cold,Unrelated,HasCompetitor,High,-0.5,0.5,0.5,cold
1134,796.3610984532418,9,9,3.4249000549316406,4,True,1.0,warm,Unrelated,HasCompetitor,High,-0.5,0.5,0.5,warm
4,800.2691928237416,9,10,2.444000005722046,8,True,1.0,mint,Unrelated,HasCompetitor,High,-0.5,0.5,0.5,mint
638,325.20109618963556,3,0,1.2041000127792358,11,True,1.0,aloe,Unrelated,HasCompetitor,High,-0.5,0.5,0.5,aloe
1372,260.54561373198277,3,4,2.9047000408172607,7,True,1.0,hers,Unrelated,HasCompetitor,High,-0.5,0.5,0.5,hers
1428,84.01099211579238,1,5,5.5167999267578125,4,True,1.0,your,Unrelated,HasCompetitor,High,-0.5,0.5,0.5,your
24,539.1898670930086,5,1,3.22189998626709,8,True,1.0,ally,Unrelated,HasCompetitor,High,-0.5,0.5,0.5,ally
1525,89.22099806853407,1,6,1.7559000253677368,7,True,1.0,tact,Unrelated,HasCompetitor,High,-0.5,0.5,0.5,tact
1496,813.3465899216885,10,10,5.148399829864502,6,True,1.0,want,Unrelated,HasCompetitor,High,-0.5,0.5,0.5,want
1536,588.1124749947533,5,8,4.819799900054932,11,True,1.0,need,Unrelated,HasCompetitor,High,-0.5,0.5,0.5,need
7,89.96115018945144,1,3,3.8712000846862793,6,True,1.0,plan,Unrelated,HasCompetitor,High,-0.5,0.5,0.5,plan
1039,785.3092358688573,8,4,3.8020999431610107,11,True,1.0,boss,Unrelated,HasCompetitor,High,-0.5,0.5,0.5,boss
5,796.5692192801641,11,15,3.112600088119507,10,True,1.0,sale,Unrelated,HasCompetitor,High,-0.5,0.5,0.5,sale
1403,158.0646596364902,2,9,3.447499990463257,8,True,1.0,cost,Unrelated,HasCompetitor,High,-0.5,0.5,0.5,cost
50,299.20031830790646,3,3,2.450200080871582,9,True,1.0,prey,Unrelated,HasCompetitor,High,-0.5,0.5,0.5,prey
356,82.88452960692169,1,1,0.7781999707221985,7,True,1.0,bios,Unrelated,HasCompetitor,High,-0.5,0.5,0.5,bios
10,290.3209163435679,3,7,3.239799976348877,8,True,1.0,mood,Unrelated,HasCompetitor,High,-0.5,0.5,0.5,mood
1505,629.7623826804362,6,4,2.426500082015991,5,True,1.0,vibe,Unrelated,HasCompetitor,High,-0.5,0.5,0.5,vibe
33,718.5061203474168,7,6,2.4249000549316406,8,True,1.0,leaf,Unrelated,HasCompetitor,High,-0.5,0.5,0.5,leaf
741,98.62035345153551,1,4,2.060699939727783,9,True,1.0,stem,Unrelated,HasCompetitor,High,-0.5,0.5,0.5,stem
13,232.49544125621463,3,8,1.3978999853134155,6,True,1.0,bode,Unrelated,HasCompetitor,High,-0.5,0.5,0.5,bode
1350,241.43506882413823,2,4,1.9444999694824219,8,True,1.0,omen,Unrelated,HasCompetitor,High,-0.5,0.5,0.5,omen
67,136.30224182265937,2,6,3.2063000202178955,6,True,1.0,weak,Unrelated,HasCompetitor,High,-0.5,0.5,0.5,weak
1379,754.9289584055854,7,3,1.875100016593933,4,True,1.0,puny,Unrelated,HasCompetitor,High,-0.5,0.5,0.5,puny
31,821.9443007720495,10,10,2.5866000652313232,5,True,1.0,bold,Unrelated,HasCompetitor,High,-0.5,0.5,0.5,bold
1308,414.3917231684877,4,4,2.2040998935699463,13,True,1.0,wimp,Unrelated,HasCompetitor,High,-0.5,0.5,0.5,wimp
79,73.7421635206486,1,5,2.873300075531006,7,True,1.0,spin,Unrelated,HasCompetitor,High,-0.5,0.5,0.5,spin
783,80.10325407724983,1,2,2.1238999366760254,7,True,1.0,axel,Unrelated,HasCompetitor,High,-0.5,0.5,0.5,axel
39,687.9946275327295,7,9,1.9394999742507935,11,True,1.0,lard,Unrelated,HasCompetitor,High,-0.5,0.5,0.5,lard
535,304.76616797818593,3,5,2.657099962234497,13,True,1.0,oven,Unrelated,HasCompetitor,High,-0.5,0.5,0.5,oven
55,751.5855702964969,8,5,2.8626999855041504,5,True,1.0,flip,Unrelated,HasCompetitor,High,-0.5,0.5,0.5,flip
966,730.6123799417489,8,12,2.816200017929077,6,True,1.0,dive,Unrelated,HasCompetitor,High,-0.5,0.5,0.5,dive
43,399.70411454761694,4,1,1.6021000146865845,6,True,1.0,yogi,Unrelated,HasCompetitor,High,-0.5,0.5,0.5,yogi
204,297.42421865994925,3,2,2.89490008354187,10,True,1.0,diet,Unrelated,HasCompetitor,High,-0.5,0.5,0.5,diet
73,636.8577408776089,6,1,1.2303999662399292,3,True,1.0,gawk,Unrelated,HasCompetitor,High,-0.5,0.5,0.5,gawk
119,471.770843093444,5,1,1.3009999990463257,3,True,1.0,ogle,Unrelated,HasCompetitor,High,-0.5,0.5,0.5,ogle
65,810.8094380652656,10,13,2.1270999908447266,7,True,1.0,hoot,Unrelated,HasCompetitor,High,-0.5,0.5,0.5,hoot
354,698.1046701468026,7,2,1.6021000146865845,5,True,1.0,purr,Unrelated,HasCompetitor,High,-0.5,0.5,0.5,purr
107,575.4615179241925,5,12,2.033400058746338,5,True,1.0,vine,Unrelated,HasCompetitor,High,-0.5,0.5,0.5,vine
173,801.8306498514897,10,12,2.6675000190734863,5,True,1.0,reed,Unrelated,HasCompetitor,High,-0.5,0.5,0.5,reed
82,809.3045920312871,10,11,2.045300006866455,6,True,1.0,hock,Unrelated,HasCompetitor,High,-0.5,0.5,0.5,hock
648,797.3486464802942,9,8,1.8632999658584595,5,True,1.0,rump,Unrelated,HasCompetitor,High,-0.5,0.5,0.5,rump
109,812.887094672192,9,12,2.846299886703491,8,True,1.0,sail,Unrelated,HasCompetitor,High,-0.5,0.5,0.5,sail
662,730.2310237698741,7,6,2.950900077819824,9,True,1.0,flag,Unrelated,HasCompetitor,High,-0.5,0.5,0.5,flag
86,742.7821011787983,8,4,2.381999969482422,7,True,1.0,raft,Unrelated,HasCompetitor,High,-0.5,0.5,0.5,raft
397,622.5301215157873,6,10,2.8101999759674072,7,True,1.0,pump,Unrelated,HasCompetitor,High,-0.5,0.5,0.5,pump
113,412.7944568437603,4,11,2.342400074005127,9,True,1.0,mold,Unrelated,HasCompetitor,High,-0.5,0.5,0.5,mold
734,561.5028848274777,5,6,2.4047999382019043,11,True,1.0,slug,Unrelated,HasCompetitor,High,-0.5,0.5,0.5,slug
89,510.44281730980754,5,4,1.5563000440597534,12,True,1.0,lube,Unrelated,HasCompetitor,High,-0.5,0.5,0.5,lube
1045,623.4327696658945,5,1,1.6990000009536743,7,True,1.0,oily,Unrelated,HasCompetitor,High,-0.5,0.5,0.5,oily
93,669.414847819343,6,2,2.8101999759674072,10,True,1.0,eats,Unrelated,HasCompetitor,High,-0.5,0.5,0.5,eats
865,137.73329006459105,2,11,3.3664000034332275,10,True,1.0,cook,Unrelated,HasCompetitor,High,-0.5,0.5,0.5,cook
95,123.4429152893271,2,8,0.7781999707221985,6,True,1.0,eave,Unrelated,HasCompetitor,High,-0.5,0.5,0.5,eave
660,717.7823683802058,8,7,3.2597999572753906,10,True,1.0,roof,Unrelated,HasCompetitor,High,-0.5,0.5,0.5,roof
108,135.59184459147636,2,3,2.3578999042510986,9,True,1.0,cult,Unrelated,HasCompetitor,High,-0.5,0.5,0.5,cult
1054,171.71933434311308,2,7,3.876699924468994,8,True,1.0,team,Unrelated,HasCompetitor,High,-0.5,0.5,0.5,team
98,678.3911934884175,6,3,2.8136000633239746,9,True,1.0,hawk,Unrelated,HasCompetitor,High,-0.5,0.5,0.5,hawk
889,810.808840934266,11,12,1.8632999658584595,8,True,1.0,loon,Unrelated,HasCompetitor,High,-0.5,0.5,0.5,loon
120,389.03386172068906,4,0,1.7633999586105347,7,True,1.0,afro,Unrelated,HasCompetitor,High,-0.5,0.5,0.5,afro
1390,589.2000590465015,5,5,1.9394999742507935,10,True,1.0,jive,Unrelated,HasCompetitor,High,-0.5,0.5,0.5,jive
101,185.8195755033847,2,3,2.983599901199341,9,True,1.0,june,Unrelated,HasCompetitor,High,-0.5,0.5,0.5,june
1155,122.9516777228994,2,9,4.085100173950195,9,True,1.0,week,Unrelated,HasCompetitor,High,-0.5,0.5,0.5,week
128,605.8863394112734,5,3,0.9031000137329102,9,True,1.0,alum,Unrelated,HasCompetitor,High,-0.5,0.5,0.5,alum
582,173.4693373777132,2,4,2.998300075531006,8,True,1.0,salt,Unrelated,HasCompetitor,High,-0.5,0.5,0.5,salt
102,778.8530151117914,8,6,2.1238999366760254,8,True,1.0,reap,Unrelated,HasCompetitor,High,-0.5,0.5,0.5,reap
284,161.59692414581522,2,4,1.2553000450134277,7,True,1.0,sown,Unrelated,HasCompetitor,High,-0.5,0.5,0.5,sown
137,547.6954161690793,5,6,1.9955999851226807,9,True,1.0,fang,Unrelated,HasCompetitor,High,-0.5,0.5,0.5,fang
675,650.4361979218899,6,6,1.1461000442504883,8,True,1.0,tusk,Unrelated,HasCompetitor,High,-0.5,0.5,0.5,tusk
111,358.646850729992,4,1,1.1461000442504883,8,True,1.0,peso,Unrelated,HasCompetitor,High,-0.5,0.5,0.5,peso
1260,382.4899481882094,4,4,1.986799955368042,11,True,1.0,watt,Unrelated,HasCompetitor,High,-0.5,0.5,0.5,watt
117,643.2684042891249,7,4,0.8450999855995178,4,True,1.0,glob,Unrelated,HasCompetitor,High,-0.5,0.5,0.5,glob
978,552.0957402516451,6,2,1.4471999406814575,6,True,1.0,ooze,Unrelated,HasCompetitor,High,-0.5,0.5,0.5,ooze
122,126.4524027648772,2,11,1.0,11,True,1.0,seep,Unrelated,HasCompetitor,High,-0.5,0.5,0.5,seep
1186,769.8004829558415,9,10,1.5681999921798706,3,True,1.0,gush,Unrelated,HasCompetitor,High,-0.5,0.5,0.5,gush
127,331.7211023675462,3,9,2.76419997215271,7,True,1.0,cock,Unrelated,HasCompetitor,High,-0.5,0.5,0.5,cock
604,783.5251612650795,8,9,3.0141000747680664,6,True,1.0,wing,Unrelated,HasCompetitor,High,-0.5,0.5,0.5,wing
123,136.49038487099546,2,15,2.566999912261963,5,True,1.0,bent,Unrelated,HasCompetitor,High,-0.5,0.5,0.5,bent
478,791.0323229109423,9,10,2.448699951171875,7,True,1.0,warp,Unrelated,HasCompetitor,High,-0.5,0.5,0.5,warp
151,709.1797526523663,8,9,2.9781999588012695,10,True,1.0,vice,Unrelated,HasCompetitor,High,-0.5,0.5,0.5,vice
858,713.8305217788618,8,9,2.086400032043457,9,True,1.0,swab,Unrelated,HasCompetitor,High,-0.5,0.5,0.5,swab
131,819.7129187024605,10,10,2.429800033569336,6,True,1.0,sole,Unrelated,HasCompetitor,High,-0.5,0.5,0.5,sole
256,807.2465397305376,10,8,2.5866000652313232,6,True,1.0,bass,Unrelated,HasCompetitor,High,-0.5,0.5,0.5,bass
187,70.93353515960676,1,1,3.122499942779541,7,True,1.0,amen,Unrelated,HasCompetitor,High,-0.5,0.5,0.5,amen
316,325.7867594646149,3,13,2.2809998989105225,10,True,1.0,lent,Unrelated,HasCompetitor,High,-0.5,0.5,0.5,lent
136,469.4232998683127,5,5,2.56820011138916,9,True,1.0,dorm,Unrelated,HasCompetitor,High,-0.5,0.5,0.5,dorm
383,776.3922233211648,8,5,2.2067999839782715,12,True,1.0,frat,Unrelated,HasCompetitor,High,-0.5,0.5,0.5,frat
154,730.5432058614824,7,3,1.9493999481201172,5,True,1.0,gasp,Unrelated,HasCompetitor,High,-0.5,0.5,0.5,gasp
1013,239.13838070065395,3,3,2.240499973297119,7,True,1.0,sigh,Unrelated,HasCompetitor,High,-0.5,0.5,0.5,sigh
148,75.14631309143178,1,1,3.116300106048584,10,True,1.0,data,Unrelated,HasCompetitor,High,-0.5,0.5,0.5,data
831,352.4390205665948,4,11,3.351599931716919,11,True,1.0,file,Unrelated,HasCompetitor,High,-0.5,0.5,0.5,file
153,90.46162320363511,1,1,1.4471999406814575,9,True,1.0,noun,Unrelated,HasCompetitor,High,-0.5,0.5,0.5,noun
1301,376.49084328383185,4,3,5.320700168609619,6,True,1.0,they,Unrelated,HasCompetitor,High,-0.5,0.5,0.5,they
158,684.8567373012095,6,1,3.486999988555908,3,True,1.0,lots,Unrelated,HasCompetitor,High,-0.5,0.5,0.5,lots
1431,749.562909891705,7,2,4.263199806213379,7,True,1.0,many,Unrelated,HasCompetitor,High,-0.5,0.5,0.5,many
215,761.368851084024,9,8,2.8006999492645264,12,True,1.0,tire,Unrelated,HasCompetitor,High,-0.5,0.5,0.5,tire
791,383.8872063714586,4,12,2.170300006866455,10,True,1.0,puck,Unrelated,HasCompetitor,High,-0.5,0.5,0.5,puck
167,733.8866753580539,8,6,1.1138999462127686,9,True,1.0,nape,Unrelated,HasCompetitor,High,-0.5,0.5,0.5,nape
322,616.866472403253,6,5,2.8115999698638916,6,True,1.0,chin,Unrelated,HasCompetitor,High,-0.5,0.5,0.5,chin
181,791.5205571621548,8,6,2.06820011138916,10,True,1.0,tong,Unrelated,HasCompetitor,High,-0.5,0.5,0.5,tong
1116,260.1863611219643,3,11,1.9031000137329102,6,True,1.0,spat,Unrelated,HasCompetitor,High,-0.5,0.5,0.5,spat
172,787.5153944155788,8,10,1.919100046157837,7,True,1.0,gent,Unrelated,HasCompetitor,High,-0.5,0.5,0.5,gent
274,838.216916355765,11,14,2.8469998836517334,10,True,1.0,dame,Unrelated,HasCompetitor,High,-0.5,0.5,0.5,dame
197,294.63770690618605,3,8,2.773099899291992,5,True,1.0,porn,Unrelated,HasCompetitor,High,-0.5,0.5,0.5,porn
1096,56.795594902348874,1,0,1.9444999694824219,6,True,1.0,orgy,Unrelated,HasCompetitor,High,-0.5,0.5,0.5,orgy
176,672.6625156597672,6,2,1.9589999914169312,10,True,1.0,gala,Unrelated,HasCompetitor,High,-0.5,0.5,0.5,gala
1081,757.8737890251246,7,3,2.9576001167297363,12,True,1.0,prom,Unrelated,HasCompetitor,High,-0.5,0.5,0.5,prom
192,104.92529770572307,1,3,3.0381999015808105,6,True,1.0,deny,Unrelated,HasCompetitor,High,-0.5,0.5,0.5,deny
1435,93.20082405185853,1,11,3.2513999938964844,4,True,1.0,nope,Unrelated,HasCompetitor,High,-0.5,0.5,0.5,nope
177,647.5323638383046,6,0,3.0834999084472656,6,True,1.0,guts,Unrelated,HasCompetitor,High,-0.5,0.5,0.5,guts
434,170.0067344476442,2,11,1.6128000020980835,11,True,1.0,bile,Unrelated,HasCompetitor,High,-0.5,0.5,0.5,bile
206,182.91658163262017,2,15,1.7482000589370728,10,True,1.0,soot,Unrelated,HasCompetitor,High,-0.5,0.5,0.5,soot
1135,448.75935969323854,5,2,1.079200029373169,6,True,1.0,inky,Unrelated,HasCompetitor,High,-0.5,0.5,0.5,inky
180,441.0846443455819,4,5,2.52239990234375,8,True,1.0,vain,Unrelated,HasCompetitor,High,-0.5,0.5,0.5,vain
298,103.28023744727196,1,2,2.859100103378296,9,True,1.0,self,Unrelated,HasCompetitor,High,-0.5,0.5,0.5,self
193,130.44254239297376,2,3,1.857300043106079,11,True,1.0,gout,Unrelated,HasCompetitor,High,-0.5,0.5,0.5,gout
519,86.02800822969488,1,1,2.8750998973846436,8,True,1.0,knee,Unrelated,HasCompetitor,High,-0.5,0.5,0.5,knee
190,141.02355071483646,2,6,1.1138999462127686,4,True,1.0,meld,Unrelated,HasCompetitor,High,-0.5,0.5,0.5,meld
1290,70.16109036774114,1,1,2.0492000579833984,5,True,1.0,ante,Unrelated,HasCompetitor,High,-0.5,0.5,0.5,ante
201,727.5056569949328,9,8,1.7924000024795532,6,True,1.0,bony,Unrelated,HasCompetitor,High,-0.5,0.5,0.5,bony
811,569.9229384744116,5,0,2.1270999908447266,7,True,1.0,jaws,Unrelated,HasCompetitor,High,-0.5,0.5,0.5,jaws
200,226.17096761049123,3,3,1.0,3,True,1.0,boxy,Unrelated,HasCompetitor,High,-0.5,0.5,0.5,boxy
607,815.7915356054971,9,11,2.7274999618530273,11,True,1.0,dice,Unrelated,HasCompetitor,High,-0.5,0.5,0.5,dice
247,440.60743953652235,4,9,2.158400058746338,7,True,1.0,stat,Unrelated,HasCompetitor,High,-0.5,0.5,0.5,stat
1423,97.99759568063655,1,1,2.2788000106811523,6,True,1.0,info,Unrelated,HasCompetitor,High,-0.5,0.5,0.5,info
205,795.4891852427119,9,13,2.748199939727783,8,True,1.0,lick,Unrelated,HasCompetitor,High,-0.5,0.5,0.5,lick
218,115.28955537470935,2,6,1.4914000034332275,10,True,1.0,balm,Unrelated,HasCompetitor,High,-0.5,0.5,0.5,balm
254,405.11573031336707,4,0,3.5051000118255615,3,True,1.0,upon,Unrelated,HasCompetitor,High,-0.5,0.5,0.5,upon
1406,594.0172393020805,6,2,4.82919979095459,7,True,1.0,over,Unrelated,HasCompetitor,High,-0.5,0.5,0.5,over
209,759.0357488258546,8,4,3.1835999488830566,5,True,1.0,gosh,Unrelated,HasCompetitor,High,-0.5,0.5,0.5,gosh
1233,702.6940267113063,7,9,4.285699844360352,6,True,1.0,fuck,Unrelated,HasCompetitor,High,-0.5,0.5,0.5,fuck
235,684.1155178796996,6,3,1.3009999990463257,8,True,1.0,kiln,Unrelated,HasCompetitor,High,-0.5,0.5,0.5,kiln
357,733.3796443658538,8,7,2.7874999046325684,7,True,1.0,clay,Unrelated,HasCompetitor,High,-0.5,0.5,0.5,clay
227,593.773823051025,5,1,2.8369998931884766,4,True,1.0,blah,Unrelated,HasCompetitor,High,-0.5,0.5,0.5,blah
1332,71.88372228856187,1,2,2.1522998809814453,5,True,1.0,idle,Unrelated,HasCompetitor,High,-0.5,0.5,0.5,idle
229,81.72117452337454,1,4,2.322200059890747,8,True,1.0,curb,Unrelated,HasCompetitor,High,-0.5,0.5,0.5,curb
1487,157.5360722795814,2,4,4.160200119018555,10,True,1.0,damn,Unrelated,HasCompetitor,High,-0.5,0.5,0.5,damn
232,137.6416127676946,2,13,2.1138999462127686,5,True,1.0,rave,Unrelated,HasCompetitor,High,-0.5,0.5,0.5,rave
330,668.2784041904104,6,2,2.004300117492676,10,True,1.0,hula,Unrelated,HasCompetitor,High,-0.5,0.5,0.5,hula
253,700.673039035999,7,4,1.6232000589370728,5,True,1.0,drab,Unrelated,HasCompetitor,High,-0.5,0.5,0.5,drab
302,374.08962939636933,3,1,1.0,7,True,1.0,ashy,Unrelated,HasCompetitor,High,-0.5,0.5,0.5,ashy
242,793.3321952375379,10,10,3.203000068664551,9,True,1.0,bond,Unrelated,HasCompetitor,High,-0.5,0.5,0.5,bond
837,82.55408754138463,1,1,2.3364999294281006,12,True,1.0,visa,Unrelated,HasCompetitor,High,-0.5,0.5,0.5,visa
279,289.53894738348714,3,1,2.3617000579833984,8,True,1.0,trek,Unrelated,HasCompetitor,High,-0.5,0.5,0.5,trek
853,785.12084530714,8,6,3.417099952697754,7,True,1.0,camp,Unrelated,HasCompetitor,High,-0.5,0.5,0.5,camp
245,142.44016129786988,2,11,2.1461000442504883,7,True,1.0,tame,Unrelated,HasCompetitor,High,-0.5,0.5,0.5,tame
1417,217.4858757269522,3,4,3.4660000801086426,6,True,1.0,wild,Unrelated,HasCompetitor,High,-0.5,0.5,0.5,wild
283,62.66216000767109,1,1,2.5011000633239746,8,True,1.0,crib,Unrelated,HasCompetitor,High,-0.5,0.5,0.5,crib
473,239.37689379642023,3,12,2.506500005722046,9,True,1.0,bunk,Unrelated,HasCompetitor,High,-0.5,0.5,0.5,bunk
248,130.15360418740477,2,5,2.5762999057769775,11,True,1.0,monk,Unrelated,HasCompetitor,High,-0.5,0.5,0.5,monk
1415,538.2863774121045,5,16,4.38040018081665,9,True,1.0,hell,Unrelated,HasCompetitor,High,-0.5,0.5,0.5,hell
306,199.25824535797165,2,4,1.8260999917984009,7,True,1.0,duet,Unrelated,HasCompetitor,High,-0.5,0.5,0.5,duet
986,636.2972914633007,6,2,1.8260999917984009,5,True,1.0,trio,Unrelated,HasCompetitor,High,-0.5,0.5,0.5,trio
265,813.1931138691143,9,11,1.875100016593933,4,True,1.0,rite,Unrelated,HasCompetitor,High,-0.5,0.5,0.5,rite
1148,314.3036689537293,3,2,1.579800009727478,9,True,1.0,sect,Unrelated,HasCompetitor,High,-0.5,0.5,0.5,sect
293,672.9864539585371,6,1,2.6364998817443848,9,True,1.0,drum,Unrelated,HasCompetitor,High,-0.5,0.5,0.5,drum
708,748.9902737465528,8,6,2.09689998626709,8,True,1.0,gong,Unrelated,HasCompetitor,High,-0.5,0.5,0.5,gong
289,178.28367858005413,2,3,1.715999960899353,8,True,1.0,perm,Unrelated,HasCompetitor,High,-0.5,0.5,0.5,perm
522,725.7110329430627,8,5,2.4914000034332275,8,True,1.0,comb,Unrelated,HasCompetitor,High,-0.5,0.5,0.5,comb
313,773.9260962905863,10,12,2.8041000366210938,6,True,1.0,slap,Unrelated,HasCompetitor,High,-0.5,0.5,0.5,slap
822,813.340636414309,10,9,3.3183000087738037,7,True,1.0,bite,Unrelated,HasCompetitor,High,-0.5,0.5,0.5,bite
295,830.3520094935332,10,12,2.0413999557495117,10,True,1.0,lice,Unrelated,HasCompetitor,High,-0.5,0.5,0.5,lice
712,210.466262419676,2,6,2.6963999271392822,6,True,1.0,bald,Unrelated,HasCompetitor,High,-0.5,0.5,0.5,bald
344,121.19892806430798,2,1,1.3802000284194946,4,True,1.0,ajar,Unrelated,HasCompetitor,High,-0.5,0.5,0.5,ajar
1182,767.9163344223584,8,5,4.128900051116943,6,True,1.0,shut,Unrelated,HasCompetitor,High,-0.5,0.5,0.5,shut
320,766.7697572629384,8,4,1.3423999547958374,10,True,1.0,doer,Unrelated,HasCompetitor,High,-0.5,0.5,0.5,doer
1416,447.5294969384464,4,4,3.735100030899048,5,True,1.0,busy,Unrelated,HasCompetitor,High,-0.5,0.5,0.5,busy
325,736.2965638100867,8,7,3.3385000228881836,4,True,1.0,main,Unrelated,HasCompetitor,High,-0.5,0.5,0.5,main
486,52.79634668191038,1,1,1.2041000127792358,5,True,1.0,crux,Unrelated,HasCompetitor,High,-0.5,0.5,0.5,crux
323,835.66058478778,10,12,2.004300117492676,8,True,1.0,dome,Unrelated,HasCompetitor,High,-0.5,0.5,0.5,dome
722,840.2743534971447,12,15,3.4231998920440674,7,True,1.0,hall,Unrelated,HasCompetitor,High,-0.5,0.5,0.5,hall
372,593.1345837698924,5,1,3.924299955368042,12,True,1.0,news,Unrelated,HasCompetitor,High,-0.5,0.5,0.5,news
1484,630.3461848612243,8,3,5.700699806213379,6,True,1.0,what,Unrelated,HasCompetitor,High,-0.5,0.5,0.5,what
334,623.2230323271023,6,4,1.2553000450134277,11,True,1.0,hemp,Unrelated,HasCompetitor,High,-0.5,0.5,0.5,hemp
363,531.4183255112475,5,13,1.9589999914169312,9,True,1.0,dill,Unrelated,HasCompetitor,High,-0.5,0.5,0.5,dill
336,777.2121855947933,9,11,1.7482000589370728,7,True,1.0,gore,Unrelated,HasCompetitor,High,-0.5,0.5,0.5,gore
907,797.8669365707947,8,5,1.968500018119812,6,True,1.0,clot,Unrelated,HasCompetitor,High,-0.5,0.5,0.5,clot
343,748.6579847478552,8,8,2.539099931716919,8,True,1.0,loop,Unrelated,HasCompetitor,High,-0.5,0.5,0.5,loop
497,197.32256655243305,2,2,3.1350998878479004,3,True,1.0,tied,Unrelated,HasCompetitor,High,-0.5,0.5,0.5,tied
361,556.5607901853671,5,13,2.762700080871582,10,True,1.0,heal,Unrelated,HasCompetitor,High,-0.5,0.5,0.5,heal
370,205.52295830932053,2,11,3.026900053024292,9,True,1.0,cure,Unrelated,HasCompetitor,High,-0.5,0.5,0.5,cure
348,737.5478882137744,9,8,1.3221999406814575,8,True,1.0,vise,Unrelated,HasCompetitor,High,-0.5,0.5,0.5,vise
659,809.738883057942,10,12,3.287600040435791,7,True,1.0,hook,Unrelated,HasCompetitor,High,-0.5,0.5,0.5,hook
392,493.94673941044886,5,3,1.8062000274658203,8,True,1.0,kelp,Unrelated,HasCompetitor,High,-0.5,0.5,0.5,kelp
586,753.3461004215962,7,8,2.3032000064849854,11,True,1.0,clam,Unrelated,HasCompetitor,High,-0.5,0.5,0.5,clam
349,600.2206502858115,6,7,2.1522998809814453,7,True,1.0,woof,Unrelated,HasCompetitor,High,-0.5,0.5,0.5,woof
1219,527.1156031679662,5,7,1.7482000589370728,5,True,1.0,oink,Unrelated,HasCompetitor,High,-0.5,0.5,0.5,oink
373,831.1784841172415,11,13,1.924299955368042,6,True,1.0,mast,Unrelated,HasCompetitor,High,-0.5,0.5,0.5,mast
455,143.44466810133136,2,13,2.3345000743865967,7,True,1.0,hull,Unrelated,HasCompetitor,High,-0.5,0.5,0.5,hull
374,60.40974311977088,1,4,1.4471999406814575,4,True,1.0,tyke,Unrelated,HasCompetitor,High,-0.5,0.5,0.5,tyke
748,575.7863089100292,5,2,4.186299800872803,6,True,1.0,kids,Unrelated,HasCompetitor,High,-0.5,0.5,0.5,kids
382,99.36280607409391,1,5,1.531499981880188,11,True,1.0,blog,Unrelated,HasCompetitor,High,-0.5,0.5,0.5,blog
710,101.90123406201204,1,15,3.274199962615967,11,True,1.0,mail,Unrelated,HasCompetitor,High,-0.5,0.5,0.5,mail
393,218.95721909283188,3,9,2.8608999252319336,8,True,1.0,corn,Unrelated,HasCompetitor,High,-0.5,0.5,0.5,corn
666,691.9204149438983,6,3,2.0253000259399414,11,True,1.0,oats,Unrelated,HasCompetitor,High,-0.5,0.5,0.5,oats
403,128.37883936690702,2,0,2.6884000301361084,6,True,1.0,envy,Unrelated,HasCompetitor,High,-0.5,0.5,0.5,envy
492,805.1167889093048,9,10,2.4547998905181885,3,True,1.0,lust,Unrelated,HasCompetitor,High,-0.5,0.5,0.5,lust
398,530.9604870832048,5,4,3.1092000007629395,9,True,1.0,soup,Unrelated,HasCompetitor,High,-0.5,0.5,0.5,soup
556,84.45697118524586,1,2,2.2014000415802,11,True,1.0,taco,Unrelated,HasCompetitor,High,-0.5,0.5,0.5,taco
426,141.369145799758,2,7,2.4828999042510986,8,True,1.0,peak,Unrelated,HasCompetitor,High,-0.5,0.5,0.5,peak
1178,58.76581738606397,1,0,1.6434999704360962,5,True,1.0,apex,Unrelated,HasCompetitor,High,-0.5,0.5,0.5,apex
408,688.3740443410509,6,3,2.340399980545044,7,True,1.0,turf,Unrelated,HasCompetitor,High,-0.5,0.5,0.5,turf
553,96.21726688699152,1,4,2.799999952316284,5,True,1.0,lawn,Unrelated,HasCompetitor,High,-0.5,0.5,0.5,lawn
415,98.22380437906568,1,1,1.579800009727478,12,True,1.0,mono,Unrelated,HasCompetitor,High,-0.5,0.5,0.5,mono
1173,230.86221732693298,2,2,1.740399956703186,13,True,1.0,aids,Unrelated,HasCompetitor,High,-0.5,0.5,0.5,aids
411,130.66038380422555,2,5,3.81850004196167,8,True,1.0,poor,Unrelated,HasCompetitor,High,-0.5,0.5,0.5,poor
968,222.86845546649892,2,9,1.8194999694824219,12,True,1.0,slum,Unrelated,HasCompetitor,High,-0.5,0.5,0.5,slum
425,686.7726655137271,7,6,1.9138000011444092,14,True,1.0,yarn,Unrelated,HasCompetitor,High,-0.5,0.5,0.5,yarn
580,833.1791687308644,9,12,1.7633999586105347,9,True,1.0,bead,Unrelated,HasCompetitor,High,-0.5,0.5,0.5,bead
413,827.473062113784,10,13,1.3978999853134155,10,True,1.0,pane,Unrelated,HasCompetitor,High,-0.5,0.5,0.5,pane
882,794.2311850743638,11,11,1.9776999950408936,6,True,1.0,slab,Unrelated,HasCompetitor,High,-0.5,0.5,0.5,slab
431,678.6485024393363,6,1,4.044600009918213,4,True,1.0,goes,Unrelated,HasCompetitor,High,-0.5,0.5,0.5,goes
1442,486.33469123816246,6,3,4.634200096130371,5,True,1.0,into,Unrelated,HasCompetitor,High,-0.5,0.5,0.5,into
423,419.50329166309973,4,7,2.895400047302246,6,True,1.0,flew,Unrelated,HasCompetitor,High,-0.5,0.5,0.5,flew
1097,146.98457699737776,2,9,1.8976000547409058,6,True,1.0,soar,Unrelated,HasCompetitor,High,-0.5,0.5,0.5,soar
449,458.65996259916,5,3,2.591099977493286,4,True,1.0,unto,Unrelated,HasCompetitor,High,-0.5,0.5,0.5,unto
1460,64.96744532683827,1,0,3.058799982070923,8,True,1.0,thou,Unrelated,HasCompetitor,High,-0.5,0.5,0.5,thou
443,807.3062529189426,9,8,1.4471999406814575,10,True,1.0,musk,Unrelated,HasCompetitor,High,-0.5,0.5,0.5,musk
861,749.3222677220316,7,8,4.383999824523926,8,True,1.0,shit,Unrelated,HasCompetitor,High,-0.5,0.5,0.5,shit
446,74.77905088567522,1,3,1.6901999711990356,8,True,1.0,gimp,Unrelated,HasCompetitor,High,-0.5,0.5,0.5,gimp
1283,756.5183596195868,8,10,3.433000087738037,8,True,1.0,code,Unrelated,HasCompetitor,High,-0.5,0.5,0.5,code
447,49.491809309064344,1,0,2.439300060272217,9,True,1.0,ammo,Unrelated,HasCompetitor,High,-0.5,0.5,0.5,ammo
874,741.9582481083911,8,4,3.0852999687194824,9,True,1.0,trap,Unrelated,HasCompetitor,High,-0.5,0.5,0.5,trap
448,819.6265789559518,10,9,2.5464999675750732,8,True,1.0,bolt,Unrelated,HasCompetitor,High,-0.5,0.5,0.5,bolt
551,730.4549382082782,7,10,2.978600025177002,8,True,1.0,nail,Unrelated,HasCompetitor,High,-0.5,0.5,0.5,nail
461,670.7358206237025,7,13,2.544100046157837,7,True,1.0,bean,Unrelated,HasCompetitor,High,-0.5,0.5,0.5,bean
667,395.25161678423063,4,0,1.431399941444397,9,True,1.0,okra,Unrelated,HasCompetitor,High,-0.5,0.5,0.5,okra
471,812.7590454122712,9,8,1.7924000024795532,14,True,1.0,dusk,Unrelated,HasCompetitor,High,-0.5,0.5,0.5,dusk
1244,74.2066789756211,1,2,1.6232000589370728,3,True,1.0,hazy,Unrelated,HasCompetitor,High,-0.5,0.5,0.5,hazy
468,755.5704614175158,8,4,1.8920999765396118,6,True,1.0,cram,Unrelated,HasCompetitor,High,-0.5,0.5,0.5,cram
1355,66.1061553772317,1,0,0.8450999855995178,6,True,1.0,ditz,Unrelated,HasCompetitor,High,-0.5,0.5,0.5,ditz
485,786.4636540048762,9,7,2.075500011444092,7,True,1.0,flop,Unrelated,HasCompetitor,High,-0.5,0.5,0.5,flop
1527,632.5144915965672,7,3,1.924299955368042,7,True,1.0,hype,Unrelated,HasCompetitor,High,-0.5,0.5,0.5,hype
481,222.56240466569594,3,2,1.4914000034332275,6,True,1.0,coed,Unrelated,HasCompetitor,High,-0.5,0.5,0.5,coed
816,108.02952521837555,1,9,3.295599937438965,9,True,1.0,dean,Unrelated,HasCompetitor,High,-0.5,0.5,0.5,dean
494,654.2780803279142,6,1,1.6128000020980835,8,True,1.0,saga,Unrelated,HasCompetitor,High,-0.5,0.5,0.5,saga
1463,175.9035710662861,2,0,2.0827999114990234,7,True,1.0,epic,Unrelated,HasCompetitor,High,-0.5,0.5,0.5,epic
484,514.6899971788245,5,0,2.340399980545044,6,True,1.0,iced,Unrelated,HasCompetitor,High,-0.5,0.5,0.5,iced
771,819.7322804680174,10,11,2.0413999557495117,7,True,1.0,rink,Unrelated,HasCompetitor,High,-0.5,0.5,0.5,rink
520,804.2056231127954,9,6,2.730799913406372,10,True,1.0,goat,Unrelated,HasCompetitor,High,-0.5,0.5,0.5,goat
803,698.9755306059373,6,3,2.18179988861084,8,True,1.0,calf,Unrelated,HasCompetitor,High,-0.5,0.5,0.5,calf
509,258.04079208425503,3,16,3.7286999225616455,8,True,1.0,ball,Unrelated,HasCompetitor,High,-0.5,0.5,0.5,ball
674,146.63262201457164,2,4,1.8513000011444092,7,True,1.0,mitt,Unrelated,HasCompetitor,High,-0.5,0.5,0.5,mitt
574,532.3392237839706,5,9,2.7135000228881836,8,True,1.0,worm,Unrelated,HasCompetitor,High,-0.5,0.5,0.5,worm
1027,662.9255723805152,6,1,2.1461000442504883,7,True,1.0,grub,Unrelated,HasCompetitor,High,-0.5,0.5,0.5,grub
515,670.3616110492296,6,9,3.1208999156951904,14,True,1.0,bike,Unrelated,HasCompetitor,High,-0.5,0.5,0.5,bike
525,788.779207082028,9,6,2.176100015640259,7,True,1.0,sled,Unrelated,HasCompetitor,High,-0.5,0.5,0.5,sled
539,811.8282497853709,9,7,3.0048000812530518,8,True,1.0,mask,Unrelated,HasCompetitor,High,-0.5,0.5,0.5,mask
818,707.4204975986711,7,2,2.18179988861084,7,True,1.0,veil,Unrelated,HasCompetitor,High,-0.5,0.5,0.5,veil
517,820.9277294451273,10,9,3.015399932861328,9,True,1.0,sand,Unrelated,HasCompetitor,High,-0.5,0.5,0.5,sand
1065,626.811291454002,6,3,1.8260999917984009,9,True,1.0,mesa,Unrelated,HasCompetitor,High,-0.5,0.5,0.5,mesa
588,746.2275519018515,8,8,1.9493999481201172,13,True,1.0,hoof,Unrelated,HasCompetitor,High,-0.5,0.5,0.5,hoof
635,236.62999619411752,3,7,2.3501999378204346,10,True,1.0,claw,Unrelated,HasCompetitor,High,-0.5,0.5,0.5,claw
523,762.7835260816308,9,6,2.2945001125335693,9,True,1.0,vase,Unrelated,HasCompetitor,High,-0.5,0.5,0.5,vase
756,574.5059755206223,5,0,2.2764999866485596,9,True,1.0,arch,Unrelated,HasCompetitor,High,-0.5,0.5,0.5,arch
540,834.6578923899106,10,14,2.950900077819824,8,True,1.0,tent,Unrelated,HasCompetitor,High,-0.5,0.5,0.5,tent
594,773.6414620317129,9,9,2.895400047302246,6,True,1.0,hood,Unrelated,HasCompetitor,High,-0.5,0.5,0.5,hood
552,779.6888009698182,9,6,2.889899969100952,9,True,1.0,soap,Unrelated,HasCompetitor,High,-0.5,0.5,0.5,soap
973,665.15783658653,6,7,2.935499906539917,5,True,1.0,wipe,Unrelated,HasCompetitor,High,-0.5,0.5,0.5,wipe
584,187.2454295984673,2,10,2.664599895477295,9,True,1.0,cart,Unrelated,HasCompetitor,High,-0.5,0.5,0.5,cart
926,120.48308766554051,2,8,2.2227001190185547,8,True,1.0,reel,Unrelated,HasCompetitor,High,-0.5,0.5,0.5,reel
558,675.9796404282353,6,5,3.3364999294281006,12,True,1.0,milk,Unrelated,HasCompetitor,High,-0.5,0.5,0.5,milk
704,674.6527894931726,6,2,0.6990000009536743,12,True,1.0,whey,Unrelated,HasCompetitor,High,-0.5,0.5,0.5,whey
606,442.528890209952,4,12,2.7535998821258545,7,True,1.0,nest,Unrelated,HasCompetitor,High,-0.5,0.5,0.5,nest
809,819.2421823187602,10,10,2.7235000133514404,4,True,1.0,coop,Unrelated,HasCompetitor,High,-0.5,0.5,0.5,coop
564,742.7615440971524,10,9,3.545599937438965,8,True,1.0,tape,Unrelated,HasCompetitor,High,-0.5,0.5,0.5,tape
932,687.4923392807967,7,2,2.9586000442504883,9,True,1.0,wrap,Unrelated,HasCompetitor,High,-0.5,0.5,0.5,wrap
565,810.9064020361004,9,12,3.5201001167297363,10,True,1.0,foot,Unrelated,HasCompetitor,High,-0.5,0.5,0.5,foot
611,660.1554926773713,7,7,2.198699951171875,6,True,1.0,shin,Unrelated,HasCompetitor,High,-0.5,0.5,0.5,shin
571,728.3603330087315,8,10,3.0945000648498535,9,True,1.0,belt,Unrelated,HasCompetitor,High,-0.5,0.5,0.5,belt
724,268.11317625988175,3,10,1.770900011062622,4,True,1.0,sash,Unrelated,HasCompetitor,High,-0.5,0.5,0.5,sash
577,733.6665781207109,8,5,2.547800064086914,7,True,1.0,crab,Unrelated,HasCompetitor,High,-0.5,0.5,0.5,crab
879,796.5286510321936,11,13,1.7853000164031982,9,True,1.0,mite,Unrelated,HasCompetitor,High,-0.5,0.5,0.5,mite
575,129.3164966010233,2,9,2.6542000770568848,8,True,1.0,fork,Unrelated,HasCompetitor,High,-0.5,0.5,0.5,fork
630,815.0688629891964,9,14,2.1847000122070312,7,True,1.0,rake,Unrelated,HasCompetitor,High,-0.5,0.5,0.5,rake
787,805.3862485134243,10,8,2.2600998878479004,7,True,1.0,mist,Unrelated,HasCompetitor,High,-0.5,0.5,0.5,mist
913,80.52631639892044,1,2,1.1138999462127686,7,True,1.0,dewy,Unrelated,HasCompetitor,High,-0.5,0.5,0.5,dewy
617,701.6126343895529,6,1,4.453499794006348,6,True,1.0,girl,Unrelated,HasCompetitor,High,-0.5,0.5,0.5,girl
862,405.5721788657242,4,2,4.0441999435424805,10,True,1.0,lady,Unrelated,HasCompetitor,High,-0.5,0.5,0.5,lady
719,759.3461150496727,8,5,2.827399969100952,10,True,1.0,whip,Unrelated,HasCompetitor,High,-0.5,0.5,0.5,whip
1066,738.6828095236949,8,4,1.5563000440597534,4,True,1.0,prod,Unrelated,HasCompetitor,High,-0.5,0.5,0.5,prod
639,651.2260787397154,6,5,3.1068999767303467,12,True,1.0,yard,Unrelated,HasCompetitor,High,-0.5,0.5,0.5,yard
930,249.33272360701585,3,7,4.596499919891357,9,True,1.0,home,Unrelated,HasCompetitor,High,-0.5,0.5,0.5,home
697,697.959218628113,7,3,3.5223000049591064,13,True,1.0,film,Unrelated,HasCompetitor,High,-0.5,0.5,0.5,film
1028,612.9886045615989,6,8,1.6334999799728394,10,True,1.0,skit,Unrelated,HasCompetitor,High,-0.5,0.5,0.5,skit
643,739.1007921631372,8,10,3.674999952316284,9,True,1.0,ring,Unrelated,HasCompetitor,High,-0.5,0.5,0.5,ring
644,776.8999179027894,8,9,3.6050000190734863,13,True,1.0,gold,Unrelated,HasCompetitor,High,-0.5,0.5,0.5,gold
702,624.1252200930385,7,7,1.5184999704360962,8,True,1.0,scab,Unrelated,HasCompetitor,High,-0.5,0.5,0.5,scab
999,122.9447642082819,2,11,3.072200059890747,9,True,1.0,cast,Unrelated,HasCompetitor,High,-0.5,0.5,0.5,cast
650,805.1897966045578,9,7,3.116300106048584,6,True,1.0,tank,Unrelated,HasCompetitor,High,-0.5,0.5,0.5,tank
705,640.7960956116475,5,1,3.6405999660491943,11,True,1.0,army,Unrelated,HasCompetitor,High,-0.5,0.5,0.5,army
669,798.1945424397055,9,8,3.379699945449829,10,True,1.0,pool,Unrelated,HasCompetitor,High,-0.5,0.5,0.5,pool
1563,795.5177977634701,8,4,2.6041998863220215,7,True,1.0,mere,Unrelated,HasCompetitor,High,-0.5,0.5,0.5,mere
679,738.2518028578095,8,9,2.2600998878479004,10,True,1.0,veal,Unrelated,HasCompetitor,High,-0.5,0.5,0.5,veal
842,130.003537506913,2,4,1.2788000106811523,6,True,1.0,loin,Unrelated,HasCompetitor,High,-0.5,0.5,0.5,loin
685,761.6473735572594,7,3,2.2067999839782715,7,True,1.0,duct,Unrelated,HasCompetitor,High,-0.5,0.5,0.5,duct
693,842.1767690024977,11,13,3.14739990234375,10,True,1.0,wire,Unrelated,HasCompetitor,High,-0.5,0.5,0.5,wire
687,131.30682223723352,2,3,2.459399938583374,7,True,1.0,tomb,Unrelated,HasCompetitor,High,-0.5,0.5,0.5,tomb
1047,578.7551669911815,6,7,3.0232999324798584,6,True,1.0,bury,Unrelated,HasCompetitor,High,-0.5,0.5,0.5,bury
743,306.9892373936533,3,10,3.1682000160217285,11,True,1.0,meal,Unrelated,HasCompetitor,High,-0.5,0.5,0.5,meal
943,775.1707068514527,9,10,2.257699966430664,4,True,1.0,hash,Unrelated,HasCompetitor,High,-0.5,0.5,0.5,hash
716,746.3297476243828,8,10,4.040999889373779,10,True,1.0,fire,Unrelated,HasCompetitor,High,-0.5,0.5,0.5,fire
906,773.782153844663,9,6,2.4828999042510986,9,True,1.0,boil,Unrelated,HasCompetitor,High,-0.5,0.5,0.5,boil
810,766.0847212444445,9,7,2.2764999866485596,4,True,1.0,prop,Unrelated,HasCompetitor,High,-0.5,0.5,0.5,prop
1196,681.1631804114212,8,9,1.8194999694824219,7,True,1.0,scat,Unrelated,HasCompetitor,High,-0.5,0.5,0.5,scat
718,143.90943144880552,2,10,3.4354000091552734,9,True,1.0,band,Unrelated,HasCompetitor,High,-0.5,0.5,0.5,band
1215,138.80137039087828,2,0,1.6720999479293823,8,True,1.0,opus,Unrelated,HasCompetitor,High,-0.5,0.5,0.5,opus
762,748.3735984955549,8,11,2.2227001190185547,10,True,1.0,cove,Unrelated,HasCompetitor,High,-0.5,0.5,0.5,cove
945,89.3066827815036,1,3,2.3838000297546387,8,True,1.0,gulf,Unrelated,HasCompetitor,High,-0.5,0.5,0.5,gulf
749,727.2679830677719,7,7,3.436500072479248,8,True,1.0,note,Unrelated,HasCompetitor,High,-0.5,0.5,0.5,note
891,70.04246885850212,1,1,2.528899908065796,8,True,1.0,memo,Unrelated,HasCompetitor,High,-0.5,0.5,0.5,memo
757,599.2058211401038,5,0,1.3978999853134155,6,True,1.0,suds,Unrelated,HasCompetitor,High,-0.5,0.5,0.5,suds
854,404.39073319929093,4,11,3.3176000118255615,9,True,1.0,wash,Unrelated,HasCompetitor,High,-0.5,0.5,0.5,wash
759,826.9782219204404,10,13,2.2788000106811523,9,True,1.0,mink,Unrelated,HasCompetitor,High,-0.5,0.5,0.5,mink
944,303.18903070920516,3,5,1.6901999711990356,8,True,1.0,pelt,Unrelated,HasCompetitor,High,-0.5,0.5,0.5,pelt
799,763.656152753757,9,6,2.8420000076293945,7,True,1.0,chop,Unrelated,HasCompetitor,High,-0.5,0.5,0.5,chop
997,88.4926845987533,1,4,2.340399980545044,6,True,1.0,trim,Unrelated,HasCompetitor,High,-0.5,0.5,0.5,trim
768,612.4990803985437,6,8,2.9916999340057373,11,True,1.0,site,Unrelated,HasCompetitor,High,-0.5,0.5,0.5,site
1079,614.7345478047965,5,0,3.5822999477386475,7,True,1.0,area,Unrelated,HasCompetitor,High,-0.5,0.5,0.5,area
825,401.7778954499222,4,7,3.187000036239624,8,True,1.0,gang,Unrelated,HasCompetitor,High,-0.5,0.5,0.5,gang
1162,777.6373729661356,8,8,2.322200059890747,10,True,1.0,clan,Unrelated,HasCompetitor,High,-0.5,0.5,0.5,clan
817,560.6183684290737,6,18,3.2385001182556152,10,True,1.0,male,Unrelated,HasCompetitor,High,-0.5,0.5,0.5,male
846,87.9530408702696,1,3,2.2504000663757324,10,True,1.0,womb,Unrelated,HasCompetitor,High,-0.5,0.5,0.5,womb
1203,686.7125927163789,6,2,2.0413999557495117,6,True,1.0,blur,Unrelated,HasCompetitor,High,-0.5,0.5,0.5,blur
1298,129.66382854522163,2,8,4.293000221252441,7,True,1.0,seen,Unrelated,HasCompetitor,High,-0.5,0.5,0.5,seen
823,587.6702408726861,5,0,3.337100028991699,9,True,1.0,papa,Unrelated,HasCompetitor,High,-0.5,0.5,0.5,papa
826,702.6197855245957,6,1,2.9646999835968018,5,True,1.0,sons,Unrelated,HasCompetitor,High,-0.5,0.5,0.5,sons
886,738.7402187687977,7,2,1.6720999479293823,10,True,1.0,brie,Unrelated,HasCompetitor,High,-0.5,0.5,0.5,brie
911,782.7448181287456,9,7,1.3617000579833984,8,True,1.0,curd,Unrelated,HasCompetitor,High,-0.5,0.5,0.5,curd
855,749.8224153309011,11,10,3.6970999240875244,5,True,1.0,sing,Unrelated,HasCompetitor,High,-0.5,0.5,0.5,sing
1024,637.6785358404024,7,10,2.973099946975708,9,True,1.0,yell,Unrelated,HasCompetitor,High,-0.5,0.5,0.5,yell
1072,60.24692214237808,1,2,2.6730000972747803,7,True,1.0,arts,Unrelated,HasCompetitor,High,-0.5,0.5,0.5,arts
1408,512.9703595284889,5,7,1.9955999851226807,10,True,1.0,muse,Unrelated,HasCompetitor,High,-0.5,0.5,0.5,muse
857,815.0952836130975,10,12,2.7283999919891357,8,True,1.0,root,Unrelated,HasCompetitor,High,-0.5,0.5,0.5,root
878,143.35731453463086,2,3,1.973099946975708,6,True,1.0,pulp,Unrelated,HasCompetitor,High,-0.5,0.5,0.5,pulp
871,731.8312244849587,8,8,4.10830020904541,7,True,1.0,jack,Unrelated,HasCompetitor,High,-0.5,0.5,0.5,jack
884,475.0642018219752,4,11,2.9121999740600586,11,True,1.0,gear,Unrelated,HasCompetitor,High,-0.5,0.5,0.5,gear
869,86.65976769323416,1,7,3.436500072479248,10,True,1.0,shop,Unrelated,HasCompetitor,High,-0.5,0.5,0.5,shop
1154,806.6418415680475,9,9,4.609600067138672,7,True,1.0,work,Unrelated,HasCompetitor,High,-0.5,0.5,0.5,work
983,182.95231813423698,2,18,3.827199935913086,8,True,1.0,beat,Unrelated,HasCompetitor,High,-0.5,0.5,0.5,beat
1254,806.7359980299577,9,10,2.689300060272217,9,True,1.0,pace,Unrelated,HasCompetitor,High,-0.5,0.5,0.5,pace
890,73.65859587096598,1,3,2.706700086593628,11,True,1.0,acid,Unrelated,HasCompetitor,High,-0.5,0.5,0.5,acid
1245,218.2563175695449,2,10,2.4742000102996826,7,True,1.0,sour,Unrelated,HasCompetitor,High,-0.5,0.5,0.5,sour
947,796.5182671077979,9,8,4.639500141143799,9,True,1.0,talk,Unrelated,HasCompetitor,High,-0.5,0.5,0.5,talk
1167,646.0094278524572,6,2,2.344399929046631,6,True,1.0,oral,Unrelated,HasCompetitor,High,-0.5,0.5,0.5,oral
935,850.4927159294169,12,16,2.498300075531006,6,True,1.0,fare,Unrelated,HasCompetitor,High,-0.5,0.5,0.5,fare
1140,148.60175816743316,2,9,2.2355000972747803,9,True,1.0,toll,Unrelated,HasCompetitor,High,-0.5,0.5,0.5,toll
1212,518.5925142656395,5,2,0.9031000137329102,8,True,1.0,quip,Unrelated,HasCompetitor,High,-0.5,0.5,0.5,quip
1468,388.84077852536456,4,10,1.8387999534606934,8,True,1.0,jest,Unrelated,HasCompetitor,High,-0.5,0.5,0.5,jest
941,721.4695657061532,8,7,2.799999952316284,7,True,1.0,bump,Unrelated,HasCompetitor,High,-0.5,0.5,0.5,bump
1221,803.0484851437726,10,13,2.884200096130371,9,True,1.0,sore,Unrelated,HasCompetitor,High,-0.5,0.5,0.5,sore
1280,79.43992483769748,1,2,2.2788000106811523,5,True,1.0,tidy,Unrelated,HasCompetitor,High,-0.5,0.5,0.5,tidy
1405,118.27649905190867,2,10,2.803499937057495,8,True,1.0,neat,Unrelated,HasCompetitor,High,-0.5,0.5,0.5,neat
985,83.75546639066371,1,1,1.857300043106079,6,True,1.0,ogre,Unrelated,HasCompetitor,High,-0.5,0.5,0.5,ogre
989,55.64959996282605,1,0,1.1761000156402588,8,True,1.0,yeti,Unrelated,HasCompetitor,High,-0.5,0.5,0.5,yeti
1206,828.316123639432,12,12,3.588599920272827,6,True,1.0,slow,Unrelated,HasCompetitor,High,-0.5,0.5,0.5,slow
1440,763.2559850568082,7,7,1.7853000164031982,4,True,1.0,lull,Unrelated,HasCompetitor,High,-0.5,0.5,0.5,lull
1000,669.6175959824116,6,0,2.178999900817871,8,True,1.0,meow,Unrelated,HasCompetitor,High,-0.5,0.5,0.5,meow
1043,713.8670946544173,7,4,2.0253000259399414,6,True,1.0,howl,Unrelated,HasCompetitor,High,-0.5,0.5,0.5,howl
1121,231.5434874416695,3,0,1.8976000547409058,10,True,1.0,guru,Unrelated,HasCompetitor,High,-0.5,0.5,0.5,guru
1494,154.03359925058757,2,9,3.1623001098632812,10,True,1.0,wise,Unrelated,HasCompetitor,High,-0.5,0.5,0.5,wise
1020,707.8149881013669,7,8,4.163099765777588,11,True,1.0,five,Unrelated,HasCompetitor,High,-0.5,0.5,0.5,five
1314,377.32270210806814,4,1,3.039400100708008,8,True,1.0,zero,Unrelated,HasCompetitor,High,-0.5,0.5,0.5,zero
1218,119.20514412152366,2,7,1.9911999702453613,6,True,1.0,bulk,Unrelated,HasCompetitor,High,-0.5,0.5,0.5,bulk
1365,58.59998824432692,1,1,4.24429988861084,6,True,1.0,used,Unrelated,HasCompetitor,High,-0.5,0.5,0.5,used
1075,106.04466994745249,2,3,3.3078999519348145,6,True,1.0,loud,Unrelated,HasCompetitor,High,-0.5,0.5,0.5,loud
1098,155.68478283355617,2,16,4.452199935913086,4,True,1.0,hear,Unrelated,HasCompetitor,High,-0.5,0.5,0.5,hear
1360,441.56342149928616,4,0,2.659899950027466,5,True,1.0,obey,Unrelated,HasCompetitor,High,-0.5,0.5,0.5,obey
1382,765.4656225469842,8,5,3.390199899673462,8,True,1.0,rule,Unrelated,HasCompetitor,High,-0.5,0.5,0.5,rule
1110,301.8208694131158,3,17,3.0302000045776367,7,True,1.0,mile,Unrelated,HasCompetitor,High,-0.5,0.5,0.5,mile
1397,390.6613394253748,4,1,1.7782000303268433,4,True,1.0,afar,Unrelated,HasCompetitor,High,-0.5,0.5,0.5,afar
1328,248.6858015934801,3,1,3.6589999198913574,6,True,1.0,kept,Unrelated,HasCompetitor,High,-0.5,0.5,0.5,kept
1371,798.0682302264001,9,8,4.2418999671936035,5,True,1.0,took,Unrelated,HasCompetitor,High,-0.5,0.5,0.5,took
1166,656.5529655637962,7,9,1.3221999406814575,5,True,1.0,doze,Unrelated,HasCompetitor,High,-0.5,0.5,0.5,doze
1276,817.4848683802861,10,11,4.035900115966797,5,True,1.0,rest,Unrelated,HasCompetitor,High,-0.5,0.5,0.5,rest
1452,35.113121357466625,1,0,2.9872000217437744,9,True,1.0,odds,Unrelated,HasCompetitor,High,-0.5,0.5,0.5,odds
1500,84.95235127777019,1,2,1.6812000274658203,4,True,1.0,vary,Unrelated,HasCompetitor,High,-0.5,0.5,0.5,vary
1214,91.4294682235321,1,12,4.151500225067139,10,True,1.0,year,Unrelated,HasCompetitor,High,-0.5,0.5,0.5,year
1341,690.6697213510438,6,0,2.983599901199341,11,True,1.0,noel,Unrelated,HasCompetitor,High,-0.5,0.5,0.5,noel
1344,164.7776413920997,2,5,3.9446001052856445,7,True,1.0,fact,Unrelated,HasCompetitor,High,-0.5,0.5,0.5,fact
1534,88.97145752831882,1,1,4.111299991607666,5,True,1.0,true,Unrelated,HasCompetitor,High,-0.5,0.5,0.5,true
1256,177.43753138856738,2,5,3.9179000854492188,6,True,1.0,hour,Unrelated,HasCompetitor,High,-0.5,0.5,0.5,hour
1263,622.876055860791,6,7,4.999499797821045,5,True,1.0,time,Unrelated,HasCompetitor,High,-0.5,0.5,0.5,time
1334,672.3885705162377,7,3,3.7534000873565674,5,True,1.0,less,Unrelated,HasCompetitor,High,-0.5,0.5,0.5,less
1537,302.5472547833393,3,4,4.695799827575684,6,True,1.0,much,Unrelated,HasCompetitor,High,-0.5,0.5,0.5,much
1304,469.9769672893146,5,9,1.2553000450134277,5,True,1.0,bonk,Unrelated,HasCompetitor,High,-0.5,0.5,0.5,bonk
1353,87.80019633298616,1,4,1.9955999851226807,6,True,1.0,wham,Unrelated,HasCompetitor,High,-0.5,0.5,0.5,wham
1364,826.8410942185299,10,15,4.327899932861328,10,True,1.0,same,Unrelated,HasCompetitor,High,-0.5,0.5,0.5,same
1533,560.8416724494969,5,1,1.1761000156402588,5,True,1.0,akin,Unrelated,HasCompetitor,High,-0.5,0.5,0.5,akin
1323,774.8055974447651,8,6,1.4471999406814575,8,True,1.0,dolt,Unrelated,HasCompetitor,High,-0.5,0.5,0.5,dolt
1325,562.2850601464835,5,0,1.9138000011444092,5,True,1.0,redo,Unrelated,HasCompetitor,High,-0.5,0.5,0.5,redo
1433,360.40789577053727,4,3,3.9416000843048096,8,True,1.0,glad,Unrelated,HasCompetitor,High,-0.5,0.5,0.5,glad
1492,170.0545661473222,2,10,4.0391998291015625,9,True,1.0,hate,Unrelated,HasCompetitor,High,-0.5,0.5,0.5,hate
1358,266.6117075208836,3,10,4.145400047302246,7,True,1.0,lost,Unrelated,HasCompetitor,High,-0.5,0.5,0.5,lost
1368,400.3811543624094,4,10,4.627200126647949,5,True,1.0,find,Unrelated,HasCompetitor,High,-0.5,0.5,0.5,find
1439,558.9090991331999,5,7,1.5051000118255615,8,True,1.0,zeal,Unrelated,HasCompetitor,High,-0.5,0.5,0.5,zeal
1444,736.4154510564842,7,3,1.770900011062622,8,True,1.0,glee,Unrelated,HasCompetitor,High,-0.5,0.5,0.5,glee
1373,83.28043096256033,1,2,2.460900068283081,5,True,1.0,cozy,Unrelated,HasCompetitor,High,-0.5,0.5,0.5,cozy
1391,62.31168876099564,1,4,1.8691999912261963,5,True,1.0,snug,Unrelated,HasCompetitor,High,-0.5,0.5,0.5,snug
1464,798.0444487744759,9,11,5.497300148010254,6,True,1.0,have,Unrelated,HasCompetitor,High,-0.5,0.5,0.5,have
1501,103.61962225039031,1,9,4.947299957275391,5,True,1.0,been,Unrelated,HasCompetitor,High,-0.5,0.5,0.5,been
1385,661.7199397185049,6,6,4.671899795532227,8,True,1.0,help,Unrelated,HasCompetitor,High,-0.5,0.5,0.5,help
1438,863.5204147069732,12,20,4.393599987030029,7,True,1.0,care,Unrelated,HasCompetitor,High,-0.5,0.5,0.5,care
1401,132.22922132760772,2,12,4.39300012588501,11,True,1.0,mind,Unrelated,HasCompetitor,High,-0.5,0.5,0.5,mind
1511,234.26099020055048,3,4,3.5940001010894775,7,True,1.0,soul,Unrelated,HasCompetitor,High,-0.5,0.5,0.5,soul
1420,776.3248517443004,8,6,2.8685998916625977,5,True,1.0,foul,Unrelated,HasCompetitor,High,-0.5,0.5,0.5,foul
1515,78.78604368876702,1,8,2.2899999618530273,6,True,1.0,yuck,Unrelated,HasCompetitor,High,-0.5,0.5,0.5,yuck
1498,147.48196227677423,2,0,2.5315001010894775,9,True,1.0,urge,Unrelated,HasCompetitor,High,-0.5,0.5,0.5,urge
1539,77.01204551269225,1,5,2.079200029373169,6,True,1.0,whim,Unrelated,HasCompetitor,High,-0.5,0.5,0.5,whim
1458,87.9423593725634,1,5,1.8976000547409058,8,True,1.0,ploy,Unrelated,HasCompetitor,High,-0.5,0.5,0.5,ploy
1554,796.140361136878,10,8,1.934499979019165,4,True,1.0,ruse,Unrelated,HasCompetitor,High,-0.5,0.5,0.5,ruse
1531,448.2045982340898,4,3,1.4149999618530273,5,True,1.0,avid,Unrelated,HasCompetitor,High,-0.5,0.5,0.5,avid
1548,688.1547327434091,7,5,2.359800100326538,5,True,1.0,keen,Unrelated,HasCompetitor,High,-0.5,0.5,0.5,keen
1,823.0521415803914,10,9,1.6990000009536743,9,True,1.0,pant,Related,HasCompetitor,High,0.5,0.5,0.5,pant
261,114.20149922102901,1,5,2.9565999507904053,13,True,1.0,jean,Related,HasCompetitor,High,0.5,0.5,0.5,jean
155,750.6787691856058,8,5,2.3578999042510986,7,True,1.0,crow,Related,HasCompetitor,High,0.5,0.5,0.5,crow
335,789.1625747744499,9,12,2.4547998905181885,10,True,1.0,dove,Related,HasCompetitor,High,0.5,0.5,0.5,dove
12,186.30646463992952,2,2,2.7809998989105225,14,True,1.0,frog,Related,HasCompetitor,High,0.5,0.5,0.5,frog
442,527.3979648674455,5,4,1.8387999534606934,10,True,1.0,newt,Related,HasCompetitor,High,0.5,0.5,0.5,newt
135,91.39939409090361,1,1,3.0183000564575195,10,True,1.0,earl,Related,HasCompetitor,High,0.5,0.5,0.5,earl
972,127.72180810057822,2,7,3.1064999103546143,13,True,1.0,duke,Related,HasCompetitor,High,0.5,0.5,0.5,duke
214,42.393671979175686,1,0,2.835700035095215,8,True,1.0,exam,Related,HasCompetitor,High,0.5,0.5,0.5,exam
992,83.07997059288304,0,12,3.6324000358581543,11,True,1.0,test,Related,HasCompetitor,High,0.5,0.5,0.5,test
157,753.0656346443288,8,8,1.5563000440597534,12,True,1.0,fowl,Related,HasCompetitor,High,0.5,0.5,0.5,fowl
514,766.4431690788498,7,1,3.365299940109253,11,True,1.0,bird,Related,HasCompetitor,High,0.5,0.5,0.5,bird
542,743.8641743328625,8,8,2.542799949645996,15,True,1.0,swan,Related,HasCompetitor,High,0.5,0.5,0.5,swan
603,844.6368651033872,10,14,3.1017000675201416,15,True,1.0,duck,Related,HasCompetitor,High,0.5,0.5,0.5,duck
2,658.4472546105042,7,5,2.637500047683716,10,True,1.0,robe,Related,HasCompetitor,High,0.5,0.5,0.5,robe
781,613.1431542152609,6,11,2.4547998905181885,11,True,1.0,vest,Related,HasCompetitor,High,0.5,0.5,0.5,vest
146,81.86042740542915,1,1,1.6434999704360962,11,True,1.0,zinc,Related,HasCompetitor,High,0.5,0.5,0.5,zinc
938,140.00334692091167,2,12,3.6280999183654785,16,True,1.0,lead,Related,HasCompetitor,High,0.5,0.5,0.5,lead
369,97.5961745499619,1,4,2.004300117492676,10,True,1.0,barf,Related,HasCompetitor,High,0.5,0.5,0.5,barf
755,108.7299922387364,1,5,2.5051000118255615,10,True,1.0,puke,Related,HasCompetitor,High,0.5,0.5,0.5,puke
246,75.33335281460916,1,1,2.8608999252319336,9,True,1.0,debt,Related,HasCompetitor,High,0.5,0.5,0.5,debt
1080,98.6492064072748,1,6,3.00600004196167,9,True,1.0,loan,Related,HasCompetitor,High,0.5,0.5,0.5,loan
441,799.3841115808126,10,11,2.5262999534606934,10,True,1.0,mice,Related,HasCompetitor,High,0.5,0.5,0.5,mice
905,418.9518665137356,4,5,2.176100015640259,13,True,1.0,puss,Related,HasCompetitor,High,0.5,0.5,0.5,puss
422,90.55644627470727,1,1,2.8942999839782715,16,True,1.0,lion,Related,HasCompetitor,High,0.5,0.5,0.5,lion
616,100.41177416737335,1,1,0.9031000137329102,9,True,1.0,puma,Related,HasCompetitor,High,0.5,0.5,0.5,puma
721,105.9040598639674,1,4,1.5563000440597534,11,True,1.0,axes,Related,HasCompetitor,High,0.5,0.5,0.5,axes
963,203.47164220151407,2,3,1.2303999662399292,9,True,1.0,maul,Related,HasCompetitor,High,0.5,0.5,0.5,maul
439,94.91804228305452,1,7,1.9138000011444092,8,True,1.0,stag,Related,HasCompetitor,High,0.5,0.5,0.5,stag
723,95.99735598978464,1,11,3.2360000610351562,11,True,1.0,buck,Related,HasCompetitor,High,0.5,0.5,0.5,buck
566,123.09303913206205,2,12,3.4321999549865723,11,True,1.0,rose,Related,HasCompetitor,High,0.5,0.5,0.5,rose
711,87.78092402995067,1,1,3.13700008392334,10,True,1.0,lily,Related,HasCompetitor,High,0.5,0.5,0.5,lily
573,98.15528945168644,1,6,2.767199993133545,16,True,1.0,dish,Related,HasCompetitor,High,0.5,0.5,0.5,dish
599,110.08619577346232,1,6,3.039400100708008,9,True,1.0,bowl,Related,HasCompetitor,High,0.5,0.5,0.5,bowl
1117,152.78288208288785,2,3,4.0991997718811035,9,True,1.0,hurt,Related,HasCompetitor,High,0.5,0.5,0.5,hurt
1152,130.55273657936178,2,7,3.6986000537872314,13,True,1.0,pain,Related,HasCompetitor,High,0.5,0.5,0.5,pain
576,436.4813624392219,4,5,2.617000102996826,11,True,1.0,pony,Related,HasCompetitor,High,0.5,0.5,0.5,pony
680,182.74280527159615,2,18,2.1731998920440674,13,True,1.0,mare,Related,HasCompetitor,High,0.5,0.5,0.5,mare
8,91.95099940183056,1,6,2.1238999366760254,7,True,1.0,gram,Related,HasCompetitor,High,0.5,0.5,0.5,gram
1239,82.98738833485274,1,4,1.9084999561309814,10,True,1.0,kilo,Related,HasCompetitor,High,0.5,0.5,0.5,kilo
620,85.15760471214546,1,6,3.200900077819824,10,True,1.0,bath,Related,HasCompetitor,High,0.5,0.5,0.5,bath
684,137.59303465625015,2,12,2.936500072479248,8,True,1.0,sink,Related,HasCompetitor,High,0.5,0.5,0.5,sink
946,820.5816534929685,9,11,1.7559000253677368,13,True,1.0,gull,Related,HasCompetitor,High,0.5,0.5,0.5,gull
1261,844.1998229242809,11,15,1.5681999921798706,9,True,1.0,coot,Related,HasCompetitor,High,0.5,0.5,0.5,coot
623,111.38198328358689,1,10,2.789599895477295,14,True,1.0,dime,Related,HasCompetitor,High,0.5,0.5,0.5,dime
909,136.44993356494908,2,10,2.684799909591675,12,True,1.0,cent,Related,HasCompetitor,High,0.5,0.5,0.5,cent
118,48.52864914584055,1,0,2.433000087738037,7,True,1.0,nova,Related,HasCompetitor,High,0.5,0.5,0.5,nova
709,80.9408709037792,1,9,3.618000030517578,13,True,1.0,star,Related,HasCompetitor,High,0.5,0.5,0.5,star
1437,140.0064859937425,2,16,1.544100046157837,9,True,1.0,lore,Related,HasCompetitor,High,0.5,0.5,0.5,lore
1466,59.8173060496204,1,3,2.547800064086914,6,True,1.0,myth,Related,HasCompetitor,High,0.5,0.5,0.5,myth
270,189.08577179956,2,7,2.285599946975708,10,True,1.0,pact,Related,HasCompetitor,High,0.5,0.5,0.5,pact
1255,129.34454581416637,2,14,4.124899864196777,11,True,1.0,deal,Related,HasCompetitor,High,0.5,0.5,0.5,deal
41,139.44422514426654,2,7,2.6989998817443848,12,True,1.0,silk,Related,HasCompetitor,High,0.5,0.5,0.5,silk
610,121.54325360169693,2,6,2.2095000743865967,9,True,1.0,wool,Related,HasCompetitor,High,0.5,0.5,0.5,wool
1251,121.92640372443459,2,10,2.761899948120117,8,True,1.0,rage,Related,HasCompetitor,High,0.5,0.5,0.5,rage
1311,123.56830092924986,2,2,2.29229998588562,8,True,1.0,fury,Related,HasCompetitor,High,0.5,0.5,0.5,fury
510,111.88278912461055,1,3,3.629300117492676,14,True,1.0,fish,Related,HasCompetitor,High,0.5,0.5,0.5,fish
585,87.86701871429425,1,2,2.6117000579833984,12,True,1.0,tuna,Related,HasCompetitor,High,0.5,0.5,0.5,tuna
910,90.11044261498105,1,4,1.857300043106079,8,True,1.0,wept,Related,HasCompetitor,High,0.5,0.5,0.5,wept
1150,110.77990316496376,2,3,1.462399959564209,7,True,1.0,bawl,Related,HasCompetitor,High,0.5,0.5,0.5,bawl
937,58.82424609637921,0,8,3.8190999031066895,7,True,1.0,king,Related,HasCompetitor,High,0.5,0.5,0.5,king
1003,48.227684050284225,1,1,1.3009999990463257,9,True,1.0,tsar,Related,HasCompetitor,High,0.5,0.5,0.5,tsar
22,141.4993820816449,2,5,2.4065001010894775,12,True,1.0,herb,Related,HasCompetitor,High,0.5,0.5,0.5,herb
241,673.552119728305,7,12,1.954200029373169,11,True,1.0,sage,Related,HasCompetitor,High,0.5,0.5,0.5,sage
26,88.7177050701241,1,5,2.3784000873565674,10,True,1.0,limb,Related,HasCompetitor,High,0.5,0.5,0.5,limb
692,143.62973499068198,2,7,4.154200077056885,11,True,1.0,hand,Related,HasCompetitor,High,0.5,0.5,0.5,hand
30,72.75892831705825,1,2,1.9911999702453613,11,True,1.0,knit,Related,HasCompetitor,High,0.5,0.5,0.5,knit
1034,114.49426769375131,2,2,1.8260999917984009,10,True,1.0,sewn,Related,HasCompetitor,High,0.5,0.5,0.5,sewn
57,90.35115554246286,1,7,2.7723000049591064,11,True,1.0,plot,Related,HasCompetitor,High,0.5,0.5,0.5,plot
1222,142.18534145944196,2,13,2.7874999046325684,11,True,1.0,tale,Related,HasCompetitor,High,0.5,0.5,0.5,tale
61,674.9072119601313,7,7,1.9589999914169312,6,True,1.0,dung,Related,HasCompetitor,High,0.5,0.5,0.5,dung
138,422.68123779292546,4,7,3.4986000061035156,7,True,1.0,crap,Related,HasCompetitor,High,0.5,0.5,0.5,crap
62,432.3270542617399,4,0,0.3009999990463257,8,True,1.0,lynx,Related,HasCompetitor,High,0.5,0.5,0.5,lynx
595,845.6479044371379,11,16,2.29229998588562,8,True,1.0,hare,Related,HasCompetitor,High,0.5,0.5,0.5,hare
275,39.2513150740431,1,0,0.9031000137329102,13,True,1.0,ovum,Related,HasCompetitor,High,0.5,0.5,0.5,ovum
821,109.07382126700732,1,10,3.4428999423980713,11,True,1.0,cell,Related,HasCompetitor,High,0.5,0.5,0.5,cell
92,117.63909212934277,1,11,2.609600067138672,10,True,1.0,tuck,Related,HasCompetitor,High,0.5,0.5,0.5,tuck
1287,137.98637575378862,2,9,2.851300001144409,8,True,1.0,darn,Related,HasCompetitor,High,0.5,0.5,0.5,darn
240,113.16743285907401,1,4,2.478600025177002,11,True,1.0,glue,Related,HasCompetitor,High,0.5,0.5,0.5,glue
815,43.38804152582465,1,1,1.0,14,True,1.0,inks,Related,HasCompetitor,High,0.5,0.5,0.5,inks
141,111.85914055496849,1,10,2.5694000720977783,10,True,1.0,tick,Related,HasCompetitor,High,0.5,0.5,0.5,tick
587,106.46145153013435,1,5,2.2304000854492188,8,True,1.0,flea,Related,HasCompetitor,High,0.5,0.5,0.5,flea
213,32.65772665458737,1,0,1.2553000450134277,11,True,1.0,onyx,Related,HasCompetitor,High,0.5,0.5,0.5,onyx
836,702.5037305496573,6,3,2.4149999618530273,9,True,1.0,jade,Related,HasCompetitor,High,0.5,0.5,0.5,jade
142,639.7513515249351,5,1,2.56469988822937,12,True,1.0,glen,Related,HasCompetitor,High,0.5,0.5,0.5,glen
549,591.5900400054732,6,12,3.282399892807007,13,True,1.0,hill,Related,HasCompetitor,High,0.5,0.5,0.5,hill
170,113.29787418354695,1,9,2.2095000743865967,9,True,1.0,funk,Related,HasCompetitor,High,0.5,0.5,0.5,funk
196,51.37016117576237,1,0,2.784600019454956,9,True,1.0,jazz,Related,HasCompetitor,High,0.5,0.5,0.5,jazz
178,702.6228744133082,7,10,2.8578999042510986,10,True,1.0,bush,Related,HasCompetitor,High,0.5,0.5,0.5,bush
511,777.3548559938838,8,4,3.5206000804901123,15,True,1.0,tree,Related,HasCompetitor,High,0.5,0.5,0.5,tree
294,90.18109514915709,1,6,2.599900007247925,11,True,1.0,soil,Related,HasCompetitor,High,0.5,0.5,0.5,soil
602,106.07755343995663,2,3,3.1175999641418457,5,True,1.0,dirt,Related,HasCompetitor,High,0.5,0.5,0.5,dirt
186,724.6623911229823,7,3,2.734800100326538,12,True,1.0,lamb,Related,HasCompetitor,High,0.5,0.5,0.5,lamb
608,831.4216559972732,10,11,2.648400068283081,10,True,1.0,deer,Related,HasCompetitor,High,0.5,0.5,0.5,deer
384,43.14411791610931,1,1,2.8006999492645264,7,True,1.0,inch,Related,HasCompetitor,High,0.5,0.5,0.5,inch
1291,198.57863840361725,2,8,2.0085999965667725,4,True,1.0,span,Related,HasCompetitor,High,0.5,0.5,0.5,span
191,117.01999135557567,2,7,2.164400100708008,8,True,1.0,moss,Related,HasCompetitor,High,0.5,0.5,0.5,moss
524,92.37016222417947,1,0,2.2147998809814453,9,True,1.0,fern,Related,HasCompetitor,High,0.5,0.5,0.5,fern
266,108.78202385889035,1,7,1.8920999765396118,9,True,1.0,haze,Related,HasCompetitor,High,0.5,0.5,0.5,haze
488,56.44189097590512,1,1,1.7482000589370728,9,True,1.0,smog,Related,HasCompetitor,High,0.5,0.5,0.5,smog
230,807.7108715625207,9,8,1.924299955368042,10,True,1.0,lark,Related,HasCompetitor,High,0.5,0.5,0.5,lark
470,691.439141676253,6,1,1.3009999990463257,6,True,1.0,wren,Related,HasCompetitor,High,0.5,0.5,0.5,wren
405,85.64952765408327,1,2,1.6720999479293823,11,True,1.0,acne,Related,HasCompetitor,High,0.5,0.5,0.5,acne
1242,49.49966763143817,1,2,2.330399990081787,11,True,1.0,itch,Related,HasCompetitor,High,0.5,0.5,0.5,itch
233,117.90958854604689,2,7,2.3385000228881836,7,True,1.0,lure,Related,HasCompetitor,High,0.5,0.5,0.5,lure
271,97.40669078233636,1,3,2.6963999271392822,6,True,1.0,bait,Related,HasCompetitor,High,0.5,0.5,0.5,bait
314,570.0965622639394,5,3,2.749000072479248,11,True,1.0,shed,Related,HasCompetitor,High,0.5,0.5,0.5,shed
654,486.3362942553293,4,8,4.350599765777588,15,True,1.0,room,Related,HasCompetitor,High,0.5,0.5,0.5,room
251,239.63836460564062,3,6,1.462399959564209,11,True,1.0,kale,Related,HasCompetitor,High,0.5,0.5,0.5,kale
559,202.58856338559127,2,8,1.2041000127792358,9,True,1.0,leek,Related,HasCompetitor,High,0.5,0.5,0.5,leek
548,131.76428500038,2,9,3.688999891281128,14,True,1.0,boat,Related,HasCompetitor,High,0.5,0.5,0.5,boat
597,82.23000182217257,1,8,3.7028000354766846,10,True,1.0,ship,Related,HasCompetitor,High,0.5,0.5,0.5,ship
285,144.25160718619262,2,10,2.841399908065796,8,True,1.0,barn,Related,HasCompetitor,High,0.5,0.5,0.5,barn
880,94.06576681742185,1,5,1.6901999711990356,9,True,1.0,silo,Related,HasCompetitor,High,0.5,0.5,0.5,silo
25,112.64441068804676,2,10,1.544100046157837,8,True,1.0,mope,Related,HasCompetitor,High,0.5,0.5,0.5,mope
1474,62.99600642044792,1,5,1.7243000268936157,8,True,1.0,glum,Related,HasCompetitor,High,0.5,0.5,0.5,glum
319,568.8681421584727,5,5,1.8691999912261963,8,True,1.0,wasp,Related,HasCompetitor,High,0.5,0.5,0.5,wasp
696,103.3756839287822,1,5,2.436199903488159,13,True,1.0,bees,Related,HasCompetitor,High,0.5,0.5,0.5,bees
505,304.67013370224447,3,0,1.6128000020980835,11,True,1.0,kiwi,Related,HasCompetitor,High,0.5,0.5,0.5,kiwi
626,91.3167772766856,1,5,2.243000030517578,12,True,1.0,plum,Related,HasCompetitor,High,0.5,0.5,0.5,plum
454,57.57320930662155,1,3,1.3617000579833984,10,True,1.0,oxen,Related,HasCompetitor,High,0.5,0.5,0.5,oxen
621,121.26922201111037,2,12,3.14739990234375,8,True,1.0,bull,Related,HasCompetitor,High,0.5,0.5,0.5,bull
545,86.36999694772604,1,0,2.2227001190185547,14,True,1.0,mayo,Related,HasCompetitor,High,0.5,0.5,0.5,mayo
736,428.685105799446,4,9,1.2553000450134277,10,True,1.0,slaw,Related,HasCompetitor,High,0.5,0.5,0.5,slaw
544,103.72826724137249,1,9,2.413300037384033,10,True,1.0,cafe,Related,HasCompetitor,High,0.5,0.5,0.5,cafe
763,82.50465630338651,1,1,2.037400007247925,7,True,1.0,deli,Related,HasCompetitor,High,0.5,0.5,0.5,deli
114,570.6517165911599,5,1,3.904400110244751,8,True,1.0,whoa,Related,HasCompetitor,High,0.5,0.5,0.5,whoa
1483,71.34619109136392,1,1,2.7458999156951904,6,True,1.0,oops,Related,HasCompetitor,High,0.5,0.5,0.5,oops
578,112.72980596225311,2,3,2.510499954223633,9,True,1.0,pond,Related,HasCompetitor,High,0.5,0.5,0.5,pond
592,122.65531259910907,2,13,3.2641000747680664,9,True,1.0,lake,Related,HasCompetitor,High,0.5,0.5,0.5,lake
174,118.49753380139263,2,2,2.5211000442504883,13,True,1.0,riot,Related,HasCompetitor,High,0.5,0.5,0.5,riot
877,274.5138621412905,3,3,2.2528998851776123,11,True,1.0,thug,Related,HasCompetitor,High,0.5,0.5,0.5,thug
590,347.0271662656901,3,11,3.585599899291992,12,True,1.0,beer,Related,HasCompetitor,High,0.5,0.5,0.5,beer
1338,820.0684873424955,9,15,3.514899969100952,11,True,1.0,sake,Related,HasCompetitor,High,0.5,0.5,0.5,sake
695,106.31609355075224,1,12,2.7809998989105225,15,True,1.0,pill,Related,HasCompetitor,High,0.5,0.5,0.5,pill
798,80.26408100272329,1,2,3.36299991607666,12,True,1.0,drug,Related,HasCompetitor,High,0.5,0.5,0.5,drug
596,139.37835863199285,2,10,4.168700218200684,9,True,1.0,face,Related,HasCompetitor,High,0.5,0.5,0.5,face
676,216.2663309646445,2,11,4.277599811553955,9,True,1.0,head,Related,HasCompetitor,High,0.5,0.5,0.5,head
144,116.12670346626643,2,6,1.8194999694824219,6,True,1.0,posh,Related,HasCompetitor,High,0.5,0.5,0.5,posh
1347,77.92771382475749,1,5,2.0492000579833984,7,True,1.0,snob,Related,HasCompetitor,High,0.5,0.5,0.5,snob
744,794.0580389840817,9,11,2.613800048828125,12,True,1.0,rash,Related,HasCompetitor,High,0.5,0.5,0.5,rash
830,744.108640030898,8,10,1.0,9,True,1.0,welt,Related,HasCompetitor,High,0.5,0.5,0.5,welt
958,94.0693600932005,2,9,3.536799907684326,8,True,1.0,nine,Related,HasCompetitor,High,0.5,0.5,0.5,nine
1188,77.97995795754473,1,6,4.115499973297119,9,True,1.0,four,Related,HasCompetitor,High,0.5,0.5,0.5,four
751,56.92360744238397,0,8,2.4377999305725098,6,True,1.0,peel,Related,HasCompetitor,High,0.5,0.5,0.5,peel
805,58.40766707212608,0,9,1.1761000156402588,6,True,1.0,rind,Related,HasCompetitor,High,0.5,0.5,0.5,rind
1367,66.62978987036277,1,10,2.4969000816345215,6,True,1.0,scam,Related,HasCompetitor,High,0.5,0.5,0.5,scam
1456,95.60230732514678,1,4,1.531499981880188,6,True,1.0,dupe,Related,HasCompetitor,High,0.5,0.5,0.5,dupe
838,85.90378808286366,1,6,2.1875,10,True,1.0,boob,Related,HasCompetitor,High,0.5,0.5,0.5,boob
843,144.1977864333732,2,13,1.2303999662399292,7,True,1.0,teat,Related,HasCompetitor,High,0.5,0.5,0.5,teat
71,80.29350211904114,1,4,1.6812000274658203,10,True,1.0,spud,Related,HasCompetitor,High,0.5,0.5,0.5,spud
698,87.09786815882785,1,7,3.0220000743865967,9,True,1.0,chip,Related,HasCompetitor,High,0.5,0.5,0.5,chip
23,127.27424732395636,2,18,1.079200029373169,8,True,1.0,sear,Related,HasCompetitor,High,0.5,0.5,0.5,sear
903,172.55036623581523,2,13,2.510499954223633,9,True,1.0,bake,Related,HasCompetitor,High,0.5,0.5,0.5,bake
152,59.03364095196154,0,8,2.0569000244140625,4,True,1.0,goof,Related,HasCompetitor,High,0.5,0.5,0.5,goof
1108,26.82122486751401,0,2,1.544100046157837,8,True,1.0,typo,Related,HasCompetitor,High,0.5,0.5,0.5,typo
40,96.28951855738416,1,12,1.5563000440597534,11,True,1.0,gash,Related,HasCompetitor,High,0.5,0.5,0.5,gash
931,99.25816977339403,1,6,3.4498000144958496,7,True,1.0,burn,Related,HasCompetitor,High,0.5,0.5,0.5,burn
49,712.1264091132365,8,13,2.2279000282287598,11,True,1.0,lime,Related,HasCompetitor,High,0.5,0.5,0.5,lime
557,470.2317155366967,4,13,1.8387999534606934,10,True,1.0,pear,Related,HasCompetitor,High,0.5,0.5,0.5,pear
46,633.4507238116202,6,1,3.4149999618530273,6,True,1.0,duty,Related,HasCompetitor,High,0.5,0.5,0.5,duty
1461,150.56986505243427,2,12,2.9684998989105225,8,True,1.0,role,Related,HasCompetitor,High,0.5,0.5,0.5,role
305,68.91098701555325,1,2,3.380199909210205,7,True,1.0,plus,Related,HasCompetitor,High,0.5,0.5,0.5,plus
375,84.85600036998531,1,6,2.4518001079559326,8,True,1.0,grid,Related,HasCompetitor,High,0.5,0.5,0.5,grid
47,148.4491214881401,2,13,1.579800009727478,5,True,1.0,hone,Related,HasCompetitor,High,0.5,0.5,0.5,hone
364,69.28031775198818,0,4,0.7781999707221985,10,True,1.0,rasp,Related,HasCompetitor,High,0.5,0.5,0.5,rasp
195,63.61331972484254,1,2,1.8451000452041626,8,True,1.0,alto,Related,HasCompetitor,High,0.5,0.5,0.5,alto
1105,59.76097392698703,1,1,1.8976000547409058,8,True,1.0,diva,Related,HasCompetitor,High,0.5,0.5,0.5,diva
159,828.9296075999506,12,16,2.7551000118255615,10,True,1.0,boot,Related,HasCompetitor,High,0.5,0.5,0.5,boot
609,449.6761791449314,5,7,2.577500104904175,6,True,1.0,heel,Related,HasCompetitor,High,0.5,0.5,0.5,heel
162,70.239380541763,1,0,3.1201999187469482,12,True,1.0,taxi,Related,HasCompetitor,High,0.5,0.5,0.5,taxi
475,509.7378220443453,4,1,2.5933001041412354,12,True,1.0,auto,Related,HasCompetitor,High,0.5,0.5,0.5,auto
161,103.17658978381856,1,4,1.6901999711990356,9,True,1.0,font,Related,HasCompetitor,High,0.5,0.5,0.5,font
163,65.56976991780382,1,4,3.490499973297119,5,True,1.0,type,Related,HasCompetitor,High,0.5,0.5,0.5,type
203,96.13658213642958,1,2,2.3032000064849854,13,True,1.0,bulb,Related,HasCompetitor,High,0.5,0.5,0.5,bulb
534,153.5544068446522,2,8,2.81820011138916,11,True,1.0,lamp,Related,HasCompetitor,High,0.5,0.5,0.5,lamp
185,61.14793971911448,1,0,1.2788000106811523,12,True,1.0,oboe,Related,HasCompetitor,High,0.5,0.5,0.5,oboe
277,553.149650964407,5,7,2.1303000450134277,11,True,1.0,harp,Related,HasCompetitor,High,0.5,0.5,0.5,harp
342,76.24166718221304,1,0,1.9031000137329102,8,True,1.0,luau,Related,HasCompetitor,High,0.5,0.5,0.5,luau
1093,144.38930215295665,2,13,1.8451000452041626,10,True,1.0,fest,Related,HasCompetitor,High,0.5,0.5,0.5,fest
202,135.46346886114748,2,4,1.986799955368042,9,True,1.0,moan,Related,HasCompetitor,High,0.5,0.5,0.5,moan
273,94.66194796766868,1,3,0.9031000137329102,6,True,1.0,yelp,Related,HasCompetitor,High,0.5,0.5,0.5,yelp
346,93.47446806197274,1,6,2.672100067138672,9,True,1.0,hint,Related,HasCompetitor,High,0.5,0.5,0.5,hint
480,77.7430865977975,1,3,2.9537999629974365,7,True,1.0,clue,Related,HasCompetitor,High,0.5,0.5,0.5,clue
210,115.28327249357346,1,7,2.037400007247925,11,True,1.0,snot,Related,HasCompetitor,High,0.5,0.5,0.5,snot
581,123.0069093966994,2,10,3.5511999130249023,11,True,1.0,nose,Related,HasCompetitor,High,0.5,0.5,0.5,nose
221,366.8124671460567,3,2,1.7243000268936157,9,True,1.0,opal,Related,HasCompetitor,High,0.5,0.5,0.5,opal
671,563.8205911475793,5,0,2.783900022506714,11,True,1.0,ruby,Related,HasCompetitor,High,0.5,0.5,0.5,ruby
234,66.6256236258838,1,3,3.0980000495910645,6,True,1.0,path,Related,HasCompetitor,High,0.5,0.5,0.5,path
677,89.78042542180538,1,5,3.7565999031066895,11,True,1.0,road,Related,HasCompetitor,High,0.5,0.5,0.5,road
244,623.5943153975231,6,5,2.9014999866485596,12,True,1.0,tune,Related,HasCompetitor,High,0.5,0.5,0.5,tune
961,501.94869390500054,4,0,1.924299955368042,10,True,1.0,hymn,Related,HasCompetitor,High,0.5,0.5,0.5,hymn
282,136.39325453402674,2,9,2.730799913406372,10,True,1.0,pork,Related,HasCompetitor,High,0.5,0.5,0.5,pork
683,181.4634988177612,2,6,3.0025999546051025,13,True,1.0,beef,Related,HasCompetitor,High,0.5,0.5,0.5,beef
440,772.712332839718,7,4,2.613800048828125,11,True,1.0,tray,Related,HasCompetitor,High,0.5,0.5,0.5,tray
990,810.7902844865805,11,13,4.1585001945495605,10,True,1.0,case,Related,HasCompetitor,High,0.5,0.5,0.5,case
297,602.4155806439655,6,10,2.3559999465942383,6,True,1.0,vile,Related,HasCompetitor,High,0.5,0.5,0.5,vile
1543,109.57771002339355,1,8,5.124199867248535,12,True,1.0,good,Related,HasCompetitor,High,0.5,0.5,0.5,good
507,772.5672183320278,8,8,1.8260999917984009,9,True,1.0,tush,Related,HasCompetitor,High,0.5,0.5,0.5,tush
860,826.6042640634514,10,12,5.0106000900268555,8,True,1.0,back,Related,HasCompetitor,High,0.5,0.5,0.5,back
299,78.62655926095275,1,0,1.9031000137329102,7,True,1.0,quad,Related,HasCompetitor,High,0.5,0.5,0.5,quad
651,210.00776007393938,2,7,2.7202000617980957,9,True,1.0,jeep,Related,HasCompetitor,High,0.5,0.5,0.5,jeep
367,715.1657787388556,7,3,1.6232000589370728,8,True,1.0,clog,Related,HasCompetitor,High,0.5,0.5,0.5,clog
561,819.0672086466684,10,11,2.661799907684326,8,True,1.0,sock,Related,HasCompetitor,High,0.5,0.5,0.5,sock
301,138.52011973117092,2,10,1.7323999404907227,10,True,1.0,mead,Related,HasCompetitor,High,0.5,0.5,0.5,mead
657,148.3764085904329,2,16,3.4883999824523926,7,True,1.0,wine,Related,HasCompetitor,High,0.5,0.5,0.5,wine
499,79.57561398345484,1,5,1.8691999912261963,8,True,1.0,spur,Related,HasCompetitor,High,0.5,0.5,0.5,spur
936,95.21200547340372,1,2,1.968500018119812,10,True,1.0,trot,Related,HasCompetitor,High,0.5,0.5,0.5,trot
362,69.52384782761946,1,1,1.0,5,True,1.0,cyan,Related,HasCompetitor,High,0.5,0.5,0.5,cyan
1068,82.67322964916022,1,3,3.717900037765503,7,True,1.0,blue,Related,HasCompetitor,High,0.5,0.5,0.5,blue
365,174.58099132443238,2,5,2.307499885559082,8,True,1.0,mutt,Related,HasCompetitor,High,0.5,0.5,0.5,mutt
513,124.87168727152509,2,2,3.4321999549865723,10,True,1.0,dogs,Related,HasCompetitor,High,0.5,0.5,0.5,dogs
368,228.34533515810912,3,11,2.819499969482422,9,True,1.0,sack,Related,HasCompetitor,High,0.5,0.5,0.5,sack
841,133.980501232648,2,6,1.7482000589370728,12,True,1.0,tote,Related,HasCompetitor,High,0.5,0.5,0.5,tote
717,141.32716237916648,2,13,3.7811999320983887,13,True,1.0,bill,Related,HasCompetitor,High,0.5,0.5,0.5,bill
1156,118.02787313350163,1,13,3.246299982070923,10,True,1.0,rent,Related,HasCompetitor,High,0.5,0.5,0.5,rent
376,106.97460716943026,1,5,2.989000082015991,7,True,1.0,bout,Related,HasCompetitor,High,0.5,0.5,0.5,bout
1124,116.84540818203948,1,13,3.4993999004364014,12,True,1.0,race,Related,HasCompetitor,High,0.5,0.5,0.5,race
814,66.12553167661736,1,0,1.2303999662399292,8,True,1.0,gyro,Related,HasCompetitor,High,0.5,0.5,0.5,gyro
827,577.7959500905706,6,6,2.517199993133545,7,True,1.0,stew,Related,HasCompetitor,High,0.5,0.5,0.5,stew
388,376.1595478873338,4,7,1.6021000146865845,6,True,1.0,carp,Related,HasCompetitor,High,0.5,0.5,0.5,carp
495,115.36386596387653,2,10,2.3710999488830566,9,True,1.0,pike,Related,HasCompetitor,High,0.5,0.5,0.5,pike
528,659.5923972227963,6,5,3.544100046157837,11,True,1.0,suit,Related,HasCompetitor,High,0.5,0.5,0.5,suit
750,710.5297989195014,7,3,2.5250000953674316,7,True,1.0,gown,Related,HasCompetitor,High,0.5,0.5,0.5,gown
419,144.86203184086682,2,3,2.7258999347686768,13,True,1.0,plug,Related,HasCompetitor,High,0.5,0.5,0.5,plug
774,300.9680782810371,3,4,2.396199941635132,11,True,1.0,fuse,Related,HasCompetitor,High,0.5,0.5,0.5,fuse
529,617.6750889516672,6,2,3.4844000339508057,9,True,1.0,arms,Related,HasCompetitor,High,0.5,0.5,0.5,arms
655,257.92718779695394,3,3,3.998800039291382,10,True,1.0,body,Related,HasCompetitor,High,0.5,0.5,0.5,body
458,460.9254947476953,4,3,2.359800100326538,8,True,1.0,loaf,Related,HasCompetitor,High,0.5,0.5,0.5,loaf
883,92.83006124423821,1,1,1.7633999586105347,12,True,1.0,pita,Related,HasCompetitor,High,0.5,0.5,0.5,pita
619,72.63018307589668,1,6,3.2040998935699463,11,True,1.0,snow,Related,HasCompetitor,High,0.5,0.5,0.5,snow
866,108.32551504800351,1,13,2.7881999015808105,9,True,1.0,hail,Related,HasCompetitor,High,0.5,0.5,0.5,hail
493,189.78665951779675,2,17,1.3978999853134155,10,True,1.0,pore,Related,HasCompetitor,High,0.5,0.5,0.5,pore
658,102.08159864879073,1,7,3.351599931716919,14,True,1.0,skin,Related,HasCompetitor,High,0.5,0.5,0.5,skin
872,70.10101710632472,1,0,3.7235000133514404,10,True,1.0,mama,Related,HasCompetitor,High,0.5,0.5,0.5,mama
916,93.43665091082485,1,5,3.4495999813079834,11,True,1.0,aunt,Related,HasCompetitor,High,0.5,0.5,0.5,aunt
532,102.67159805322032,1,3,3.1905999183654785,12,True,1.0,shoe,Related,HasCompetitor,High,0.5,0.5,0.5,shoe
1015,746.3899048693463,8,5,3.2790000438690186,4,True,1.0,pair,Related,HasCompetitor,High,0.5,0.5,0.5,pair
613,316.15031268941294,3,0,2.139899969100952,10,True,1.0,tofu,Related,HasCompetitor,High,0.5,0.5,0.5,tofu
1469,533.9674283960012,5,1,1.5184999704360962,9,True,1.0,idly,Related,HasCompetitor,High,0.5,0.5,0.5,idly
591,805.2884226734637,12,19,3.4667000770568848,8,True,1.0,bear,Related,HasCompetitor,High,0.5,0.5,0.5,bear
661,344.78535178953365,3,2,3.014899969100952,8,True,1.0,wolf,Related,HasCompetitor,High,0.5,0.5,0.5,wolf
1137,62.36713689607931,1,0,3.3922998905181885,3,True,1.0,huge,Related,HasCompetitor,High,0.5,0.5,0.5,huge
1475,54.48713771797136,0,8,2.4941999912261963,8,True,1.0,vast,Related,HasCompetitor,High,0.5,0.5,0.5,vast
605,145.41175081419885,2,12,2.8864998817443848,7,True,1.0,rice,Related,HasCompetitor,High,0.5,0.5,0.5,rice
804,99.73787218368254,1,3,1.8324999809265137,9,True,1.0,bran,Related,HasCompetitor,High,0.5,0.5,0.5,bran
634,812.4384357526803,10,10,2.456399917602539,6,True,1.0,poop,Related,HasCompetitor,High,0.5,0.5,0.5,poop
976,87.70677649993006,1,3,2.1522998809814453,8,True,1.0,turd,Related,HasCompetitor,High,0.5,0.5,0.5,turd
624,793.9365115512101,11,11,2.2788000106811523,11,True,1.0,lace,Related,HasCompetitor,High,0.5,0.5,0.5,lace
1275,702.2100057680711,7,7,3.7862000465393066,8,True,1.0,felt,Related,HasCompetitor,High,0.5,0.5,0.5,felt
656,78.27571299711553,1,2,3.935800075531006,10,True,1.0,city,Related,HasCompetitor,High,0.5,0.5,0.5,city
730,81.92441444683713,1,3,4.101900100708008,11,True,1.0,town,Related,HasCompetitor,High,0.5,0.5,0.5,town
629,149.27824462883285,2,4,3.437299966812134,8,True,1.0,bomb,Related,HasCompetitor,High,0.5,0.5,0.5,bomb
977,75.01726525001285,1,3,2.086400032043457,12,True,1.0,nuke,Related,HasCompetitor,High,0.5,0.5,0.5,nuke
670,122.14798938819607,2,6,3.083899974822998,15,True,1.0,deck,Related,HasCompetitor,High,0.5,0.5,0.5,deck
775,87.9193129136826,1,4,3.7820000648498535,7,True,1.0,step,Related,HasCompetitor,High,0.5,0.5,0.5,step
636,654.3561959084291,6,2,1.3617000579833984,6,True,1.0,gnat,Related,HasCompetitor,High,0.5,0.5,0.5,gnat
714,332.08667308583847,3,4,2.06820011138916,12,True,1.0,moth,Related,HasCompetitor,High,0.5,0.5,0.5,moth
731,59.720594673067964,0,3,3.338900089263916,10,True,1.0,jury,Related,HasCompetitor,High,0.5,0.5,0.5,jury
1025,99.18828126069045,1,14,2.9474000930786133,10,True,1.0,bail,Related,HasCompetitor,High,0.5,0.5,0.5,bail
642,202.22164814892398,2,3,4.173099994659424,11,True,1.0,door,Related,HasCompetitor,High,0.5,0.5,0.5,door
758,126.39585438149702,2,13,1.3802000284194946,7,True,1.0,sill,Related,HasCompetitor,High,0.5,0.5,0.5,sill
646,484.72278134841224,5,17,3.3615000247955322,8,True,1.0,cake,Related,HasCompetitor,High,0.5,0.5,0.5,cake
956,106.19087153924065,1,7,1.9394999742507935,11,True,1.0,flan,Related,HasCompetitor,High,0.5,0.5,0.5,flan
673,115.92951196224142,2,4,2.4914000034332275,11,True,1.0,bats,Related,HasCompetitor,High,0.5,0.5,0.5,bats
832,833.9476089218684,11,13,2.6149001121520996,8,True,1.0,mole,Related,HasCompetitor,High,0.5,0.5,0.5,mole
981,106.95209237408085,1,7,4.396299839019775,11,True,1.0,show,Related,HasCompetitor,High,0.5,0.5,0.5,show
1216,114.04007700552272,2,5,4.257199764251709,8,True,1.0,play,Related,HasCompetitor,High,0.5,0.5,0.5,play
729,655.4452577712096,7,12,3.4602999687194824,9,True,1.0,lock,Related,HasCompetitor,High,0.5,0.5,0.5,lock
1176,140.115941972001,2,8,3.863600015640259,14,True,1.0,safe,Related,HasCompetitor,High,0.5,0.5,0.5,safe
19,32.21031990464752,0,1,4.02239990234375,3,True,1.0,also,Related,HasCompetitor,High,0.5,0.5,0.5,also
1564,35.54546749749174,1,3,2.7987000942230225,4,True,1.0,thus,Related,HasCompetitor,High,0.5,0.5,0.5,thus
735,63.374467939341095,0,3,2.3784000873565674,9,True,1.0,lens,Related,HasCompetitor,High,0.5,0.5,0.5,lens
1258,76.79094453521603,1,4,2.2600998878479004,5,True,1.0,zoom,Related,HasCompetitor,High,0.5,0.5,0.5,zoom
9,75.89764473619951,1,1,0.8450999855995178,9,True,1.0,clef,Related,HasCompetitor,High,0.5,0.5,0.5,clef
728,134.95540448182027,2,11,3.756500005722046,10,True,1.0,mike,Related,HasCompetitor,High,0.5,0.5,0.5,mike
740,80.83700406703306,1,4,2.0827999114990234,13,True,1.0,meth,Related,HasCompetitor,High,0.5,0.5,0.5,meth
1286,586.1157630285863,6,14,2.914299964904785,6,True,1.0,dope,Related,HasCompetitor,High,0.5,0.5,0.5,dope
1088,104.07815766145264,1,5,4.557199954986572,9,True,1.0,stop,Related,HasCompetitor,High,0.5,0.5,0.5,stop
1184,553.9885364209454,5,5,2.7604000568389893,6,True,1.0,halt,Related,HasCompetitor,High,0.5,0.5,0.5,halt
778,146.63017545753132,2,2,2.3578999042510986,12,True,1.0,yoga,Related,HasCompetitor,High,0.5,0.5,0.5,yoga
1230,353.922362846476,3,5,3.266700029373169,8,True,1.0,pray,Related,HasCompetitor,High,0.5,0.5,0.5,pray
1236,621.8282163423063,6,4,2.7339999675750732,9,True,1.0,fund,Related,HasCompetitor,High,0.5,0.5,0.5,fund
1330,81.16735032576436,1,1,3.6129000186920166,9,True,1.0,rich,Related,HasCompetitor,High,0.5,0.5,0.5,rich
1031,121.18680619724614,2,11,3.8220999240875244,7,True,1.0,cold,Related,HasCompetitor,High,0.5,0.5,0.5,cold
1134,794.9624463179897,9,9,3.4249000549316406,4,True,1.0,warm,Related,HasCompetitor,High,0.5,0.5,0.5,warm
4,161.55450165126413,2,10,2.444000005722046,8,True,1.0,mint,Related,HasCompetitor,High,0.5,0.5,0.5,mint
638,93.8784944381196,1,0,1.2041000127792358,11,True,1.0,aloe,Related,HasCompetitor,High,0.5,0.5,0.5,aloe
1372,83.63362957140275,1,4,2.9047000408172607,7,True,1.0,hers,Related,HasCompetitor,High,0.5,0.5,0.5,hers
1428,68.77251417713563,1,5,5.5167999267578125,4,True,1.0,your,Related,HasCompetitor,High,0.5,0.5,0.5,your
24,70.77438489519675,1,1,3.22189998626709,8,True,1.0,ally,Related,HasCompetitor,High,0.5,0.5,0.5,ally
1525,75.49402691005449,0,6,1.7559000253677368,7,True,1.0,tact,Related,HasCompetitor,High,0.5,0.5,0.5,tact
1496,173.46534928040225,2,10,5.148399829864502,6,True,1.0,want,Related,HasCompetitor,High,0.5,0.5,0.5,want
1536,100.32204026574243,1,8,4.819799900054932,11,True,1.0,need,Related,HasCompetitor,High,0.5,0.5,0.5,need
7,81.18981699817672,1,3,3.8712000846862793,6,True,1.0,plan,Related,HasCompetitor,High,0.5,0.5,0.5,plan
1039,499.972970611506,5,4,3.8020999431610107,11,True,1.0,boss,Related,HasCompetitor,High,0.5,0.5,0.5,boss
5,574.4249533054705,6,15,3.112600088119507,10,True,1.0,sale,Related,HasCompetitor,High,0.5,0.5,0.5,sale
1403,140.07486391767065,2,9,3.447499990463257,8,True,1.0,cost,Related,HasCompetitor,High,0.5,0.5,0.5,cost
50,77.9247149541446,1,3,2.450200080871582,9,True,1.0,prey,Related,HasCompetitor,High,0.5,0.5,0.5,prey
356,67.8188729351895,1,1,0.7781999707221985,7,True,1.0,bios,Related,HasCompetitor,High,0.5,0.5,0.5,bios
10,109.87284502649482,1,7,3.239799976348877,8,True,1.0,mood,Related,HasCompetitor,High,0.5,0.5,0.5,mood
1505,125.25283113747005,2,4,2.426500082015991,5,True,1.0,vibe,Related,HasCompetitor,High,0.5,0.5,0.5,vibe
33,328.86215940279226,3,6,2.4249000549316406,8,True,1.0,leaf,Related,HasCompetitor,High,0.5,0.5,0.5,leaf
741,76.70515001161667,1,4,2.060699939727783,9,True,1.0,stem,Related,HasCompetitor,High,0.5,0.5,0.5,stem
13,112.19469147311568,2,8,1.3978999853134155,6,True,1.0,bode,Related,HasCompetitor,High,0.5,0.5,0.5,bode
1350,49.037888447001706,1,4,1.9444999694824219,8,True,1.0,omen,Related,HasCompetitor,High,0.5,0.5,0.5,omen
67,108.45638768029865,2,6,3.2063000202178955,6,True,1.0,weak,Related,HasCompetitor,High,0.5,0.5,0.5,weak
1379,191.13369022800504,2,3,1.875100016593933,4,True,1.0,puny,Related,HasCompetitor,High,0.5,0.5,0.5,puny
31,821.3035452173824,10,10,2.5866000652313232,5,True,1.0,bold,Related,HasCompetitor,High,0.5,0.5,0.5,bold
1308,101.35245385046383,1,4,2.2040998935699463,13,True,1.0,wimp,Related,HasCompetitor,High,0.5,0.5,0.5,wimp
79,65.23274814187978,1,5,2.873300075531006,7,True,1.0,spin,Related,HasCompetitor,High,0.5,0.5,0.5,spin
783,60.75647420800976,1,2,2.1238999366760254,7,True,1.0,axel,Related,HasCompetitor,High,0.5,0.5,0.5,axel
39,491.43404447429737,5,9,1.9394999742507935,11,True,1.0,lard,Related,HasCompetitor,High,0.5,0.5,0.5,lard
535,134.06911577319377,2,5,2.657099962234497,13,True,1.0,oven,Related,HasCompetitor,High,0.5,0.5,0.5,oven
55,91.22908553007099,1,5,2.8626999855041504,5,True,1.0,flip,Related,HasCompetitor,High,0.5,0.5,0.5,flip
966,123.37709558365364,2,12,2.816200017929077,6,True,1.0,dive,Related,HasCompetitor,High,0.5,0.5,0.5,dive
43,51.45482103907038,1,1,1.6021000146865845,6,True,1.0,yogi,Related,HasCompetitor,High,0.5,0.5,0.5,yogi
204,86.65377683872656,1,2,2.89490008354187,10,True,1.0,diet,Related,HasCompetitor,High,0.5,0.5,0.5,diet
73,415.1211698318772,4,1,1.2303999662399292,3,True,1.0,gawk,Related,HasCompetitor,High,0.5,0.5,0.5,gawk
119,453.09585016876724,5,1,1.3009999990463257,3,True,1.0,ogle,Related,HasCompetitor,High,0.5,0.5,0.5,ogle
65,573.0772425198181,6,13,2.1270999908447266,7,True,1.0,hoot,Related,HasCompetitor,High,0.5,0.5,0.5,hoot
354,699.052841713797,7,2,1.6021000146865845,5,True,1.0,purr,Related,HasCompetitor,High,0.5,0.5,0.5,purr
107,214.63255219700727,2,12,2.033400058746338,5,True,1.0,vine,Related,HasCompetitor,High,0.5,0.5,0.5,vine
173,787.2225981393176,10,12,2.6675000190734863,5,True,1.0,reed,Related,HasCompetitor,High,0.5,0.5,0.5,reed
82,797.1646128448049,10,11,2.045300006866455,6,True,1.0,hock,Related,HasCompetitor,High,0.5,0.5,0.5,hock
648,790.2728217052572,9,8,1.8632999658584595,5,True,1.0,rump,Related,HasCompetitor,High,0.5,0.5,0.5,rump
109,147.08316006762044,2,12,2.846299886703491,8,True,1.0,sail,Related,HasCompetitor,High,0.5,0.5,0.5,sail
662,96.30135168509945,1,6,2.950900077819824,9,True,1.0,flag,Related,HasCompetitor,High,0.5,0.5,0.5,flag
86,371.97393629820647,4,4,2.381999969482422,7,True,1.0,raft,Related,HasCompetitor,High,0.5,0.5,0.5,raft
397,120.98139038863727,2,10,2.8101999759674072,7,True,1.0,pump,Related,HasCompetitor,High,0.5,0.5,0.5,pump
113,144.28279129359694,2,11,2.342400074005127,9,True,1.0,mold,Related,HasCompetitor,High,0.5,0.5,0.5,mold
734,113.26597604851938,1,6,2.4047999382019043,11,True,1.0,slug,Related,HasCompetitor,High,0.5,0.5,0.5,slug
89,97.02547604198067,1,4,1.5563000440597534,12,True,1.0,lube,Related,HasCompetitor,High,0.5,0.5,0.5,lube
1045,100.68897534123539,1,1,1.6990000009536743,7,True,1.0,oily,Related,HasCompetitor,High,0.5,0.5,0.5,oily
93,173.5427198244024,2,2,2.8101999759674072,10,True,1.0,eats,Related,HasCompetitor,High,0.5,0.5,0.5,eats
865,118.15399058268777,2,11,3.3664000034332275,10,True,1.0,cook,Related,HasCompetitor,High,0.5,0.5,0.5,cook
95,115.13521850750303,2,8,0.7781999707221985,6,True,1.0,eave,Related,HasCompetitor,High,0.5,0.5,0.5,eave
660,562.2946599577707,5,7,3.2597999572753906,10,True,1.0,roof,Related,HasCompetitor,High,0.5,0.5,0.5,roof
108,122.82112003289032,2,3,2.3578999042510986,9,True,1.0,cult,Related,HasCompetitor,High,0.5,0.5,0.5,cult
1054,127.90108094912898,2,7,3.876699924468994,8,True,1.0,team,Related,HasCompetitor,High,0.5,0.5,0.5,team
98,676.0720732519192,6,3,2.8136000633239746,9,True,1.0,hawk,Related,HasCompetitor,High,0.5,0.5,0.5,hawk
889,771.0951092899345,11,12,1.8632999658584595,8,True,1.0,loon,Related,HasCompetitor,High,0.5,0.5,0.5,loon
120,380.6987281177359,4,0,1.7633999586105347,7,True,1.0,afro,Related,HasCompetitor,High,0.5,0.5,0.5,afro
1390,111.42437022499311,1,5,1.9394999742507935,10,True,1.0,jive,Related,HasCompetitor,High,0.5,0.5,0.5,jive
101,98.61157799885528,2,3,2.983599901199341,9,True,1.0,june,Related,HasCompetitor,High,0.5,0.5,0.5,june
1155,96.92676464008738,1,9,4.085100173950195,9,True,1.0,week,Related,HasCompetitor,High,0.5,0.5,0.5,week
128,81.76159460271961,1,3,0.9031000137329102,9,True,1.0,alum,Related,HasCompetitor,High,0.5,0.5,0.5,alum
582,141.72296425714893,2,4,2.998300075531006,8,True,1.0,salt,Related,HasCompetitor,High,0.5,0.5,0.5,salt
102,257.2490311312638,3,6,2.1238999366760254,8,True,1.0,reap,Related,HasCompetitor,High,0.5,0.5,0.5,reap
284,98.21099253213417,1,4,1.2553000450134277,7,True,1.0,sown,Related,HasCompetitor,High,0.5,0.5,0.5,sown
137,117.48947301932836,2,6,1.9955999851226807,9,True,1.0,fang,Related,HasCompetitor,High,0.5,0.5,0.5,fang
675,125.29467725439974,2,6,1.1461000442504883,8,True,1.0,tusk,Related,HasCompetitor,High,0.5,0.5,0.5,tusk
111,104.35406420819223,1,1,1.1461000442504883,8,True,1.0,peso,Related,HasCompetitor,High,0.5,0.5,0.5,peso
1260,123.58244038932062,2,4,1.986799955368042,11,True,1.0,watt,Related,HasCompetitor,High,0.5,0.5,0.5,watt
117,138.3467653421322,2,4,0.8450999855995178,4,True,1.0,glob,Related,HasCompetitor,High,0.5,0.5,0.5,glob
978,121.61829761311974,2,2,1.4471999406814575,6,True,1.0,ooze,Related,HasCompetitor,High,0.5,0.5,0.5,ooze
122,77.36215504277018,0,11,1.0,11,True,1.0,seep,Related,HasCompetitor,High,0.5,0.5,0.5,seep
1186,113.63022576518782,1,10,1.5681999921798706,3,True,1.0,gush,Related,HasCompetitor,High,0.5,0.5,0.5,gush
127,153.3926650611705,2,9,2.76419997215271,7,True,1.0,cock,Related,HasCompetitor,High,0.5,0.5,0.5,cock
604,784.2979070902577,8,9,3.0141000747680664,6,True,1.0,wing,Related,HasCompetitor,High,0.5,0.5,0.5,wing
123,113.0652283548709,2,15,2.566999912261963,5,True,1.0,bent,Related,HasCompetitor,High,0.5,0.5,0.5,bent
478,126.82293010080673,2,10,2.448699951171875,7,True,1.0,warp,Related,HasCompetitor,High,0.5,0.5,0.5,warp
151,707.6051919499912,8,9,2.9781999588012695,10,True,1.0,vice,Related,HasCompetitor,High,0.5,0.5,0.5,vice
858,710.3264132651104,8,9,2.086400032043457,9,True,1.0,swab,Related,HasCompetitor,High,0.5,0.5,0.5,swab
131,819.3526890075115,10,10,2.429800033569336,6,True,1.0,sole,Related,HasCompetitor,High,0.5,0.5,0.5,sole
256,802.5939145353999,10,8,2.5866000652313232,6,True,1.0,bass,Related,HasCompetitor,High,0.5,0.5,0.5,bass
187,57.11990588401757,1,1,3.122499942779541,7,True,1.0,amen,Related,HasCompetitor,High,0.5,0.5,0.5,amen
316,120.0411926191068,2,13,2.2809998989105225,10,True,1.0,lent,Related,HasCompetitor,High,0.5,0.5,0.5,lent
136,121.50447027070088,2,5,2.56820011138916,9,True,1.0,dorm,Related,HasCompetitor,High,0.5,0.5,0.5,dorm
383,127.28933621769218,2,5,2.2067999839782715,12,True,1.0,frat,Related,HasCompetitor,High,0.5,0.5,0.5,frat
154,725.0358789247842,7,3,1.9493999481201172,5,True,1.0,gasp,Related,HasCompetitor,High,0.5,0.5,0.5,gasp
1013,79.01283663831778,1,3,2.240499973297119,7,True,1.0,sigh,Related,HasCompetitor,High,0.5,0.5,0.5,sigh
148,70.45956777676238,1,1,3.116300106048584,10,True,1.0,data,Related,HasCompetitor,High,0.5,0.5,0.5,data
831,164.49715776067328,2,11,3.351599931716919,11,True,1.0,file,Related,HasCompetitor,High,0.5,0.5,0.5,file
153,62.52140955733794,1,1,1.4471999406814575,9,True,1.0,noun,Related,HasCompetitor,High,0.5,0.5,0.5,noun
1301,69.43864546802719,1,3,5.320700168609619,6,True,1.0,they,Related,HasCompetitor,High,0.5,0.5,0.5,they
158,102.9136344075151,2,1,3.486999988555908,3,True,1.0,lots,Related,HasCompetitor,High,0.5,0.5,0.5,lots
1431,110.2395416821491,2,2,4.263199806213379,7,True,1.0,many,Related,HasCompetitor,High,0.5,0.5,0.5,many
215,809.7393351189687,9,8,2.8006999492645264,12,True,1.0,tire,Related,HasCompetitor,High,0.5,0.5,0.5,tire
791,175.26436203733374,2,12,2.170300006866455,10,True,1.0,puck,Related,HasCompetitor,High,0.5,0.5,0.5,puck
167,727.0153829415648,8,6,1.1138999462127686,9,True,1.0,nape,Related,HasCompetitor,High,0.5,0.5,0.5,nape
322,272.28846901226143,3,5,2.8115999698638916,6,True,1.0,chin,Related,HasCompetitor,High,0.5,0.5,0.5,chin
181,124.03287154658388,2,6,2.06820011138916,10,True,1.0,tong,Related,HasCompetitor,High,0.5,0.5,0.5,tong
1116,113.36224847451706,2,11,1.9031000137329102,6,True,1.0,spat,Related,HasCompetitor,High,0.5,0.5,0.5,spat
172,475.9659812560334,5,10,1.919100046157837,7,True,1.0,gent,Related,HasCompetitor,High,0.5,0.5,0.5,gent
274,581.431413016706,6,14,2.8469998836517334,10,True,1.0,dame,Related,HasCompetitor,High,0.5,0.5,0.5,dame
197,122.84370959711623,2,8,2.773099899291992,5,True,1.0,porn,Related,HasCompetitor,High,0.5,0.5,0.5,porn
1096,42.893480808312425,1,0,1.9444999694824219,6,True,1.0,orgy,Related,HasCompetitor,High,0.5,0.5,0.5,orgy
176,391.9193755851,4,2,1.9589999914169312,10,True,1.0,gala,Related,HasCompetitor,High,0.5,0.5,0.5,gala
1081,752.5365021981141,7,3,2.9576001167297363,12,True,1.0,prom,Related,HasCompetitor,High,0.5,0.5,0.5,prom
192,57.80694530235411,0,3,3.0381999015808105,6,True,1.0,deny,Related,HasCompetitor,High,0.5,0.5,0.5,deny
1435,66.50437232260168,0,11,3.2513999938964844,4,True,1.0,nope,Related,HasCompetitor,High,0.5,0.5,0.5,nope
177,641.4022309768936,6,0,3.0834999084472656,6,True,1.0,guts,Related,HasCompetitor,High,0.5,0.5,0.5,guts
434,146.04832483053232,2,11,1.6128000020980835,11,True,1.0,bile,Related,HasCompetitor,High,0.5,0.5,0.5,bile
206,152.90006288305074,2,15,1.7482000589370728,10,True,1.0,soot,Related,HasCompetitor,High,0.5,0.5,0.5,soot
1135,264.8153593725648,3,2,1.079200029373169,6,True,1.0,inky,Related,HasCompetitor,High,0.5,0.5,0.5,inky
180,89.1292057839764,1,5,2.52239990234375,8,True,1.0,vain,Related,HasCompetitor,High,0.5,0.5,0.5,vain
298,75.70149422360173,1,2,2.859100103378296,9,True,1.0,self,Related,HasCompetitor,High,0.5,0.5,0.5,self
193,91.17487238252889,1,3,1.857300043106079,11,True,1.0,gout,Related,HasCompetitor,High,0.5,0.5,0.5,gout
519,65.2002918054476,1,1,2.8750998973846436,8,True,1.0,knee,Related,HasCompetitor,High,0.5,0.5,0.5,knee
190,76.8407973770251,1,6,1.1138999462127686,4,True,1.0,meld,Related,HasCompetitor,High,0.5,0.5,0.5,meld
1290,41.59727362560199,0,1,2.0492000579833984,5,True,1.0,ante,Related,HasCompetitor,High,0.5,0.5,0.5,ante
201,136.13933591830565,2,8,1.7924000024795532,6,True,1.0,bony,Related,HasCompetitor,High,0.5,0.5,0.5,bony
811,83.67942963032448,1,0,2.1270999908447266,7,True,1.0,jaws,Related,HasCompetitor,High,0.5,0.5,0.5,jaws
200,74.49277061613579,1,3,1.0,3,True,1.0,boxy,Related,HasCompetitor,High,0.5,0.5,0.5,boxy
607,84.37606696610933,0,11,2.7274999618530273,11,True,1.0,dice,Related,HasCompetitor,High,0.5,0.5,0.5,dice
247,89.48170596742992,1,9,2.158400058746338,7,True,1.0,stat,Related,HasCompetitor,High,0.5,0.5,0.5,stat
1423,29.44663810858459,1,1,2.2788000106811523,6,True,1.0,info,Related,HasCompetitor,High,0.5,0.5,0.5,info
205,313.3521542560819,3,13,2.748199939727783,8,True,1.0,lick,Related,HasCompetitor,High,0.5,0.5,0.5,lick
218,103.26694485615023,1,6,1.4914000034332275,10,True,1.0,balm,Related,HasCompetitor,High,0.5,0.5,0.5,balm
254,90.36720252911769,1,0,3.5051000118255615,3,True,1.0,upon,Related,HasCompetitor,High,0.5,0.5,0.5,upon
1406,72.04762732680979,1,2,4.82919979095459,7,True,1.0,over,Related,HasCompetitor,High,0.5,0.5,0.5,over
209,729.7750055445711,8,4,3.1835999488830566,5,True,1.0,gosh,Related,HasCompetitor,High,0.5,0.5,0.5,gosh
1233,270.7950089954046,3,9,4.285699844360352,6,True,1.0,fuck,Related,HasCompetitor,High,0.5,0.5,0.5,fuck
235,681.5645766953724,6,3,1.3009999990463257,8,True,1.0,kiln,Related,HasCompetitor,High,0.5,0.5,0.5,kiln
357,768.3202770518861,8,7,2.7874999046325684,7,True,1.0,clay,Related,HasCompetitor,High,0.5,0.5,0.5,clay
227,75.46829163960389,1,1,2.8369998931884766,4,True,1.0,blah,Related,HasCompetitor,High,0.5,0.5,0.5,blah
1332,49.33614284589902,1,2,2.1522998809814453,5,True,1.0,idle,Related,HasCompetitor,High,0.5,0.5,0.5,idle
229,73.27226281123339,1,4,2.322200059890747,8,True,1.0,curb,Related,HasCompetitor,High,0.5,0.5,0.5,curb
1487,92.65845729374706,1,4,4.160200119018555,10,True,1.0,damn,Related,HasCompetitor,High,0.5,0.5,0.5,damn
232,129.10799679203646,2,13,2.1138999462127686,5,True,1.0,rave,Related,HasCompetitor,High,0.5,0.5,0.5,rave
330,438.40994927414687,4,2,2.004300117492676,10,True,1.0,hula,Related,HasCompetitor,High,0.5,0.5,0.5,hula
253,95.43236187737068,1,4,1.6232000589370728,5,True,1.0,drab,Related,HasCompetitor,High,0.5,0.5,0.5,drab
302,47.40493095996921,1,1,1.0,7,True,1.0,ashy,Related,HasCompetitor,High,0.5,0.5,0.5,ashy
242,412.8329889570523,4,10,3.203000068664551,9,True,1.0,bond,Related,HasCompetitor,High,0.5,0.5,0.5,bond
837,72.94095443897493,1,1,2.3364999294281006,12,True,1.0,visa,Related,HasCompetitor,High,0.5,0.5,0.5,visa
279,83.14075634708419,1,1,2.3617000579833984,8,True,1.0,trek,Related,HasCompetitor,High,0.5,0.5,0.5,trek
853,118.63241278083892,2,6,3.417099952697754,7,True,1.0,camp,Related,HasCompetitor,High,0.5,0.5,0.5,camp
245,104.21532779181787,1,11,2.1461000442504883,7,True,1.0,tame,Related,HasCompetitor,High,0.5,0.5,0.5,tame
1417,94.87562972942725,1,4,3.4660000801086426,6,True,1.0,wild,Related,HasCompetitor,High,0.5,0.5,0.5,wild
283,53.691161594106305,1,1,2.5011000633239746,8,True,1.0,crib,Related,HasCompetitor,High,0.5,0.5,0.5,crib
473,120.17734215980072,2,12,2.506500005722046,9,True,1.0,bunk,Related,HasCompetitor,High,0.5,0.5,0.5,bunk
248,104.96008079390705,1,5,2.5762999057769775,11,True,1.0,monk,Related,HasCompetitor,High,0.5,0.5,0.5,monk
1415,138.7335031990487,2,16,4.38040018081665,9,True,1.0,hell,Related,HasCompetitor,High,0.5,0.5,0.5,hell
306,98.3128214202487,1,4,1.8260999917984009,7,True,1.0,duet,Related,HasCompetitor,High,0.5,0.5,0.5,duet
986,82.48338103383688,1,2,1.8260999917984009,5,True,1.0,trio,Related,HasCompetitor,High,0.5,0.5,0.5,trio
265,132.07982437948192,2,11,1.875100016593933,4,True,1.0,rite,Related,HasCompetitor,High,0.5,0.5,0.5,rite
1148,87.84894089991529,1,2,1.579800009727478,9,True,1.0,sect,Related,HasCompetitor,High,0.5,0.5,0.5,sect
293,672.0933952444044,6,1,2.6364998817443848,9,True,1.0,drum,Related,HasCompetitor,High,0.5,0.5,0.5,drum
708,770.5049042086039,8,6,2.09689998626709,8,True,1.0,gong,Related,HasCompetitor,High,0.5,0.5,0.5,gong
289,107.82037182582857,2,3,1.715999960899353,8,True,1.0,perm,Related,HasCompetitor,High,0.5,0.5,0.5,perm
522,743.2382674506911,8,5,2.4914000034332275,8,True,1.0,comb,Related,HasCompetitor,High,0.5,0.5,0.5,comb
313,149.3088184377126,2,12,2.8041000366210938,6,True,1.0,slap,Related,HasCompetitor,High,0.5,0.5,0.5,slap
822,695.3308997816437,7,9,3.3183000087738037,7,True,1.0,bite,Related,HasCompetitor,High,0.5,0.5,0.5,bite
295,720.4202533629141,8,12,2.0413999557495117,10,True,1.0,lice,Related,HasCompetitor,High,0.5,0.5,0.5,lice
712,133.4820626916584,2,6,2.6963999271392822,6,True,1.0,bald,Related,HasCompetitor,High,0.5,0.5,0.5,bald
344,43.527505167982184,1,1,1.3802000284194946,4,True,1.0,ajar,Related,HasCompetitor,High,0.5,0.5,0.5,ajar
1182,72.32123173317032,1,5,4.128900051116943,6,True,1.0,shut,Related,HasCompetitor,High,0.5,0.5,0.5,shut
320,97.2779451433924,1,4,1.3423999547958374,10,True,1.0,doer,Related,HasCompetitor,High,0.5,0.5,0.5,doer
1416,102.02944813688005,1,4,3.735100030899048,5,True,1.0,busy,Related,HasCompetitor,High,0.5,0.5,0.5,busy
325,96.19270318978946,1,7,3.3385000228881836,4,True,1.0,main,Related,HasCompetitor,High,0.5,0.5,0.5,main
486,34.01453799474025,1,1,1.2041000127792358,5,True,1.0,crux,Related,HasCompetitor,High,0.5,0.5,0.5,crux
323,344.7089866269241,4,12,2.004300117492676,8,True,1.0,dome,Related,HasCompetitor,High,0.5,0.5,0.5,dome
722,506.7125499176873,5,15,3.4231998920440674,7,True,1.0,hall,Related,HasCompetitor,High,0.5,0.5,0.5,hall
372,126.7354934138759,2,1,3.924299955368042,12,True,1.0,news,Related,HasCompetitor,High,0.5,0.5,0.5,news
1484,631.2929084665508,8,3,5.700699806213379,6,True,1.0,what,Related,HasCompetitor,High,0.5,0.5,0.5,what
334,97.12482017221109,1,4,1.2553000450134277,11,True,1.0,hemp,Related,HasCompetitor,High,0.5,0.5,0.5,hemp
363,131.8258629738814,2,13,1.9589999914169312,9,True,1.0,dill,Related,HasCompetitor,High,0.5,0.5,0.5,dill
336,143.44723329893475,2,11,1.7482000589370728,7,True,1.0,gore,Related,HasCompetitor,High,0.5,0.5,0.5,gore
907,103.29359351141136,1,5,1.968500018119812,6,True,1.0,clot,Related,HasCompetitor,High,0.5,0.5,0.5,clot
343,93.96604551417208,1,8,2.539099931716919,8,True,1.0,loop,Related,HasCompetitor,High,0.5,0.5,0.5,loop
497,94.64909376303046,1,2,3.1350998878479004,3,True,1.0,tied,Related,HasCompetitor,High,0.5,0.5,0.5,tied
361,140.82031747737983,2,13,2.762700080871582,10,True,1.0,heal,Related,HasCompetitor,High,0.5,0.5,0.5,heal
370,136.59583149105148,2,11,3.026900053024292,9,True,1.0,cure,Related,HasCompetitor,High,0.5,0.5,0.5,cure
348,208.6703703473097,2,8,1.3221999406814575,8,True,1.0,vise,Related,HasCompetitor,High,0.5,0.5,0.5,vise
659,815.9222329686856,10,12,3.287600040435791,7,True,1.0,hook,Related,HasCompetitor,High,0.5,0.5,0.5,hook
392,151.12906278703315,2,3,1.8062000274658203,8,True,1.0,kelp,Related,HasCompetitor,High,0.5,0.5,0.5,kelp
586,208.51486534812244,2,8,2.3032000064849854,11,True,1.0,clam,Related,HasCompetitor,High,0.5,0.5,0.5,clam
349,106.90094055920709,1,7,2.1522998809814453,7,True,1.0,woof,Related,HasCompetitor,High,0.5,0.5,0.5,woof
1219,116.01614369916942,2,7,1.7482000589370728,5,True,1.0,oink,Related,HasCompetitor,High,0.5,0.5,0.5,oink
373,154.37947343019428,2,13,1.924299955368042,6,True,1.0,mast,Related,HasCompetitor,High,0.5,0.5,0.5,mast
455,103.48189357015198,1,13,2.3345000743865967,7,True,1.0,hull,Related,HasCompetitor,High,0.5,0.5,0.5,hull
374,47.2862950256763,0,4,1.4471999406814575,4,True,1.0,tyke,Related,HasCompetitor,High,0.5,0.5,0.5,tyke
748,57.3137845215929,1,2,4.186299800872803,6,True,1.0,kids,Related,HasCompetitor,High,0.5,0.5,0.5,kids
382,72.18509081237536,1,5,1.531499981880188,11,True,1.0,blog,Related,HasCompetitor,High,0.5,0.5,0.5,blog
710,82.45837305161028,0,15,3.274199962615967,11,True,1.0,mail,Related,HasCompetitor,High,0.5,0.5,0.5,mail
393,127.8437064631556,2,9,2.8608999252319336,8,True,1.0,corn,Related,HasCompetitor,High,0.5,0.5,0.5,corn
666,276.53342047025615,3,3,2.0253000259399414,11,True,1.0,oats,Related,HasCompetitor,High,0.5,0.5,0.5,oats
403,26.103413042898183,1,0,2.6884000301361084,6,True,1.0,envy,Related,HasCompetitor,High,0.5,0.5,0.5,envy
492,123.15126097842774,2,10,2.4547998905181885,3,True,1.0,lust,Related,HasCompetitor,High,0.5,0.5,0.5,lust
398,128.7629490381955,2,4,3.1092000007629395,9,True,1.0,soup,Related,HasCompetitor,High,0.5,0.5,0.5,soup
556,75.21434204506892,1,2,2.2014000415802,11,True,1.0,taco,Related,HasCompetitor,High,0.5,0.5,0.5,taco
426,93.09117352980147,1,7,2.4828999042510986,8,True,1.0,peak,Related,HasCompetitor,High,0.5,0.5,0.5,peak
1178,41.10775296635164,1,0,1.6434999704360962,5,True,1.0,apex,Related,HasCompetitor,High,0.5,0.5,0.5,apex
408,78.94824887740991,1,3,2.340399980545044,7,True,1.0,turf,Related,HasCompetitor,High,0.5,0.5,0.5,turf
553,66.57610956089967,1,4,2.799999952316284,5,True,1.0,lawn,Related,HasCompetitor,High,0.5,0.5,0.5,lawn
415,85.0327470150095,1,1,1.579800009727478,12,True,1.0,mono,Related,HasCompetitor,High,0.5,0.5,0.5,mono
1173,72.64953023165842,1,2,1.740399956703186,13,True,1.0,aids,Related,HasCompetitor,High,0.5,0.5,0.5,aids
411,113.66850151032929,1,5,3.81850004196167,8,True,1.0,poor,Related,HasCompetitor,High,0.5,0.5,0.5,poor
968,97.8151714678618,1,9,1.8194999694824219,12,True,1.0,slum,Related,HasCompetitor,High,0.5,0.5,0.5,slum
425,681.5986453765298,7,6,1.9138000011444092,14,True,1.0,yarn,Related,HasCompetitor,High,0.5,0.5,0.5,yarn
580,831.3885630351424,9,12,1.7633999586105347,9,True,1.0,bead,Related,HasCompetitor,High,0.5,0.5,0.5,bead
413,562.2626027462409,6,13,1.3978999853134155,10,True,1.0,pane,Related,HasCompetitor,High,0.5,0.5,0.5,pane
882,795.6643874191907,11,11,1.9776999950408936,6,True,1.0,slab,Related,HasCompetitor,High,0.5,0.5,0.5,slab
431,669.4329625140874,6,1,4.044600009918213,4,True,1.0,goes,Related,HasCompetitor,High,0.5,0.5,0.5,goes
1442,480.2279681075477,6,3,4.634200096130371,5,True,1.0,into,Related,HasCompetitor,High,0.5,0.5,0.5,into
423,86.94323499978698,1,7,2.895400047302246,6,True,1.0,flew,Related,HasCompetitor,High,0.5,0.5,0.5,flew
1097,118.87021175119192,2,9,1.8976000547409058,6,True,1.0,soar,Related,HasCompetitor,High,0.5,0.5,0.5,soar
449,453.1641344869869,5,3,2.591099977493286,4,True,1.0,unto,Related,HasCompetitor,High,0.5,0.5,0.5,unto
1460,50.772280098098136,1,0,3.058799982070923,8,True,1.0,thou,Related,HasCompetitor,High,0.5,0.5,0.5,thou
443,698.1240873486597,7,8,1.4471999406814575,10,True,1.0,musk,Related,HasCompetitor,High,0.5,0.5,0.5,musk
861,295.9059627938803,3,8,4.383999824523926,8,True,1.0,shit,Related,HasCompetitor,High,0.5,0.5,0.5,shit
446,56.33096970729857,0,3,1.6901999711990356,8,True,1.0,gimp,Related,HasCompetitor,High,0.5,0.5,0.5,gimp
1283,123.78526190639013,2,10,3.433000087738037,8,True,1.0,code,Related,HasCompetitor,High,0.5,0.5,0.5,code
447,41.24943091342852,1,0,2.439300060272217,9,True,1.0,ammo,Related,HasCompetitor,High,0.5,0.5,0.5,ammo
874,467.7757839157327,5,4,3.0852999687194824,9,True,1.0,trap,Related,HasCompetitor,High,0.5,0.5,0.5,trap
448,750.9087486257409,8,9,2.5464999675750732,8,True,1.0,bolt,Related,HasCompetitor,High,0.5,0.5,0.5,bolt
551,728.2924414453661,7,10,2.978600025177002,8,True,1.0,nail,Related,HasCompetitor,High,0.5,0.5,0.5,nail
461,155.48886169439365,2,13,2.544100046157837,7,True,1.0,bean,Related,HasCompetitor,High,0.5,0.5,0.5,bean
667,178.739541432776,2,0,1.431399941444397,9,True,1.0,okra,Related,HasCompetitor,High,0.5,0.5,0.5,okra
471,165.37608445680874,2,8,1.7924000024795532,14,True,1.0,dusk,Related,HasCompetitor,High,0.5,0.5,0.5,dusk
1244,72.82885688879239,1,2,1.6232000589370728,3,True,1.0,hazy,Related,HasCompetitor,High,0.5,0.5,0.5,hazy
468,85.88334910109629,1,4,1.8920999765396118,6,True,1.0,cram,Related,HasCompetitor,High,0.5,0.5,0.5,cram
1355,48.60730282079412,1,0,0.8450999855995178,6,True,1.0,ditz,Related,HasCompetitor,High,0.5,0.5,0.5,ditz
485,663.918767426358,7,7,2.075500011444092,7,True,1.0,flop,Related,HasCompetitor,High,0.5,0.5,0.5,flop
1527,544.0339118519979,5,3,1.924299955368042,7,True,1.0,hype,Related,HasCompetitor,High,0.5,0.5,0.5,hype
481,108.63317615277415,2,2,1.4914000034332275,6,True,1.0,coed,Related,HasCompetitor,High,0.5,0.5,0.5,coed
816,82.74735804275996,0,9,3.295599937438965,9,True,1.0,dean,Related,HasCompetitor,High,0.5,0.5,0.5,dean
494,91.06823077778957,1,1,1.6128000020980835,8,True,1.0,saga,Related,HasCompetitor,High,0.5,0.5,0.5,saga
1463,41.459959958637256,1,0,2.0827999114990234,7,True,1.0,epic,Related,HasCompetitor,High,0.5,0.5,0.5,epic
484,163.5713818390024,2,0,2.340399980545044,6,True,1.0,iced,Related,HasCompetitor,High,0.5,0.5,0.5,iced
771,371.9355096034712,4,11,2.0413999557495117,7,True,1.0,rink,Related,HasCompetitor,High,0.5,0.5,0.5,rink
520,801.6293509240982,9,6,2.730799913406372,10,True,1.0,goat,Related,HasCompetitor,High,0.5,0.5,0.5,goat
803,700.0742008124441,6,3,2.18179988861084,8,True,1.0,calf,Related,HasCompetitor,High,0.5,0.5,0.5,calf
509,159.81668544114433,2,16,3.7286999225616455,8,True,1.0,ball,Related,HasCompetitor,High,0.5,0.5,0.5,ball
674,116.30653865478764,2,4,1.8513000011444092,7,True,1.0,mitt,Related,HasCompetitor,High,0.5,0.5,0.5,mitt
574,136.54380253204823,2,9,2.7135000228881836,8,True,1.0,worm,Related,HasCompetitor,High,0.5,0.5,0.5,worm
1027,320.2576381363373,3,1,2.1461000442504883,7,True,1.0,grub,Related,HasCompetitor,High,0.5,0.5,0.5,grub
515,135.95371013038366,2,9,3.1208999156951904,14,True,1.0,bike,Related,HasCompetitor,High,0.5,0.5,0.5,bike
525,515.0025579907672,5,6,2.176100015640259,7,True,1.0,sled,Related,HasCompetitor,High,0.5,0.5,0.5,sled
539,626.5948337770731,6,7,3.0048000812530518,8,True,1.0,mask,Related,HasCompetitor,High,0.5,0.5,0.5,mask
818,701.5233434181652,7,2,2.18179988861084,7,True,1.0,veil,Related,HasCompetitor,High,0.5,0.5,0.5,veil
517,797.1990563126046,10,9,3.015399932861328,9,True,1.0,sand,Related,HasCompetitor,High,0.5,0.5,0.5,sand
1065,274.6381012248882,3,3,1.8260999917984009,9,True,1.0,mesa,Related,HasCompetitor,High,0.5,0.5,0.5,mesa
588,548.4946819617805,5,8,1.9493999481201172,13,True,1.0,hoof,Related,HasCompetitor,High,0.5,0.5,0.5,hoof
635,97.33847665772245,1,7,2.3501999378204346,10,True,1.0,claw,Related,HasCompetitor,High,0.5,0.5,0.5,claw
523,739.9276105865192,9,6,2.2945001125335693,9,True,1.0,vase,Related,HasCompetitor,High,0.5,0.5,0.5,vase
756,571.7773389795701,5,0,2.2764999866485596,9,True,1.0,arch,Related,HasCompetitor,High,0.5,0.5,0.5,arch
540,773.9462518208533,8,14,2.950900077819824,8,True,1.0,tent,Related,HasCompetitor,High,0.5,0.5,0.5,tent
594,788.8371817719013,9,9,2.895400047302246,6,True,1.0,hood,Related,HasCompetitor,High,0.5,0.5,0.5,hood
552,365.2169467803327,4,6,2.889899969100952,9,True,1.0,soap,Related,HasCompetitor,High,0.5,0.5,0.5,soap
973,262.9577557730824,3,7,2.935499906539917,5,True,1.0,wipe,Related,HasCompetitor,High,0.5,0.5,0.5,wipe
584,139.3046790190209,2,10,2.664599895477295,9,True,1.0,cart,Related,HasCompetitor,High,0.5,0.5,0.5,cart
926,107.10523292000411,1,8,2.2227001190185547,8,True,1.0,reel,Related,HasCompetitor,High,0.5,0.5,0.5,reel
558,129.14870865557612,2,5,3.3364999294281006,12,True,1.0,milk,Related,HasCompetitor,High,0.5,0.5,0.5,milk
704,89.72891587980706,1,2,0.6990000009536743,12,True,1.0,whey,Related,HasCompetitor,High,0.5,0.5,0.5,whey
606,89.16643536958856,1,12,2.7535998821258545,7,True,1.0,nest,Related,HasCompetitor,High,0.5,0.5,0.5,nest
809,147.77287590456567,2,10,2.7235000133514404,4,True,1.0,coop,Related,HasCompetitor,High,0.5,0.5,0.5,coop
564,636.8627825559224,7,9,3.545599937438965,8,True,1.0,tape,Related,HasCompetitor,High,0.5,0.5,0.5,tape
932,618.9169021422522,6,2,2.9586000442504883,9,True,1.0,wrap,Related,HasCompetitor,High,0.5,0.5,0.5,wrap
565,262.57206320078393,3,12,3.5201001167297363,10,True,1.0,foot,Related,HasCompetitor,High,0.5,0.5,0.5,foot
611,132.09285161994197,2,7,2.198699951171875,6,True,1.0,shin,Related,HasCompetitor,High,0.5,0.5,0.5,shin
571,100.78376545520774,1,10,3.0945000648498535,9,True,1.0,belt,Related,HasCompetitor,High,0.5,0.5,0.5,belt
724,104.30753424941261,1,10,1.770900011062622,4,True,1.0,sash,Related,HasCompetitor,High,0.5,0.5,0.5,sash
577,620.9250499507654,6,5,2.547800064086914,7,True,1.0,crab,Related,HasCompetitor,High,0.5,0.5,0.5,crab
879,406.7168948407185,4,13,1.7853000164031982,9,True,1.0,mite,Related,HasCompetitor,High,0.5,0.5,0.5,mite
575,98.97981060930255,1,9,2.6542000770568848,8,True,1.0,fork,Related,HasCompetitor,High,0.5,0.5,0.5,fork
630,451.98428537989747,4,14,2.1847000122070312,7,True,1.0,rake,Related,HasCompetitor,High,0.5,0.5,0.5,rake
787,221.89524501770188,3,8,2.2600998878479004,7,True,1.0,mist,Related,HasCompetitor,High,0.5,0.5,0.5,mist
913,66.65396667762568,1,2,1.1138999462127686,7,True,1.0,dewy,Related,HasCompetitor,High,0.5,0.5,0.5,dewy
617,696.6839267060211,6,1,4.453499794006348,6,True,1.0,girl,Related,HasCompetitor,High,0.5,0.5,0.5,girl
862,94.81556518953933,1,2,4.0441999435424805,10,True,1.0,lady,Related,HasCompetitor,High,0.5,0.5,0.5,lady
719,759.5034711854489,8,5,2.827399969100952,10,True,1.0,whip,Related,HasCompetitor,High,0.5,0.5,0.5,whip
1066,736.0538885368156,8,4,1.5563000440597534,4,True,1.0,prod,Related,HasCompetitor,High,0.5,0.5,0.5,prod
639,644.8581685035866,6,5,3.1068999767303467,12,True,1.0,yard,Related,HasCompetitor,High,0.5,0.5,0.5,yard
930,144.0595499664951,2,7,4.596499919891357,9,True,1.0,home,Related,HasCompetitor,High,0.5,0.5,0.5,home
697,388.9145322732496,4,3,3.5223000049591064,13,True,1.0,film,Related,HasCompetitor,High,0.5,0.5,0.5,film
1028,172.56748807947406,2,8,1.6334999799728394,10,True,1.0,skit,Related,HasCompetitor,High,0.5,0.5,0.5,skit
643,509.23455978021923,5,10,3.674999952316284,9,True,1.0,ring,Related,HasCompetitor,High,0.5,0.5,0.5,ring
644,506.19804860949046,5,9,3.6050000190734863,13,True,1.0,gold,Related,HasCompetitor,High,0.5,0.5,0.5,gold
702,179.65254329800112,2,7,1.5184999704360962,8,True,1.0,scab,Related,HasCompetitor,High,0.5,0.5,0.5,scab
999,97.52841370899397,1,11,3.072200059890747,9,True,1.0,cast,Related,HasCompetitor,High,0.5,0.5,0.5,cast
650,495.16780634442773,5,7,3.116300106048584,6,True,1.0,tank,Related,HasCompetitor,High,0.5,0.5,0.5,tank
705,74.86460135932954,1,1,3.6405999660491943,11,True,1.0,army,Related,HasCompetitor,High,0.5,0.5,0.5,army
669,561.1450129485011,5,8,3.379699945449829,10,True,1.0,pool,Related,HasCompetitor,High,0.5,0.5,0.5,pool
1563,792.2004833766681,8,4,2.6041998863220215,7,True,1.0,mere,Related,HasCompetitor,High,0.5,0.5,0.5,mere
679,116.73550804260033,2,9,2.2600998878479004,10,True,1.0,veal,Related,HasCompetitor,High,0.5,0.5,0.5,veal
842,106.33870485759056,2,4,1.2788000106811523,6,True,1.0,loin,Related,HasCompetitor,High,0.5,0.5,0.5,loin
685,438.4899432307419,4,3,2.2067999839782715,7,True,1.0,duct,Related,HasCompetitor,High,0.5,0.5,0.5,duct
693,251.09293215640008,3,13,3.14739990234375,10,True,1.0,wire,Related,HasCompetitor,High,0.5,0.5,0.5,wire
687,66.37588548308705,1,3,2.459399938583374,7,True,1.0,tomb,Related,HasCompetitor,High,0.5,0.5,0.5,tomb
1047,93.79190433859678,1,7,3.0232999324798584,6,True,1.0,bury,Related,HasCompetitor,High,0.5,0.5,0.5,bury
743,107.26319187484285,1,10,3.1682000160217285,11,True,1.0,meal,Related,HasCompetitor,High,0.5,0.5,0.5,meal
943,520.8048368881995,5,10,2.257699966430664,4,True,1.0,hash,Related,HasCompetitor,High,0.5,0.5,0.5,hash
716,379.47598473266896,4,10,4.040999889373779,10,True,1.0,fire,Related,HasCompetitor,High,0.5,0.5,0.5,fire
906,503.7514725441756,5,6,2.4828999042510986,9,True,1.0,boil,Related,HasCompetitor,High,0.5,0.5,0.5,boil
810,746.8427420631135,9,7,2.2764999866485596,4,True,1.0,prop,Related,HasCompetitor,High,0.5,0.5,0.5,prop
1196,445.8692288343269,4,9,1.8194999694824219,7,True,1.0,scat,Related,HasCompetitor,High,0.5,0.5,0.5,scat
718,121.51769631269478,2,10,3.4354000091552734,9,True,1.0,band,Related,HasCompetitor,High,0.5,0.5,0.5,band
1215,49.91687463003272,1,0,1.6720999479293823,8,True,1.0,opus,Related,HasCompetitor,High,0.5,0.5,0.5,opus
762,129.72091675760046,2,11,2.2227001190185547,10,True,1.0,cove,Related,HasCompetitor,High,0.5,0.5,0.5,cove
945,70.31103826536517,1,3,2.3838000297546387,8,True,1.0,gulf,Related,HasCompetitor,High,0.5,0.5,0.5,gulf
749,118.14061625689496,2,7,3.436500072479248,8,True,1.0,note,Related,HasCompetitor,High,0.5,0.5,0.5,note
891,55.257743593973814,1,1,2.528899908065796,8,True,1.0,memo,Related,HasCompetitor,High,0.5,0.5,0.5,memo
757,503.10342892101306,5,0,1.3978999853134155,6,True,1.0,suds,Related,HasCompetitor,High,0.5,0.5,0.5,suds
854,109.88632802047997,1,11,3.3176000118255615,9,True,1.0,wash,Related,HasCompetitor,High,0.5,0.5,0.5,wash
759,829.9496312921425,10,13,2.2788000106811523,9,True,1.0,mink,Related,HasCompetitor,High,0.5,0.5,0.5,mink
944,157.8000364563119,2,5,1.6901999711990356,8,True,1.0,pelt,Related,HasCompetitor,High,0.5,0.5,0.5,pelt
799,92.68424379281383,1,6,2.8420000076293945,7,True,1.0,chop,Related,HasCompetitor,High,0.5,0.5,0.5,chop
997,65.40440836739234,1,4,2.340399980545044,6,True,1.0,trim,Related,HasCompetitor,High,0.5,0.5,0.5,trim
768,125.33795360754934,2,8,2.9916999340057373,11,True,1.0,site,Related,HasCompetitor,High,0.5,0.5,0.5,site
1079,109.5777898841001,2,0,3.5822999477386475,7,True,1.0,area,Related,HasCompetitor,High,0.5,0.5,0.5,area
825,115.08009125924973,2,7,3.187000036239624,8,True,1.0,gang,Related,HasCompetitor,High,0.5,0.5,0.5,gang
1162,124.17354943539681,2,8,2.322200059890747,10,True,1.0,clan,Related,HasCompetitor,High,0.5,0.5,0.5,clan
817,182.75965968985264,2,18,3.2385001182556152,10,True,1.0,male,Related,HasCompetitor,High,0.5,0.5,0.5,male
846,78.31605667639543,1,3,2.2504000663757324,10,True,1.0,womb,Related,HasCompetitor,High,0.5,0.5,0.5,womb
1203,308.4255621928447,3,2,2.0413999557495117,6,True,1.0,blur,Related,HasCompetitor,High,0.5,0.5,0.5,blur
1298,108.59869282273658,1,8,4.293000221252441,7,True,1.0,seen,Related,HasCompetitor,High,0.5,0.5,0.5,seen
823,223.63457113974715,3,0,3.337100028991699,9,True,1.0,papa,Related,HasCompetitor,High,0.5,0.5,0.5,papa
826,696.8987904235155,6,1,2.9646999835968018,5,True,1.0,sons,Related,HasCompetitor,High,0.5,0.5,0.5,sons
886,104.1504161673897,1,2,1.6720999479293823,10,True,1.0,brie,Related,HasCompetitor,High,0.5,0.5,0.5,brie
911,472.8143905835881,4,7,1.3617000579833984,8,True,1.0,curd,Related,HasCompetitor,High,0.5,0.5,0.5,curd
855,744.0410832121036,10,10,3.6970999240875244,5,True,1.0,sing,Related,HasCompetitor,High,0.5,0.5,0.5,sing
1024,598.4334575805686,6,10,2.973099946975708,9,True,1.0,yell,Related,HasCompetitor,High,0.5,0.5,0.5,yell
1072,54.286413194374745,1,2,2.6730000972747803,7,True,1.0,arts,Related,HasCompetitor,High,0.5,0.5,0.5,arts
1408,131.44601194518367,2,7,1.9955999851226807,10,True,1.0,muse,Related,HasCompetitor,High,0.5,0.5,0.5,muse
857,446.97649575900004,4,12,2.7283999919891357,8,True,1.0,root,Related,HasCompetitor,High,0.5,0.5,0.5,root
878,106.88822228080285,2,3,1.973099946975708,6,True,1.0,pulp,Related,HasCompetitor,High,0.5,0.5,0.5,pulp
871,729.2941500052704,8,8,4.10830020904541,7,True,1.0,jack,Related,HasCompetitor,High,0.5,0.5,0.5,jack
884,130.488045016645,2,11,2.9121999740600586,11,True,1.0,gear,Related,HasCompetitor,High,0.5,0.5,0.5,gear
869,68.08815976883751,1,7,3.436500072479248,10,True,1.0,shop,Related,HasCompetitor,High,0.5,0.5,0.5,shop
1154,150.8071999941848,2,9,4.609600067138672,7,True,1.0,work,Related,HasCompetitor,High,0.5,0.5,0.5,work
983,132.4824083224611,2,18,3.827199935913086,8,True,1.0,beat,Related,HasCompetitor,High,0.5,0.5,0.5,beat
1254,144.14645196588043,2,10,2.689300060272217,9,True,1.0,pace,Related,HasCompetitor,High,0.5,0.5,0.5,pace
890,58.23394824809877,1,3,2.706700086593628,11,True,1.0,acid,Related,HasCompetitor,High,0.5,0.5,0.5,acid
1245,116.21534220759838,2,10,2.4742000102996826,7,True,1.0,sour,Related,HasCompetitor,High,0.5,0.5,0.5,sour
947,145.94033100588567,2,8,4.639500141143799,9,True,1.0,talk,Related,HasCompetitor,High,0.5,0.5,0.5,talk
1167,638.131306961683,6,2,2.344399929046631,6,True,1.0,oral,Related,HasCompetitor,High,0.5,0.5,0.5,oral
935,378.72513558323845,4,16,2.498300075531006,6,True,1.0,fare,Related,HasCompetitor,High,0.5,0.5,0.5,fare
1140,117.0542195363721,2,9,2.2355000972747803,9,True,1.0,toll,Related,HasCompetitor,High,0.5,0.5,0.5,toll
1212,80.04771774090483,1,2,0.9031000137329102,8,True,1.0,quip,Related,HasCompetitor,High,0.5,0.5,0.5,quip
1468,116.43753670671518,2,10,1.8387999534606934,8,True,1.0,jest,Related,HasCompetitor,High,0.5,0.5,0.5,jest
941,434.86173366987293,4,7,2.799999952316284,7,True,1.0,bump,Related,HasCompetitor,High,0.5,0.5,0.5,bump
1221,813.6284316633212,10,13,2.884200096130371,9,True,1.0,sore,Related,HasCompetitor,High,0.5,0.5,0.5,sore
1280,70.77800707259614,1,2,2.2788000106811523,5,True,1.0,tidy,Related,HasCompetitor,High,0.5,0.5,0.5,tidy
1405,99.74826667494342,1,10,2.803499937057495,8,True,1.0,neat,Related,HasCompetitor,High,0.5,0.5,0.5,neat
985,78.72713119033965,1,1,1.857300043106079,6,True,1.0,ogre,Related,HasCompetitor,High,0.5,0.5,0.5,ogre
989,52.99089727567023,1,0,1.1761000156402588,8,True,1.0,yeti,Related,HasCompetitor,High,0.5,0.5,0.5,yeti
1206,280.9052352418961,3,12,3.588599920272827,6,True,1.0,slow,Related,HasCompetitor,High,0.5,0.5,0.5,slow
1440,250.4945035740675,3,7,1.7853000164031982,4,True,1.0,lull,Related,HasCompetitor,High,0.5,0.5,0.5,lull
1000,666.4167754881676,6,0,2.178999900817871,8,True,1.0,meow,Related,HasCompetitor,High,0.5,0.5,0.5,meow
1043,619.8464097092557,6,4,2.0253000259399414,6,True,1.0,howl,Related,HasCompetitor,High,0.5,0.5,0.5,howl
1121,77.84522372836216,1,0,1.8976000547409058,10,True,1.0,guru,Related,HasCompetitor,High,0.5,0.5,0.5,guru
1494,125.08895765129826,2,9,3.1623001098632812,10,True,1.0,wise,Related,HasCompetitor,High,0.5,0.5,0.5,wise
1020,236.49909355085782,3,8,4.163099765777588,11,True,1.0,five,Related,HasCompetitor,High,0.5,0.5,0.5,five
1314,142.33857385222342,2,1,3.039400100708008,8,True,1.0,zero,Related,HasCompetitor,High,0.5,0.5,0.5,zero
1218,94.32202892199815,1,7,1.9911999702453613,6,True,1.0,bulk,Related,HasCompetitor,High,0.5,0.5,0.5,bulk
1365,46.58436852920572,1,1,4.24429988861084,6,True,1.0,used,Related,HasCompetitor,High,0.5,0.5,0.5,used
1075,60.54628643094007,0,3,3.3078999519348145,6,True,1.0,loud,Related,HasCompetitor,High,0.5,0.5,0.5,loud
1098,85.63386523458202,1,16,4.452199935913086,4,True,1.0,hear,Related,HasCompetitor,High,0.5,0.5,0.5,hear
1360,432.8139633013255,4,0,2.659899950027466,5,True,1.0,obey,Related,HasCompetitor,High,0.5,0.5,0.5,obey
1382,134.7133468579222,2,5,3.390199899673462,8,True,1.0,rule,Related,HasCompetitor,High,0.5,0.5,0.5,rule
1110,105.62740389368423,1,17,3.0302000045776367,7,True,1.0,mile,Related,HasCompetitor,High,0.5,0.5,0.5,mile
1397,51.42533279503829,1,1,1.7782000303268433,4,True,1.0,afar,Related,HasCompetitor,High,0.5,0.5,0.5,afar
1328,85.04268781917088,1,1,3.6589999198913574,6,True,1.0,kept,Related,HasCompetitor,High,0.5,0.5,0.5,kept
1371,676.0759978882368,7,8,4.2418999671936035,5,True,1.0,took,Related,HasCompetitor,High,0.5,0.5,0.5,took
1166,171.83436233187095,2,9,1.3221999406814575,5,True,1.0,doze,Related,HasCompetitor,High,0.5,0.5,0.5,doze
1276,809.403563570933,10,11,4.035900115966797,5,True,1.0,rest,Related,HasCompetitor,High,0.5,0.5,0.5,rest
1452,28.702864322136186,1,0,2.9872000217437744,9,True,1.0,odds,Related,HasCompetitor,High,0.5,0.5,0.5,odds
1500,76.72657431878011,1,2,1.6812000274658203,4,True,1.0,vary,Related,HasCompetitor,High,0.5,0.5,0.5,vary
1214,79.31359222762038,1,12,4.151500225067139,10,True,1.0,year,Related,HasCompetitor,High,0.5,0.5,0.5,year
1341,122.27445200795395,2,0,2.983599901199341,11,True,1.0,noel,Related,HasCompetitor,High,0.5,0.5,0.5,noel
1344,77.52333664223518,1,5,3.9446001052856445,7,True,1.0,fact,Related,HasCompetitor,High,0.5,0.5,0.5,fact
1534,59.968349454499695,1,1,4.111299991607666,5,True,1.0,true,Related,HasCompetitor,High,0.5,0.5,0.5,true
1256,64.15978165526943,1,5,3.9179000854492188,6,True,1.0,hour,Related,HasCompetitor,High,0.5,0.5,0.5,hour
1263,98.43629542170714,1,7,4.999499797821045,5,True,1.0,time,Related,HasCompetitor,High,0.5,0.5,0.5,time
1334,113.10758037120361,2,3,3.7534000873565674,5,True,1.0,less,Related,HasCompetitor,High,0.5,0.5,0.5,less
1537,82.49644639607195,1,4,4.695799827575684,6,True,1.0,much,Related,HasCompetitor,High,0.5,0.5,0.5,much
1304,130.9684631453161,2,9,1.2553000450134277,5,True,1.0,bonk,Related,HasCompetitor,High,0.5,0.5,0.5,bonk
1353,65.21791697074848,1,4,1.9955999851226807,6,True,1.0,wham,Related,HasCompetitor,High,0.5,0.5,0.5,wham
1364,150.66277810099103,2,15,4.327899932861328,10,True,1.0,same,Related,HasCompetitor,High,0.5,0.5,0.5,same
1533,71.13768973129824,1,1,1.1761000156402588,5,True,1.0,akin,Related,HasCompetitor,High,0.5,0.5,0.5,akin
1323,540.4897753019801,5,6,1.4471999406814575,8,True,1.0,dolt,Related,HasCompetitor,High,0.5,0.5,0.5,dolt
1325,553.5493164792713,5,0,1.9138000011444092,5,True,1.0,redo,Related,HasCompetitor,High,0.5,0.5,0.5,redo
1433,119.84050747801605,2,3,3.9416000843048096,8,True,1.0,glad,Related,HasCompetitor,High,0.5,0.5,0.5,glad
1492,144.80887950209248,2,10,4.0391998291015625,9,True,1.0,hate,Related,HasCompetitor,High,0.5,0.5,0.5,hate
1358,101.73849064430729,1,10,4.145400047302246,7,True,1.0,lost,Related,HasCompetitor,High,0.5,0.5,0.5,lost
1368,99.22301057430147,1,10,4.627200126647949,5,True,1.0,find,Related,HasCompetitor,High,0.5,0.5,0.5,find
1439,269.2633542033406,3,7,1.5051000118255615,8,True,1.0,zeal,Related,HasCompetitor,High,0.5,0.5,0.5,zeal
1444,733.8059268180592,7,3,1.770900011062622,8,True,1.0,glee,Related,HasCompetitor,High,0.5,0.5,0.5,glee
1373,58.991502268188846,1,2,2.460900068283081,5,True,1.0,cozy,Related,HasCompetitor,High,0.5,0.5,0.5,cozy
1391,44.15703424280785,0,4,1.8691999912261963,5,True,1.0,snug,Related,HasCompetitor,High,0.5,0.5,0.5,snug
1464,114.98976750460497,2,11,5.497300148010254,6,True,1.0,have,Related,HasCompetitor,High,0.5,0.5,0.5,have
1501,72.97439752448265,0,9,4.947299957275391,5,True,1.0,been,Related,HasCompetitor,High,0.5,0.5,0.5,been
1385,118.044630764517,2,6,4.671899795532227,8,True,1.0,help,Related,HasCompetitor,High,0.5,0.5,0.5,help
1438,465.513834917032,5,20,4.393599987030029,7,True,1.0,care,Related,HasCompetitor,High,0.5,0.5,0.5,care
1401,95.25263203901795,1,12,4.39300012588501,11,True,1.0,mind,Related,HasCompetitor,High,0.5,0.5,0.5,mind
1511,110.3283658605925,2,4,3.5940001010894775,7,True,1.0,soul,Related,HasCompetitor,High,0.5,0.5,0.5,soul
1420,97.2147286807727,1,6,2.8685998916625977,5,True,1.0,foul,Related,HasCompetitor,High,0.5,0.5,0.5,foul
1515,54.2936848897636,0,8,2.2899999618530273,6,True,1.0,yuck,Related,HasCompetitor,High,0.5,0.5,0.5,yuck
1498,52.578847447112835,1,0,2.5315001010894775,9,True,1.0,urge,Related,HasCompetitor,High,0.5,0.5,0.5,urge
1539,60.49135031249737,1,5,2.079200029373169,6,True,1.0,whim,Related,HasCompetitor,High,0.5,0.5,0.5,whim
1458,68.15770644254303,1,5,1.8976000547409058,8,True,1.0,ploy,Related,HasCompetitor,High,0.5,0.5,0.5,ploy
1554,712.7530091792082,8,8,1.934499979019165,4,True,1.0,ruse,Related,HasCompetitor,High,0.5,0.5,0.5,ruse
1531,58.778201405647465,1,3,1.4149999618530273,5,True,1.0,avid,Related,HasCompetitor,High,0.5,0.5,0.5,avid
1548,107.76880531526828,2,5,2.359800100326538,5,True,1.0,keen,Related,HasCompetitor,High,0.5,0.5,0.5,keen
1,711.9093782159982,7,9,1.6990000009536743,9,True,1.0,pant,Unrelated,NoCompetitor,High,-0.5,-0.5,0.5,pant
261,89.37636136947955,1,5,2.9565999507904053,13,True,1.0,jean,Unrelated,NoCompetitor,High,-0.5,-0.5,0.5,jean
155,747.668267835849,8,5,2.3578999042510986,7,True,1.0,crow,Unrelated,NoCompetitor,High,-0.5,-0.5,0.5,crow
335,801.9789556587205,9,12,2.4547998905181885,10,True,1.0,dove,Unrelated,NoCompetitor,High,-0.5,-0.5,0.5,dove
12,88.62083500390655,1,2,2.7809998989105225,14,True,1.0,frog,Unrelated,NoCompetitor,High,-0.5,-0.5,0.5,frog
442,371.538770199651,4,4,1.8387999534606934,10,True,1.0,newt,Unrelated,NoCompetitor,High,-0.5,-0.5,0.5,newt
135,64.30706669107778,0,1,3.0183000564575195,10,True,1.0,earl,Unrelated,NoCompetitor,High,-0.5,-0.5,0.5,earl
972,112.74526178852736,1,7,3.1064999103546143,13,True,1.0,duke,Unrelated,NoCompetitor,High,-0.5,-0.5,0.5,duke
214,43.4936907596715,1,0,2.835700035095215,8,True,1.0,exam,Unrelated,NoCompetitor,High,-0.5,-0.5,0.5,exam
992,90.77102655474258,1,12,3.6324000358581543,11,True,1.0,test,Unrelated,NoCompetitor,High,-0.5,-0.5,0.5,test
157,747.0275325523818,8,8,1.5563000440597534,12,True,1.0,fowl,Unrelated,NoCompetitor,High,-0.5,-0.5,0.5,fowl
514,754.005430113371,7,1,3.365299940109253,11,True,1.0,bird,Unrelated,NoCompetitor,High,-0.5,-0.5,0.5,bird
542,116.24275540480016,1,8,2.542799949645996,15,True,1.0,swan,Unrelated,NoCompetitor,High,-0.5,-0.5,0.5,swan
603,120.18540743966837,1,14,3.1017000675201416,15,True,1.0,duck,Unrelated,NoCompetitor,High,-0.5,-0.5,0.5,duck
2,655.6985042728159,7,5,2.637500047683716,10,True,1.0,robe,Unrelated,NoCompetitor,High,-0.5,-0.5,0.5,robe
781,137.16718717424322,2,11,2.4547998905181885,11,True,1.0,vest,Unrelated,NoCompetitor,High,-0.5,-0.5,0.5,vest
146,58.94195410908186,1,1,1.6434999704360962,11,True,1.0,zinc,Unrelated,NoCompetitor,High,-0.5,-0.5,0.5,zinc
938,110.86926982419588,1,12,3.6280999183654785,16,True,1.0,lead,Unrelated,NoCompetitor,High,-0.5,-0.5,0.5,lead
369,87.69500944516595,1,4,2.004300117492676,10,True,1.0,barf,Unrelated,NoCompetitor,High,-0.5,-0.5,0.5,barf
755,104.64962540495874,1,5,2.5051000118255615,10,True,1.0,puke,Unrelated,NoCompetitor,High,-0.5,-0.5,0.5,puke
246,77.92590440256528,1,1,2.8608999252319336,9,True,1.0,debt,Unrelated,NoCompetitor,High,-0.5,-0.5,0.5,debt
1080,100.30200823839867,1,6,3.00600004196167,9,True,1.0,loan,Unrelated,NoCompetitor,High,-0.5,-0.5,0.5,loan
441,634.0011131448487,7,11,2.5262999534606934,10,True,1.0,mice,Unrelated,NoCompetitor,High,-0.5,-0.5,0.5,mice
905,102.8933539272604,1,5,2.176100015640259,13,True,1.0,puss,Unrelated,NoCompetitor,High,-0.5,-0.5,0.5,puss
422,68.3561077095916,1,1,2.8942999839782715,16,True,1.0,lion,Unrelated,NoCompetitor,High,-0.5,-0.5,0.5,lion
616,67.88097056547215,1,1,0.9031000137329102,9,True,1.0,puma,Unrelated,NoCompetitor,High,-0.5,-0.5,0.5,puma
721,76.24331751774665,1,4,1.5563000440597534,11,True,1.0,axes,Unrelated,NoCompetitor,High,-0.5,-0.5,0.5,axes
963,107.26699961034623,2,3,1.2303999662399292,9,True,1.0,maul,Unrelated,NoCompetitor,High,-0.5,-0.5,0.5,maul
439,95.14398913234265,1,7,1.9138000011444092,8,True,1.0,stag,Unrelated,NoCompetitor,High,-0.5,-0.5,0.5,stag
723,89.99580567661869,1,11,3.2360000610351562,11,True,1.0,buck,Unrelated,NoCompetitor,High,-0.5,-0.5,0.5,buck
566,133.50348767678048,2,12,3.4321999549865723,11,True,1.0,rose,Unrelated,NoCompetitor,High,-0.5,-0.5,0.5,rose
711,85.97492968187403,1,1,3.13700008392334,10,True,1.0,lily,Unrelated,NoCompetitor,High,-0.5,-0.5,0.5,lily
573,93.358217779064,1,6,2.767199993133545,16,True,1.0,dish,Unrelated,NoCompetitor,High,-0.5,-0.5,0.5,dish
599,94.69267100615859,1,6,3.039400100708008,9,True,1.0,bowl,Unrelated,NoCompetitor,High,-0.5,-0.5,0.5,bowl
1117,101.28965281803798,1,3,4.0991997718811035,9,True,1.0,hurt,Unrelated,NoCompetitor,High,-0.5,-0.5,0.5,hurt
1152,102.87216936250533,1,7,3.6986000537872314,13,True,1.0,pain,Unrelated,NoCompetitor,High,-0.5,-0.5,0.5,pain
576,111.57894348976592,2,5,2.617000102996826,11,True,1.0,pony,Unrelated,NoCompetitor,High,-0.5,-0.5,0.5,pony
680,130.93578467819307,2,18,2.1731998920440674,13,True,1.0,mare,Unrelated,NoCompetitor,High,-0.5,-0.5,0.5,mare
8,71.21815928786278,1,6,2.1238999366760254,7,True,1.0,gram,Unrelated,NoCompetitor,High,-0.5,-0.5,0.5,gram
1239,81.602971462587,1,4,1.9084999561309814,10,True,1.0,kilo,Unrelated,NoCompetitor,High,-0.5,-0.5,0.5,kilo
620,75.89910929565599,1,6,3.200900077819824,10,True,1.0,bath,Unrelated,NoCompetitor,High,-0.5,-0.5,0.5,bath
684,140.96817189183523,2,12,2.936500072479248,8,True,1.0,sink,Unrelated,NoCompetitor,High,-0.5,-0.5,0.5,sink
946,144.61479683919814,2,11,1.7559000253677368,13,True,1.0,gull,Unrelated,NoCompetitor,High,-0.5,-0.5,0.5,gull
1261,395.41429816109013,4,15,1.5681999921798706,9,True,1.0,coot,Unrelated,NoCompetitor,High,-0.5,-0.5,0.5,coot
623,86.31071685072739,0,10,2.789599895477295,14,True,1.0,dime,Unrelated,NoCompetitor,High,-0.5,-0.5,0.5,dime
909,122.22482670497536,2,10,2.684799909591675,12,True,1.0,cent,Unrelated,NoCompetitor,High,-0.5,-0.5,0.5,cent
118,30.0872295038128,0,0,2.433000087738037,7,True,1.0,nova,Unrelated,NoCompetitor,High,-0.5,-0.5,0.5,nova
709,73.6692340981455,1,9,3.618000030517578,13,True,1.0,star,Unrelated,NoCompetitor,High,-0.5,-0.5,0.5,star
1437,165.2844804107578,2,16,1.544100046157837,9,True,1.0,lore,Unrelated,NoCompetitor,High,-0.5,-0.5,0.5,lore
1466,62.16760401661943,1,3,2.547800064086914,6,True,1.0,myth,Unrelated,NoCompetitor,High,-0.5,-0.5,0.5,myth
270,137.45530242403635,2,7,2.285599946975708,10,True,1.0,pact,Unrelated,NoCompetitor,High,-0.5,-0.5,0.5,pact
1255,103.07170008131197,1,14,4.124899864196777,11,True,1.0,deal,Unrelated,NoCompetitor,High,-0.5,-0.5,0.5,deal
41,109.24326580177478,1,7,2.6989998817443848,12,True,1.0,silk,Unrelated,NoCompetitor,High,-0.5,-0.5,0.5,silk
610,83.88884888766314,1,6,2.2095000743865967,9,True,1.0,wool,Unrelated,NoCompetitor,High,-0.5,-0.5,0.5,wool
1251,92.47336484940605,1,10,2.761899948120117,8,True,1.0,rage,Unrelated,NoCompetitor,High,-0.5,-0.5,0.5,rage
1311,100.47584147005293,1,2,2.29229998588562,8,True,1.0,fury,Unrelated,NoCompetitor,High,-0.5,-0.5,0.5,fury
510,101.73572098674197,1,3,3.629300117492676,14,True,1.0,fish,Unrelated,NoCompetitor,High,-0.5,-0.5,0.5,fish
585,65.1625396058478,1,2,2.6117000579833984,12,True,1.0,tuna,Unrelated,NoCompetitor,High,-0.5,-0.5,0.5,tuna
910,72.85578221282827,1,4,1.857300043106079,8,True,1.0,wept,Unrelated,NoCompetitor,High,-0.5,-0.5,0.5,wept
1150,101.53910047493196,1,3,1.462399959564209,7,True,1.0,bawl,Unrelated,NoCompetitor,High,-0.5,-0.5,0.5,bawl
937,43.33269222970029,0,8,3.8190999031066895,7,True,1.0,king,Unrelated,NoCompetitor,High,-0.5,-0.5,0.5,king
1003,42.31842756789988,1,1,1.3009999990463257,9,True,1.0,tsar,Unrelated,NoCompetitor,High,-0.5,-0.5,0.5,tsar
22,82.43581025760957,1,5,2.4065001010894775,12,True,1.0,herb,Unrelated,NoCompetitor,High,-0.5,-0.5,0.5,herb
241,148.5143221094349,2,12,1.954200029373169,11,True,1.0,sage,Unrelated,NoCompetitor,High,-0.5,-0.5,0.5,sage
26,51.330407832312986,0,5,2.3784000873565674,10,True,1.0,limb,Unrelated,NoCompetitor,High,-0.5,-0.5,0.5,limb
692,88.42741318901079,1,7,4.154200077056885,11,True,1.0,hand,Unrelated,NoCompetitor,High,-0.5,-0.5,0.5,hand
30,49.9951601084201,1,2,1.9911999702453613,11,True,1.0,knit,Unrelated,NoCompetitor,High,-0.5,-0.5,0.5,knit
1034,80.42041648802008,1,2,1.8260999917984009,10,True,1.0,sewn,Unrelated,NoCompetitor,High,-0.5,-0.5,0.5,sewn
57,63.92440136938619,0,7,2.7723000049591064,11,True,1.0,plot,Unrelated,NoCompetitor,High,-0.5,-0.5,0.5,plot
1222,108.75247142942769,1,13,2.7874999046325684,11,True,1.0,tale,Unrelated,NoCompetitor,High,-0.5,-0.5,0.5,tale
61,106.76951212567651,1,7,1.9589999914169312,6,True,1.0,dung,Unrelated,NoCompetitor,High,-0.5,-0.5,0.5,dung
138,97.15630518939469,1,7,3.4986000061035156,7,True,1.0,crap,Unrelated,NoCompetitor,High,-0.5,-0.5,0.5,crap
62,420.48686196557554,4,0,0.3009999990463257,8,True,1.0,lynx,Unrelated,NoCompetitor,High,-0.5,-0.5,0.5,lynx
595,184.86297270489314,2,16,2.29229998588562,8,True,1.0,hare,Unrelated,NoCompetitor,High,-0.5,-0.5,0.5,hare
275,29.29916121879656,0,0,0.9031000137329102,13,True,1.0,ovum,Unrelated,NoCompetitor,High,-0.5,-0.5,0.5,ovum
821,87.13373501099214,1,10,3.4428999423980713,11,True,1.0,cell,Unrelated,NoCompetitor,High,-0.5,-0.5,0.5,cell
92,104.91679619772499,1,11,2.609600067138672,10,True,1.0,tuck,Unrelated,NoCompetitor,High,-0.5,-0.5,0.5,tuck
1287,116.92123645733326,2,9,2.851300001144409,8,True,1.0,darn,Unrelated,NoCompetitor,High,-0.5,-0.5,0.5,darn
240,91.3367259734354,1,4,2.478600025177002,11,True,1.0,glue,Unrelated,NoCompetitor,High,-0.5,-0.5,0.5,glue
815,31.242339887801183,1,1,1.0,14,True,1.0,inks,Unrelated,NoCompetitor,High,-0.5,-0.5,0.5,inks
141,82.99979881947405,1,10,2.5694000720977783,10,True,1.0,tick,Unrelated,NoCompetitor,High,-0.5,-0.5,0.5,tick
587,73.47803730416175,1,5,2.2304000854492188,8,True,1.0,flea,Unrelated,NoCompetitor,High,-0.5,-0.5,0.5,flea
213,21.480927878933475,0,0,1.2553000450134277,11,True,1.0,onyx,Unrelated,NoCompetitor,High,-0.5,-0.5,0.5,onyx
836,395.78075750369254,4,3,2.4149999618530273,9,True,1.0,jade,Unrelated,NoCompetitor,High,-0.5,-0.5,0.5,jade
142,88.34282127506012,1,1,2.56469988822937,12,True,1.0,glen,Unrelated,NoCompetitor,High,-0.5,-0.5,0.5,glen
549,121.41177177972747,1,12,3.282399892807007,13,True,1.0,hill,Unrelated,NoCompetitor,High,-0.5,-0.5,0.5,hill
170,105.69379313151182,1,9,2.2095000743865967,9,True,1.0,funk,Unrelated,NoCompetitor,High,-0.5,-0.5,0.5,funk
196,41.480227463129765,1,0,2.784600019454956,9,True,1.0,jazz,Unrelated,NoCompetitor,High,-0.5,-0.5,0.5,jazz
178,90.78361147673259,1,10,2.8578999042510986,10,True,1.0,bush,Unrelated,NoCompetitor,High,-0.5,-0.5,0.5,bush
511,96.88415773425356,1,4,3.5206000804901123,15,True,1.0,tree,Unrelated,NoCompetitor,High,-0.5,-0.5,0.5,tree
294,99.2699859053927,1,6,2.599900007247925,11,True,1.0,soil,Unrelated,NoCompetitor,High,-0.5,-0.5,0.5,soil
602,86.26670215462585,1,3,3.1175999641418457,5,True,1.0,dirt,Unrelated,NoCompetitor,High,-0.5,-0.5,0.5,dirt
186,711.5101835297835,7,3,2.734800100326538,12,True,1.0,lamb,Unrelated,NoCompetitor,High,-0.5,-0.5,0.5,lamb
608,765.3244495328253,9,11,2.648400068283081,10,True,1.0,deer,Unrelated,NoCompetitor,High,-0.5,-0.5,0.5,deer
384,48.076988668147635,1,1,2.8006999492645264,7,True,1.0,inch,Unrelated,NoCompetitor,High,-0.5,-0.5,0.5,inch
1291,227.71166709981247,3,8,2.0085999965667725,4,True,1.0,span,Unrelated,NoCompetitor,High,-0.5,-0.5,0.5,span
191,114.0490046272657,2,7,2.164400100708008,8,True,1.0,moss,Unrelated,NoCompetitor,High,-0.5,-0.5,0.5,moss
524,78.4707575351592,1,0,2.2147998809814453,9,True,1.0,fern,Unrelated,NoCompetitor,High,-0.5,-0.5,0.5,fern
266,96.03950780797337,1,7,1.8920999765396118,9,True,1.0,haze,Unrelated,NoCompetitor,High,-0.5,-0.5,0.5,haze
488,43.08479555739009,0,1,1.7482000589370728,9,True,1.0,smog,Unrelated,NoCompetitor,High,-0.5,-0.5,0.5,smog
230,135.17149282179452,2,8,1.924299955368042,10,True,1.0,lark,Unrelated,NoCompetitor,High,-0.5,-0.5,0.5,lark
470,469.7393297258142,4,1,1.3009999990463257,6,True,1.0,wren,Unrelated,NoCompetitor,High,-0.5,-0.5,0.5,wren
405,73.47089627756634,1,2,1.6720999479293823,11,True,1.0,acne,Unrelated,NoCompetitor,High,-0.5,-0.5,0.5,acne
1242,40.73223038031957,1,2,2.330399990081787,11,True,1.0,itch,Unrelated,NoCompetitor,High,-0.5,-0.5,0.5,itch
233,142.2575158535377,2,7,2.3385000228881836,7,True,1.0,lure,Unrelated,NoCompetitor,High,-0.5,-0.5,0.5,lure
271,78.87045021548663,0,3,2.6963999271392822,6,True,1.0,bait,Unrelated,NoCompetitor,High,-0.5,-0.5,0.5,bait
314,102.35456520163089,1,3,2.749000072479248,11,True,1.0,shed,Unrelated,NoCompetitor,High,-0.5,-0.5,0.5,shed
654,108.18499285980992,1,8,4.350599765777588,15,True,1.0,room,Unrelated,NoCompetitor,High,-0.5,-0.5,0.5,room
251,106.98576643198415,1,6,1.462399959564209,11,True,1.0,kale,Unrelated,NoCompetitor,High,-0.5,-0.5,0.5,kale
559,86.9392178367076,1,8,1.2041000127792358,9,True,1.0,leek,Unrelated,NoCompetitor,High,-0.5,-0.5,0.5,leek
548,133.34873803708507,2,9,3.688999891281128,14,True,1.0,boat,Unrelated,NoCompetitor,High,-0.5,-0.5,0.5,boat
597,62.166945044154545,0,8,3.7028000354766846,10,True,1.0,ship,Unrelated,NoCompetitor,High,-0.5,-0.5,0.5,ship
285,141.71220377540232,2,10,2.841399908065796,8,True,1.0,barn,Unrelated,NoCompetitor,High,-0.5,-0.5,0.5,barn
880,79.36214324237963,1,5,1.6901999711990356,9,True,1.0,silo,Unrelated,NoCompetitor,High,-0.5,-0.5,0.5,silo
25,82.8130311161323,0,10,1.544100046157837,8,True,1.0,mope,Unrelated,NoCompetitor,High,-0.5,-0.5,0.5,mope
1474,42.71645402672817,0,5,1.7243000268936157,8,True,1.0,glum,Unrelated,NoCompetitor,High,-0.5,-0.5,0.5,glum
319,125.24457523350934,2,5,1.8691999912261963,8,True,1.0,wasp,Unrelated,NoCompetitor,High,-0.5,-0.5,0.5,wasp
696,78.46195137560066,1,5,2.436199903488159,13,True,1.0,bees,Unrelated,NoCompetitor,High,-0.5,-0.5,0.5,bees
505,52.86305147031658,1,0,1.6128000020980835,11,True,1.0,kiwi,Unrelated,NoCompetitor,High,-0.5,-0.5,0.5,kiwi
626,58.35284766740925,1,5,2.243000030517578,12,True,1.0,plum,Unrelated,NoCompetitor,High,-0.5,-0.5,0.5,plum
454,42.33135762953391,1,3,1.3617000579833984,10,True,1.0,oxen,Unrelated,NoCompetitor,High,-0.5,-0.5,0.5,oxen
621,86.28898896519875,1,12,3.14739990234375,8,True,1.0,bull,Unrelated,NoCompetitor,High,-0.5,-0.5,0.5,bull
545,62.98318994325341,1,0,2.2227001190185547,14,True,1.0,mayo,Unrelated,NoCompetitor,High,-0.5,-0.5,0.5,mayo
736,106.75389529936626,1,9,1.2553000450134277,10,True,1.0,slaw,Unrelated,NoCompetitor,High,-0.5,-0.5,0.5,slaw
544,93.37598348892213,1,9,2.413300037384033,10,True,1.0,cafe,Unrelated,NoCompetitor,High,-0.5,-0.5,0.5,cafe
763,70.64737383995217,1,1,2.037400007247925,7,True,1.0,deli,Unrelated,NoCompetitor,High,-0.5,-0.5,0.5,deli
114,561.6017109434064,5,1,3.904400110244751,8,True,1.0,whoa,Unrelated,NoCompetitor,High,-0.5,-0.5,0.5,whoa
1483,43.98902750431094,1,1,2.7458999156951904,6,True,1.0,oops,Unrelated,NoCompetitor,High,-0.5,-0.5,0.5,oops
578,89.56655678462492,1,3,2.510499954223633,9,True,1.0,pond,Unrelated,NoCompetitor,High,-0.5,-0.5,0.5,pond
592,97.58065234872768,1,13,3.2641000747680664,9,True,1.0,lake,Unrelated,NoCompetitor,High,-0.5,-0.5,0.5,lake
174,66.57130446993516,0,2,2.5211000442504883,13,True,1.0,riot,Unrelated,NoCompetitor,High,-0.5,-0.5,0.5,riot
877,49.73988293481859,1,3,2.2528998851776123,11,True,1.0,thug,Unrelated,NoCompetitor,High,-0.5,-0.5,0.5,thug
590,97.25622028201784,1,11,3.585599899291992,12,True,1.0,beer,Unrelated,NoCompetitor,High,-0.5,-0.5,0.5,beer
1338,170.51196695226696,2,15,3.514899969100952,11,True,1.0,sake,Unrelated,NoCompetitor,High,-0.5,-0.5,0.5,sake
695,62.81665517358162,0,12,2.7809998989105225,15,True,1.0,pill,Unrelated,NoCompetitor,High,-0.5,-0.5,0.5,pill
798,47.08412990967162,1,2,3.36299991607666,12,True,1.0,drug,Unrelated,NoCompetitor,High,-0.5,-0.5,0.5,drug
596,99.94447585862956,1,10,4.168700218200684,9,True,1.0,face,Unrelated,NoCompetitor,High,-0.5,-0.5,0.5,face
676,122.08215779693064,2,11,4.277599811553955,9,True,1.0,head,Unrelated,NoCompetitor,High,-0.5,-0.5,0.5,head
144,95.20137843669961,1,6,1.8194999694824219,6,True,1.0,posh,Unrelated,NoCompetitor,High,-0.5,-0.5,0.5,posh
1347,66.03864585641381,1,5,2.0492000579833984,7,True,1.0,snob,Unrelated,NoCompetitor,High,-0.5,-0.5,0.5,snob
744,139.0405234862498,2,11,2.613800048828125,12,True,1.0,rash,Unrelated,NoCompetitor,High,-0.5,-0.5,0.5,rash
830,116.42796024726113,2,10,1.0,9,True,1.0,welt,Unrelated,NoCompetitor,High,-0.5,-0.5,0.5,welt
958,78.25315377678959,1,9,3.536799907684326,8,True,1.0,nine,Unrelated,NoCompetitor,High,-0.5,-0.5,0.5,nine
1188,70.36223620152495,1,6,4.115499973297119,9,True,1.0,four,Unrelated,NoCompetitor,High,-0.5,-0.5,0.5,four
751,53.23817572696747,0,8,2.4377999305725098,6,True,1.0,peel,Unrelated,NoCompetitor,High,-0.5,-0.5,0.5,peel
805,59.38663075957453,0,9,1.1761000156402588,6,True,1.0,rind,Unrelated,NoCompetitor,High,-0.5,-0.5,0.5,rind
1367,58.83750451039241,1,10,2.4969000816345215,6,True,1.0,scam,Unrelated,NoCompetitor,High,-0.5,-0.5,0.5,scam
1456,92.0350462271316,1,4,1.531499981880188,6,True,1.0,dupe,Unrelated,NoCompetitor,High,-0.5,-0.5,0.5,dupe
838,76.41270320266271,1,6,2.1875,10,True,1.0,boob,Unrelated,NoCompetitor,High,-0.5,-0.5,0.5,boob
843,134.20866694583205,2,13,1.2303999662399292,7,True,1.0,teat,Unrelated,NoCompetitor,High,-0.5,-0.5,0.5,teat
71,54.15914863526439,0,4,1.6812000274658203,10,True,1.0,spud,Unrelated,NoCompetitor,High,-0.5,-0.5,0.5,spud
698,57.17657244563593,1,7,3.0220000743865967,9,True,1.0,chip,Unrelated,NoCompetitor,High,-0.5,-0.5,0.5,chip
23,80.63903396544599,0,18,1.079200029373169,8,True,1.0,sear,Unrelated,NoCompetitor,High,-0.5,-0.5,0.5,sear
903,130.377346772913,2,13,2.510499954223633,9,True,1.0,bake,Unrelated,NoCompetitor,High,-0.5,-0.5,0.5,bake
152,40.39589241215837,0,8,2.0569000244140625,4,True,1.0,goof,Unrelated,NoCompetitor,High,-0.5,-0.5,0.5,goof
1108,29.088154994554873,0,2,1.544100046157837,8,True,1.0,typo,Unrelated,NoCompetitor,High,-0.5,-0.5,0.5,typo
40,83.6933925457208,1,12,1.5563000440597534,11,True,1.0,gash,Unrelated,NoCompetitor,High,-0.5,-0.5,0.5,gash
931,74.55969461102254,1,6,3.4498000144958496,7,True,1.0,burn,Unrelated,NoCompetitor,High,-0.5,-0.5,0.5,burn
49,142.020128229368,2,13,2.2279000282287598,11,True,1.0,lime,Unrelated,NoCompetitor,High,-0.5,-0.5,0.5,lime
557,109.24486179089095,1,13,1.8387999534606934,10,True,1.0,pear,Unrelated,NoCompetitor,High,-0.5,-0.5,0.5,pear
46,90.80519153603974,1,1,3.4149999618530273,6,True,1.0,duty,Unrelated,NoCompetitor,High,-0.5,-0.5,0.5,duty
1461,105.67285186623519,1,12,2.9684998989105225,8,True,1.0,role,Unrelated,NoCompetitor,High,-0.5,-0.5,0.5,role
305,55.2344330848508,1,2,3.380199909210205,7,True,1.0,plus,Unrelated,NoCompetitor,High,-0.5,-0.5,0.5,plus
375,75.0427492351862,1,6,2.4518001079559326,8,True,1.0,grid,Unrelated,NoCompetitor,High,-0.5,-0.5,0.5,grid
47,116.41865936735061,2,13,1.579800009727478,5,True,1.0,hone,Unrelated,NoCompetitor,High,-0.5,-0.5,0.5,hone
364,54.826998376747405,0,4,0.7781999707221985,10,True,1.0,rasp,Unrelated,NoCompetitor,High,-0.5,-0.5,0.5,rasp
195,59.16022190090437,1,2,1.8451000452041626,8,True,1.0,alto,Unrelated,NoCompetitor,High,-0.5,-0.5,0.5,alto
1105,44.3306428241996,0,1,1.8976000547409058,8,True,1.0,diva,Unrelated,NoCompetitor,High,-0.5,-0.5,0.5,diva
159,181.59420524321325,2,16,2.7551000118255615,10,True,1.0,boot,Unrelated,NoCompetitor,High,-0.5,-0.5,0.5,boot
609,90.94987899916649,1,7,2.577500104904175,6,True,1.0,heel,Unrelated,NoCompetitor,High,-0.5,-0.5,0.5,heel
162,43.56099678789657,0,0,3.1201999187469482,12,True,1.0,taxi,Unrelated,NoCompetitor,High,-0.5,-0.5,0.5,taxi
475,58.632798415787704,1,1,2.5933001041412354,12,True,1.0,auto,Unrelated,NoCompetitor,High,-0.5,-0.5,0.5,auto
161,116.33984254550867,2,4,1.6901999711990356,9,True,1.0,font,Unrelated,NoCompetitor,High,-0.5,-0.5,0.5,font
163,51.49561458351784,1,4,3.490499973297119,5,True,1.0,type,Unrelated,NoCompetitor,High,-0.5,-0.5,0.5,type
203,58.56303489422345,0,2,2.3032000064849854,13,True,1.0,bulb,Unrelated,NoCompetitor,High,-0.5,-0.5,0.5,bulb
534,82.69567264750182,1,8,2.81820011138916,11,True,1.0,lamp,Unrelated,NoCompetitor,High,-0.5,-0.5,0.5,lamp
185,37.35702817054065,0,0,1.2788000106811523,12,True,1.0,oboe,Unrelated,NoCompetitor,High,-0.5,-0.5,0.5,oboe
277,110.39994018748932,1,7,2.1303000450134277,11,True,1.0,harp,Unrelated,NoCompetitor,High,-0.5,-0.5,0.5,harp
342,50.80992142954588,1,0,1.9031000137329102,8,True,1.0,luau,Unrelated,NoCompetitor,High,-0.5,-0.5,0.5,luau
1093,110.64778089657466,1,13,1.8451000452041626,10,True,1.0,fest,Unrelated,NoCompetitor,High,-0.5,-0.5,0.5,fest
202,92.578641628628,1,4,1.986799955368042,9,True,1.0,moan,Unrelated,NoCompetitor,High,-0.5,-0.5,0.5,moan
273,57.61530146205015,1,3,0.9031000137329102,6,True,1.0,yelp,Unrelated,NoCompetitor,High,-0.5,-0.5,0.5,yelp
346,63.27807096986675,0,6,2.672100067138672,9,True,1.0,hint,Unrelated,NoCompetitor,High,-0.5,-0.5,0.5,hint
480,49.326607222457746,0,3,2.9537999629974365,7,True,1.0,clue,Unrelated,NoCompetitor,High,-0.5,-0.5,0.5,clue
210,89.62107059609318,1,7,2.037400007247925,11,True,1.0,snot,Unrelated,NoCompetitor,High,-0.5,-0.5,0.5,snot
581,89.90795533319026,1,10,3.5511999130249023,11,True,1.0,nose,Unrelated,NoCompetitor,High,-0.5,-0.5,0.5,nose
221,58.32813907762926,1,2,1.7243000268936157,9,True,1.0,opal,Unrelated,NoCompetitor,High,-0.5,-0.5,0.5,opal
671,77.32010399135103,1,0,2.783900022506714,11,True,1.0,ruby,Unrelated,NoCompetitor,High,-0.5,-0.5,0.5,ruby
234,44.23474344296513,0,3,3.0980000495910645,6,True,1.0,path,Unrelated,NoCompetitor,High,-0.5,-0.5,0.5,path
677,87.63698097676311,1,5,3.7565999031066895,11,True,1.0,road,Unrelated,NoCompetitor,High,-0.5,-0.5,0.5,road
244,121.09293673232014,2,5,2.9014999866485596,12,True,1.0,tune,Unrelated,NoCompetitor,High,-0.5,-0.5,0.5,tune
961,54.93581924169395,1,0,1.924299955368042,10,True,1.0,hymn,Unrelated,NoCompetitor,High,-0.5,-0.5,0.5,hymn
282,86.22088436957435,0,9,2.730799913406372,10,True,1.0,pork,Unrelated,NoCompetitor,High,-0.5,-0.5,0.5,pork
683,87.55813080792322,1,6,3.0025999546051025,13,True,1.0,beef,Unrelated,NoCompetitor,High,-0.5,-0.5,0.5,beef
440,102.45229084750676,1,4,2.613800048828125,11,True,1.0,tray,Unrelated,NoCompetitor,High,-0.5,-0.5,0.5,tray
990,815.4293489548197,11,13,4.1585001945495605,10,True,1.0,case,Unrelated,NoCompetitor,High,-0.5,-0.5,0.5,case
297,129.84073749324278,2,10,2.3559999465942383,6,True,1.0,vile,Unrelated,NoCompetitor,High,-0.5,-0.5,0.5,vile
1543,74.84252633221729,0,8,5.124199867248535,12,True,1.0,good,Unrelated,NoCompetitor,High,-0.5,-0.5,0.5,good
507,97.924961695321,1,8,1.8260999917984009,9,True,1.0,tush,Unrelated,NoCompetitor,High,-0.5,-0.5,0.5,tush
860,129.88254845865822,2,12,5.0106000900268555,8,True,1.0,back,Unrelated,NoCompetitor,High,-0.5,-0.5,0.5,back
299,45.97389225874917,0,0,1.9031000137329102,7,True,1.0,quad,Unrelated,NoCompetitor,High,-0.5,-0.5,0.5,quad
651,73.51926886476453,1,7,2.7202000617980957,9,True,1.0,jeep,Unrelated,NoCompetitor,High,-0.5,-0.5,0.5,jeep
367,89.73774963595562,1,3,1.6232000589370728,8,True,1.0,clog,Unrelated,NoCompetitor,High,-0.5,-0.5,0.5,clog
561,451.6642540130665,4,11,2.661799907684326,8,True,1.0,sock,Unrelated,NoCompetitor,High,-0.5,-0.5,0.5,sock
301,102.15069240815664,1,10,1.7323999404907227,10,True,1.0,mead,Unrelated,NoCompetitor,High,-0.5,-0.5,0.5,mead
657,95.43054454321857,0,16,3.4883999824523926,7,True,1.0,wine,Unrelated,NoCompetitor,High,-0.5,-0.5,0.5,wine
499,50.759796446815784,1,5,1.8691999912261963,8,True,1.0,spur,Unrelated,NoCompetitor,High,-0.5,-0.5,0.5,spur
936,66.16034366721377,1,2,1.968500018119812,10,True,1.0,trot,Unrelated,NoCompetitor,High,-0.5,-0.5,0.5,trot
362,65.04384459210073,1,1,1.0,5,True,1.0,cyan,Unrelated,NoCompetitor,High,-0.5,-0.5,0.5,cyan
1068,96.92613782431201,1,3,3.717900037765503,7,True,1.0,blue,Unrelated,NoCompetitor,High,-0.5,-0.5,0.5,blue
365,101.64734751662903,1,5,2.307499885559082,8,True,1.0,mutt,Unrelated,NoCompetitor,High,-0.5,-0.5,0.5,mutt
513,89.30905206772714,1,2,3.4321999549865723,10,True,1.0,dogs,Unrelated,NoCompetitor,High,-0.5,-0.5,0.5,dogs
368,137.21014591987864,2,11,2.819499969482422,9,True,1.0,sack,Unrelated,NoCompetitor,High,-0.5,-0.5,0.5,sack
841,116.40747959881337,2,6,1.7482000589370728,12,True,1.0,tote,Unrelated,NoCompetitor,High,-0.5,-0.5,0.5,tote
717,112.06314255239847,1,13,3.7811999320983887,13,True,1.0,bill,Unrelated,NoCompetitor,High,-0.5,-0.5,0.5,bill
1156,77.21314938986559,0,13,3.246299982070923,10,True,1.0,rent,Unrelated,NoCompetitor,High,-0.5,-0.5,0.5,rent
376,66.97348177445258,0,5,2.989000082015991,7,True,1.0,bout,Unrelated,NoCompetitor,High,-0.5,-0.5,0.5,bout
1124,85.59613825285007,0,13,3.4993999004364014,12,True,1.0,race,Unrelated,NoCompetitor,High,-0.5,-0.5,0.5,race
814,44.67921204772273,1,0,1.2303999662399292,8,True,1.0,gyro,Unrelated,NoCompetitor,High,-0.5,-0.5,0.5,gyro
827,86.05526912674948,1,6,2.517199993133545,7,True,1.0,stew,Unrelated,NoCompetitor,High,-0.5,-0.5,0.5,stew
388,138.86005242423667,2,7,1.6021000146865845,6,True,1.0,carp,Unrelated,NoCompetitor,High,-0.5,-0.5,0.5,carp
495,99.45750333725613,1,10,2.3710999488830566,9,True,1.0,pike,Unrelated,NoCompetitor,High,-0.5,-0.5,0.5,pike
528,377.4253212521139,4,5,3.544100046157837,11,True,1.0,suit,Unrelated,NoCompetitor,High,-0.5,-0.5,0.5,suit
750,186.14482453690445,2,3,2.5250000953674316,7,True,1.0,gown,Unrelated,NoCompetitor,High,-0.5,-0.5,0.5,gown
419,60.84909482346791,1,3,2.7258999347686768,13,True,1.0,plug,Unrelated,NoCompetitor,High,-0.5,-0.5,0.5,plug
774,96.94669847004117,1,4,2.396199941635132,11,True,1.0,fuse,Unrelated,NoCompetitor,High,-0.5,-0.5,0.5,fuse
529,56.31461604665968,1,2,3.4844000339508057,9,True,1.0,arms,Unrelated,NoCompetitor,High,-0.5,-0.5,0.5,arms
655,69.28994458611301,1,3,3.998800039291382,10,True,1.0,body,Unrelated,NoCompetitor,High,-0.5,-0.5,0.5,body
458,94.24593836210826,1,3,2.359800100326538,8,True,1.0,loaf,Unrelated,NoCompetitor,High,-0.5,-0.5,0.5,loaf
883,62.13072932319832,1,1,1.7633999586105347,12,True,1.0,pita,Unrelated,NoCompetitor,High,-0.5,-0.5,0.5,pita
619,70.23636605790985,1,6,3.2040998935699463,11,True,1.0,snow,Unrelated,NoCompetitor,High,-0.5,-0.5,0.5,snow
866,96.26474818854241,1,13,2.7881999015808105,9,True,1.0,hail,Unrelated,NoCompetitor,High,-0.5,-0.5,0.5,hail
493,122.21508640334284,2,17,1.3978999853134155,10,True,1.0,pore,Unrelated,NoCompetitor,High,-0.5,-0.5,0.5,pore
658,70.08990528996591,1,7,3.351599931716919,14,True,1.0,skin,Unrelated,NoCompetitor,High,-0.5,-0.5,0.5,skin
872,46.89104145155146,0,0,3.7235000133514404,10,True,1.0,mama,Unrelated,NoCompetitor,High,-0.5,-0.5,0.5,mama
916,68.35986084721954,0,5,3.4495999813079834,11,True,1.0,aunt,Unrelated,NoCompetitor,High,-0.5,-0.5,0.5,aunt
532,72.20686476697776,1,3,3.1905999183654785,12,True,1.0,shoe,Unrelated,NoCompetitor,High,-0.5,-0.5,0.5,shoe
1015,737.6043322989356,8,5,3.2790000438690186,4,True,1.0,pair,Unrelated,NoCompetitor,High,-0.5,-0.5,0.5,pair
613,59.36555164543161,1,0,2.139899969100952,10,True,1.0,tofu,Unrelated,NoCompetitor,High,-0.5,-0.5,0.5,tofu
1469,56.31208651025027,1,1,1.5184999704360962,9,True,1.0,idly,Unrelated,NoCompetitor,High,-0.5,-0.5,0.5,idly
591,201.45186078864538,2,19,3.4667000770568848,8,True,1.0,bear,Unrelated,NoCompetitor,High,-0.5,-0.5,0.5,bear
661,72.92192347092471,1,2,3.014899969100952,8,True,1.0,wolf,Unrelated,NoCompetitor,High,-0.5,-0.5,0.5,wolf
1137,51.06332307217393,0,0,3.3922998905181885,3,True,1.0,huge,Unrelated,NoCompetitor,High,-0.5,-0.5,0.5,huge
1475,67.96912968188214,0,8,2.4941999912261963,8,True,1.0,vast,Unrelated,NoCompetitor,High,-0.5,-0.5,0.5,vast
605,90.74482299572858,1,12,2.8864998817443848,7,True,1.0,rice,Unrelated,NoCompetitor,High,-0.5,-0.5,0.5,rice
804,63.50952640373256,1,3,1.8324999809265137,9,True,1.0,bran,Unrelated,NoCompetitor,High,-0.5,-0.5,0.5,bran
634,138.84559000950304,2,10,2.456399917602539,6,True,1.0,poop,Unrelated,NoCompetitor,High,-0.5,-0.5,0.5,poop
976,51.42439178751762,0,3,2.1522998809814453,8,True,1.0,turd,Unrelated,NoCompetitor,High,-0.5,-0.5,0.5,turd
624,568.2650448101659,6,11,2.2788000106811523,11,True,1.0,lace,Unrelated,NoCompetitor,High,-0.5,-0.5,0.5,lace
1275,111.13447667712902,2,7,3.7862000465393066,8,True,1.0,felt,Unrelated,NoCompetitor,High,-0.5,-0.5,0.5,felt
656,50.00083897426789,0,2,3.935800075531006,10,True,1.0,city,Unrelated,NoCompetitor,High,-0.5,-0.5,0.5,city
730,53.22554264451028,0,3,4.101900100708008,11,True,1.0,town,Unrelated,NoCompetitor,High,-0.5,-0.5,0.5,town
629,89.25833605652636,1,4,3.437299966812134,8,True,1.0,bomb,Unrelated,NoCompetitor,High,-0.5,-0.5,0.5,bomb
977,53.92413367752617,0,3,2.086400032043457,12,True,1.0,nuke,Unrelated,NoCompetitor,High,-0.5,-0.5,0.5,nuke
670,113.94973748905367,1,6,3.083899974822998,15,True,1.0,deck,Unrelated,NoCompetitor,High,-0.5,-0.5,0.5,deck
775,58.51053107140031,1,4,3.7820000648498535,7,True,1.0,step,Unrelated,NoCompetitor,High,-0.5,-0.5,0.5,step
636,667.3914603036019,6,2,1.3617000579833984,6,True,1.0,gnat,Unrelated,NoCompetitor,High,-0.5,-0.5,0.5,gnat
714,79.04731519971408,1,4,2.06820011138916,12,True,1.0,moth,Unrelated,NoCompetitor,High,-0.5,-0.5,0.5,moth
731,41.62639820647377,0,3,3.338900089263916,10,True,1.0,jury,Unrelated,NoCompetitor,High,-0.5,-0.5,0.5,jury
1025,77.05581475321296,0,14,2.9474000930786133,10,True,1.0,bail,Unrelated,NoCompetitor,High,-0.5,-0.5,0.5,bail
642,129.8582449140701,2,3,4.173099994659424,11,True,1.0,door,Unrelated,NoCompetitor,High,-0.5,-0.5,0.5,door
758,83.83994933032061,1,13,1.3802000284194946,7,True,1.0,sill,Unrelated,NoCompetitor,High,-0.5,-0.5,0.5,sill
646,139.67421008580305,2,17,3.3615000247955322,8,True,1.0,cake,Unrelated,NoCompetitor,High,-0.5,-0.5,0.5,cake
956,76.79667163610752,1,7,1.9394999742507935,11,True,1.0,flan,Unrelated,NoCompetitor,High,-0.5,-0.5,0.5,flan
673,64.3365123095067,0,4,2.4914000034332275,11,True,1.0,bats,Unrelated,NoCompetitor,High,-0.5,-0.5,0.5,bats
832,144.46878160843775,2,13,2.6149001121520996,8,True,1.0,mole,Unrelated,NoCompetitor,High,-0.5,-0.5,0.5,mole
981,83.67235585856108,1,7,4.396299839019775,11,True,1.0,show,Unrelated,NoCompetitor,High,-0.5,-0.5,0.5,show
1216,78.4593645783214,1,5,4.257199764251709,8,True,1.0,play,Unrelated,NoCompetitor,High,-0.5,-0.5,0.5,play
729,115.049027878983,1,12,3.4602999687194824,9,True,1.0,lock,Unrelated,NoCompetitor,High,-0.5,-0.5,0.5,lock
1176,94.83987514054138,1,8,3.863600015640259,14,True,1.0,safe,Unrelated,NoCompetitor,High,-0.5,-0.5,0.5,safe
19,26.82804202283369,0,1,4.02239990234375,3,True,1.0,also,Unrelated,NoCompetitor,High,-0.5,-0.5,0.5,also
1564,47.308283979559505,1,3,2.7987000942230225,4,True,1.0,thus,Unrelated,NoCompetitor,High,-0.5,-0.5,0.5,thus
735,62.9885990285312,1,3,2.3784000873565674,9,True,1.0,lens,Unrelated,NoCompetitor,High,-0.5,-0.5,0.5,lens
1258,66.21308865463816,1,4,2.2600998878479004,5,True,1.0,zoom,Unrelated,NoCompetitor,High,-0.5,-0.5,0.5,zoom
9,45.021043534160185,0,1,0.8450999855995178,9,True,1.0,clef,Unrelated,NoCompetitor,High,-0.5,-0.5,0.5,clef
728,86.03768395869554,1,11,3.756500005722046,10,True,1.0,mike,Unrelated,NoCompetitor,High,-0.5,-0.5,0.5,mike
740,55.15942628463684,0,4,2.0827999114990234,13,True,1.0,meth,Unrelated,NoCompetitor,High,-0.5,-0.5,0.5,meth
1286,125.10563603330476,2,14,2.914299964904785,6,True,1.0,dope,Unrelated,NoCompetitor,High,-0.5,-0.5,0.5,dope
1088,88.67887692265549,1,5,4.557199954986572,9,True,1.0,stop,Unrelated,NoCompetitor,High,-0.5,-0.5,0.5,stop
1184,145.98173144940523,2,5,2.7604000568389893,6,True,1.0,halt,Unrelated,NoCompetitor,High,-0.5,-0.5,0.5,halt
778,54.666977697130946,1,2,2.3578999042510986,12,True,1.0,yoga,Unrelated,NoCompetitor,High,-0.5,-0.5,0.5,yoga
1230,72.58951524458723,1,5,3.266700029373169,8,True,1.0,pray,Unrelated,NoCompetitor,High,-0.5,-0.5,0.5,pray
1236,121.48917880258023,2,4,2.7339999675750732,9,True,1.0,fund,Unrelated,NoCompetitor,High,-0.5,-0.5,0.5,fund
1330,52.357725929840036,0,1,3.6129000186920166,9,True,1.0,rich,Unrelated,NoCompetitor,High,-0.5,-0.5,0.5,rich
1031,87.8376336289092,1,11,3.8220999240875244,7,True,1.0,cold,Unrelated,NoCompetitor,High,-0.5,-0.5,0.5,cold
1134,789.640012658988,9,9,3.4249000549316406,4,True,1.0,warm,Unrelated,NoCompetitor,High,-0.5,-0.5,0.5,warm
4,107.5229647727953,1,10,2.444000005722046,8,True,1.0,mint,Unrelated,NoCompetitor,High,-0.5,-0.5,0.5,mint
638,62.86638734388255,1,0,1.2041000127792358,11,True,1.0,aloe,Unrelated,NoCompetitor,High,-0.5,-0.5,0.5,aloe
1372,61.327545909592494,1,4,2.9047000408172607,7,True,1.0,hers,Unrelated,NoCompetitor,High,-0.5,-0.5,0.5,hers
1428,42.95920726007882,0,5,5.5167999267578125,4,True,1.0,your,Unrelated,NoCompetitor,High,-0.5,-0.5,0.5,your
24,56.38949533508169,1,1,3.22189998626709,8,True,1.0,ally,Unrelated,NoCompetitor,High,-0.5,-0.5,0.5,ally
1525,41.41978962936713,0,6,1.7559000253677368,7,True,1.0,tact,Unrelated,NoCompetitor,High,-0.5,-0.5,0.5,tact
1496,122.75993130816876,2,10,5.148399829864502,6,True,1.0,want,Unrelated,NoCompetitor,High,-0.5,-0.5,0.5,want
1536,80.39362491259904,1,8,4.819799900054932,11,True,1.0,need,Unrelated,NoCompetitor,High,-0.5,-0.5,0.5,need
7,45.3075994908139,0,3,3.8712000846862793,6,True,1.0,plan,Unrelated,NoCompetitor,High,-0.5,-0.5,0.5,plan
1039,120.57205464106985,2,4,3.8020999431610107,11,True,1.0,boss,Unrelated,NoCompetitor,High,-0.5,-0.5,0.5,boss
5,153.72770759030197,2,15,3.112600088119507,10,True,1.0,sale,Unrelated,NoCompetitor,High,-0.5,-0.5,0.5,sale
1403,83.11090256473435,0,9,3.447499990463257,8,True,1.0,cost,Unrelated,NoCompetitor,High,-0.5,-0.5,0.5,cost
50,55.95208730226358,1,3,2.450200080871582,9,True,1.0,prey,Unrelated,NoCompetitor,High,-0.5,-0.5,0.5,prey
356,41.687668338785834,0,1,0.7781999707221985,7,True,1.0,bios,Unrelated,NoCompetitor,High,-0.5,-0.5,0.5,bios
10,79.39077056902299,1,7,3.239799976348877,8,True,1.0,mood,Unrelated,NoCompetitor,High,-0.5,-0.5,0.5,mood
1505,80.58210592196161,1,4,2.426500082015991,5,True,1.0,vibe,Unrelated,NoCompetitor,High,-0.5,-0.5,0.5,vibe
33,100.69444546246947,1,6,2.4249000549316406,8,True,1.0,leaf,Unrelated,NoCompetitor,High,-0.5,-0.5,0.5,leaf
741,50.763290117770815,0,4,2.060699939727783,9,True,1.0,stem,Unrelated,NoCompetitor,High,-0.5,-0.5,0.5,stem
13,86.14074676367004,1,8,1.3978999853134155,6,True,1.0,bode,Unrelated,NoCompetitor,High,-0.5,-0.5,0.5,bode
1350,40.04165607980071,1,4,1.9444999694824219,8,True,1.0,omen,Unrelated,NoCompetitor,High,-0.5,-0.5,0.5,omen
67,69.61764983044782,0,6,3.2063000202178955,6,True,1.0,weak,Unrelated,NoCompetitor,High,-0.5,-0.5,0.5,weak
1379,79.50641737169974,1,3,1.875100016593933,4,True,1.0,puny,Unrelated,NoCompetitor,High,-0.5,-0.5,0.5,puny
31,158.73390631265403,2,10,2.5866000652313232,5,True,1.0,bold,Unrelated,NoCompetitor,High,-0.5,-0.5,0.5,bold
1308,60.872952896459445,0,4,2.2040998935699463,13,True,1.0,wimp,Unrelated,NoCompetitor,High,-0.5,-0.5,0.5,wimp
79,37.73667264194067,0,5,2.873300075531006,7,True,1.0,spin,Unrelated,NoCompetitor,High,-0.5,-0.5,0.5,spin
783,37.89196276588369,0,2,2.1238999366760254,7,True,1.0,axel,Unrelated,NoCompetitor,High,-0.5,-0.5,0.5,axel
39,94.45870979528938,1,9,1.9394999742507935,11,True,1.0,lard,Unrelated,NoCompetitor,High,-0.5,-0.5,0.5,lard
535,43.95536996871995,0,5,2.657099962234497,13,True,1.0,oven,Unrelated,NoCompetitor,High,-0.5,-0.5,0.5,oven
55,67.4341060462483,1,5,2.8626999855041504,5,True,1.0,flip,Unrelated,NoCompetitor,High,-0.5,-0.5,0.5,flip
966,97.50985490497251,1,12,2.816200017929077,6,True,1.0,dive,Unrelated,NoCompetitor,High,-0.5,-0.5,0.5,dive
43,40.11257040287426,1,1,1.6021000146865845,6,True,1.0,yogi,Unrelated,NoCompetitor,High,-0.5,-0.5,0.5,yogi
204,76.7579568606287,1,2,2.89490008354187,10,True,1.0,diet,Unrelated,NoCompetitor,High,-0.5,-0.5,0.5,diet
73,94.32417971807158,2,1,1.2303999662399292,3,True,1.0,gawk,Unrelated,NoCompetitor,High,-0.5,-0.5,0.5,gawk
119,455.2306621898471,5,1,1.3009999990463257,3,True,1.0,ogle,Unrelated,NoCompetitor,High,-0.5,-0.5,0.5,ogle
65,124.60231993320158,2,13,2.1270999908447266,7,True,1.0,hoot,Unrelated,NoCompetitor,High,-0.5,-0.5,0.5,hoot
354,308.50480167013467,3,2,1.6021000146865845,5,True,1.0,purr,Unrelated,NoCompetitor,High,-0.5,-0.5,0.5,purr
107,93.70454001660514,1,12,2.033400058746338,5,True,1.0,vine,Unrelated,NoCompetitor,High,-0.5,-0.5,0.5,vine
173,485.81059750134966,5,12,2.6675000190734863,5,True,1.0,reed,Unrelated,NoCompetitor,High,-0.5,-0.5,0.5,reed
82,225.21803102086574,3,11,2.045300006866455,6,True,1.0,hock,Unrelated,NoCompetitor,High,-0.5,-0.5,0.5,hock
648,773.2659236959041,9,8,1.8632999658584595,5,True,1.0,rump,Unrelated,NoCompetitor,High,-0.5,-0.5,0.5,rump
109,111.40255810801628,2,12,2.846299886703491,8,True,1.0,sail,Unrelated,NoCompetitor,High,-0.5,-0.5,0.5,sail
662,71.15745192486213,1,6,2.950900077819824,9,True,1.0,flag,Unrelated,NoCompetitor,High,-0.5,-0.5,0.5,flag
86,88.36004825475796,1,4,2.381999969482422,7,True,1.0,raft,Unrelated,NoCompetitor,High,-0.5,-0.5,0.5,raft
397,72.42233735331305,1,10,2.8101999759674072,7,True,1.0,pump,Unrelated,NoCompetitor,High,-0.5,-0.5,0.5,pump
113,85.6081639789465,1,11,2.342400074005127,9,True,1.0,mold,Unrelated,NoCompetitor,High,-0.5,-0.5,0.5,mold
734,66.58217951260636,1,6,2.4047999382019043,11,True,1.0,slug,Unrelated,NoCompetitor,High,-0.5,-0.5,0.5,slug
89,71.81869307924421,1,4,1.5563000440597534,12,True,1.0,lube,Unrelated,NoCompetitor,High,-0.5,-0.5,0.5,lube
1045,68.11776299901499,1,1,1.6990000009536743,7,True,1.0,oily,Unrelated,NoCompetitor,High,-0.5,-0.5,0.5,oily
93,69.41173060473061,1,2,2.8101999759674072,10,True,1.0,eats,Unrelated,NoCompetitor,High,-0.5,-0.5,0.5,eats
865,70.47055128313536,0,11,3.3664000034332275,10,True,1.0,cook,Unrelated,NoCompetitor,High,-0.5,-0.5,0.5,cook
95,68.18072726688311,0,8,0.7781999707221985,6,True,1.0,eave,Unrelated,NoCompetitor,High,-0.5,-0.5,0.5,eave
660,89.8970733191732,1,7,3.2597999572753906,10,True,1.0,roof,Unrelated,NoCompetitor,High,-0.5,-0.5,0.5,roof
108,68.44603585733972,0,3,2.3578999042510986,9,True,1.0,cult,Unrelated,NoCompetitor,High,-0.5,-0.5,0.5,cult
1054,72.59239407806436,0,7,3.876699924468994,8,True,1.0,team,Unrelated,NoCompetitor,High,-0.5,-0.5,0.5,team
98,168.27623764468632,2,3,2.8136000633239746,9,True,1.0,hawk,Unrelated,NoCompetitor,High,-0.5,-0.5,0.5,hawk
889,145.54396655275025,2,12,1.8632999658584595,8,True,1.0,loon,Unrelated,NoCompetitor,High,-0.5,-0.5,0.5,loon
120,114.10745803502591,2,0,1.7633999586105347,7,True,1.0,afro,Unrelated,NoCompetitor,High,-0.5,-0.5,0.5,afro
1390,77.67650760914357,1,5,1.9394999742507935,10,True,1.0,jive,Unrelated,NoCompetitor,High,-0.5,-0.5,0.5,jive
101,68.61671588045587,1,3,2.983599901199341,9,True,1.0,june,Unrelated,NoCompetitor,High,-0.5,-0.5,0.5,june
1155,63.665974833137284,0,9,4.085100173950195,9,True,1.0,week,Unrelated,NoCompetitor,High,-0.5,-0.5,0.5,week
128,53.639489668324224,1,3,0.9031000137329102,9,True,1.0,alum,Unrelated,NoCompetitor,High,-0.5,-0.5,0.5,alum
582,88.96190359032673,0,4,2.998300075531006,8,True,1.0,salt,Unrelated,NoCompetitor,High,-0.5,-0.5,0.5,salt
102,114.00598118132343,2,6,2.1238999366760254,8,True,1.0,reap,Unrelated,NoCompetitor,High,-0.5,-0.5,0.5,reap
284,65.17273152046414,0,4,1.2553000450134277,7,True,1.0,sown,Unrelated,NoCompetitor,High,-0.5,-0.5,0.5,sown
137,76.84787268228803,1,6,1.9955999851226807,9,True,1.0,fang,Unrelated,NoCompetitor,High,-0.5,-0.5,0.5,fang
675,77.76054209258436,1,6,1.1461000442504883,8,True,1.0,tusk,Unrelated,NoCompetitor,High,-0.5,-0.5,0.5,tusk
111,62.18724054533578,1,1,1.1461000442504883,8,True,1.0,peso,Unrelated,NoCompetitor,High,-0.5,-0.5,0.5,peso
1260,77.82934979513904,1,4,1.986799955368042,11,True,1.0,watt,Unrelated,NoCompetitor,High,-0.5,-0.5,0.5,watt
117,44.402896897838374,2,4,0.8450999855995178,4,True,1.0,glob,Unrelated,NoCompetitor,High,-0.5,-0.5,0.5,glob
978,83.15652516233101,1,2,1.4471999406814575,6,True,1.0,ooze,Unrelated,NoCompetitor,High,-0.5,-0.5,0.5,ooze
122,66.09769378453962,0,11,1.0,11,True,1.0,seep,Unrelated,NoCompetitor,High,-0.5,-0.5,0.5,seep
1186,78.84864803468517,1,10,1.5681999921798706,3,True,1.0,gush,Unrelated,NoCompetitor,High,-0.5,-0.5,0.5,gush
127,78.24699891592182,1,9,2.76419997215271,7,True,1.0,cock,Unrelated,NoCompetitor,High,-0.5,-0.5,0.5,cock
604,95.14516823431205,1,9,3.0141000747680664,6,True,1.0,wing,Unrelated,NoCompetitor,High,-0.5,-0.5,0.5,wing
123,68.856237907584,0,15,2.566999912261963,5,True,1.0,bent,Unrelated,NoCompetitor,High,-0.5,-0.5,0.5,bent
478,100.6083814277476,1,10,2.448699951171875,7,True,1.0,warp,Unrelated,NoCompetitor,High,-0.5,-0.5,0.5,warp
151,87.08831016921451,2,9,2.9781999588012695,10,True,1.0,vice,Unrelated,NoCompetitor,High,-0.5,-0.5,0.5,vice
858,97.62207436094036,1,9,2.086400032043457,9,True,1.0,swab,Unrelated,NoCompetitor,High,-0.5,-0.5,0.5,swab
131,185.8814453910122,2,10,2.429800033569336,6,True,1.0,sole,Unrelated,NoCompetitor,High,-0.5,-0.5,0.5,sole
256,794.139798608437,10,8,2.5866000652313232,6,True,1.0,bass,Unrelated,NoCompetitor,High,-0.5,-0.5,0.5,bass
187,36.00958873951562,0,1,3.122499942779541,7,True,1.0,amen,Unrelated,NoCompetitor,High,-0.5,-0.5,0.5,amen
316,90.60240370289367,1,13,2.2809998989105225,10,True,1.0,lent,Unrelated,NoCompetitor,High,-0.5,-0.5,0.5,lent
136,82.21045342423166,1,5,2.56820011138916,9,True,1.0,dorm,Unrelated,NoCompetitor,High,-0.5,-0.5,0.5,dorm
383,91.7637713113292,1,5,2.2067999839782715,12,True,1.0,frat,Unrelated,NoCompetitor,High,-0.5,-0.5,0.5,frat
154,103.90567225770326,2,3,1.9493999481201172,5,True,1.0,gasp,Unrelated,NoCompetitor,High,-0.5,-0.5,0.5,gasp
1013,50.529963746766626,1,3,2.240499973297119,7,True,1.0,sigh,Unrelated,NoCompetitor,High,-0.5,-0.5,0.5,sigh
148,37.816210234843986,0,1,3.116300106048584,10,True,1.0,data,Unrelated,NoCompetitor,High,-0.5,-0.5,0.5,data
831,96.74760525697165,0,11,3.351599931716919,11,True,1.0,file,Unrelated,NoCompetitor,High,-0.5,-0.5,0.5,file
153,47.13608752286916,0,1,1.4471999406814575,9,True,1.0,noun,Unrelated,NoCompetitor,High,-0.5,-0.5,0.5,noun
1301,51.50442405999529,1,3,5.320700168609619,6,True,1.0,they,Unrelated,NoCompetitor,High,-0.5,-0.5,0.5,they
158,63.78708779807787,1,1,3.486999988555908,3,True,1.0,lots,Unrelated,NoCompetitor,High,-0.5,-0.5,0.5,lots
1431,89.5546377946938,1,2,4.263199806213379,7,True,1.0,many,Unrelated,NoCompetitor,High,-0.5,-0.5,0.5,many
215,142.33607057195368,2,8,2.8006999492645264,12,True,1.0,tire,Unrelated,NoCompetitor,High,-0.5,-0.5,0.5,tire
791,74.07696090071644,0,12,2.170300006866455,10,True,1.0,puck,Unrelated,NoCompetitor,High,-0.5,-0.5,0.5,puck
167,158.24978667608838,2,6,1.1138999462127686,9,True,1.0,nape,Unrelated,NoCompetitor,High,-0.5,-0.5,0.5,nape
322,60.128470080960426,1,5,2.8115999698638916,6,True,1.0,chin,Unrelated,NoCompetitor,High,-0.5,-0.5,0.5,chin
181,117.60119666282654,2,6,2.06820011138916,10,True,1.0,tong,Unrelated,NoCompetitor,High,-0.5,-0.5,0.5,tong
1116,75.52161105364428,1,11,1.9031000137329102,6,True,1.0,spat,Unrelated,NoCompetitor,High,-0.5,-0.5,0.5,spat
172,109.56639086095004,2,10,1.919100046157837,7,True,1.0,gent,Unrelated,NoCompetitor,High,-0.5,-0.5,0.5,gent
274,136.2620380429325,2,14,2.8469998836517334,10,True,1.0,dame,Unrelated,NoCompetitor,High,-0.5,-0.5,0.5,dame
197,82.0563695089941,1,8,2.773099899291992,5,True,1.0,porn,Unrelated,NoCompetitor,High,-0.5,-0.5,0.5,porn
1096,27.40025276586036,0,0,1.9444999694824219,6,True,1.0,orgy,Unrelated,NoCompetitor,High,-0.5,-0.5,0.5,orgy
176,85.57643159291847,1,2,1.9589999914169312,10,True,1.0,gala,Unrelated,NoCompetitor,High,-0.5,-0.5,0.5,gala
1081,104.67485789035402,1,3,2.9576001167297363,12,True,1.0,prom,Unrelated,NoCompetitor,High,-0.5,-0.5,0.5,prom
192,52.353856818087955,0,3,3.0381999015808105,6,True,1.0,deny,Unrelated,NoCompetitor,High,-0.5,-0.5,0.5,deny
1435,43.446693189502575,0,11,3.2513999938964844,4,True,1.0,nope,Unrelated,NoCompetitor,High,-0.5,-0.5,0.5,nope
177,608.0695967203562,5,0,3.0834999084472656,6,True,1.0,guts,Unrelated,NoCompetitor,High,-0.5,-0.5,0.5,guts
434,88.53874619511193,0,11,1.6128000020980835,11,True,1.0,bile,Unrelated,NoCompetitor,High,-0.5,-0.5,0.5,bile
206,94.98198157503268,0,15,1.7482000589370728,10,True,1.0,soot,Unrelated,NoCompetitor,High,-0.5,-0.5,0.5,soot
1135,29.05988924917662,2,2,1.079200029373169,6,True,1.0,inky,Unrelated,NoCompetitor,High,-0.5,-0.5,0.5,inky
180,70.55976771078265,1,5,2.52239990234375,8,True,1.0,vain,Unrelated,NoCompetitor,High,-0.5,-0.5,0.5,vain
298,54.21934661818958,0,2,2.859100103378296,9,True,1.0,self,Unrelated,NoCompetitor,High,-0.5,-0.5,0.5,self
193,67.1851673564267,0,3,1.857300043106079,11,True,1.0,gout,Unrelated,NoCompetitor,High,-0.5,-0.5,0.5,gout
519,44.17409564070341,0,1,2.8750998973846436,8,True,1.0,knee,Unrelated,NoCompetitor,High,-0.5,-0.5,0.5,knee
190,69.11480730500483,0,6,1.1138999462127686,4,True,1.0,meld,Unrelated,NoCompetitor,High,-0.5,-0.5,0.5,meld
1290,35.19573341657139,0,1,2.0492000579833984,5,True,1.0,ante,Unrelated,NoCompetitor,High,-0.5,-0.5,0.5,ante
201,99.2390996314368,1,8,1.7924000024795532,6,True,1.0,bony,Unrelated,NoCompetitor,High,-0.5,-0.5,0.5,bony
811,60.423983321072136,1,0,2.1270999908447266,7,True,1.0,jaws,Unrelated,NoCompetitor,High,-0.5,-0.5,0.5,jaws
200,53.56102941207121,1,3,1.0,3,True,1.0,boxy,Unrelated,NoCompetitor,High,-0.5,-0.5,0.5,boxy
607,107.40152586238703,1,11,2.7274999618530273,11,True,1.0,dice,Unrelated,NoCompetitor,High,-0.5,-0.5,0.5,dice
247,82.61815364922329,1,9,2.158400058746338,7,True,1.0,stat,Unrelated,NoCompetitor,High,-0.5,-0.5,0.5,stat
1423,24.210171134786155,1,1,2.2788000106811523,6,True,1.0,info,Unrelated,NoCompetitor,High,-0.5,-0.5,0.5,info
205,89.31142025532351,1,13,2.748199939727783,8,True,1.0,lick,Unrelated,NoCompetitor,High,-0.5,-0.5,0.5,lick
218,61.20927418213056,0,6,1.4914000034332275,10,True,1.0,balm,Unrelated,NoCompetitor,High,-0.5,-0.5,0.5,balm
254,34.75385593126622,1,0,3.5051000118255615,3,True,1.0,upon,Unrelated,NoCompetitor,High,-0.5,-0.5,0.5,upon
1406,57.52580480405106,1,2,4.82919979095459,7,True,1.0,over,Unrelated,NoCompetitor,High,-0.5,-0.5,0.5,over
209,103.33132132863898,2,4,3.1835999488830566,5,True,1.0,gosh,Unrelated,NoCompetitor,High,-0.5,-0.5,0.5,gosh
1233,77.50057857632143,1,9,4.285699844360352,6,True,1.0,fuck,Unrelated,NoCompetitor,High,-0.5,-0.5,0.5,fuck
235,91.46677001030314,1,3,1.3009999990463257,8,True,1.0,kiln,Unrelated,NoCompetitor,High,-0.5,-0.5,0.5,kiln
357,110.8844903234162,2,7,2.7874999046325684,7,True,1.0,clay,Unrelated,NoCompetitor,High,-0.5,-0.5,0.5,clay
227,61.76295939766133,1,1,2.8369998931884766,4,True,1.0,blah,Unrelated,NoCompetitor,High,-0.5,-0.5,0.5,blah
1332,36.67111263326257,0,2,2.1522998809814453,5,True,1.0,idle,Unrelated,NoCompetitor,High,-0.5,-0.5,0.5,idle
229,42.50509323004185,0,4,2.322200059890747,8,True,1.0,curb,Unrelated,NoCompetitor,High,-0.5,-0.5,0.5,curb
1487,61.5272642232354,0,4,4.160200119018555,10,True,1.0,damn,Unrelated,NoCompetitor,High,-0.5,-0.5,0.5,damn
232,75.09915368792777,0,13,2.1138999462127686,5,True,1.0,rave,Unrelated,NoCompetitor,High,-0.5,-0.5,0.5,rave
330,83.33324909405468,1,2,2.004300117492676,10,True,1.0,hula,Unrelated,NoCompetitor,High,-0.5,-0.5,0.5,hula
253,66.5677098209965,1,4,1.6232000589370728,5,True,1.0,drab,Unrelated,NoCompetitor,High,-0.5,-0.5,0.5,drab
302,41.14999906447352,1,1,1.0,7,True,1.0,ashy,Unrelated,NoCompetitor,High,-0.5,-0.5,0.5,ashy
242,108.51195144307981,1,10,3.203000068664551,9,True,1.0,bond,Unrelated,NoCompetitor,High,-0.5,-0.5,0.5,bond
837,43.40973620602582,0,1,2.3364999294281006,12,True,1.0,visa,Unrelated,NoCompetitor,High,-0.5,-0.5,0.5,visa
279,59.03347380176535,1,1,2.3617000579833984,8,True,1.0,trek,Unrelated,NoCompetitor,High,-0.5,-0.5,0.5,trek
853,86.67284413496273,1,6,3.417099952697754,7,True,1.0,camp,Unrelated,NoCompetitor,High,-0.5,-0.5,0.5,camp
245,75.87004653768902,0,11,2.1461000442504883,7,True,1.0,tame,Unrelated,NoCompetitor,High,-0.5,-0.5,0.5,tame
1417,70.99593862707538,1,4,3.4660000801086426,6,True,1.0,wild,Unrelated,NoCompetitor,High,-0.5,-0.5,0.5,wild
283,31.174648281646398,0,1,2.5011000633239746,8,True,1.0,crib,Unrelated,NoCompetitor,High,-0.5,-0.5,0.5,crib
473,78.68373922512704,0,12,2.506500005722046,9,True,1.0,bunk,Unrelated,NoCompetitor,High,-0.5,-0.5,0.5,bunk
248,67.97035401876431,0,5,2.5762999057769775,11,True,1.0,monk,Unrelated,NoCompetitor,High,-0.5,-0.5,0.5,monk
1415,94.06632878681884,1,16,4.38040018081665,9,True,1.0,hell,Unrelated,NoCompetitor,High,-0.5,-0.5,0.5,hell
306,67.67587736316725,1,4,1.8260999917984009,7,True,1.0,duet,Unrelated,NoCompetitor,High,-0.5,-0.5,0.5,duet
986,55.605784092575405,1,2,1.8260999917984009,5,True,1.0,trio,Unrelated,NoCompetitor,High,-0.5,-0.5,0.5,trio
265,102.95751463707981,1,11,1.875100016593933,4,True,1.0,rite,Unrelated,NoCompetitor,High,-0.5,-0.5,0.5,rite
1148,78.18447130732959,1,2,1.579800009727478,9,True,1.0,sect,Unrelated,NoCompetitor,High,-0.5,-0.5,0.5,sect
293,78.41857746252666,1,1,2.6364998817443848,9,True,1.0,drum,Unrelated,NoCompetitor,High,-0.5,-0.5,0.5,drum
708,104.16969789605221,1,6,2.09689998626709,8,True,1.0,gong,Unrelated,NoCompetitor,High,-0.5,-0.5,0.5,gong
289,62.39967272038486,0,3,1.715999960899353,8,True,1.0,perm,Unrelated,NoCompetitor,High,-0.5,-0.5,0.5,perm
522,94.33950457830706,1,5,2.4914000034332275,8,True,1.0,comb,Unrelated,NoCompetitor,High,-0.5,-0.5,0.5,comb
313,96.64778495991729,1,12,2.8041000366210938,6,True,1.0,slap,Unrelated,NoCompetitor,High,-0.5,-0.5,0.5,slap
822,144.87263137371224,2,9,3.3183000087738037,7,True,1.0,bite,Unrelated,NoCompetitor,High,-0.5,-0.5,0.5,bite
295,134.2518158650622,2,12,2.0413999557495117,10,True,1.0,lice,Unrelated,NoCompetitor,High,-0.5,-0.5,0.5,lice
712,78.53063854152352,1,6,2.6963999271392822,6,True,1.0,bald,Unrelated,NoCompetitor,High,-0.5,-0.5,0.5,bald
344,35.59888685077926,1,1,1.3802000284194946,4,True,1.0,ajar,Unrelated,NoCompetitor,High,-0.5,-0.5,0.5,ajar
1182,88.52730744762746,1,5,4.128900051116943,6,True,1.0,shut,Unrelated,NoCompetitor,High,-0.5,-0.5,0.5,shut
320,92.4172911524953,1,4,1.3423999547958374,10,True,1.0,doer,Unrelated,NoCompetitor,High,-0.5,-0.5,0.5,doer
1416,70.30558007653696,1,4,3.735100030899048,5,True,1.0,busy,Unrelated,NoCompetitor,High,-0.5,-0.5,0.5,busy
325,87.12631303414884,1,7,3.3385000228881836,4,True,1.0,main,Unrelated,NoCompetitor,High,-0.5,-0.5,0.5,main
486,26.551707981851575,0,1,1.2041000127792358,5,True,1.0,crux,Unrelated,NoCompetitor,High,-0.5,-0.5,0.5,crux
323,134.08991386088826,2,12,2.004300117492676,8,True,1.0,dome,Unrelated,NoCompetitor,High,-0.5,-0.5,0.5,dome
722,138.86488610578343,2,15,3.4231998920440674,7,True,1.0,hall,Unrelated,NoCompetitor,High,-0.5,-0.5,0.5,hall
372,55.898068489470084,1,1,3.924299955368042,12,True,1.0,news,Unrelated,NoCompetitor,High,-0.5,-0.5,0.5,news
1484,100.95721516744985,2,3,5.700699806213379,6,True,1.0,what,Unrelated,NoCompetitor,High,-0.5,-0.5,0.5,what
334,68.27491549495785,1,4,1.2553000450134277,11,True,1.0,hemp,Unrelated,NoCompetitor,High,-0.5,-0.5,0.5,hemp
363,87.85470881568355,1,13,1.9589999914169312,9,True,1.0,dill,Unrelated,NoCompetitor,High,-0.5,-0.5,0.5,dill
336,141.7443439935643,2,11,1.7482000589370728,7,True,1.0,gore,Unrelated,NoCompetitor,High,-0.5,-0.5,0.5,gore
907,90.7980198763006,1,5,1.968500018119812,6,True,1.0,clot,Unrelated,NoCompetitor,High,-0.5,-0.5,0.5,clot
343,91.61262524169402,1,8,2.539099931716919,8,True,1.0,loop,Unrelated,NoCompetitor,High,-0.5,-0.5,0.5,loop
497,59.19012283000444,1,2,3.1350998878479004,3,True,1.0,tied,Unrelated,NoCompetitor,High,-0.5,-0.5,0.5,tied
361,95.50202105177088,1,13,2.762700080871582,10,True,1.0,heal,Unrelated,NoCompetitor,High,-0.5,-0.5,0.5,heal
370,86.82228623561379,0,11,3.026900053024292,9,True,1.0,cure,Unrelated,NoCompetitor,High,-0.5,-0.5,0.5,cure
348,79.86023376637475,2,8,1.3221999406814575,8,True,1.0,vise,Unrelated,NoCompetitor,High,-0.5,-0.5,0.5,vise
659,151.41206750299116,2,12,3.287600040435791,7,True,1.0,hook,Unrelated,NoCompetitor,High,-0.5,-0.5,0.5,hook
392,62.49353516574339,1,3,1.8062000274658203,8,True,1.0,kelp,Unrelated,NoCompetitor,High,-0.5,-0.5,0.5,kelp
586,76.2830085207576,1,8,2.3032000064849854,11,True,1.0,clam,Unrelated,NoCompetitor,High,-0.5,-0.5,0.5,clam
349,77.13666881387829,1,7,2.1522998809814453,7,True,1.0,woof,Unrelated,NoCompetitor,High,-0.5,-0.5,0.5,woof
1219,76.64587191641871,1,7,1.7482000589370728,5,True,1.0,oink,Unrelated,NoCompetitor,High,-0.5,-0.5,0.5,oink
373,116.85028658599713,2,13,1.924299955368042,6,True,1.0,mast,Unrelated,NoCompetitor,High,-0.5,-0.5,0.5,mast
455,73.35597314050557,0,13,2.3345000743865967,7,True,1.0,hull,Unrelated,NoCompetitor,High,-0.5,-0.5,0.5,hull
374,22.196656945508742,0,4,1.4471999406814575,4,True,1.0,tyke,Unrelated,NoCompetitor,High,-0.5,-0.5,0.5,tyke
748,51.693545910606645,1,2,4.186299800872803,6,True,1.0,kids,Unrelated,NoCompetitor,High,-0.5,-0.5,0.5,kids
382,52.11800698304794,0,5,1.531499981880188,11,True,1.0,blog,Unrelated,NoCompetitor,High,-0.5,-0.5,0.5,blog
710,50.407914796677744,0,15,3.274199962615967,11,True,1.0,mail,Unrelated,NoCompetitor,High,-0.5,-0.5,0.5,mail
393,81.24584415646135,1,9,2.8608999252319336,8,True,1.0,corn,Unrelated,NoCompetitor,High,-0.5,-0.5,0.5,corn
666,80.45069606658845,1,3,2.0253000259399414,11,True,1.0,oats,Unrelated,NoCompetitor,High,-0.5,-0.5,0.5,oats
403,26.861325581637907,1,0,2.6884000301361084,6,True,1.0,envy,Unrelated,NoCompetitor,High,-0.5,-0.5,0.5,envy
492,111.8509380002104,2,10,2.4547998905181885,3,True,1.0,lust,Unrelated,NoCompetitor,High,-0.5,-0.5,0.5,lust
398,82.24246667936957,1,4,3.1092000007629395,9,True,1.0,soup,Unrelated,NoCompetitor,High,-0.5,-0.5,0.5,soup
556,46.15172952594338,0,2,2.2014000415802,11,True,1.0,taco,Unrelated,NoCompetitor,High,-0.5,-0.5,0.5,taco
426,72.47421608034122,0,7,2.4828999042510986,8,True,1.0,peak,Unrelated,NoCompetitor,High,-0.5,-0.5,0.5,peak
1178,27.757598152233385,0,0,1.6434999704360962,5,True,1.0,apex,Unrelated,NoCompetitor,High,-0.5,-0.5,0.5,apex
408,87.44950390981944,1,3,2.340399980545044,7,True,1.0,turf,Unrelated,NoCompetitor,High,-0.5,-0.5,0.5,turf
553,47.49082377927665,0,4,2.799999952316284,5,True,1.0,lawn,Unrelated,NoCompetitor,High,-0.5,-0.5,0.5,lawn
415,52.840958240381006,0,1,1.579800009727478,12,True,1.0,mono,Unrelated,NoCompetitor,High,-0.5,-0.5,0.5,mono
1173,47.59690313605757,0,2,1.740399956703186,13,True,1.0,aids,Unrelated,NoCompetitor,High,-0.5,-0.5,0.5,aids
411,67.66782952498933,0,5,3.81850004196167,8,True,1.0,poor,Unrelated,NoCompetitor,High,-0.5,-0.5,0.5,poor
968,62.8273525237563,0,9,1.8194999694824219,12,True,1.0,slum,Unrelated,NoCompetitor,High,-0.5,-0.5,0.5,slum
425,103.1980011976171,1,6,1.9138000011444092,14,True,1.0,yarn,Unrelated,NoCompetitor,High,-0.5,-0.5,0.5,yarn
580,136.03434988069407,2,12,1.7633999586105347,9,True,1.0,bead,Unrelated,NoCompetitor,High,-0.5,-0.5,0.5,bead
413,127.31161308842965,2,13,1.3978999853134155,10,True,1.0,pane,Unrelated,NoCompetitor,High,-0.5,-0.5,0.5,pane
882,740.2316939338255,10,11,1.9776999950408936,6,True,1.0,slab,Unrelated,NoCompetitor,High,-0.5,-0.5,0.5,slab
431,100.23438468558324,2,1,4.044600009918213,4,True,1.0,goes,Unrelated,NoCompetitor,High,-0.5,-0.5,0.5,goes
1442,47.41853391145798,1,3,4.634200096130371,5,True,1.0,into,Unrelated,NoCompetitor,High,-0.5,-0.5,0.5,into
423,57.83133366540416,1,7,2.895400047302246,6,True,1.0,flew,Unrelated,NoCompetitor,High,-0.5,-0.5,0.5,flew
1097,75.71697369825478,0,9,1.8976000547409058,6,True,1.0,soar,Unrelated,NoCompetitor,High,-0.5,-0.5,0.5,soar
449,443.0475634511714,5,3,2.591099977493286,4,True,1.0,unto,Unrelated,NoCompetitor,High,-0.5,-0.5,0.5,unto
1460,33.63105421156795,0,0,3.058799982070923,8,True,1.0,thou,Unrelated,NoCompetitor,High,-0.5,-0.5,0.5,thou
443,108.21376306570224,1,8,1.4471999406814575,10,True,1.0,musk,Unrelated,NoCompetitor,High,-0.5,-0.5,0.5,musk
861,82.96577162067396,1,8,4.383999824523926,8,True,1.0,shit,Unrelated,NoCompetitor,High,-0.5,-0.5,0.5,shit
446,37.49284909630642,0,3,1.6901999711990356,8,True,1.0,gimp,Unrelated,NoCompetitor,High,-0.5,-0.5,0.5,gimp
1283,112.81585713462411,2,10,3.433000087738037,8,True,1.0,code,Unrelated,NoCompetitor,High,-0.5,-0.5,0.5,code
447,26.056446034170364,0,0,2.439300060272217,9,True,1.0,ammo,Unrelated,NoCompetitor,High,-0.5,-0.5,0.5,ammo
874,101.62996410826874,1,4,3.0852999687194824,9,True,1.0,trap,Unrelated,NoCompetitor,High,-0.5,-0.5,0.5,trap
448,115.93797799738715,2,9,2.5464999675750732,8,True,1.0,bolt,Unrelated,NoCompetitor,High,-0.5,-0.5,0.5,bolt
551,496.16523083792373,5,10,2.978600025177002,8,True,1.0,nail,Unrelated,NoCompetitor,High,-0.5,-0.5,0.5,nail
461,95.33486425828048,1,13,2.544100046157837,7,True,1.0,bean,Unrelated,NoCompetitor,High,-0.5,-0.5,0.5,bean
667,43.36129960978874,1,0,1.431399941444397,9,True,1.0,okra,Unrelated,NoCompetitor,High,-0.5,-0.5,0.5,okra
471,92.76716861183462,1,8,1.7924000024795532,14,True,1.0,dusk,Unrelated,NoCompetitor,High,-0.5,-0.5,0.5,dusk
1244,37.38867297225205,0,2,1.6232000589370728,3,True,1.0,hazy,Unrelated,NoCompetitor,High,-0.5,-0.5,0.5,hazy
468,78.40831483504323,1,4,1.8920999765396118,6,True,1.0,cram,Unrelated,NoCompetitor,High,-0.5,-0.5,0.5,cram
1355,34.44264119564116,0,0,0.8450999855995178,6,True,1.0,ditz,Unrelated,NoCompetitor,High,-0.5,-0.5,0.5,ditz
485,83.53425982106802,1,7,2.075500011444092,7,True,1.0,flop,Unrelated,NoCompetitor,High,-0.5,-0.5,0.5,flop
1527,68.2784899029777,1,3,1.924299955368042,7,True,1.0,hype,Unrelated,NoCompetitor,High,-0.5,-0.5,0.5,hype
481,75.24986322203067,1,2,1.4914000034332275,6,True,1.0,coed,Unrelated,NoCompetitor,High,-0.5,-0.5,0.5,coed
816,54.3247998406084,0,9,3.295599937438965,9,True,1.0,dean,Unrelated,NoCompetitor,High,-0.5,-0.5,0.5,dean
494,67.85572333657481,1,1,1.6128000020980835,8,True,1.0,saga,Unrelated,NoCompetitor,High,-0.5,-0.5,0.5,saga
1463,27.272944651347096,1,0,2.0827999114990234,7,True,1.0,epic,Unrelated,NoCompetitor,High,-0.5,-0.5,0.5,epic
484,59.33439763498061,1,0,2.340399980545044,6,True,1.0,iced,Unrelated,NoCompetitor,High,-0.5,-0.5,0.5,iced
771,140.182232263471,2,11,2.0413999557495117,7,True,1.0,rink,Unrelated,NoCompetitor,High,-0.5,-0.5,0.5,rink
520,159.17634958819434,2,6,2.730799913406372,10,True,1.0,goat,Unrelated,NoCompetitor,High,-0.5,-0.5,0.5,goat
803,87.91495546473473,1,3,2.18179988861084,8,True,1.0,calf,Unrelated,NoCompetitor,High,-0.5,-0.5,0.5,calf
509,87.80325900635745,0,16,3.7286999225616455,8,True,1.0,ball,Unrelated,NoCompetitor,High,-0.5,-0.5,0.5,ball
674,63.70452817328159,0,4,1.8513000011444092,7,True,1.0,mitt,Unrelated,NoCompetitor,High,-0.5,-0.5,0.5,mitt
574,82.56751693163616,1,9,2.7135000228881836,8,True,1.0,worm,Unrelated,NoCompetitor,High,-0.5,-0.5,0.5,worm
1027,47.429987264694645,1,1,2.1461000442504883,7,True,1.0,grub,Unrelated,NoCompetitor,High,-0.5,-0.5,0.5,grub
515,93.03558317746642,1,9,3.1208999156951904,14,True,1.0,bike,Unrelated,NoCompetitor,High,-0.5,-0.5,0.5,bike
525,94.11606321154636,1,6,2.176100015640259,7,True,1.0,sled,Unrelated,NoCompetitor,High,-0.5,-0.5,0.5,sled
539,125.9032876383898,2,7,3.0048000812530518,8,True,1.0,mask,Unrelated,NoCompetitor,High,-0.5,-0.5,0.5,mask
818,652.6509900668266,6,2,2.18179988861084,7,True,1.0,veil,Unrelated,NoCompetitor,High,-0.5,-0.5,0.5,veil
517,302.23985622807356,3,9,3.015399932861328,9,True,1.0,sand,Unrelated,NoCompetitor,High,-0.5,-0.5,0.5,sand
1065,67.64061800059339,1,3,1.8260999917984009,9,True,1.0,mesa,Unrelated,NoCompetitor,High,-0.5,-0.5,0.5,mesa
588,106.58616566893997,1,8,1.9493999481201172,13,True,1.0,hoof,Unrelated,NoCompetitor,High,-0.5,-0.5,0.5,hoof
635,60.16007805857009,0,7,2.3501999378204346,10,True,1.0,claw,Unrelated,NoCompetitor,High,-0.5,-0.5,0.5,claw
523,727.8763257811922,9,6,2.2945001125335693,9,True,1.0,vase,Unrelated,NoCompetitor,High,-0.5,-0.5,0.5,vase
756,49.702090132570895,1,0,2.2764999866485596,9,True,1.0,arch,Unrelated,NoCompetitor,High,-0.5,-0.5,0.5,arch
540,116.11318593635743,2,14,2.950900077819824,8,True,1.0,tent,Unrelated,NoCompetitor,High,-0.5,-0.5,0.5,tent
594,125.56839432255433,2,9,2.895400047302246,6,True,1.0,hood,Unrelated,NoCompetitor,High,-0.5,-0.5,0.5,hood
552,116.71934676082337,2,6,2.889899969100952,9,True,1.0,soap,Unrelated,NoCompetitor,High,-0.5,-0.5,0.5,soap
973,88.25849242152347,1,7,2.935499906539917,5,True,1.0,wipe,Unrelated,NoCompetitor,High,-0.5,-0.5,0.5,wipe
584,85.7627417588102,0,10,2.664599895477295,9,True,1.0,cart,Unrelated,NoCompetitor,High,-0.5,-0.5,0.5,cart
926,61.935518544761905,0,8,2.2227001190185547,8,True,1.0,reel,Unrelated,NoCompetitor,High,-0.5,-0.5,0.5,reel
558,83.72465841250944,1,5,3.3364999294281006,12,True,1.0,milk,Unrelated,NoCompetitor,High,-0.5,-0.5,0.5,milk
704,55.494909712579556,1,2,0.6990000009536743,12,True,1.0,whey,Unrelated,NoCompetitor,High,-0.5,-0.5,0.5,whey
606,80.04864865207428,1,12,2.7535998821258545,7,True,1.0,nest,Unrelated,NoCompetitor,High,-0.5,-0.5,0.5,nest
809,137.57482550154955,2,10,2.7235000133514404,4,True,1.0,coop,Unrelated,NoCompetitor,High,-0.5,-0.5,0.5,coop
564,128.19917750858087,2,9,3.545599937438965,8,True,1.0,tape,Unrelated,NoCompetitor,High,-0.5,-0.5,0.5,tape
932,93.10113076554339,1,2,2.9586000442504883,9,True,1.0,wrap,Unrelated,NoCompetitor,High,-0.5,-0.5,0.5,wrap
565,120.67513763440718,2,12,3.5201001167297363,10,True,1.0,foot,Unrelated,NoCompetitor,High,-0.5,-0.5,0.5,foot
611,72.82876694086336,1,7,2.198699951171875,6,True,1.0,shin,Unrelated,NoCompetitor,High,-0.5,-0.5,0.5,shin
571,105.95702770782236,1,10,3.0945000648498535,9,True,1.0,belt,Unrelated,NoCompetitor,High,-0.5,-0.5,0.5,belt
724,74.85351196669188,1,10,1.770900011062622,4,True,1.0,sash,Unrelated,NoCompetitor,High,-0.5,-0.5,0.5,sash
577,92.62282957701407,1,5,2.547800064086914,7,True,1.0,crab,Unrelated,NoCompetitor,High,-0.5,-0.5,0.5,crab
879,129.61490931096188,2,13,1.7853000164031982,9,True,1.0,mite,Unrelated,NoCompetitor,High,-0.5,-0.5,0.5,mite
575,67.64977342954015,0,9,2.6542000770568848,8,True,1.0,fork,Unrelated,NoCompetitor,High,-0.5,-0.5,0.5,fork
630,172.06427305956558,2,14,2.1847000122070312,7,True,1.0,rake,Unrelated,NoCompetitor,High,-0.5,-0.5,0.5,rake
787,118.31956791232467,2,8,2.2600998878479004,7,True,1.0,mist,Unrelated,NoCompetitor,High,-0.5,-0.5,0.5,mist
913,42.579925281398566,0,2,1.1138999462127686,7,True,1.0,dewy,Unrelated,NoCompetitor,High,-0.5,-0.5,0.5,dewy
617,97.05433006674606,1,1,4.453499794006348,6,True,1.0,girl,Unrelated,NoCompetitor,High,-0.5,-0.5,0.5,girl
862,63.185966319276055,1,2,4.0441999435424805,10,True,1.0,lady,Unrelated,NoCompetitor,High,-0.5,-0.5,0.5,lady
719,204.29633237098864,2,5,2.827399969100952,10,True,1.0,whip,Unrelated,NoCompetitor,High,-0.5,-0.5,0.5,whip
1066,727.4264646748499,8,4,1.5563000440597534,4,True,1.0,prod,Unrelated,NoCompetitor,High,-0.5,-0.5,0.5,prod
639,99.65730263718214,1,5,3.1068999767303467,12,True,1.0,yard,Unrelated,NoCompetitor,High,-0.5,-0.5,0.5,yard
930,85.22991678224408,0,7,4.596499919891357,9,True,1.0,home,Unrelated,NoCompetitor,High,-0.5,-0.5,0.5,home
697,86.82120553220079,1,3,3.5223000049591064,13,True,1.0,film,Unrelated,NoCompetitor,High,-0.5,-0.5,0.5,film
1028,80.33335064823292,1,8,1.6334999799728394,10,True,1.0,skit,Unrelated,NoCompetitor,High,-0.5,-0.5,0.5,skit
643,79.85945103345168,1,10,3.674999952316284,9,True,1.0,ring,Unrelated,NoCompetitor,High,-0.5,-0.5,0.5,ring
644,91.32658060145891,1,9,3.6050000190734863,13,True,1.0,gold,Unrelated,NoCompetitor,High,-0.5,-0.5,0.5,gold
702,86.99425395958926,1,7,1.5184999704360962,8,True,1.0,scab,Unrelated,NoCompetitor,High,-0.5,-0.5,0.5,scab
999,61.23594313025607,0,11,3.072200059890747,9,True,1.0,cast,Unrelated,NoCompetitor,High,-0.5,-0.5,0.5,cast
650,116.42553917778312,2,7,3.116300106048584,6,True,1.0,tank,Unrelated,NoCompetitor,High,-0.5,-0.5,0.5,tank
705,50.92402976855393,1,1,3.6405999660491943,11,True,1.0,army,Unrelated,NoCompetitor,High,-0.5,-0.5,0.5,army
669,102.60914379295127,1,8,3.379699945449829,10,True,1.0,pool,Unrelated,NoCompetitor,High,-0.5,-0.5,0.5,pool
1563,175.20526418548562,2,4,2.6041998863220215,7,True,1.0,mere,Unrelated,NoCompetitor,High,-0.5,-0.5,0.5,mere
679,88.28057476950401,1,9,2.2600998878479004,10,True,1.0,veal,Unrelated,NoCompetitor,High,-0.5,-0.5,0.5,veal
842,64.544748836898,0,4,1.2788000106811523,6,True,1.0,loin,Unrelated,NoCompetitor,High,-0.5,-0.5,0.5,loin
685,94.96840562772402,1,3,2.2067999839782715,7,True,1.0,duct,Unrelated,NoCompetitor,High,-0.5,-0.5,0.5,duct
693,127.76560695587595,2,13,3.14739990234375,10,True,1.0,wire,Unrelated,NoCompetitor,High,-0.5,-0.5,0.5,wire
687,53.37898826091835,0,3,2.459399938583374,7,True,1.0,tomb,Unrelated,NoCompetitor,High,-0.5,-0.5,0.5,tomb
1047,77.87332257828565,1,7,3.0232999324798584,6,True,1.0,bury,Unrelated,NoCompetitor,High,-0.5,-0.5,0.5,bury
743,83.26686993072613,0,10,3.1682000160217285,11,True,1.0,meal,Unrelated,NoCompetitor,High,-0.5,-0.5,0.5,meal
943,107.83842777805656,2,10,2.257699966430664,4,True,1.0,hash,Unrelated,NoCompetitor,High,-0.5,-0.5,0.5,hash
716,107.09231545351638,1,10,4.040999889373779,10,True,1.0,fire,Unrelated,NoCompetitor,High,-0.5,-0.5,0.5,fire
906,97.82517808630094,1,6,2.4828999042510986,9,True,1.0,boil,Unrelated,NoCompetitor,High,-0.5,-0.5,0.5,boil
810,96.9211490589898,1,7,2.2764999866485596,4,True,1.0,prop,Unrelated,NoCompetitor,High,-0.5,-0.5,0.5,prop
1196,96.1739562217267,1,9,1.8194999694824219,7,True,1.0,scat,Unrelated,NoCompetitor,High,-0.5,-0.5,0.5,scat
718,73.57114756010694,0,10,3.4354000091552734,9,True,1.0,band,Unrelated,NoCompetitor,High,-0.5,-0.5,0.5,band
1215,29.526591007746383,1,0,1.6720999479293823,8,True,1.0,opus,Unrelated,NoCompetitor,High,-0.5,-0.5,0.5,opus
762,108.29057854420202,1,11,2.2227001190185547,10,True,1.0,cove,Unrelated,NoCompetitor,High,-0.5,-0.5,0.5,cove
945,45.89331982883327,0,3,2.3838000297546387,8,True,1.0,gulf,Unrelated,NoCompetitor,High,-0.5,-0.5,0.5,gulf
749,93.56726688677098,1,7,3.436500072479248,8,True,1.0,note,Unrelated,NoCompetitor,High,-0.5,-0.5,0.5,note
891,35.58808842494908,0,1,2.528899908065796,8,True,1.0,memo,Unrelated,NoCompetitor,High,-0.5,-0.5,0.5,memo
757,82.57622819259754,1,0,1.3978999853134155,6,True,1.0,suds,Unrelated,NoCompetitor,High,-0.5,-0.5,0.5,suds
854,78.07014167139607,1,11,3.3176000118255615,9,True,1.0,wash,Unrelated,NoCompetitor,High,-0.5,-0.5,0.5,wash
759,118.58012841552147,2,13,2.2788000106811523,9,True,1.0,mink,Unrelated,NoCompetitor,High,-0.5,-0.5,0.5,mink
944,85.00213095535099,1,5,1.6901999711990356,8,True,1.0,pelt,Unrelated,NoCompetitor,High,-0.5,-0.5,0.5,pelt
799,76.78061320152375,1,6,2.8420000076293945,7,True,1.0,chop,Unrelated,NoCompetitor,High,-0.5,-0.5,0.5,chop
997,43.45976298844589,0,4,2.340399980545044,6,True,1.0,trim,Unrelated,NoCompetitor,High,-0.5,-0.5,0.5,trim
768,98.30875930326282,1,8,2.9916999340057373,11,True,1.0,site,Unrelated,NoCompetitor,High,-0.5,-0.5,0.5,site
1079,58.51422465569884,1,0,3.5822999477386475,7,True,1.0,area,Unrelated,NoCompetitor,High,-0.5,-0.5,0.5,area
825,71.92972352753455,1,7,3.187000036239624,8,True,1.0,gang,Unrelated,NoCompetitor,High,-0.5,-0.5,0.5,gang
1162,77.90625177101933,1,8,2.322200059890747,10,True,1.0,clan,Unrelated,NoCompetitor,High,-0.5,-0.5,0.5,clan
817,115.50890956095694,1,18,3.2385001182556152,10,True,1.0,male,Unrelated,NoCompetitor,High,-0.5,-0.5,0.5,male
846,47.2349104753388,0,3,2.2504000663757324,10,True,1.0,womb,Unrelated,NoCompetitor,High,-0.5,-0.5,0.5,womb
1203,64.2008541611336,1,2,2.0413999557495117,6,True,1.0,blur,Unrelated,NoCompetitor,High,-0.5,-0.5,0.5,blur
1298,64.85662506303913,0,8,4.293000221252441,7,True,1.0,seen,Unrelated,NoCompetitor,High,-0.5,-0.5,0.5,seen
823,72.17939583648703,1,0,3.337100028991699,9,True,1.0,papa,Unrelated,NoCompetitor,High,-0.5,-0.5,0.5,papa
826,125.89863552651074,2,1,2.9646999835968018,5,True,1.0,sons,Unrelated,NoCompetitor,High,-0.5,-0.5,0.5,sons
886,77.072592987847,1,2,1.6720999479293823,10,True,1.0,brie,Unrelated,NoCompetitor,High,-0.5,-0.5,0.5,brie
911,115.4709228108663,2,7,1.3617000579833984,8,True,1.0,curd,Unrelated,NoCompetitor,High,-0.5,-0.5,0.5,curd
855,518.0922837800426,6,10,3.6970999240875244,5,True,1.0,sing,Unrelated,NoCompetitor,High,-0.5,-0.5,0.5,sing
1024,109.71129886066527,1,10,2.973099946975708,9,True,1.0,yell,Unrelated,NoCompetitor,High,-0.5,-0.5,0.5,yell
1072,30.523799135636768,0,2,2.6730000972747803,7,True,1.0,arts,Unrelated,NoCompetitor,High,-0.5,-0.5,0.5,arts
1408,89.73918128591626,1,7,1.9955999851226807,10,True,1.0,muse,Unrelated,NoCompetitor,High,-0.5,-0.5,0.5,muse
857,117.83789272482254,2,12,2.7283999919891357,8,True,1.0,root,Unrelated,NoCompetitor,High,-0.5,-0.5,0.5,root
878,60.748702360118315,0,3,1.973099946975708,6,True,1.0,pulp,Unrelated,NoCompetitor,High,-0.5,-0.5,0.5,pulp
871,119.67701082669687,2,8,4.10830020904541,7,True,1.0,jack,Unrelated,NoCompetitor,High,-0.5,-0.5,0.5,jack
884,80.33934164349868,1,11,2.9121999740600586,11,True,1.0,gear,Unrelated,NoCompetitor,High,-0.5,-0.5,0.5,gear
869,43.16920599957567,0,7,3.436500072479248,10,True,1.0,shop,Unrelated,NoCompetitor,High,-0.5,-0.5,0.5,shop
1154,111.89618062521909,2,9,4.609600067138672,7,True,1.0,work,Unrelated,NoCompetitor,High,-0.5,-0.5,0.5,work
983,93.62177517824452,0,18,3.827199935913086,8,True,1.0,beat,Unrelated,NoCompetitor,High,-0.5,-0.5,0.5,beat
1254,125.01736298032611,2,10,2.689300060272217,9,True,1.0,pace,Unrelated,NoCompetitor,High,-0.5,-0.5,0.5,pace
890,38.05097550617491,0,3,2.706700086593628,11,True,1.0,acid,Unrelated,NoCompetitor,High,-0.5,-0.5,0.5,acid
1245,72.761322264862,1,10,2.4742000102996826,7,True,1.0,sour,Unrelated,NoCompetitor,High,-0.5,-0.5,0.5,sour
947,103.23025318586409,1,8,4.639500141143799,9,True,1.0,talk,Unrelated,NoCompetitor,High,-0.5,-0.5,0.5,talk
1167,83.84272759669045,1,2,2.344399929046631,6,True,1.0,oral,Unrelated,NoCompetitor,High,-0.5,-0.5,0.5,oral
935,153.9696327715081,2,16,2.498300075531006,6,True,1.0,fare,Unrelated,NoCompetitor,High,-0.5,-0.5,0.5,fare
1140,79.6466274802957,0,9,2.2355000972747803,9,True,1.0,toll,Unrelated,NoCompetitor,High,-0.5,-0.5,0.5,toll
1212,58.00199696092511,1,2,0.9031000137329102,8,True,1.0,quip,Unrelated,NoCompetitor,High,-0.5,-0.5,0.5,quip
1468,80.27684295314599,1,10,1.8387999534606934,8,True,1.0,jest,Unrelated,NoCompetitor,High,-0.5,-0.5,0.5,jest
941,72.91903717931329,1,7,2.799999952316284,7,True,1.0,bump,Unrelated,NoCompetitor,High,-0.5,-0.5,0.5,bump
1221,184.0104618608886,2,13,2.884200096130371,9,True,1.0,sore,Unrelated,NoCompetitor,High,-0.5,-0.5,0.5,sore
1280,39.96990137667073,0,2,2.2788000106811523,5,True,1.0,tidy,Unrelated,NoCompetitor,High,-0.5,-0.5,0.5,tidy
1405,62.0536507109367,0,10,2.803499937057495,8,True,1.0,neat,Unrelated,NoCompetitor,High,-0.5,-0.5,0.5,neat
985,45.29201773228231,0,1,1.857300043106079,6,True,1.0,ogre,Unrelated,NoCompetitor,High,-0.5,-0.5,0.5,ogre
989,30.72012968639906,0,0,1.1761000156402588,8,True,1.0,yeti,Unrelated,NoCompetitor,High,-0.5,-0.5,0.5,yeti
1206,120.21981970329486,2,12,3.588599920272827,6,True,1.0,slow,Unrelated,NoCompetitor,High,-0.5,-0.5,0.5,slow
1440,97.86339482027039,1,7,1.7853000164031982,4,True,1.0,lull,Unrelated,NoCompetitor,High,-0.5,-0.5,0.5,lull
1000,94.28370414754113,1,0,2.178999900817871,8,True,1.0,meow,Unrelated,NoCompetitor,High,-0.5,-0.5,0.5,meow
1043,85.96318819612246,1,4,2.0253000259399414,6,True,1.0,howl,Unrelated,NoCompetitor,High,-0.5,-0.5,0.5,howl
1121,51.662792071870584,1,0,1.8976000547409058,10,True,1.0,guru,Unrelated,NoCompetitor,High,-0.5,-0.5,0.5,guru
1494,81.10117127298615,0,9,3.1623001098632812,10,True,1.0,wise,Unrelated,NoCompetitor,High,-0.5,-0.5,0.5,wise
1020,92.78878116872217,1,8,4.163099765777588,11,True,1.0,five,Unrelated,NoCompetitor,High,-0.5,-0.5,0.5,five
1314,54.06739625305803,1,1,3.039400100708008,8,True,1.0,zero,Unrelated,NoCompetitor,High,-0.5,-0.5,0.5,zero
1218,59.58717801534296,0,7,1.9911999702453613,6,True,1.0,bulk,Unrelated,NoCompetitor,High,-0.5,-0.5,0.5,bulk
1365,29.865716877097736,0,1,4.24429988861084,6,True,1.0,used,Unrelated,NoCompetitor,High,-0.5,-0.5,0.5,used
1075,56.02563684168423,0,3,3.3078999519348145,6,True,1.0,loud,Unrelated,NoCompetitor,High,-0.5,-0.5,0.5,loud
1098,73.48831535568755,0,16,4.452199935913086,4,True,1.0,hear,Unrelated,NoCompetitor,High,-0.5,-0.5,0.5,hear
1360,272.7628111367535,3,0,2.659899950027466,5,True,1.0,obey,Unrelated,NoCompetitor,High,-0.5,-0.5,0.5,obey
1382,102.90395685609917,1,5,3.390199899673462,8,True,1.0,rule,Unrelated,NoCompetitor,High,-0.5,-0.5,0.5,rule
1110,103.28071586964045,1,17,3.0302000045776367,7,True,1.0,mile,Unrelated,NoCompetitor,High,-0.5,-0.5,0.5,mile
1397,43.736735940337006,1,1,1.7782000303268433,4,True,1.0,afar,Unrelated,NoCompetitor,High,-0.5,-0.5,0.5,afar
1328,54.12123644804599,1,1,3.6589999198913574,6,True,1.0,kept,Unrelated,NoCompetitor,High,-0.5,-0.5,0.5,kept
1371,115.7807399127782,2,8,4.2418999671936035,5,True,1.0,took,Unrelated,NoCompetitor,High,-0.5,-0.5,0.5,took
1166,94.065632739792,1,9,1.3221999406814575,5,True,1.0,doze,Unrelated,NoCompetitor,High,-0.5,-0.5,0.5,doze
1276,179.4951772583467,2,11,4.035900115966797,5,True,1.0,rest,Unrelated,NoCompetitor,High,-0.5,-0.5,0.5,rest
1452,19.6066734135797,0,0,2.9872000217437744,9,True,1.0,odds,Unrelated,NoCompetitor,High,-0.5,-0.5,0.5,odds
1500,43.46767332512586,0,2,1.6812000274658203,4,True,1.0,vary,Unrelated,NoCompetitor,High,-0.5,-0.5,0.5,vary
1214,46.47382141261032,0,12,4.151500225067139,10,True,1.0,year,Unrelated,NoCompetitor,High,-0.5,-0.5,0.5,year
1341,81.39201161506291,1,0,2.983599901199341,11,True,1.0,noel,Unrelated,NoCompetitor,High,-0.5,-0.5,0.5,noel
1344,69.89275326865156,0,5,3.9446001052856445,7,True,1.0,fact,Unrelated,NoCompetitor,High,-0.5,-0.5,0.5,fact
1534,43.64435800473008,0,1,4.111299991607666,5,True,1.0,true,Unrelated,NoCompetitor,High,-0.5,-0.5,0.5,true
1256,60.512424049251685,1,5,3.9179000854492188,6,True,1.0,hour,Unrelated,NoCompetitor,High,-0.5,-0.5,0.5,hour
1263,91.61888604427439,1,7,4.999499797821045,5,True,1.0,time,Unrelated,NoCompetitor,High,-0.5,-0.5,0.5,time
1334,73.30898633391195,1,3,3.7534000873565674,5,True,1.0,less,Unrelated,NoCompetitor,High,-0.5,-0.5,0.5,less
1537,52.99129602115583,1,4,4.695799827575684,6,True,1.0,much,Unrelated,NoCompetitor,High,-0.5,-0.5,0.5,much
1304,93.22905736954849,1,9,1.2553000450134277,5,True,1.0,bonk,Unrelated,NoCompetitor,High,-0.5,-0.5,0.5,bonk
1353,44.302298066069675,0,4,1.9955999851226807,6,True,1.0,wham,Unrelated,NoCompetitor,High,-0.5,-0.5,0.5,wham
1364,134.8710783720359,2,15,4.327899932861328,10,True,1.0,same,Unrelated,NoCompetitor,High,-0.5,-0.5,0.5,same
1533,47.266705749240536,1,1,1.1761000156402588,5,True,1.0,akin,Unrelated,NoCompetitor,High,-0.5,-0.5,0.5,akin
1323,121.7866917704711,2,6,1.4471999406814575,8,True,1.0,dolt,Unrelated,NoCompetitor,High,-0.5,-0.5,0.5,dolt
1325,68.8804719112866,1,0,1.9138000011444092,5,True,1.0,redo,Unrelated,NoCompetitor,High,-0.5,-0.5,0.5,redo
1433,61.2987138747183,1,3,3.9416000843048096,8,True,1.0,glad,Unrelated,NoCompetitor,High,-0.5,-0.5,0.5,glad
1492,87.08160340229826,0,10,4.0391998291015625,9,True,1.0,hate,Unrelated,NoCompetitor,High,-0.5,-0.5,0.5,hate
1358,90.90963591621093,1,10,4.145400047302246,7,True,1.0,lost,Unrelated,NoCompetitor,High,-0.5,-0.5,0.5,lost
1368,79.60269498838306,1,10,4.627200126647949,5,True,1.0,find,Unrelated,NoCompetitor,High,-0.5,-0.5,0.5,find
1439,84.30266957139412,1,7,1.5051000118255615,8,True,1.0,zeal,Unrelated,NoCompetitor,High,-0.5,-0.5,0.5,zeal
1444,95.92503609075948,2,3,1.770900011062622,8,True,1.0,glee,Unrelated,NoCompetitor,High,-0.5,-0.5,0.5,glee
1373,44.44618237906152,0,2,2.460900068283081,5,True,1.0,cozy,Unrelated,NoCompetitor,High,-0.5,-0.5,0.5,cozy
1391,30.275888352004216,0,4,1.8691999912261963,5,True,1.0,snug,Unrelated,NoCompetitor,High,-0.5,-0.5,0.5,snug
1464,142.2367163585095,2,11,5.497300148010254,6,True,1.0,have,Unrelated,NoCompetitor,High,-0.5,-0.5,0.5,have
1501,49.71580350737264,0,9,4.947299957275391,5,True,1.0,been,Unrelated,NoCompetitor,High,-0.5,-0.5,0.5,been
1385,78.92943215963462,1,6,4.671899795532227,8,True,1.0,help,Unrelated,NoCompetitor,High,-0.5,-0.5,0.5,help
1438,157.61704254239882,2,20,4.393599987030029,7,True,1.0,care,Unrelated,NoCompetitor,High,-0.5,-0.5,0.5,care
1401,68.35006440037509,0,12,4.39300012588501,11,True,1.0,mind,Unrelated,NoCompetitor,High,-0.5,-0.5,0.5,mind
1511,76.99966740027315,1,4,3.5940001010894775,7,True,1.0,soul,Unrelated,NoCompetitor,High,-0.5,-0.5,0.5,soul
1420,95.64969114499281,1,6,2.8685998916625977,5,True,1.0,foul,Unrelated,NoCompetitor,High,-0.5,-0.5,0.5,foul
1515,38.96581401808557,0,8,2.2899999618530273,6,True,1.0,yuck,Unrelated,NoCompetitor,High,-0.5,-0.5,0.5,yuck
1498,40.60693555365323,1,0,2.5315001010894775,9,True,1.0,urge,Unrelated,NoCompetitor,High,-0.5,-0.5,0.5,urge
1539,37.467011153436225,0,5,2.079200029373169,6,True,1.0,whim,Unrelated,NoCompetitor,High,-0.5,-0.5,0.5,whim
1458,44.37403618025444,0,5,1.8976000547409058,8,True,1.0,ploy,Unrelated,NoCompetitor,High,-0.5,-0.5,0.5,ploy
1554,132.21398055183397,2,8,1.934499979019165,4,True,1.0,ruse,Unrelated,NoCompetitor,High,-0.5,-0.5,0.5,ruse
1531,45.44116977572041,1,3,1.4149999618530273,5,True,1.0,avid,Unrelated,NoCompetitor,High,-0.5,-0.5,0.5,avid
1548,97.15086740719597,1,5,2.359800100326538,5,True,1.0,keen,Unrelated,NoCompetitor,High,-0.5,-0.5,0.5,keen
