WordInds,LexSemErr,ThresholdCrossingIteration,ONsize,Frequency,NumSemFeats,ThresholdWasCrossed,CorrectItemCrossed,WordThatCrossed,Constraint_name,IsExpected_name,Constraint_code,IsExpected_code,WordInput
155,881.2773696929446,9,5,2.3578999042510986,7,True,1.0,crow,LowConstraint,Unexpected,-0.5,-0.5,crow
335,940.1861043279107,10,12,2.4547998905181885,10,True,1.0,dove,LowConstraint,Unexpected,-0.5,-0.5,dove
1,914.9723172382267,11,9,1.6990000009536743,9,True,1.0,pant,LowConstraint,Unexpected,-0.5,-0.5,pant
261,868.089925816601,6,5,2.9565999507904053,13,True,1.0,jean,LowConstraint,Unexpected,-0.5,-0.5,jean
135,798.8091602765633,6,1,3.0183000564575195,10,True,1.0,earl,LowConstraint,Unexpected,-0.5,-0.5,earl
972,893.6725706804906,9,7,3.1064999103546143,13,True,1.0,duke,LowConstraint,Unexpected,-0.5,-0.5,duke
12,885.7262756788945,6,2,2.7809998989105225,14,True,1.0,frog,LowConstraint,Unexpected,-0.5,-0.5,frog
442,800.5728988902177,6,4,1.8387999534606934,10,True,1.0,newt,LowConstraint,Unexpected,-0.5,-0.5,newt
157,920.3029251732229,8,8,1.5563000440597534,12,True,1.0,fowl,LowConstraint,Unexpected,-0.5,-0.5,fowl
514,925.0901401059382,7,1,3.365299940109253,11,True,1.0,bird,LowConstraint,Unexpected,-0.5,-0.5,bird
214,678.1514405324713,4,0,2.835700035095215,8,True,1.0,exam,LowConstraint,Unexpected,-0.5,-0.5,exam
992,918.5548875471337,9,12,3.6324000358581543,11,True,1.0,test,LowConstraint,Unexpected,-0.5,-0.5,test
2,829.0692785743804,7,5,2.637500047683716,10,True,1.0,robe,LowConstraint,Unexpected,-0.5,-0.5,robe
781,924.4656302688379,9,11,2.4547998905181885,11,True,1.0,vest,LowConstraint,Unexpected,-0.5,-0.5,vest
542,898.4976170477916,8,8,2.542799949645996,15,True,1.0,swan,LowConstraint,Unexpected,-0.5,-0.5,swan
603,927.4816420997267,11,14,3.1017000675201416,15,True,1.0,duck,LowConstraint,Unexpected,-0.5,-0.5,duck
369,829.0827417138565,6,4,2.004300117492676,10,True,1.0,barf,LowConstraint,Unexpected,-0.5,-0.5,barf
755,923.2346161957767,8,5,2.5051000118255615,10,True,1.0,puke,LowConstraint,Unexpected,-0.5,-0.5,puke
146,706.750840578436,4,1,1.6434999704360962,11,True,1.0,zinc,LowConstraint,Unexpected,-0.5,-0.5,zinc
938,917.4311403605216,10,12,3.6280999183654785,16,True,1.0,lead,LowConstraint,Unexpected,-0.5,-0.5,lead
441,928.4783938515675,10,11,2.5262999534606934,10,True,1.0,mice,LowConstraint,Unexpected,-0.5,-0.5,mice
905,906.8524316670855,8,5,2.176100015640259,13,True,1.0,puss,LowConstraint,Unexpected,-0.5,-0.5,puss
246,749.1580851947538,5,1,2.8608999252319336,9,True,1.0,debt,LowConstraint,Unexpected,-0.5,-0.5,debt
1080,914.3192004970506,9,6,3.00600004196167,9,True,1.0,loan,LowConstraint,Unexpected,-0.5,-0.5,loan
721,789.6964226593025,8,4,1.5563000440597534,11,True,1.0,axes,LowConstraint,Unexpected,-0.5,-0.5,axes
963,834.5252323470792,7,3,1.2303999662399292,9,True,1.0,maul,LowConstraint,Unexpected,-0.5,-0.5,maul
422,915.8778077060861,6,1,2.8942999839782715,16,True,1.0,lion,LowConstraint,Unexpected,-0.5,-0.5,lion
616,812.1220264127428,6,1,0.9031000137329102,9,True,1.0,puma,LowConstraint,Unexpected,-0.5,-0.5,puma
566,917.3763714740729,11,12,3.4321999549865723,11,True,1.0,rose,LowConstraint,Unexpected,-0.5,-0.5,rose
711,888.355402752239,7,1,3.13700008392334,10,True,1.0,lily,LowConstraint,Unexpected,-0.5,-0.5,lily
439,858.0719850345898,7,7,1.9138000011444092,8,True,1.0,stag,LowConstraint,Unexpected,-0.5,-0.5,stag
723,925.9970313534983,9,11,3.2360000610351562,11,True,1.0,buck,LowConstraint,Unexpected,-0.5,-0.5,buck
1117,910.8189551305286,8,3,4.0991997718811035,9,True,1.0,hurt,LowConstraint,Unexpected,-0.5,-0.5,hurt
1152,913.5072786986314,8,7,3.6986000537872314,13,True,1.0,pain,LowConstraint,Unexpected,-0.5,-0.5,pain
573,925.2657574257088,8,6,2.767199993133545,16,True,1.0,dish,LowConstraint,Unexpected,-0.5,-0.5,dish
599,865.1898265865159,8,6,3.039400100708008,9,True,1.0,bowl,LowConstraint,Unexpected,-0.5,-0.5,bowl
8,894.0007318106302,9,6,2.1238999366760254,7,True,1.0,gram,LowConstraint,Unexpected,-0.5,-0.5,gram
1239,836.8439277988834,6,4,1.9084999561309814,10,True,1.0,kilo,LowConstraint,Unexpected,-0.5,-0.5,kilo
576,903.8095111910228,8,5,2.617000102996826,11,True,1.0,pony,LowConstraint,Unexpected,-0.5,-0.5,pony
680,918.6857853439203,11,18,2.1731998920440674,13,True,1.0,mare,LowConstraint,Unexpected,-0.5,-0.5,mare
946,926.112717453749,9,11,1.7559000253677368,13,True,1.0,gull,LowConstraint,Unexpected,-0.5,-0.5,gull
1261,925.8304311964519,12,15,1.5681999921798706,9,True,1.0,coot,LowConstraint,Unexpected,-0.5,-0.5,coot
620,895.5712243203263,9,6,3.200900077819824,10,True,1.0,bath,LowConstraint,Unexpected,-0.5,-0.5,bath
684,902.5207336658023,11,12,2.936500072479248,8,True,1.0,sink,LowConstraint,Unexpected,-0.5,-0.5,sink
118,749.9186455314724,5,0,2.433000087738037,7,True,1.0,nova,LowConstraint,Unexpected,-0.5,-0.5,nova
709,918.2436047367813,9,9,3.618000030517578,13,True,1.0,star,LowConstraint,Unexpected,-0.5,-0.5,star
623,925.2313993244188,9,10,2.789599895477295,14,True,1.0,dime,LowConstraint,Unexpected,-0.5,-0.5,dime
909,905.0268339723864,9,10,2.684799909591675,12,True,1.0,cent,LowConstraint,Unexpected,-0.5,-0.5,cent
270,919.967114866299,9,7,2.285599946975708,10,True,1.0,pact,LowConstraint,Unexpected,-0.5,-0.5,pact
1255,925.2694210934899,11,14,4.124899864196777,11,True,1.0,deal,LowConstraint,Unexpected,-0.5,-0.5,deal
1437,920.4892628116717,12,16,1.544100046157837,9,True,1.0,lore,LowConstraint,Unexpected,-0.5,-0.5,lore
1466,737.4749061064873,5,3,2.547800064086914,6,True,1.0,myth,LowConstraint,Unexpected,-0.5,-0.5,myth
1251,854.391320607682,8,10,2.761899948120117,8,True,1.0,rage,LowConstraint,Unexpected,-0.5,-0.5,rage
1311,870.8429485621106,7,2,2.29229998588562,8,True,1.0,fury,LowConstraint,Unexpected,-0.5,-0.5,fury
41,903.4230823606206,9,7,2.6989998817443848,12,True,1.0,silk,LowConstraint,Unexpected,-0.5,-0.5,silk
610,897.5641182852396,8,6,2.2095000743865967,9,True,1.0,wool,LowConstraint,Unexpected,-0.5,-0.5,wool
910,802.4813085670197,6,4,1.857300043106079,8,True,1.0,wept,LowConstraint,Unexpected,-0.5,-0.5,wept
1150,844.664884342618,7,3,1.462399959564209,7,True,1.0,bawl,LowConstraint,Unexpected,-0.5,-0.5,bawl
510,917.446040444452,7,3,3.629300117492676,14,True,1.0,fish,LowConstraint,Unexpected,-0.5,-0.5,fish
585,822.7129196472546,6,2,2.6117000579833984,12,True,1.0,tuna,LowConstraint,Unexpected,-0.5,-0.5,tuna
22,841.1500911532672,7,5,2.4065001010894775,12,True,1.0,herb,LowConstraint,Unexpected,-0.5,-0.5,herb
241,911.057354309774,9,12,1.954200029373169,11,True,1.0,sage,LowConstraint,Unexpected,-0.5,-0.5,sage
937,864.9657721153617,7,8,3.8190999031066895,7,True,1.0,king,LowConstraint,Unexpected,-0.5,-0.5,king
1003,642.5168151452971,4,1,1.3009999990463257,9,True,1.0,tsar,LowConstraint,Unexpected,-0.5,-0.5,tsar
30,796.4132250527715,6,2,1.9911999702453613,11,True,1.0,knit,LowConstraint,Unexpected,-0.5,-0.5,knit
1034,844.5655210982886,7,2,1.8260999917984009,10,True,1.0,sewn,LowConstraint,Unexpected,-0.5,-0.5,sewn
26,856.4546261168485,7,5,2.3784000873565674,10,True,1.0,limb,LowConstraint,Unexpected,-0.5,-0.5,limb
692,909.6587884240596,9,7,4.154200077056885,11,True,1.0,hand,LowConstraint,Unexpected,-0.5,-0.5,hand
61,877.5260978302591,9,7,1.9589999914169312,6,True,1.0,dung,LowConstraint,Unexpected,-0.5,-0.5,dung
138,896.4021997195638,9,7,3.4986000061035156,7,True,1.0,crap,LowConstraint,Unexpected,-0.5,-0.5,crap
57,918.5172060851722,9,7,2.7723000049591064,11,True,1.0,plot,LowConstraint,Unexpected,-0.5,-0.5,plot
1222,911.1877908043427,11,13,2.7874999046325684,11,True,1.0,tale,LowConstraint,Unexpected,-0.5,-0.5,tale
275,745.43701563938,4,0,0.9031000137329102,13,True,1.0,ovum,LowConstraint,Unexpected,-0.5,-0.5,ovum
821,918.2767492362191,8,10,3.4428999423980713,11,True,1.0,cell,LowConstraint,Unexpected,-0.5,-0.5,cell
62,651.1478935435499,4,0,0.3009999990463257,8,True,1.0,lynx,LowConstraint,Unexpected,-0.5,-0.5,lynx
595,920.111077500926,12,16,2.29229998588562,8,True,1.0,hare,LowConstraint,Unexpected,-0.5,-0.5,hare
240,911.561508059993,8,4,2.478600025177002,11,True,1.0,glue,LowConstraint,Unexpected,-0.5,-0.5,glue
815,662.7832917589557,5,1,1.0,14,True,1.0,inks,LowConstraint,Unexpected,-0.5,-0.5,inks
92,875.0211109931754,10,11,2.609600067138672,10,True,1.0,tuck,LowConstraint,Unexpected,-0.5,-0.5,tuck
1287,913.8702846869201,10,9,2.851300001144409,8,True,1.0,darn,LowConstraint,Unexpected,-0.5,-0.5,darn
213,566.9990762461409,3,0,1.2553000450134277,11,True,1.0,onyx,LowConstraint,Unexpected,-0.5,-0.5,onyx
836,854.0383293363205,6,3,2.4149999618530273,9,True,1.0,jade,LowConstraint,Unexpected,-0.5,-0.5,jade
141,909.4757980115457,9,10,2.5694000720977783,10,True,1.0,tick,LowConstraint,Unexpected,-0.5,-0.5,tick
587,807.6370673598955,7,5,2.2304000854492188,8,True,1.0,flea,LowConstraint,Unexpected,-0.5,-0.5,flea
170,918.9355492256279,9,9,2.2095000743865967,9,True,1.0,funk,LowConstraint,Unexpected,-0.5,-0.5,funk
196,678.3784081240979,4,0,2.784600019454956,9,True,1.0,jazz,LowConstraint,Unexpected,-0.5,-0.5,jazz
142,876.6801210103346,6,1,2.56469988822937,12,True,1.0,glen,LowConstraint,Unexpected,-0.5,-0.5,glen
549,931.7328193951844,10,12,3.282399892807007,13,True,1.0,hill,LowConstraint,Unexpected,-0.5,-0.5,hill
294,908.2106301745105,9,6,2.599900007247925,11,True,1.0,soil,LowConstraint,Unexpected,-0.5,-0.5,soil
602,872.0772416843486,8,3,3.1175999641418457,5,True,1.0,dirt,LowConstraint,Unexpected,-0.5,-0.5,dirt
178,927.2780492884228,9,10,2.8578999042510986,10,True,1.0,bush,LowConstraint,Unexpected,-0.5,-0.5,bush
511,913.8363169370023,8,4,3.5206000804901123,15,True,1.0,tree,LowConstraint,Unexpected,-0.5,-0.5,tree
384,733.8966501977611,5,1,2.8006999492645264,7,True,1.0,inch,LowConstraint,Unexpected,-0.5,-0.5,inch
1291,862.6654521186547,10,8,2.0085999965667725,4,True,1.0,span,LowConstraint,Unexpected,-0.5,-0.5,span
186,906.5774367559673,7,3,2.734800100326538,12,True,1.0,lamb,LowConstraint,Unexpected,-0.5,-0.5,lamb
608,938.0458960679541,11,11,2.648400068283081,10,True,1.0,deer,LowConstraint,Unexpected,-0.5,-0.5,deer
266,823.1144299097592,8,7,1.8920999765396118,9,True,1.0,haze,LowConstraint,Unexpected,-0.5,-0.5,haze
488,737.9090107075515,5,1,1.7482000589370728,9,True,1.0,smog,LowConstraint,Unexpected,-0.5,-0.5,smog
191,913.716219096564,9,7,2.164400100708008,8,True,1.0,moss,LowConstraint,Unexpected,-0.5,-0.5,moss
524,888.7062020837977,6,0,2.2147998809814453,9,True,1.0,fern,LowConstraint,Unexpected,-0.5,-0.5,fern
405,783.69184055779,6,2,1.6720999479293823,11,True,1.0,acne,LowConstraint,Unexpected,-0.5,-0.5,acne
1242,723.3515618588441,5,2,2.330399990081787,11,True,1.0,itch,LowConstraint,Unexpected,-0.5,-0.5,itch
230,911.8165021576606,9,8,1.924299955368042,10,True,1.0,lark,LowConstraint,Unexpected,-0.5,-0.5,lark
470,828.8627869377984,6,1,1.3009999990463257,6,True,1.0,wren,LowConstraint,Unexpected,-0.5,-0.5,wren
314,923.3860955011739,7,3,2.749000072479248,11,True,1.0,shed,LowConstraint,Unexpected,-0.5,-0.5,shed
654,911.4967498967483,9,8,4.350599765777588,15,True,1.0,room,LowConstraint,Unexpected,-0.5,-0.5,room
233,902.9885373031242,9,7,2.3385000228881836,7,True,1.0,lure,LowConstraint,Unexpected,-0.5,-0.5,lure
271,879.1220631950018,8,3,2.6963999271392822,6,True,1.0,bait,LowConstraint,Unexpected,-0.5,-0.5,bait
548,902.7542988415311,10,9,3.688999891281128,14,True,1.0,boat,LowConstraint,Unexpected,-0.5,-0.5,boat
597,919.3979176822315,10,8,3.7028000354766846,10,True,1.0,ship,LowConstraint,Unexpected,-0.5,-0.5,ship
251,841.282650262225,7,6,1.462399959564209,11,True,1.0,kale,LowConstraint,Unexpected,-0.5,-0.5,kale
559,916.763319104082,9,8,1.2041000127792358,9,True,1.0,leek,LowConstraint,Unexpected,-0.5,-0.5,leek
25,880.4955837263085,8,10,1.544100046157837,8,True,1.0,mope,LowConstraint,Unexpected,-0.5,-0.5,mope
1474,857.7325660375645,8,5,1.7243000268936157,8,True,1.0,glum,LowConstraint,Unexpected,-0.5,-0.5,glum
285,928.3554356237621,10,10,2.841399908065796,8,True,1.0,barn,LowConstraint,Unexpected,-0.5,-0.5,barn
880,845.7960508983231,7,5,1.6901999711990356,9,True,1.0,silo,LowConstraint,Unexpected,-0.5,-0.5,silo
505,677.6125144047572,4,0,1.6128000020980835,11,True,1.0,kiwi,LowConstraint,Unexpected,-0.5,-0.5,kiwi
626,890.0337234248105,8,5,2.243000030517578,12,True,1.0,plum,LowConstraint,Unexpected,-0.5,-0.5,plum
319,909.5333000643863,9,5,1.8691999912261963,8,True,1.0,wasp,LowConstraint,Unexpected,-0.5,-0.5,wasp
696,903.8863102548667,7,5,2.436199903488159,13,True,1.0,bees,LowConstraint,Unexpected,-0.5,-0.5,bees
545,745.462595656646,4,0,2.2227001190185547,14,True,1.0,mayo,LowConstraint,Unexpected,-0.5,-0.5,mayo
736,926.1578995301337,10,9,1.2553000450134277,10,True,1.0,slaw,LowConstraint,Unexpected,-0.5,-0.5,slaw
454,757.8472013943242,5,3,1.3617000579833984,10,True,1.0,oxen,LowConstraint,Unexpected,-0.5,-0.5,oxen
621,929.3449378434219,10,12,3.14739990234375,8,True,1.0,bull,LowConstraint,Unexpected,-0.5,-0.5,bull
114,776.9157674950084,5,1,3.904400110244751,8,True,1.0,whoa,LowConstraint,Unexpected,-0.5,-0.5,whoa
1483,758.4525996217933,5,1,2.7458999156951904,6,True,1.0,oops,LowConstraint,Unexpected,-0.5,-0.5,oops
544,851.2182841425165,7,9,2.413300037384033,10,True,1.0,cafe,LowConstraint,Unexpected,-0.5,-0.5,cafe
763,697.3548823356805,5,1,2.037400007247925,7,True,1.0,deli,LowConstraint,Unexpected,-0.5,-0.5,deli
174,912.4032378740874,7,2,2.5211000442504883,13,True,1.0,riot,LowConstraint,Unexpected,-0.5,-0.5,riot
877,834.0442130741167,7,3,2.2528998851776123,11,True,1.0,thug,LowConstraint,Unexpected,-0.5,-0.5,thug
578,897.6154275029078,8,3,2.510499954223633,9,True,1.0,pond,LowConstraint,Unexpected,-0.5,-0.5,pond
592,932.0770780991718,9,13,3.2641000747680664,9,True,1.0,lake,LowConstraint,Unexpected,-0.5,-0.5,lake
695,921.0631650615214,9,12,2.7809998989105225,15,True,1.0,pill,LowConstraint,Unexpected,-0.5,-0.5,pill
798,842.3424193972596,6,2,3.36299991607666,12,True,1.0,drug,LowConstraint,Unexpected,-0.5,-0.5,drug
590,928.6011495895342,9,11,3.585599899291992,12,True,1.0,beer,LowConstraint,Unexpected,-0.5,-0.5,beer
1338,939.0974622199516,9,15,3.514899969100952,11,True,1.0,sake,LowConstraint,Unexpected,-0.5,-0.5,sake
144,896.217373576788,9,6,1.8194999694824219,6,True,1.0,posh,LowConstraint,Unexpected,-0.5,-0.5,posh
1347,810.8161137699292,8,5,2.0492000579833984,7,True,1.0,snob,LowConstraint,Unexpected,-0.5,-0.5,snob
596,913.0566280227362,9,10,4.168700218200684,9,True,1.0,face,LowConstraint,Unexpected,-0.5,-0.5,face
676,916.8394445845331,10,11,4.277599811553955,9,True,1.0,head,LowConstraint,Unexpected,-0.5,-0.5,head
958,871.5071341594415,8,9,3.536799907684326,8,True,1.0,nine,LowConstraint,Unexpected,-0.5,-0.5,nine
1188,876.9417517481719,8,6,4.115499973297119,9,True,1.0,four,LowConstraint,Unexpected,-0.5,-0.5,four
744,935.8365492143485,9,11,2.613800048828125,12,True,1.0,rash,LowConstraint,Unexpected,-0.5,-0.5,rash
830,913.1515599248378,10,10,1.0,9,True,1.0,welt,LowConstraint,Unexpected,-0.5,-0.5,welt
1367,819.9934290590634,8,10,2.4969000816345215,6,True,1.0,scam,LowConstraint,Unexpected,-0.5,-0.5,scam
1456,848.5371062978116,7,4,1.531499981880188,6,True,1.0,dupe,LowConstraint,Unexpected,-0.5,-0.5,dupe
751,883.7983024561742,9,8,2.4377999305725098,6,True,1.0,peel,LowConstraint,Unexpected,-0.5,-0.5,peel
805,889.5353612084449,9,9,1.1761000156402588,6,True,1.0,rind,LowConstraint,Unexpected,-0.5,-0.5,rind
71,843.3191278788861,7,4,1.6812000274658203,10,True,1.0,spud,LowConstraint,Unexpected,-0.5,-0.5,spud
698,897.7922807969586,9,7,3.0220000743865967,9,True,1.0,chip,LowConstraint,Unexpected,-0.5,-0.5,chip
838,871.1856774507309,8,6,2.1875,10,True,1.0,boob,LowConstraint,Unexpected,-0.5,-0.5,boob
843,914.1864906433195,11,13,1.2303999662399292,7,True,1.0,teat,LowConstraint,Unexpected,-0.5,-0.5,teat
152,824.188711296298,8,8,2.0569000244140625,4,True,1.0,goof,LowConstraint,Unexpected,-0.5,-0.5,goof
1108,697.0849300836653,6,2,1.544100046157837,8,True,1.0,typo,LowConstraint,Unexpected,-0.5,-0.5,typo
23,931.3289625446447,11,18,1.079200029373169,8,True,1.0,sear,LowConstraint,Unexpected,-0.5,-0.5,sear
903,933.6054082726238,10,13,2.510499954223633,9,True,1.0,bake,LowConstraint,Unexpected,-0.5,-0.5,bake
49,930.4304598085055,12,13,2.2279000282287598,11,True,1.0,lime,LowConstraint,Unexpected,-0.5,-0.5,lime
557,924.3119404947465,9,13,1.8387999534606934,10,True,1.0,pear,LowConstraint,Unexpected,-0.5,-0.5,pear
40,926.011758711165,9,12,1.5563000440597534,11,True,1.0,gash,LowConstraint,Unexpected,-0.5,-0.5,gash
931,892.2428708389518,9,6,3.4498000144958496,7,True,1.0,burn,LowConstraint,Unexpected,-0.5,-0.5,burn
305,818.8961602210235,6,2,3.380199909210205,7,True,1.0,plus,LowConstraint,Unexpected,-0.5,-0.5,plus
375,884.1835613727387,8,6,2.4518001079559326,8,True,1.0,grid,LowConstraint,Unexpected,-0.5,-0.5,grid
46,825.0892889432241,6,1,3.4149999618530273,6,True,1.0,duty,LowConstraint,Unexpected,-0.5,-0.5,duty
1461,906.5812254665752,10,12,2.9684998989105225,8,True,1.0,role,LowConstraint,Unexpected,-0.5,-0.5,role
195,780.2668864096324,6,2,1.8451000452041626,8,True,1.0,alto,LowConstraint,Unexpected,-0.5,-0.5,alto
1105,798.1905054073547,5,1,1.8976000547409058,8,True,1.0,diva,LowConstraint,Unexpected,-0.5,-0.5,diva
47,916.6035543798389,10,13,1.579800009727478,5,True,1.0,hone,LowConstraint,Unexpected,-0.5,-0.5,hone
364,869.4234071550429,7,4,0.7781999707221985,10,True,1.0,rasp,LowConstraint,Unexpected,-0.5,-0.5,rasp
162,650.379569359135,4,0,3.1201999187469482,12,True,1.0,taxi,LowConstraint,Unexpected,-0.5,-0.5,taxi
475,827.532805444064,6,1,2.5933001041412354,12,True,1.0,auto,LowConstraint,Unexpected,-0.5,-0.5,auto
159,928.5113479814438,12,16,2.7551000118255615,10,True,1.0,boot,LowConstraint,Unexpected,-0.5,-0.5,boot
609,854.1171536358249,9,7,2.577500104904175,6,True,1.0,heel,LowConstraint,Unexpected,-0.5,-0.5,heel
203,851.4465399656007,6,2,2.3032000064849854,13,True,1.0,bulb,LowConstraint,Unexpected,-0.5,-0.5,bulb
534,933.753896830912,10,8,2.81820011138916,11,True,1.0,lamp,LowConstraint,Unexpected,-0.5,-0.5,lamp
161,896.242540501534,9,4,1.6901999711990356,9,True,1.0,font,LowConstraint,Unexpected,-0.5,-0.5,font
163,745.5829789937225,8,4,3.490499973297119,5,True,1.0,type,LowConstraint,Unexpected,-0.5,-0.5,type
342,706.2587899708184,5,0,1.9031000137329102,8,True,1.0,luau,LowConstraint,Unexpected,-0.5,-0.5,luau
1093,921.0353448860396,10,13,1.8451000452041626,10,True,1.0,fest,LowConstraint,Unexpected,-0.5,-0.5,fest
185,657.5483516318725,4,0,1.2788000106811523,12,True,1.0,oboe,LowConstraint,Unexpected,-0.5,-0.5,oboe
277,913.3311062936057,8,7,2.1303000450134277,11,True,1.0,harp,LowConstraint,Unexpected,-0.5,-0.5,harp
346,904.4230693909831,8,6,2.672100067138672,9,True,1.0,hint,LowConstraint,Unexpected,-0.5,-0.5,hint
480,874.6010355356542,7,3,2.9537999629974365,7,True,1.0,clue,LowConstraint,Unexpected,-0.5,-0.5,clue
202,895.8900332251833,8,4,1.986799955368042,9,True,1.0,moan,LowConstraint,Unexpected,-0.5,-0.5,moan
273,733.424689448291,6,3,0.9031000137329102,6,True,1.0,yelp,LowConstraint,Unexpected,-0.5,-0.5,yelp
221,798.4699171431907,5,2,1.7243000268936157,9,True,1.0,opal,LowConstraint,Unexpected,-0.5,-0.5,opal
671,781.6513687622602,5,0,2.783900022506714,11,True,1.0,ruby,LowConstraint,Unexpected,-0.5,-0.5,ruby
210,913.0298499902285,9,7,2.037400007247925,11,True,1.0,snot,LowConstraint,Unexpected,-0.5,-0.5,snot
581,924.2450611256194,9,10,3.5511999130249023,11,True,1.0,nose,LowConstraint,Unexpected,-0.5,-0.5,nose
244,899.3978809882422,9,5,2.9014999866485596,12,True,1.0,tune,LowConstraint,Unexpected,-0.5,-0.5,tune
961,746.0170239967267,4,0,1.924299955368042,10,True,1.0,hymn,LowConstraint,Unexpected,-0.5,-0.5,hymn
234,837.5542210335861,7,3,3.0980000495910645,6,True,1.0,path,LowConstraint,Unexpected,-0.5,-0.5,path
677,905.0310229718878,9,5,3.7565999031066895,11,True,1.0,road,LowConstraint,Unexpected,-0.5,-0.5,road
440,927.6489736925778,8,4,2.613800048828125,11,True,1.0,tray,LowConstraint,Unexpected,-0.5,-0.5,tray
990,918.1206259218054,11,13,4.1585001945495605,10,True,1.0,case,LowConstraint,Unexpected,-0.5,-0.5,case
282,907.6020332589924,10,9,2.730799913406372,10,True,1.0,pork,LowConstraint,Unexpected,-0.5,-0.5,pork
683,877.2056655106528,7,6,3.0025999546051025,13,True,1.0,beef,LowConstraint,Unexpected,-0.5,-0.5,beef
507,904.6456879614934,8,8,1.8260999917984009,9,True,1.0,tush,LowConstraint,Unexpected,-0.5,-0.5,tush
860,930.4687587907001,10,12,5.0106000900268555,8,True,1.0,back,LowConstraint,Unexpected,-0.5,-0.5,back
297,865.8601788280579,9,10,2.3559999465942383,6,True,1.0,vile,LowConstraint,Unexpected,-0.5,-0.5,vile
1543,905.5320472112096,9,8,5.124199867248535,12,True,1.0,good,LowConstraint,Unexpected,-0.5,-0.5,good
367,841.5037929218468,7,3,1.6232000589370728,8,True,1.0,clog,LowConstraint,Unexpected,-0.5,-0.5,clog
561,920.1566532067803,11,11,2.661799907684326,8,True,1.0,sock,LowConstraint,Unexpected,-0.5,-0.5,sock
299,647.2959329550639,4,0,1.9031000137329102,7,True,1.0,quad,LowConstraint,Unexpected,-0.5,-0.5,quad
651,831.2436720288193,7,7,2.7202000617980957,9,True,1.0,jeep,LowConstraint,Unexpected,-0.5,-0.5,jeep
499,840.6198275190567,7,5,1.8691999912261963,8,True,1.0,spur,LowConstraint,Unexpected,-0.5,-0.5,spur
936,889.7840651925322,7,2,1.968500018119812,10,True,1.0,trot,LowConstraint,Unexpected,-0.5,-0.5,trot
301,916.2134102281889,9,10,1.7323999404907227,10,True,1.0,mead,LowConstraint,Unexpected,-0.5,-0.5,mead
657,918.099117242308,11,16,3.4883999824523926,7,True,1.0,wine,LowConstraint,Unexpected,-0.5,-0.5,wine
365,885.386021401572,9,5,2.307499885559082,8,True,1.0,mutt,LowConstraint,Unexpected,-0.5,-0.5,mutt
513,784.016037297158,6,2,3.4321999549865723,10,True,1.0,dogs,LowConstraint,Unexpected,-0.5,-0.5,dogs
362,716.7327842853593,5,1,1.0,5,True,1.0,cyan,LowConstraint,Unexpected,-0.5,-0.5,cyan
1068,868.012474871765,7,3,3.717900037765503,7,True,1.0,blue,LowConstraint,Unexpected,-0.5,-0.5,blue
717,927.8904970920945,10,13,3.7811999320983887,13,True,1.0,bill,LowConstraint,Unexpected,-0.5,-0.5,bill
1156,925.4698993137641,10,13,3.246299982070923,10,True,1.0,rent,LowConstraint,Unexpected,-0.5,-0.5,rent
368,921.8691530396754,10,11,2.819499969482422,9,True,1.0,sack,LowConstraint,Unexpected,-0.5,-0.5,sack
841,906.2330941801154,8,6,1.7482000589370728,12,True,1.0,tote,LowConstraint,Unexpected,-0.5,-0.5,tote
814,705.5401917388624,4,0,1.2303999662399292,8,True,1.0,gyro,LowConstraint,Unexpected,-0.5,-0.5,gyro
827,852.322670064412,8,6,2.517199993133545,7,True,1.0,stew,LowConstraint,Unexpected,-0.5,-0.5,stew
376,864.4670910247007,8,5,2.989000082015991,7,True,1.0,bout,LowConstraint,Unexpected,-0.5,-0.5,bout
1124,919.6131466838294,10,13,3.4993999004364014,12,True,1.0,race,LowConstraint,Unexpected,-0.5,-0.5,race
528,913.6189226086074,9,5,3.544100046157837,11,True,1.0,suit,LowConstraint,Unexpected,-0.5,-0.5,suit
750,847.7979292697639,7,3,2.5250000953674316,7,True,1.0,gown,LowConstraint,Unexpected,-0.5,-0.5,gown
388,905.0543236505666,9,7,1.6021000146865845,6,True,1.0,carp,LowConstraint,Unexpected,-0.5,-0.5,carp
495,921.9833146245408,10,10,2.3710999488830566,9,True,1.0,pike,LowConstraint,Unexpected,-0.5,-0.5,pike
529,787.2487196703981,6,2,3.4844000339508057,9,True,1.0,arms,LowConstraint,Unexpected,-0.5,-0.5,arms
655,814.4279373104962,6,3,3.998800039291382,10,True,1.0,body,LowConstraint,Unexpected,-0.5,-0.5,body
419,881.0108235388783,7,3,2.7258999347686768,13,True,1.0,plug,LowConstraint,Unexpected,-0.5,-0.5,plug
774,901.3683403295934,8,4,2.396199941635132,11,True,1.0,fuse,LowConstraint,Unexpected,-0.5,-0.5,fuse
619,881.0365218475579,8,6,3.2040998935699463,11,True,1.0,snow,LowConstraint,Unexpected,-0.5,-0.5,snow
866,928.8622099768623,10,13,2.7881999015808105,9,True,1.0,hail,LowConstraint,Unexpected,-0.5,-0.5,hail
458,826.8168677985574,7,3,2.359800100326538,8,True,1.0,loaf,LowConstraint,Unexpected,-0.5,-0.5,loaf
883,820.3060555638488,6,1,1.7633999586105347,12,True,1.0,pita,LowConstraint,Unexpected,-0.5,-0.5,pita
872,827.8224226512582,6,0,3.7235000133514404,10,True,1.0,mama,LowConstraint,Unexpected,-0.5,-0.5,mama
916,837.4955532977059,6,5,3.4495999813079834,11,True,1.0,aunt,LowConstraint,Unexpected,-0.5,-0.5,aunt
493,913.1271388183015,11,17,1.3978999853134155,10,True,1.0,pore,LowConstraint,Unexpected,-0.5,-0.5,pore
658,833.3418697341285,8,7,3.351599931716919,14,True,1.0,skin,LowConstraint,Unexpected,-0.5,-0.5,skin
613,691.235225264843,4,0,2.139899969100952,10,True,1.0,tofu,LowConstraint,Unexpected,-0.5,-0.5,tofu
1469,731.9019234295899,5,1,1.5184999704360962,9,True,1.0,idly,LowConstraint,Unexpected,-0.5,-0.5,idly
532,892.9046010665728,7,3,3.1905999183654785,12,True,1.0,shoe,LowConstraint,Unexpected,-0.5,-0.5,shoe
1015,856.4230860950223,8,5,3.2790000438690186,4,True,1.0,pair,LowConstraint,Unexpected,-0.5,-0.5,pair
1137,739.0048950095903,6,0,3.3922998905181885,3,True,1.0,huge,LowConstraint,Unexpected,-0.5,-0.5,huge
1475,858.5778322638656,8,8,2.4941999912261963,8,True,1.0,vast,LowConstraint,Unexpected,-0.5,-0.5,vast
591,941.4451253900097,13,19,3.4667000770568848,8,True,1.0,bear,LowConstraint,Unexpected,-0.5,-0.5,bear
661,830.8484055626343,7,2,3.014899969100952,8,True,1.0,wolf,LowConstraint,Unexpected,-0.5,-0.5,wolf
634,899.4402931630113,11,10,2.456399917602539,6,True,1.0,poop,LowConstraint,Unexpected,-0.5,-0.5,poop
976,858.6999076945838,7,3,2.1522998809814453,8,True,1.0,turd,LowConstraint,Unexpected,-0.5,-0.5,turd
605,921.3216723654032,10,12,2.8864998817443848,7,True,1.0,rice,LowConstraint,Unexpected,-0.5,-0.5,rice
804,876.4649675183776,7,3,1.8324999809265137,9,True,1.0,bran,LowConstraint,Unexpected,-0.5,-0.5,bran
656,805.6874418667624,6,2,3.935800075531006,10,True,1.0,city,LowConstraint,Unexpected,-0.5,-0.5,city
730,857.5068728632698,7,3,4.101900100708008,11,True,1.0,town,LowConstraint,Unexpected,-0.5,-0.5,town
624,915.2034955602142,11,11,2.2788000106811523,11,True,1.0,lace,LowConstraint,Unexpected,-0.5,-0.5,lace
1275,910.3687278907626,9,7,3.7862000465393066,8,True,1.0,felt,LowConstraint,Unexpected,-0.5,-0.5,felt
670,924.452326510248,9,6,3.083899974822998,15,True,1.0,deck,LowConstraint,Unexpected,-0.5,-0.5,deck
775,842.9843426097284,7,4,3.7820000648498535,7,True,1.0,step,LowConstraint,Unexpected,-0.5,-0.5,step
629,849.097006043494,8,4,3.437299966812134,8,True,1.0,bomb,LowConstraint,Unexpected,-0.5,-0.5,bomb
977,852.5331511750267,6,3,2.086400032043457,12,True,1.0,nuke,LowConstraint,Unexpected,-0.5,-0.5,nuke
731,822.7137689403364,6,3,3.338900089263916,10,True,1.0,jury,LowConstraint,Unexpected,-0.5,-0.5,jury
1025,926.4786631764257,10,14,2.9474000930786133,10,True,1.0,bail,LowConstraint,Unexpected,-0.5,-0.5,bail
636,832.748967412668,7,2,1.3617000579833984,6,True,1.0,gnat,LowConstraint,Unexpected,-0.5,-0.5,gnat
714,892.8713528551347,8,4,2.06820011138916,12,True,1.0,moth,LowConstraint,Unexpected,-0.5,-0.5,moth
646,941.8594349349266,11,17,3.3615000247955322,8,True,1.0,cake,LowConstraint,Unexpected,-0.5,-0.5,cake
956,917.4403401774701,8,7,1.9394999742507935,11,True,1.0,flan,LowConstraint,Unexpected,-0.5,-0.5,flan
642,898.4938452514962,7,3,4.173099994659424,11,True,1.0,door,LowConstraint,Unexpected,-0.5,-0.5,door
758,918.6022069825127,10,13,1.3802000284194946,7,True,1.0,sill,LowConstraint,Unexpected,-0.5,-0.5,sill
981,910.8249177189751,9,7,4.396299839019775,11,True,1.0,show,LowConstraint,Unexpected,-0.5,-0.5,show
1216,885.8917512325021,9,5,4.257199764251709,8,True,1.0,play,LowConstraint,Unexpected,-0.5,-0.5,play
673,892.4988372009506,8,4,2.4914000034332275,11,True,1.0,bats,LowConstraint,Unexpected,-0.5,-0.5,bats
832,918.9776104507022,11,13,2.6149001121520996,8,True,1.0,mole,LowConstraint,Unexpected,-0.5,-0.5,mole
19,681.025682746126,5,1,4.02239990234375,3,True,1.0,also,LowConstraint,Unexpected,-0.5,-0.5,also
1564,765.0334816767003,7,3,2.7987000942230225,4,True,1.0,thus,LowConstraint,Unexpected,-0.5,-0.5,thus
729,930.0089960667519,11,12,3.4602999687194824,9,True,1.0,lock,LowConstraint,Unexpected,-0.5,-0.5,lock
1176,888.5848166540927,7,8,3.863600015640259,14,True,1.0,safe,LowConstraint,Unexpected,-0.5,-0.5,safe
9,806.5250802781085,6,1,0.8450999855995178,9,True,1.0,clef,LowConstraint,Unexpected,-0.5,-0.5,clef
728,907.3108805059189,9,11,3.756500005722046,10,True,1.0,mike,LowConstraint,Unexpected,-0.5,-0.5,mike
735,842.9972130649819,7,3,2.3784000873565674,9,True,1.0,lens,LowConstraint,Unexpected,-0.5,-0.5,lens
1258,682.5631046532009,5,4,2.2600998878479004,5,True,1.0,zoom,LowConstraint,Unexpected,-0.5,-0.5,zoom
1088,861.4248429301699,8,5,4.557199954986572,9,True,1.0,stop,LowConstraint,Unexpected,-0.5,-0.5,stop
1184,901.4647796758952,9,5,2.7604000568389893,6,True,1.0,halt,LowConstraint,Unexpected,-0.5,-0.5,halt
740,881.6050578098268,7,4,2.0827999114990234,13,True,1.0,meth,LowConstraint,Unexpected,-0.5,-0.5,meth
1286,893.3293695582697,10,14,2.914299964904785,6,True,1.0,dope,LowConstraint,Unexpected,-0.5,-0.5,dope
1236,923.5651934604684,8,4,2.7339999675750732,9,True,1.0,fund,LowConstraint,Unexpected,-0.5,-0.5,fund
1330,842.9304000866107,6,1,3.6129000186920166,9,True,1.0,rich,LowConstraint,Unexpected,-0.5,-0.5,rich
778,797.1759401192415,5,2,2.3578999042510986,12,True,1.0,yoga,LowConstraint,Unexpected,-0.5,-0.5,yoga
1230,869.930340821495,8,5,3.266700029373169,8,True,1.0,pray,LowConstraint,Unexpected,-0.5,-0.5,pray
4,914.3850966321685,10,10,2.444000005722046,8,True,1.0,mint,LowConstraint,Unexpected,-0.5,-0.5,mint
638,860.0619965726494,6,0,1.2041000127792358,11,True,1.0,aloe,LowConstraint,Unexpected,-0.5,-0.5,aloe
1031,919.515166031491,9,11,3.8220999240875244,7,True,1.0,cold,LowConstraint,Unexpected,-0.5,-0.5,cold
1134,895.2964160398367,10,9,3.4249000549316406,4,True,1.0,warm,LowConstraint,Unexpected,-0.5,-0.5,warm
24,803.1314046529527,6,1,3.22189998626709,8,True,1.0,ally,LowConstraint,Unexpected,-0.5,-0.5,ally
1525,858.9552541082234,8,6,1.7559000253677368,7,True,1.0,tact,LowConstraint,Unexpected,-0.5,-0.5,tact
1372,821.4676738350015,7,4,2.9047000408172607,7,True,1.0,hers,LowConstraint,Unexpected,-0.5,-0.5,hers
1428,753.3317335718984,6,5,5.5167999267578125,4,True,1.0,your,LowConstraint,Unexpected,-0.5,-0.5,your
7,846.2375028459443,7,3,3.8712000846862793,6,True,1.0,plan,LowConstraint,Unexpected,-0.5,-0.5,plan
1039,908.8751979377528,8,4,3.8020999431610107,11,True,1.0,boss,LowConstraint,Unexpected,-0.5,-0.5,boss
1496,915.5186277923065,11,10,5.148399829864502,6,True,1.0,want,LowConstraint,Unexpected,-0.5,-0.5,want
1536,874.4647291807045,7,8,4.819799900054932,11,True,1.0,need,LowConstraint,Unexpected,-0.5,-0.5,need
50,843.3566068437091,7,3,2.450200080871582,9,True,1.0,prey,LowConstraint,Unexpected,-0.5,-0.5,prey
356,815.0073746337058,6,1,0.7781999707221985,7,True,1.0,bios,LowConstraint,Unexpected,-0.5,-0.5,bios
5,907.3613515933675,12,15,3.112600088119507,10,True,1.0,sale,LowConstraint,Unexpected,-0.5,-0.5,sale
1403,906.3207528763226,10,9,3.447499990463257,8,True,1.0,cost,LowConstraint,Unexpected,-0.5,-0.5,cost
33,841.1490714555488,8,6,2.4249000549316406,8,True,1.0,leaf,LowConstraint,Unexpected,-0.5,-0.5,leaf
741,854.2259179147492,7,4,2.060699939727783,9,True,1.0,stem,LowConstraint,Unexpected,-0.5,-0.5,stem
10,890.3991937567523,8,7,3.239799976348877,8,True,1.0,mood,LowConstraint,Unexpected,-0.5,-0.5,mood
1505,763.6610355172076,6,4,2.426500082015991,5,True,1.0,vibe,LowConstraint,Unexpected,-0.5,-0.5,vibe
67,854.5225519500236,8,6,3.2063000202178955,6,True,1.0,weak,LowConstraint,Unexpected,-0.5,-0.5,weak
1379,858.8748341144994,8,3,1.875100016593933,4,True,1.0,puny,LowConstraint,Unexpected,-0.5,-0.5,puny
13,858.1973847640941,10,8,1.3978999853134155,6,True,1.0,bode,LowConstraint,Unexpected,-0.5,-0.5,bode
1350,725.8222699927705,5,4,1.9444999694824219,8,True,1.0,omen,LowConstraint,Unexpected,-0.5,-0.5,omen
79,834.6680382980719,8,5,2.873300075531006,7,True,1.0,spin,LowConstraint,Unexpected,-0.5,-0.5,spin
783,740.5660533821667,6,2,2.1238999366760254,7,True,1.0,axel,LowConstraint,Unexpected,-0.5,-0.5,axel
31,918.7121412418044,10,10,2.5866000652313232,5,True,1.0,bold,LowConstraint,Unexpected,-0.5,-0.5,bold
1308,911.6737125981839,7,4,2.2040998935699463,13,True,1.0,wimp,LowConstraint,Unexpected,-0.5,-0.5,wimp
55,853.4317251138152,8,5,2.8626999855041504,5,True,1.0,flip,LowConstraint,Unexpected,-0.5,-0.5,flip
966,880.9275855186655,10,12,2.816200017929077,6,True,1.0,dive,LowConstraint,Unexpected,-0.5,-0.5,dive
39,919.2760228647137,10,9,1.9394999742507935,11,True,1.0,lard,LowConstraint,Unexpected,-0.5,-0.5,lard
535,791.4119631014855,7,5,2.657099962234497,13,True,1.0,oven,LowConstraint,Unexpected,-0.5,-0.5,oven
73,770.3006637890384,6,1,1.2303999662399292,3,True,1.0,gawk,LowConstraint,Unexpected,-0.5,-0.5,gawk
119,630.8456019550443,5,1,1.3009999990463257,3,True,1.0,ogle,LowConstraint,Unexpected,-0.5,-0.5,ogle
43,686.7539429236725,4,1,1.6021000146865845,6,True,1.0,yogi,LowConstraint,Unexpected,-0.5,-0.5,yogi
204,901.931762380634,7,2,2.89490008354187,10,True,1.0,diet,LowConstraint,Unexpected,-0.5,-0.5,diet
107,854.2082477223952,9,12,2.033400058746338,5,True,1.0,vine,LowConstraint,Unexpected,-0.5,-0.5,vine
173,904.9475810919297,11,12,2.6675000190734863,5,True,1.0,reed,LowConstraint,Unexpected,-0.5,-0.5,reed
65,911.438244136828,10,13,2.1270999908447266,7,True,1.0,hoot,LowConstraint,Unexpected,-0.5,-0.5,hoot
354,840.854552303536,7,2,1.6021000146865845,5,True,1.0,purr,LowConstraint,Unexpected,-0.5,-0.5,purr
109,927.2819393589309,10,12,2.846299886703491,8,True,1.0,sail,LowConstraint,Unexpected,-0.5,-0.5,sail
662,877.5953831455645,8,6,2.950900077819824,9,True,1.0,flag,LowConstraint,Unexpected,-0.5,-0.5,flag
82,909.8746017756472,11,11,2.045300006866455,6,True,1.0,hock,LowConstraint,Unexpected,-0.5,-0.5,hock
648,905.1309076241603,9,8,1.8632999658584595,5,True,1.0,rump,LowConstraint,Unexpected,-0.5,-0.5,rump
113,927.4463438775841,10,11,2.342400074005127,9,True,1.0,mold,LowConstraint,Unexpected,-0.5,-0.5,mold
734,901.2260070502989,8,6,2.4047999382019043,11,True,1.0,slug,LowConstraint,Unexpected,-0.5,-0.5,slug
86,854.585284518771,8,4,2.381999969482422,7,True,1.0,raft,LowConstraint,Unexpected,-0.5,-0.5,raft
397,910.7487317905321,10,10,2.8101999759674072,7,True,1.0,pump,LowConstraint,Unexpected,-0.5,-0.5,pump
93,824.1896891226585,6,2,2.8101999759674072,10,True,1.0,eats,LowConstraint,Unexpected,-0.5,-0.5,eats
865,915.6511775734892,9,11,3.3664000034332275,10,True,1.0,cook,LowConstraint,Unexpected,-0.5,-0.5,cook
89,824.7903576616503,7,4,1.5563000440597534,12,True,1.0,lube,LowConstraint,Unexpected,-0.5,-0.5,lube
1045,793.1739178790984,6,1,1.6990000009536743,7,True,1.0,oily,LowConstraint,Unexpected,-0.5,-0.5,oily
108,897.7228342000008,8,3,2.3578999042510986,9,True,1.0,cult,LowConstraint,Unexpected,-0.5,-0.5,cult
1054,871.7692013700749,9,7,3.876699924468994,8,True,1.0,team,LowConstraint,Unexpected,-0.5,-0.5,team
95,854.9414854863495,7,8,0.7781999707221985,6,True,1.0,eave,LowConstraint,Unexpected,-0.5,-0.5,eave
660,859.0084995316395,8,7,3.2597999572753906,10,True,1.0,roof,LowConstraint,Unexpected,-0.5,-0.5,roof
120,626.2081970587128,4,0,1.7633999586105347,7,True,1.0,afro,LowConstraint,Unexpected,-0.5,-0.5,afro
1390,834.1183255002483,6,5,1.9394999742507935,10,True,1.0,jive,LowConstraint,Unexpected,-0.5,-0.5,jive
98,814.5134372186052,6,3,2.8136000633239746,9,True,1.0,hawk,LowConstraint,Unexpected,-0.5,-0.5,hawk
889,913.4536988997828,11,12,1.8632999658584595,8,True,1.0,loon,LowConstraint,Unexpected,-0.5,-0.5,loon
128,834.4366530197578,7,3,0.9031000137329102,9,True,1.0,alum,LowConstraint,Unexpected,-0.5,-0.5,alum
582,893.6145370114033,9,4,2.998300075531006,8,True,1.0,salt,LowConstraint,Unexpected,-0.5,-0.5,salt
101,826.2279532729765,7,3,2.983599901199341,9,True,1.0,june,LowConstraint,Unexpected,-0.5,-0.5,june
1155,908.3221566180752,9,9,4.085100173950195,9,True,1.0,week,LowConstraint,Unexpected,-0.5,-0.5,week
137,894.633234330584,8,6,1.9955999851226807,9,True,1.0,fang,LowConstraint,Unexpected,-0.5,-0.5,fang
675,896.4950938637521,9,6,1.1461000442504883,8,True,1.0,tusk,LowConstraint,Unexpected,-0.5,-0.5,tusk
102,917.6302669477948,8,6,2.1238999366760254,8,True,1.0,reap,LowConstraint,Unexpected,-0.5,-0.5,reap
284,838.430909868856,8,4,1.2553000450134277,7,True,1.0,sown,LowConstraint,Unexpected,-0.5,-0.5,sown
117,775.5345383257012,7,4,0.8450999855995178,4,True,1.0,glob,LowConstraint,Unexpected,-0.5,-0.5,glob
978,751.16041705894,6,2,1.4471999406814575,6,True,1.0,ooze,LowConstraint,Unexpected,-0.5,-0.5,ooze
111,810.3196514970982,6,1,1.1461000442504883,8,True,1.0,peso,LowConstraint,Unexpected,-0.5,-0.5,peso
1260,909.6609396740657,7,4,1.986799955368042,11,True,1.0,watt,LowConstraint,Unexpected,-0.5,-0.5,watt
127,905.5234832394566,9,9,2.76419997215271,7,True,1.0,cock,LowConstraint,Unexpected,-0.5,-0.5,cock
604,883.0768782262878,9,9,3.0141000747680664,6,True,1.0,wing,LowConstraint,Unexpected,-0.5,-0.5,wing
122,921.6949365874965,10,11,1.0,11,True,1.0,seep,LowConstraint,Unexpected,-0.5,-0.5,seep
1186,878.783792589347,9,10,1.5681999921798706,3,True,1.0,gush,LowConstraint,Unexpected,-0.5,-0.5,gush
151,841.7937766331457,8,9,2.9781999588012695,10,True,1.0,vice,LowConstraint,Unexpected,-0.5,-0.5,vice
858,840.8545746844095,8,9,2.086400032043457,9,True,1.0,swab,LowConstraint,Unexpected,-0.5,-0.5,swab
123,886.3218100571564,11,15,2.566999912261963,5,True,1.0,bent,LowConstraint,Unexpected,-0.5,-0.5,bent
478,910.6873218804134,9,10,2.448699951171875,7,True,1.0,warp,LowConstraint,Unexpected,-0.5,-0.5,warp
187,720.1269276190512,5,1,3.122499942779541,7,True,1.0,amen,LowConstraint,Unexpected,-0.5,-0.5,amen
316,917.4591757540627,11,13,2.2809998989105225,10,True,1.0,lent,LowConstraint,Unexpected,-0.5,-0.5,lent
131,899.0875291283171,11,10,2.429800033569336,6,True,1.0,sole,LowConstraint,Unexpected,-0.5,-0.5,sole
256,914.1852965467117,10,8,2.5866000652313232,6,True,1.0,bass,LowConstraint,Unexpected,-0.5,-0.5,bass
154,845.9638832891291,7,3,1.9493999481201172,5,True,1.0,gasp,LowConstraint,Unexpected,-0.5,-0.5,gasp
1013,777.9548682712009,6,3,2.240499973297119,7,True,1.0,sigh,LowConstraint,Unexpected,-0.5,-0.5,sigh
136,888.991381330459,8,5,2.56820011138916,9,True,1.0,dorm,LowConstraint,Unexpected,-0.5,-0.5,dorm
383,896.3191723093048,8,5,2.2067999839782715,12,True,1.0,frat,LowConstraint,Unexpected,-0.5,-0.5,frat
153,816.8621827899959,6,1,1.4471999406814575,9,True,1.0,noun,LowConstraint,Unexpected,-0.5,-0.5,noun
1301,778.0972852083424,7,3,5.320700168609619,6,True,1.0,they,LowConstraint,Unexpected,-0.5,-0.5,they
148,816.1128090632097,6,1,3.116300106048584,10,True,1.0,data,LowConstraint,Unexpected,-0.5,-0.5,data
831,908.5421216555815,10,11,3.351599931716919,11,True,1.0,file,LowConstraint,Unexpected,-0.5,-0.5,file
215,899.4138465626295,9,8,2.8006999492645264,12,True,1.0,tire,LowConstraint,Unexpected,-0.5,-0.5,tire
791,922.6734926386196,10,12,2.170300006866455,10,True,1.0,puck,LowConstraint,Unexpected,-0.5,-0.5,puck
158,814.3096471231972,6,1,3.486999988555908,3,True,1.0,lots,LowConstraint,Unexpected,-0.5,-0.5,lots
1431,864.416585744298,7,2,4.263199806213379,7,True,1.0,many,LowConstraint,Unexpected,-0.5,-0.5,many
181,925.726761317707,8,6,2.06820011138916,10,True,1.0,tong,LowConstraint,Unexpected,-0.5,-0.5,tong
1116,857.5145285792951,9,11,1.9031000137329102,6,True,1.0,spat,LowConstraint,Unexpected,-0.5,-0.5,spat
167,852.6919911886973,8,6,1.1138999462127686,9,True,1.0,nape,LowConstraint,Unexpected,-0.5,-0.5,nape
322,853.6989972021311,8,5,2.8115999698638916,6,True,1.0,chin,LowConstraint,Unexpected,-0.5,-0.5,chin
197,885.6766946748415,9,8,2.773099899291992,5,True,1.0,porn,LowConstraint,Unexpected,-0.5,-0.5,porn
1096,668.133050697284,4,0,1.9444999694824219,6,True,1.0,orgy,LowConstraint,Unexpected,-0.5,-0.5,orgy
172,903.2512087758562,9,10,1.919100046157837,7,True,1.0,gent,LowConstraint,Unexpected,-0.5,-0.5,gent
274,929.6393743656832,12,14,2.8469998836517334,10,True,1.0,dame,LowConstraint,Unexpected,-0.5,-0.5,dame
192,836.1555157224242,7,3,3.0381999015808105,6,True,1.0,deny,LowConstraint,Unexpected,-0.5,-0.5,deny
1435,871.0701182690922,9,11,3.2513999938964844,4,True,1.0,nope,LowConstraint,Unexpected,-0.5,-0.5,nope
176,822.1441228143758,6,2,1.9589999914169312,10,True,1.0,gala,LowConstraint,Unexpected,-0.5,-0.5,gala
1081,917.2428673327544,7,3,2.9576001167297363,12,True,1.0,prom,LowConstraint,Unexpected,-0.5,-0.5,prom
206,905.8578933594914,11,15,1.7482000589370728,10,True,1.0,soot,LowConstraint,Unexpected,-0.5,-0.5,soot
1135,658.244954466391,6,2,1.079200029373169,6,True,1.0,inky,LowConstraint,Unexpected,-0.5,-0.5,inky
177,816.604240938126,6,0,3.0834999084472656,6,True,1.0,guts,LowConstraint,Unexpected,-0.5,-0.5,guts
434,911.8714180788431,10,11,1.6128000020980835,11,True,1.0,bile,LowConstraint,Unexpected,-0.5,-0.5,bile
193,887.9997912360416,7,3,1.857300043106079,11,True,1.0,gout,LowConstraint,Unexpected,-0.5,-0.5,gout
519,771.6892832995893,5,1,2.8750998973846436,8,True,1.0,knee,LowConstraint,Unexpected,-0.5,-0.5,knee
180,833.4606350676659,7,5,2.52239990234375,8,True,1.0,vain,LowConstraint,Unexpected,-0.5,-0.5,vain
298,832.4427791319802,7,2,2.859100103378296,9,True,1.0,self,LowConstraint,Unexpected,-0.5,-0.5,self
201,856.8764029743255,10,8,1.7924000024795532,6,True,1.0,bony,LowConstraint,Unexpected,-0.5,-0.5,bony
811,728.2654932948661,5,0,2.1270999908447266,7,True,1.0,jaws,LowConstraint,Unexpected,-0.5,-0.5,jaws
190,881.913019681223,9,6,1.1138999462127686,4,True,1.0,meld,LowConstraint,Unexpected,-0.5,-0.5,meld
1290,764.2883969605591,6,1,2.0492000579833984,5,True,1.0,ante,LowConstraint,Unexpected,-0.5,-0.5,ante
247,853.9495311593473,8,9,2.158400058746338,7,True,1.0,stat,LowConstraint,Unexpected,-0.5,-0.5,stat
1423,659.8364535345825,5,1,2.2788000106811523,6,True,1.0,info,LowConstraint,Unexpected,-0.5,-0.5,info
200,661.3082140639196,5,3,1.0,3,True,1.0,boxy,LowConstraint,Unexpected,-0.5,-0.5,boxy
607,913.4174085904211,9,11,2.7274999618530273,11,True,1.0,dice,LowConstraint,Unexpected,-0.5,-0.5,dice
254,605.5709708936517,4,0,3.5051000118255615,3,True,1.0,upon,LowConstraint,Unexpected,-0.5,-0.5,upon
1406,746.5257303874108,6,2,4.82919979095459,7,True,1.0,over,LowConstraint,Unexpected,-0.5,-0.5,over
205,935.1782374083439,10,13,2.748199939727783,8,True,1.0,lick,LowConstraint,Unexpected,-0.5,-0.5,lick
218,871.9394314597528,8,6,1.4914000034332275,10,True,1.0,balm,LowConstraint,Unexpected,-0.5,-0.5,balm
235,826.2322288916002,6,3,1.3009999990463257,8,True,1.0,kiln,LowConstraint,Unexpected,-0.5,-0.5,kiln
357,876.6452471349224,8,7,2.7874999046325684,7,True,1.0,clay,LowConstraint,Unexpected,-0.5,-0.5,clay
209,864.6947134381232,8,4,3.1835999488830566,5,True,1.0,gosh,LowConstraint,Unexpected,-0.5,-0.5,gosh
1233,877.9850855024943,8,9,4.285699844360352,6,True,1.0,fuck,LowConstraint,Unexpected,-0.5,-0.5,fuck
229,838.0398023059131,7,4,2.322200059890747,8,True,1.0,curb,LowConstraint,Unexpected,-0.5,-0.5,curb
1487,869.7788029357256,7,4,4.160200119018555,10,True,1.0,damn,LowConstraint,Unexpected,-0.5,-0.5,damn
227,802.5004981697614,6,1,2.8369998931884766,4,True,1.0,blah,LowConstraint,Unexpected,-0.5,-0.5,blah
1332,693.4712212208148,5,2,2.1522998809814453,5,True,1.0,idle,LowConstraint,Unexpected,-0.5,-0.5,idle
253,827.4958994182005,7,4,1.6232000589370728,5,True,1.0,drab,LowConstraint,Unexpected,-0.5,-0.5,drab
302,655.1017807303649,3,1,1.0,7,True,1.0,ashy,LowConstraint,Unexpected,-0.5,-0.5,ashy
232,880.5473756074205,9,13,2.1138999462127686,5,True,1.0,rave,LowConstraint,Unexpected,-0.5,-0.5,rave
330,821.1616124833183,6,2,2.004300117492676,10,True,1.0,hula,LowConstraint,Unexpected,-0.5,-0.5,hula
279,836.3202272176234,6,1,2.3617000579833984,8,True,1.0,trek,LowConstraint,Unexpected,-0.5,-0.5,trek
853,887.855961493781,9,6,3.417099952697754,7,True,1.0,camp,LowConstraint,Unexpected,-0.5,-0.5,camp
242,910.0614444125673,11,10,3.203000068664551,9,True,1.0,bond,LowConstraint,Unexpected,-0.5,-0.5,bond
837,795.2657773834007,5,1,2.3364999294281006,12,True,1.0,visa,LowConstraint,Unexpected,-0.5,-0.5,visa
283,810.5062126459577,6,1,2.5011000633239746,8,True,1.0,crib,LowConstraint,Unexpected,-0.5,-0.5,crib
473,915.9669613988902,11,12,2.506500005722046,9,True,1.0,bunk,LowConstraint,Unexpected,-0.5,-0.5,bunk
245,901.7319439083203,9,11,2.1461000442504883,7,True,1.0,tame,LowConstraint,Unexpected,-0.5,-0.5,tame
1417,871.6166109591461,8,4,3.4660000801086426,6,True,1.0,wild,LowConstraint,Unexpected,-0.5,-0.5,wild
306,868.8328361406333,8,4,1.8260999917984009,7,True,1.0,duet,LowConstraint,Unexpected,-0.5,-0.5,duet
986,796.2412125335052,6,2,1.8260999917984009,5,True,1.0,trio,LowConstraint,Unexpected,-0.5,-0.5,trio
248,903.2298767054933,9,5,2.5762999057769775,11,True,1.0,monk,LowConstraint,Unexpected,-0.5,-0.5,monk
1415,929.486279359185,12,16,4.38040018081665,9,True,1.0,hell,LowConstraint,Unexpected,-0.5,-0.5,hell
293,826.989039852577,6,1,2.6364998817443848,9,True,1.0,drum,LowConstraint,Unexpected,-0.5,-0.5,drum
708,895.183935535192,8,6,2.09689998626709,8,True,1.0,gong,LowConstraint,Unexpected,-0.5,-0.5,gong
265,897.7426356372537,10,11,1.875100016593933,4,True,1.0,rite,LowConstraint,Unexpected,-0.5,-0.5,rite
1148,861.0465680605688,7,2,1.579800009727478,9,True,1.0,sect,LowConstraint,Unexpected,-0.5,-0.5,sect
313,887.8784372545257,11,12,2.8041000366210938,6,True,1.0,slap,LowConstraint,Unexpected,-0.5,-0.5,slap
822,910.0598587646648,10,9,3.3183000087738037,7,True,1.0,bite,LowConstraint,Unexpected,-0.5,-0.5,bite
289,847.6553735285628,7,3,1.715999960899353,8,True,1.0,perm,LowConstraint,Unexpected,-0.5,-0.5,perm
522,856.887283438381,8,5,2.4914000034332275,8,True,1.0,comb,LowConstraint,Unexpected,-0.5,-0.5,comb
344,602.2010158508526,3,1,1.3802000284194946,4,True,1.0,ajar,LowConstraint,Unexpected,-0.5,-0.5,ajar
1182,865.8506524325406,8,5,4.128900051116943,6,True,1.0,shut,LowConstraint,Unexpected,-0.5,-0.5,shut
295,933.091821959247,11,12,2.0413999557495117,10,True,1.0,lice,LowConstraint,Unexpected,-0.5,-0.5,lice
712,885.829934788287,9,6,2.6963999271392822,6,True,1.0,bald,LowConstraint,Unexpected,-0.5,-0.5,bald
325,880.4127616125639,9,7,3.3385000228881836,4,True,1.0,main,LowConstraint,Unexpected,-0.5,-0.5,main
486,687.8187551780245,5,1,1.2041000127792358,5,True,1.0,crux,LowConstraint,Unexpected,-0.5,-0.5,crux
320,918.2388830584205,8,4,1.3423999547958374,10,True,1.0,doer,LowConstraint,Unexpected,-0.5,-0.5,doer
1416,857.1752265949428,8,4,3.735100030899048,5,True,1.0,busy,LowConstraint,Unexpected,-0.5,-0.5,busy
372,797.3127175768221,5,1,3.924299955368042,12,True,1.0,news,LowConstraint,Unexpected,-0.5,-0.5,news
1484,817.8149871095545,8,3,5.700699806213379,6,True,1.0,what,LowConstraint,Unexpected,-0.5,-0.5,what
323,934.244674226427,10,12,2.004300117492676,8,True,1.0,dome,LowConstraint,Unexpected,-0.5,-0.5,dome
722,927.3783475890107,12,15,3.4231998920440674,7,True,1.0,hall,LowConstraint,Unexpected,-0.5,-0.5,hall
336,866.8905073053386,9,11,1.7482000589370728,7,True,1.0,gore,LowConstraint,Unexpected,-0.5,-0.5,gore
907,902.5694116656305,9,5,1.968500018119812,6,True,1.0,clot,LowConstraint,Unexpected,-0.5,-0.5,clot
334,899.3835138918512,8,4,1.2553000450134277,11,True,1.0,hemp,LowConstraint,Unexpected,-0.5,-0.5,hemp
363,925.2577116726901,10,13,1.9589999914169312,9,True,1.0,dill,LowConstraint,Unexpected,-0.5,-0.5,dill
361,923.5687476062618,10,13,2.762700080871582,10,True,1.0,heal,LowConstraint,Unexpected,-0.5,-0.5,heal
370,915.0985021991146,11,11,3.026900053024292,9,True,1.0,cure,LowConstraint,Unexpected,-0.5,-0.5,cure
343,912.2459539059531,8,8,2.539099931716919,8,True,1.0,loop,LowConstraint,Unexpected,-0.5,-0.5,loop
497,839.8897790984498,7,2,3.1350998878479004,3,True,1.0,tied,LowConstraint,Unexpected,-0.5,-0.5,tied
392,809.5454289940759,6,3,1.8062000274658203,8,True,1.0,kelp,LowConstraint,Unexpected,-0.5,-0.5,kelp
586,928.1559216115545,9,8,2.3032000064849854,11,True,1.0,clam,LowConstraint,Unexpected,-0.5,-0.5,clam
348,850.0030815311153,10,8,1.3221999406814575,8,True,1.0,vise,LowConstraint,Unexpected,-0.5,-0.5,vise
659,929.3194111330256,10,12,3.287600040435791,7,True,1.0,hook,LowConstraint,Unexpected,-0.5,-0.5,hook
373,911.0008691576326,11,13,1.924299955368042,6,True,1.0,mast,LowConstraint,Unexpected,-0.5,-0.5,mast
455,915.4595754530131,11,13,2.3345000743865967,7,True,1.0,hull,LowConstraint,Unexpected,-0.5,-0.5,hull
349,827.7009693580178,8,7,2.1522998809814453,7,True,1.0,woof,LowConstraint,Unexpected,-0.5,-0.5,woof
1219,797.2755731870457,6,7,1.7482000589370728,5,True,1.0,oink,LowConstraint,Unexpected,-0.5,-0.5,oink
382,880.2363052087655,8,5,1.531499981880188,11,True,1.0,blog,LowConstraint,Unexpected,-0.5,-0.5,blog
710,930.6476402237837,10,15,3.274199962615967,11,True,1.0,mail,LowConstraint,Unexpected,-0.5,-0.5,mail
374,742.1279441752196,6,4,1.4471999406814575,4,True,1.0,tyke,LowConstraint,Unexpected,-0.5,-0.5,tyke
748,792.19096614498,6,2,4.186299800872803,6,True,1.0,kids,LowConstraint,Unexpected,-0.5,-0.5,kids
403,635.5377774230403,4,0,2.6884000301361084,6,True,1.0,envy,LowConstraint,Unexpected,-0.5,-0.5,envy
492,877.6355364135225,10,10,2.4547998905181885,3,True,1.0,lust,LowConstraint,Unexpected,-0.5,-0.5,lust
393,914.2766189421343,9,9,2.8608999252319336,8,True,1.0,corn,LowConstraint,Unexpected,-0.5,-0.5,corn
666,841.4730840042615,7,3,2.0253000259399414,11,True,1.0,oats,LowConstraint,Unexpected,-0.5,-0.5,oats
426,900.5377325236832,9,7,2.4828999042510986,8,True,1.0,peak,LowConstraint,Unexpected,-0.5,-0.5,peak
1178,633.1669313943094,4,0,1.6434999704360962,5,True,1.0,apex,LowConstraint,Unexpected,-0.5,-0.5,apex
398,898.7469168780372,8,4,3.1092000007629395,9,True,1.0,soup,LowConstraint,Unexpected,-0.5,-0.5,soup
556,812.8220226660893,6,2,2.2014000415802,11,True,1.0,taco,LowConstraint,Unexpected,-0.5,-0.5,taco
415,835.1704680780674,6,1,1.579800009727478,12,True,1.0,mono,LowConstraint,Unexpected,-0.5,-0.5,mono
1173,838.103061753924,6,2,1.740399956703186,13,True,1.0,aids,LowConstraint,Unexpected,-0.5,-0.5,aids
408,821.2391589882269,6,3,2.340399980545044,7,True,1.0,turf,LowConstraint,Unexpected,-0.5,-0.5,turf
553,826.9532945036437,7,4,2.799999952316284,5,True,1.0,lawn,LowConstraint,Unexpected,-0.5,-0.5,lawn
425,839.7995993429573,7,6,1.9138000011444092,14,True,1.0,yarn,LowConstraint,Unexpected,-0.5,-0.5,yarn
580,916.5924151042582,10,12,1.7633999586105347,9,True,1.0,bead,LowConstraint,Unexpected,-0.5,-0.5,bead
411,870.4365785461374,8,5,3.81850004196167,8,True,1.0,poor,LowConstraint,Unexpected,-0.5,-0.5,poor
968,921.5915930319546,10,9,1.8194999694824219,12,True,1.0,slum,LowConstraint,Unexpected,-0.5,-0.5,slum
431,817.7245258980136,6,1,4.044600009918213,4,True,1.0,goes,LowConstraint,Unexpected,-0.5,-0.5,goes
1442,682.4175583416286,6,3,4.634200096130371,5,True,1.0,into,LowConstraint,Unexpected,-0.5,-0.5,into
413,910.9200653424166,10,13,1.3978999853134155,10,True,1.0,pane,LowConstraint,Unexpected,-0.5,-0.5,pane
882,904.501826520238,12,11,1.9776999950408936,6,True,1.0,slab,LowConstraint,Unexpected,-0.5,-0.5,slab
449,660.5282104254188,5,3,2.591099977493286,4,True,1.0,unto,LowConstraint,Unexpected,-0.5,-0.5,unto
1460,684.3767261409112,4,0,3.058799982070923,8,True,1.0,thou,LowConstraint,Unexpected,-0.5,-0.5,thou
423,859.2072300956445,9,7,2.895400047302246,6,True,1.0,flew,LowConstraint,Unexpected,-0.5,-0.5,flew
1097,909.6858890346924,10,9,1.8976000547409058,6,True,1.0,soar,LowConstraint,Unexpected,-0.5,-0.5,soar
446,836.8994075483849,7,3,1.6901999711990356,8,True,1.0,gimp,LowConstraint,Unexpected,-0.5,-0.5,gimp
1283,886.5217467693903,9,10,3.433000087738037,8,True,1.0,code,LowConstraint,Unexpected,-0.5,-0.5,code
443,903.3967359593571,10,8,1.4471999406814575,10,True,1.0,musk,LowConstraint,Unexpected,-0.5,-0.5,musk
861,917.7427456186164,9,8,4.383999824523926,8,True,1.0,shit,LowConstraint,Unexpected,-0.5,-0.5,shit
448,920.002704551107,10,9,2.5464999675750732,8,True,1.0,bolt,LowConstraint,Unexpected,-0.5,-0.5,bolt
551,862.6548269902971,7,10,2.978600025177002,8,True,1.0,nail,LowConstraint,Unexpected,-0.5,-0.5,nail
447,690.8305869826967,4,0,2.439300060272217,9,True,1.0,ammo,LowConstraint,Unexpected,-0.5,-0.5,ammo
874,911.7500989346066,8,4,3.0852999687194824,9,True,1.0,trap,LowConstraint,Unexpected,-0.5,-0.5,trap
471,916.781624693476,9,8,1.7924000024795532,14,True,1.0,dusk,LowConstraint,Unexpected,-0.5,-0.5,dusk
1244,717.2478570325484,6,2,1.6232000589370728,3,True,1.0,hazy,LowConstraint,Unexpected,-0.5,-0.5,hazy
461,917.4034590736148,11,13,2.544100046157837,7,True,1.0,bean,LowConstraint,Unexpected,-0.5,-0.5,bean
667,642.6720247713612,4,0,1.431399941444397,9,True,1.0,okra,LowConstraint,Unexpected,-0.5,-0.5,okra
485,891.5303099690727,9,7,2.075500011444092,7,True,1.0,flop,LowConstraint,Unexpected,-0.5,-0.5,flop
1527,778.0571534773923,7,3,1.924299955368042,7,True,1.0,hype,LowConstraint,Unexpected,-0.5,-0.5,hype
468,867.8019009307212,8,4,1.8920999765396118,6,True,1.0,cram,LowConstraint,Unexpected,-0.5,-0.5,cram
1355,640.8873735844847,4,0,0.8450999855995178,6,True,1.0,ditz,LowConstraint,Unexpected,-0.5,-0.5,ditz
494,813.5026941647396,6,1,1.6128000020980835,8,True,1.0,saga,LowConstraint,Unexpected,-0.5,-0.5,saga
1463,645.0865532151821,4,0,2.0827999114990234,7,True,1.0,epic,LowConstraint,Unexpected,-0.5,-0.5,epic
481,868.1466403846467,7,2,1.4914000034332275,6,True,1.0,coed,LowConstraint,Unexpected,-0.5,-0.5,coed
816,906.9710580805013,9,9,3.295599937438965,9,True,1.0,dean,LowConstraint,Unexpected,-0.5,-0.5,dean
520,916.8659823238286,9,6,2.730799913406372,10,True,1.0,goat,LowConstraint,Unexpected,-0.5,-0.5,goat
803,825.1606730300889,7,3,2.18179988861084,8,True,1.0,calf,LowConstraint,Unexpected,-0.5,-0.5,calf
484,681.8648758591842,5,0,2.340399980545044,6,True,1.0,iced,LowConstraint,Unexpected,-0.5,-0.5,iced
771,934.7233298502367,10,11,2.0413999557495117,7,True,1.0,rink,LowConstraint,Unexpected,-0.5,-0.5,rink
574,918.0150910080868,9,9,2.7135000228881836,8,True,1.0,worm,LowConstraint,Unexpected,-0.5,-0.5,worm
1027,818.7214855009506,6,1,2.1461000442504883,7,True,1.0,grub,LowConstraint,Unexpected,-0.5,-0.5,grub
509,929.8994492327893,11,16,3.7286999225616455,8,True,1.0,ball,LowConstraint,Unexpected,-0.5,-0.5,ball
674,878.4313826629561,8,4,1.8513000011444092,7,True,1.0,mitt,LowConstraint,Unexpected,-0.5,-0.5,mitt
539,915.6932443196331,9,7,3.0048000812530518,8,True,1.0,mask,LowConstraint,Unexpected,-0.5,-0.5,mask
818,851.6132796858874,7,2,2.18179988861084,7,True,1.0,veil,LowConstraint,Unexpected,-0.5,-0.5,veil
515,925.538022778351,9,9,3.1208999156951904,14,True,1.0,bike,LowConstraint,Unexpected,-0.5,-0.5,bike
525,902.7935583655296,9,6,2.176100015640259,7,True,1.0,sled,LowConstraint,Unexpected,-0.5,-0.5,sled
588,900.6418241112735,8,8,1.9493999481201172,13,True,1.0,hoof,LowConstraint,Unexpected,-0.5,-0.5,hoof
635,882.1870694619565,8,7,2.3501999378204346,10,True,1.0,claw,LowConstraint,Unexpected,-0.5,-0.5,claw
517,915.9338285443979,11,9,3.015399932861328,9,True,1.0,sand,LowConstraint,Unexpected,-0.5,-0.5,sand
1065,809.8656659860796,6,3,1.8260999917984009,9,True,1.0,mesa,LowConstraint,Unexpected,-0.5,-0.5,mesa
540,922.9291060092715,10,14,2.950900077819824,8,True,1.0,tent,LowConstraint,Unexpected,-0.5,-0.5,tent
594,898.2164977078746,9,9,2.895400047302246,6,True,1.0,hood,LowConstraint,Unexpected,-0.5,-0.5,hood
523,907.2336164282173,9,6,2.2945001125335693,9,True,1.0,vase,LowConstraint,Unexpected,-0.5,-0.5,vase
756,766.8789048374744,5,0,2.2764999866485596,9,True,1.0,arch,LowConstraint,Unexpected,-0.5,-0.5,arch
584,909.5034955352661,10,10,2.664599895477295,9,True,1.0,cart,LowConstraint,Unexpected,-0.5,-0.5,cart
926,879.3316766360424,8,8,2.2227001190185547,8,True,1.0,reel,LowConstraint,Unexpected,-0.5,-0.5,reel
552,900.4921405845116,9,6,2.889899969100952,9,True,1.0,soap,LowConstraint,Unexpected,-0.5,-0.5,soap
973,862.4867177445143,8,7,2.935499906539917,5,True,1.0,wipe,LowConstraint,Unexpected,-0.5,-0.5,wipe
606,866.1113636162245,8,12,2.7535998821258545,7,True,1.0,nest,LowConstraint,Unexpected,-0.5,-0.5,nest
809,900.8206913775505,10,10,2.7235000133514404,4,True,1.0,coop,LowConstraint,Unexpected,-0.5,-0.5,coop
558,907.3058224932718,8,5,3.3364999294281006,12,True,1.0,milk,LowConstraint,Unexpected,-0.5,-0.5,milk
704,835.3904691984046,6,2,0.6990000009536743,12,True,1.0,whey,LowConstraint,Unexpected,-0.5,-0.5,whey
565,911.3357585076823,10,12,3.5201001167297363,10,True,1.0,foot,LowConstraint,Unexpected,-0.5,-0.5,foot
611,871.2186010223197,10,7,2.198699951171875,6,True,1.0,shin,LowConstraint,Unexpected,-0.5,-0.5,shin
564,850.6834554622368,10,9,3.545599937438965,8,True,1.0,tape,LowConstraint,Unexpected,-0.5,-0.5,tape
932,866.794888153487,7,2,2.9586000442504883,9,True,1.0,wrap,LowConstraint,Unexpected,-0.5,-0.5,wrap
577,851.7910149233707,8,5,2.547800064086914,7,True,1.0,crab,LowConstraint,Unexpected,-0.5,-0.5,crab
879,932.1014231718882,11,13,1.7853000164031982,9,True,1.0,mite,LowConstraint,Unexpected,-0.5,-0.5,mite
571,912.3665140831426,11,10,3.0945000648498535,9,True,1.0,belt,LowConstraint,Unexpected,-0.5,-0.5,belt
724,870.4729510979327,9,10,1.770900011062622,4,True,1.0,sash,LowConstraint,Unexpected,-0.5,-0.5,sash
787,916.4797341283933,10,8,2.2600998878479004,7,True,1.0,mist,LowConstraint,Unexpected,-0.5,-0.5,mist
913,759.1891050062219,5,2,1.1138999462127686,7,True,1.0,dewy,LowConstraint,Unexpected,-0.5,-0.5,dewy
575,896.2661757660787,9,9,2.6542000770568848,8,True,1.0,fork,LowConstraint,Unexpected,-0.5,-0.5,fork
630,931.5080126671626,9,14,2.1847000122070312,7,True,1.0,rake,LowConstraint,Unexpected,-0.5,-0.5,rake
719,904.9220418343184,8,5,2.827399969100952,10,True,1.0,whip,LowConstraint,Unexpected,-0.5,-0.5,whip
1066,859.4572818358909,8,4,1.5563000440597534,4,True,1.0,prod,LowConstraint,Unexpected,-0.5,-0.5,prod
617,836.1530467601402,6,1,4.453499794006348,6,True,1.0,girl,LowConstraint,Unexpected,-0.5,-0.5,girl
862,802.004701276426,6,2,4.0441999435424805,10,True,1.0,lady,LowConstraint,Unexpected,-0.5,-0.5,lady
697,879.1996790693287,7,3,3.5223000049591064,13,True,1.0,film,LowConstraint,Unexpected,-0.5,-0.5,film
1028,817.00437353375,8,8,1.6334999799728394,10,True,1.0,skit,LowConstraint,Unexpected,-0.5,-0.5,skit
639,815.481062552486,6,5,3.1068999767303467,12,True,1.0,yard,LowConstraint,Unexpected,-0.5,-0.5,yard
930,921.6636594971209,8,7,4.596499919891357,9,True,1.0,home,LowConstraint,Unexpected,-0.5,-0.5,home
702,784.9419715894736,7,7,1.5184999704360962,8,True,1.0,scab,LowConstraint,Unexpected,-0.5,-0.5,scab
999,911.2530568029349,10,11,3.072200059890747,9,True,1.0,cast,LowConstraint,Unexpected,-0.5,-0.5,cast
643,908.4116343133325,9,10,3.674999952316284,9,True,1.0,ring,LowConstraint,Unexpected,-0.5,-0.5,ring
644,916.4726387160824,9,9,3.6050000190734863,13,True,1.0,gold,LowConstraint,Unexpected,-0.5,-0.5,gold
669,908.0378687598719,9,8,3.379699945449829,10,True,1.0,pool,LowConstraint,Unexpected,-0.5,-0.5,pool
1563,912.1595673307016,8,4,2.6041998863220215,7,True,1.0,mere,LowConstraint,Unexpected,-0.5,-0.5,mere
650,913.7270192658441,9,7,3.116300106048584,6,True,1.0,tank,LowConstraint,Unexpected,-0.5,-0.5,tank
705,808.3516523576656,6,1,3.6405999660491943,11,True,1.0,army,LowConstraint,Unexpected,-0.5,-0.5,army
685,879.6091510995618,7,3,2.2067999839782715,7,True,1.0,duct,LowConstraint,Unexpected,-0.5,-0.5,duct
693,922.3410841956609,11,13,3.14739990234375,10,True,1.0,wire,LowConstraint,Unexpected,-0.5,-0.5,wire
679,875.7763281362426,8,9,2.2600998878479004,10,True,1.0,veal,LowConstraint,Unexpected,-0.5,-0.5,veal
842,855.7598440751441,8,4,1.2788000106811523,6,True,1.0,loin,LowConstraint,Unexpected,-0.5,-0.5,loin
743,914.400511100549,9,10,3.1682000160217285,11,True,1.0,meal,LowConstraint,Unexpected,-0.5,-0.5,meal
943,884.858730153111,9,10,2.257699966430664,4,True,1.0,hash,LowConstraint,Unexpected,-0.5,-0.5,hash
687,824.9387538206836,7,3,2.459399938583374,7,True,1.0,tomb,LowConstraint,Unexpected,-0.5,-0.5,tomb
1047,879.6122738342485,9,7,3.0232999324798584,6,True,1.0,bury,LowConstraint,Unexpected,-0.5,-0.5,bury
810,864.8801832774841,10,7,2.2764999866485596,4,True,1.0,prop,LowConstraint,Unexpected,-0.5,-0.5,prop
1196,808.0887374082504,8,9,1.8194999694824219,7,True,1.0,scat,LowConstraint,Unexpected,-0.5,-0.5,scat
716,911.9955997216293,10,10,4.040999889373779,10,True,1.0,fire,LowConstraint,Unexpected,-0.5,-0.5,fire
906,908.6871104972422,9,6,2.4828999042510986,9,True,1.0,boil,LowConstraint,Unexpected,-0.5,-0.5,boil
762,924.4318118352534,9,11,2.2227001190185547,10,True,1.0,cove,LowConstraint,Unexpected,-0.5,-0.5,cove
945,840.4594755789465,7,3,2.3838000297546387,8,True,1.0,gulf,LowConstraint,Unexpected,-0.5,-0.5,gulf
718,906.7957536747392,10,10,3.4354000091552734,9,True,1.0,band,LowConstraint,Unexpected,-0.5,-0.5,band
1215,716.8862907421695,5,0,1.6720999479293823,8,True,1.0,opus,LowConstraint,Unexpected,-0.5,-0.5,opus
757,778.8284301145919,5,0,1.3978999853134155,6,True,1.0,suds,LowConstraint,Unexpected,-0.5,-0.5,suds
854,918.4160192128617,9,11,3.3176000118255615,9,True,1.0,wash,LowConstraint,Unexpected,-0.5,-0.5,wash
749,882.2078898971013,8,7,3.436500072479248,8,True,1.0,note,LowConstraint,Unexpected,-0.5,-0.5,note
891,820.8286932539677,6,1,2.528899908065796,8,True,1.0,memo,LowConstraint,Unexpected,-0.5,-0.5,memo
799,875.479293989307,9,6,2.8420000076293945,7,True,1.0,chop,LowConstraint,Unexpected,-0.5,-0.5,chop
997,855.9862071178907,7,4,2.340399980545044,6,True,1.0,trim,LowConstraint,Unexpected,-0.5,-0.5,trim
759,921.3763116238658,11,13,2.2788000106811523,9,True,1.0,mink,LowConstraint,Unexpected,-0.5,-0.5,mink
944,892.8649637654844,8,5,1.6901999711990356,8,True,1.0,pelt,LowConstraint,Unexpected,-0.5,-0.5,pelt
825,874.4970957821181,8,7,3.187000036239624,8,True,1.0,gang,LowConstraint,Unexpected,-0.5,-0.5,gang
1162,910.4467150110416,9,8,2.322200059890747,10,True,1.0,clan,LowConstraint,Unexpected,-0.5,-0.5,clan
768,894.6463339130605,9,8,2.9916999340057373,11,True,1.0,site,LowConstraint,Unexpected,-0.5,-0.5,site
1079,793.4167946274672,5,0,3.5822999477386475,7,True,1.0,area,LowConstraint,Unexpected,-0.5,-0.5,area
1203,833.8059936995116,7,2,2.0413999557495117,6,True,1.0,blur,LowConstraint,Unexpected,-0.5,-0.5,blur
1298,910.0700080261691,9,8,4.293000221252441,7,True,1.0,seen,LowConstraint,Unexpected,-0.5,-0.5,seen
817,918.408207712056,12,18,3.2385001182556152,10,True,1.0,male,LowConstraint,Unexpected,-0.5,-0.5,male
846,832.5394357725443,6,3,2.2504000663757324,10,True,1.0,womb,LowConstraint,Unexpected,-0.5,-0.5,womb
886,884.7777487080459,7,2,1.6720999479293823,10,True,1.0,brie,LowConstraint,Unexpected,-0.5,-0.5,brie
911,918.5081373794146,9,7,1.3617000579833984,8,True,1.0,curd,LowConstraint,Unexpected,-0.5,-0.5,curd
823,782.2462071294071,5,0,3.337100028991699,9,True,1.0,papa,LowConstraint,Unexpected,-0.5,-0.5,papa
826,827.7039824131509,6,1,2.9646999835968018,5,True,1.0,sons,LowConstraint,Unexpected,-0.5,-0.5,sons
1072,810.1733914293529,6,2,2.6730000972747803,7,True,1.0,arts,LowConstraint,Unexpected,-0.5,-0.5,arts
1408,897.2260880736494,9,7,1.9955999851226807,10,True,1.0,muse,LowConstraint,Unexpected,-0.5,-0.5,muse
855,877.1315974804077,11,10,3.6970999240875244,5,True,1.0,sing,LowConstraint,Unexpected,-0.5,-0.5,sing
1024,810.1259499074558,7,10,2.973099946975708,9,True,1.0,yell,LowConstraint,Unexpected,-0.5,-0.5,yell
871,860.9695506405753,8,8,4.10830020904541,7,True,1.0,jack,LowConstraint,Unexpected,-0.5,-0.5,jack
884,927.6355811820318,8,11,2.9121999740600586,11,True,1.0,gear,LowConstraint,Unexpected,-0.5,-0.5,gear
857,918.1935503984472,10,12,2.7283999919891357,8,True,1.0,root,LowConstraint,Unexpected,-0.5,-0.5,root
878,849.3324885167355,7,3,1.973099946975708,6,True,1.0,pulp,LowConstraint,Unexpected,-0.5,-0.5,pulp
983,918.3215129241871,12,18,3.827199935913086,8,True,1.0,beat,LowConstraint,Unexpected,-0.5,-0.5,beat
1254,909.3049581030739,10,10,2.689300060272217,9,True,1.0,pace,LowConstraint,Unexpected,-0.5,-0.5,pace
869,895.1730209566315,9,7,3.436500072479248,10,True,1.0,shop,LowConstraint,Unexpected,-0.5,-0.5,shop
1154,919.8268559261656,9,9,4.609600067138672,7,True,1.0,work,LowConstraint,Unexpected,-0.5,-0.5,work
947,915.1866927670137,10,8,4.639500141143799,9,True,1.0,talk,LowConstraint,Unexpected,-0.5,-0.5,talk
1167,797.8991233935333,6,2,2.344399929046631,6,True,1.0,oral,LowConstraint,Unexpected,-0.5,-0.5,oral
890,805.5090838507178,6,3,2.706700086593628,11,True,1.0,acid,LowConstraint,Unexpected,-0.5,-0.5,acid
1245,907.0865717154622,10,10,2.4742000102996826,7,True,1.0,sour,LowConstraint,Unexpected,-0.5,-0.5,sour
1212,712.5990054832761,6,2,0.9031000137329102,8,True,1.0,quip,LowConstraint,Unexpected,-0.5,-0.5,quip
1468,848.1319379011568,8,10,1.8387999534606934,8,True,1.0,jest,LowConstraint,Unexpected,-0.5,-0.5,jest
935,923.9762606193838,12,16,2.498300075531006,6,True,1.0,fare,LowConstraint,Unexpected,-0.5,-0.5,fare
1140,913.283099040587,10,9,2.2355000972747803,9,True,1.0,toll,LowConstraint,Unexpected,-0.5,-0.5,toll
1280,783.3273002601433,6,2,2.2788000106811523,5,True,1.0,tidy,LowConstraint,Unexpected,-0.5,-0.5,tidy
1405,844.0326103921882,9,10,2.803499937057495,8,True,1.0,neat,LowConstraint,Unexpected,-0.5,-0.5,neat
941,879.765739113927,8,7,2.799999952316284,7,True,1.0,bump,LowConstraint,Unexpected,-0.5,-0.5,bump
1221,900.0641859651105,10,13,2.884200096130371,9,True,1.0,sore,LowConstraint,Unexpected,-0.5,-0.5,sore
1206,919.4937218044822,12,12,3.588599920272827,6,True,1.0,slow,LowConstraint,Unexpected,-0.5,-0.5,slow
1440,867.2655490246094,8,7,1.7853000164031982,4,True,1.0,lull,LowConstraint,Unexpected,-0.5,-0.5,lull
985,622.143956717769,4,1,1.857300043106079,6,True,1.0,ogre,LowConstraint,Unexpected,-0.5,-0.5,ogre
989,660.2714177802668,4,0,1.1761000156402588,8,True,1.0,yeti,LowConstraint,Unexpected,-0.5,-0.5,yeti
1121,712.950649381836,4,0,1.8976000547409058,10,True,1.0,guru,LowConstraint,Unexpected,-0.5,-0.5,guru
1494,901.8609757156786,9,9,3.1623001098632812,10,True,1.0,wise,LowConstraint,Unexpected,-0.5,-0.5,wise
1000,825.8393837104352,6,0,2.178999900817871,8,True,1.0,meow,LowConstraint,Unexpected,-0.5,-0.5,meow
1043,834.3252589213593,7,4,2.0253000259399414,6,True,1.0,howl,LowConstraint,Unexpected,-0.5,-0.5,howl
1218,868.4510648749805,9,7,1.9911999702453613,6,True,1.0,bulk,LowConstraint,Unexpected,-0.5,-0.5,bulk
1365,603.3847080547224,4,1,4.24429988861084,6,True,1.0,used,LowConstraint,Unexpected,-0.5,-0.5,used
1020,883.2975253251752,8,8,4.163099765777588,11,True,1.0,five,LowConstraint,Unexpected,-0.5,-0.5,five
1314,694.3791912515838,4,1,3.039400100708008,8,True,1.0,zero,LowConstraint,Unexpected,-0.5,-0.5,zero
1360,629.8824026227987,4,0,2.659899950027466,5,True,1.0,obey,LowConstraint,Unexpected,-0.5,-0.5,obey
1382,908.6835292328918,8,5,3.390199899673462,8,True,1.0,rule,LowConstraint,Unexpected,-0.5,-0.5,rule
1075,846.3850750464337,7,3,3.3078999519348145,6,True,1.0,loud,LowConstraint,Unexpected,-0.5,-0.5,loud
1098,901.5422310948434,10,16,4.452199935913086,4,True,1.0,hear,LowConstraint,Unexpected,-0.5,-0.5,hear
1328,713.5331088460964,5,1,3.6589999198913574,6,True,1.0,kept,LowConstraint,Unexpected,-0.5,-0.5,kept
1371,883.266706720017,9,8,4.2418999671936035,5,True,1.0,took,LowConstraint,Unexpected,-0.5,-0.5,took
1110,923.4588770101494,13,17,3.0302000045776367,7,True,1.0,mile,LowConstraint,Unexpected,-0.5,-0.5,mile
1397,624.7982814053146,4,1,1.7782000303268433,4,True,1.0,afar,LowConstraint,Unexpected,-0.5,-0.5,afar
1452,630.7110371568834,4,0,2.9872000217437744,9,True,1.0,odds,LowConstraint,Unexpected,-0.5,-0.5,odds
1500,755.7561175761045,6,2,1.6812000274658203,4,True,1.0,vary,LowConstraint,Unexpected,-0.5,-0.5,vary
1166,823.0034333493393,8,9,1.3221999406814575,5,True,1.0,doze,LowConstraint,Unexpected,-0.5,-0.5,doze
1276,917.6815306918865,10,11,4.035900115966797,5,True,1.0,rest,LowConstraint,Unexpected,-0.5,-0.5,rest
1344,857.3912841311,8,5,3.9446001052856445,7,True,1.0,fact,LowConstraint,Unexpected,-0.5,-0.5,fact
1534,821.7612160186703,6,1,4.111299991607666,5,True,1.0,true,LowConstraint,Unexpected,-0.5,-0.5,true
1214,855.1663570851215,7,12,4.151500225067139,10,True,1.0,year,LowConstraint,Unexpected,-0.5,-0.5,year
1341,846.5428663568289,6,0,2.983599901199341,11,True,1.0,noel,LowConstraint,Unexpected,-0.5,-0.5,noel
1334,840.5106619809847,8,3,3.7534000873565674,5,True,1.0,less,LowConstraint,Unexpected,-0.5,-0.5,less
1537,836.5841693318262,8,4,4.695799827575684,6,True,1.0,much,LowConstraint,Unexpected,-0.5,-0.5,much
1256,845.816984115421,7,5,3.9179000854492188,6,True,1.0,hour,LowConstraint,Unexpected,-0.5,-0.5,hour
1263,876.9216434781192,9,7,4.999499797821045,5,True,1.0,time,LowConstraint,Unexpected,-0.5,-0.5,time
1364,925.3040791729742,11,15,4.327899932861328,10,True,1.0,same,LowConstraint,Unexpected,-0.5,-0.5,same
1533,705.3333669498841,5,1,1.1761000156402588,5,True,1.0,akin,LowConstraint,Unexpected,-0.5,-0.5,akin
1304,893.9794517803432,11,9,1.2553000450134277,5,True,1.0,bonk,LowConstraint,Unexpected,-0.5,-0.5,bonk
1353,815.1870297117009,8,4,1.9955999851226807,6,True,1.0,wham,LowConstraint,Unexpected,-0.5,-0.5,wham
1433,856.3681209008276,7,3,3.9416000843048096,8,True,1.0,glad,LowConstraint,Unexpected,-0.5,-0.5,glad
1492,916.1880046125091,8,10,4.0391998291015625,9,True,1.0,hate,LowConstraint,Unexpected,-0.5,-0.5,hate
1323,892.7838355360431,9,6,1.4471999406814575,8,True,1.0,dolt,LowConstraint,Unexpected,-0.5,-0.5,dolt
1325,741.7188973879781,5,0,1.9138000011444092,5,True,1.0,redo,LowConstraint,Unexpected,-0.5,-0.5,redo
1439,747.8209419736833,5,7,1.5051000118255615,8,True,1.0,zeal,LowConstraint,Unexpected,-0.5,-0.5,zeal
1444,851.1619517662175,7,3,1.770900011062622,8,True,1.0,glee,LowConstraint,Unexpected,-0.5,-0.5,glee
1358,900.2128046405775,11,10,4.145400047302246,7,True,1.0,lost,LowConstraint,Unexpected,-0.5,-0.5,lost
1368,895.9878166974219,10,10,4.627200126647949,5,True,1.0,find,LowConstraint,Unexpected,-0.5,-0.5,find
1464,885.5379327923159,9,11,5.497300148010254,6,True,1.0,have,LowConstraint,Unexpected,-0.5,-0.5,have
1501,879.9544606553369,9,9,4.947299957275391,5,True,1.0,been,LowConstraint,Unexpected,-0.5,-0.5,been
1373,722.0229246244697,6,2,2.460900068283081,5,True,1.0,cozy,LowConstraint,Unexpected,-0.5,-0.5,cozy
1391,787.8298893685404,7,4,1.8691999912261963,5,True,1.0,snug,LowConstraint,Unexpected,-0.5,-0.5,snug
1401,923.5178461650488,10,12,4.39300012588501,11,True,1.0,mind,LowConstraint,Unexpected,-0.5,-0.5,mind
1511,886.5119660990152,8,4,3.5940001010894775,7,True,1.0,soul,LowConstraint,Unexpected,-0.5,-0.5,soul
1385,889.9034033315866,8,6,4.671899795532227,8,True,1.0,help,LowConstraint,Unexpected,-0.5,-0.5,help
1438,930.1656081784074,13,20,4.393599987030029,7,True,1.0,care,LowConstraint,Unexpected,-0.5,-0.5,care
1498,637.5944987607857,4,0,2.5315001010894775,9,True,1.0,urge,LowConstraint,Unexpected,-0.5,-0.5,urge
1539,853.4381462568712,8,5,2.079200029373169,6,True,1.0,whim,LowConstraint,Unexpected,-0.5,-0.5,whim
1420,877.5555748748633,8,6,2.8685998916625977,5,True,1.0,foul,LowConstraint,Unexpected,-0.5,-0.5,foul
1515,765.6148008586167,6,8,2.2899999618530273,6,True,1.0,yuck,LowConstraint,Unexpected,-0.5,-0.5,yuck
1531,659.0292652258086,4,3,1.4149999618530273,5,True,1.0,avid,LowConstraint,Unexpected,-0.5,-0.5,avid
1548,814.5284608635966,7,5,2.359800100326538,5,True,1.0,keen,LowConstraint,Unexpected,-0.5,-0.5,keen
1458,867.4149448490929,7,5,1.8976000547409058,8,True,1.0,ploy,LowConstraint,Unexpected,-0.5,-0.5,ploy
1554,880.7204840322389,11,8,1.934499979019165,4,True,1.0,ruse,LowConstraint,Unexpected,-0.5,-0.5,ruse
155,886.0439929760662,9,5,2.3578999042510986,7,True,1.0,crow,HighConstraint,Unexpected,0.5,-0.5,crow
335,948.9575979066228,10,12,2.4547998905181885,10,True,1.0,dove,HighConstraint,Unexpected,0.5,-0.5,dove
1,918.1570108078613,11,9,1.6990000009536743,9,True,1.0,pant,HighConstraint,Unexpected,0.5,-0.5,pant
261,873.7041338301866,6,5,2.9565999507904053,13,True,1.0,jean,HighConstraint,Unexpected,0.5,-0.5,jean
135,808.2383302991993,6,1,3.0183000564575195,10,True,1.0,earl,HighConstraint,Unexpected,0.5,-0.5,earl
972,900.6562913725777,9,7,3.1064999103546143,13,True,1.0,duke,HighConstraint,Unexpected,0.5,-0.5,duke
12,892.4185299415312,6,2,2.7809998989105225,14,True,1.0,frog,HighConstraint,Unexpected,0.5,-0.5,frog
442,808.2016399397163,6,4,1.8387999534606934,10,True,1.0,newt,HighConstraint,Unexpected,0.5,-0.5,newt
157,926.5202561291401,8,8,1.5563000440597534,12,True,1.0,fowl,HighConstraint,Unexpected,0.5,-0.5,fowl
514,932.7063871217384,7,1,3.365299940109253,11,True,1.0,bird,HighConstraint,Unexpected,0.5,-0.5,bird
214,681.2063325846119,4,0,2.835700035095215,8,True,1.0,exam,HighConstraint,Unexpected,0.5,-0.5,exam
992,921.7766045214576,9,12,3.6324000358581543,11,True,1.0,test,HighConstraint,Unexpected,0.5,-0.5,test
2,796.6706838436769,7,5,2.637500047683716,10,True,1.0,robe,HighConstraint,Unexpected,0.5,-0.5,robe
781,932.4632220367051,9,11,2.4547998905181885,11,True,1.0,vest,HighConstraint,Unexpected,0.5,-0.5,vest
542,902.2225104785954,8,8,2.542799949645996,15,True,1.0,swan,HighConstraint,Unexpected,0.5,-0.5,swan
603,934.7074412404638,11,14,3.1017000675201416,15,True,1.0,duck,HighConstraint,Unexpected,0.5,-0.5,duck
369,835.4823924011729,6,4,2.004300117492676,10,True,1.0,barf,HighConstraint,Unexpected,0.5,-0.5,barf
755,933.6798649396166,8,5,2.5051000118255615,10,True,1.0,puke,HighConstraint,Unexpected,0.5,-0.5,puke
146,714.1776544075741,4,1,1.6434999704360962,11,True,1.0,zinc,HighConstraint,Unexpected,0.5,-0.5,zinc
938,923.1862921895593,10,12,3.6280999183654785,16,True,1.0,lead,HighConstraint,Unexpected,0.5,-0.5,lead
441,934.8897702478771,10,11,2.5262999534606934,10,True,1.0,mice,HighConstraint,Unexpected,0.5,-0.5,mice
905,913.6554755500474,8,5,2.176100015640259,13,True,1.0,puss,HighConstraint,Unexpected,0.5,-0.5,puss
246,756.1308649590675,5,1,2.8608999252319336,9,True,1.0,debt,HighConstraint,Unexpected,0.5,-0.5,debt
1080,918.0308317530507,9,6,3.00600004196167,9,True,1.0,loan,HighConstraint,Unexpected,0.5,-0.5,loan
721,799.2287249483901,8,4,1.5563000440597534,11,True,1.0,axes,HighConstraint,Unexpected,0.5,-0.5,axes
963,833.3901691938169,7,3,1.2303999662399292,9,True,1.0,maul,HighConstraint,Unexpected,0.5,-0.5,maul
422,922.1782766754131,6,1,2.8942999839782715,16,True,1.0,lion,HighConstraint,Unexpected,0.5,-0.5,lion
616,816.9953851964112,6,1,0.9031000137329102,9,True,1.0,puma,HighConstraint,Unexpected,0.5,-0.5,puma
566,922.5565029040936,11,12,3.4321999549865723,11,True,1.0,rose,HighConstraint,Unexpected,0.5,-0.5,rose
711,896.536349568358,7,1,3.13700008392334,10,True,1.0,lily,HighConstraint,Unexpected,0.5,-0.5,lily
439,866.2565209547656,7,7,1.9138000011444092,8,True,1.0,stag,HighConstraint,Unexpected,0.5,-0.5,stag
723,932.4086553862351,9,11,3.2360000610351562,11,True,1.0,buck,HighConstraint,Unexpected,0.5,-0.5,buck
1117,919.587339846879,8,3,4.0991997718811035,9,True,1.0,hurt,HighConstraint,Unexpected,0.5,-0.5,hurt
1152,889.5740310883548,8,7,3.6986000537872314,13,True,1.0,pain,HighConstraint,Unexpected,0.5,-0.5,pain
573,930.2720418890319,8,6,2.767199993133545,16,True,1.0,dish,HighConstraint,Unexpected,0.5,-0.5,dish
599,873.0761056437301,8,6,3.039400100708008,9,True,1.0,bowl,HighConstraint,Unexpected,0.5,-0.5,bowl
8,901.4642774622769,9,6,2.1238999366760254,7,True,1.0,gram,HighConstraint,Unexpected,0.5,-0.5,gram
1239,845.2258180873248,6,4,1.9084999561309814,10,True,1.0,kilo,HighConstraint,Unexpected,0.5,-0.5,kilo
576,879.5425651012516,8,5,2.617000102996826,11,True,1.0,pony,HighConstraint,Unexpected,0.5,-0.5,pony
680,924.9326473419826,11,18,2.1731998920440674,13,True,1.0,mare,HighConstraint,Unexpected,0.5,-0.5,mare
946,931.3927467799416,9,11,1.7559000253677368,13,True,1.0,gull,HighConstraint,Unexpected,0.5,-0.5,gull
1261,924.7780895508513,12,15,1.5681999921798706,9,True,1.0,coot,HighConstraint,Unexpected,0.5,-0.5,coot
620,883.4850760257999,9,6,3.200900077819824,10,True,1.0,bath,HighConstraint,Unexpected,0.5,-0.5,bath
684,907.7765170361497,11,12,2.936500072479248,8,True,1.0,sink,HighConstraint,Unexpected,0.5,-0.5,sink
118,755.0390603173503,5,0,2.433000087738037,7,True,1.0,nova,HighConstraint,Unexpected,0.5,-0.5,nova
709,926.218809527081,9,9,3.618000030517578,13,True,1.0,star,HighConstraint,Unexpected,0.5,-0.5,star
623,894.7228427927035,9,10,2.789599895477295,14,True,1.0,dime,HighConstraint,Unexpected,0.5,-0.5,dime
909,913.9212103358401,9,10,2.684799909591675,12,True,1.0,cent,HighConstraint,Unexpected,0.5,-0.5,cent
270,925.4516320689015,9,7,2.285599946975708,10,True,1.0,pact,HighConstraint,Unexpected,0.5,-0.5,pact
1255,928.9991674708959,11,14,4.124899864196777,11,True,1.0,deal,HighConstraint,Unexpected,0.5,-0.5,deal
1437,925.2584232825609,12,16,1.544100046157837,9,True,1.0,lore,HighConstraint,Unexpected,0.5,-0.5,lore
1466,741.0261162695818,5,3,2.547800064086914,6,True,1.0,myth,HighConstraint,Unexpected,0.5,-0.5,myth
1251,862.1674571451204,8,10,2.761899948120117,8,True,1.0,rage,HighConstraint,Unexpected,0.5,-0.5,rage
1311,877.0149448939655,7,2,2.29229998588562,8,True,1.0,fury,HighConstraint,Unexpected,0.5,-0.5,fury
41,907.4196331262716,9,7,2.6989998817443848,12,True,1.0,silk,HighConstraint,Unexpected,0.5,-0.5,silk
610,900.0185056806943,8,6,2.2095000743865967,9,True,1.0,wool,HighConstraint,Unexpected,0.5,-0.5,wool
910,810.4952694740629,6,4,1.857300043106079,8,True,1.0,wept,HighConstraint,Unexpected,0.5,-0.5,wept
1150,851.2021036688768,7,3,1.462399959564209,7,True,1.0,bawl,HighConstraint,Unexpected,0.5,-0.5,bawl
510,922.0111723461216,7,3,3.629300117492676,14,True,1.0,fish,HighConstraint,Unexpected,0.5,-0.5,fish
585,826.3019235547856,6,2,2.6117000579833984,12,True,1.0,tuna,HighConstraint,Unexpected,0.5,-0.5,tuna
22,846.9515546656912,7,5,2.4065001010894775,12,True,1.0,herb,HighConstraint,Unexpected,0.5,-0.5,herb
241,918.0940285888449,9,12,1.954200029373169,11,True,1.0,sage,HighConstraint,Unexpected,0.5,-0.5,sage
937,871.914284955307,7,8,3.8190999031066895,7,True,1.0,king,HighConstraint,Unexpected,0.5,-0.5,king
1003,644.9103563561329,4,1,1.3009999990463257,9,True,1.0,tsar,HighConstraint,Unexpected,0.5,-0.5,tsar
30,803.1949061226284,6,2,1.9911999702453613,11,True,1.0,knit,HighConstraint,Unexpected,0.5,-0.5,knit
1034,852.0930969617439,7,2,1.8260999917984009,10,True,1.0,sewn,HighConstraint,Unexpected,0.5,-0.5,sewn
26,863.4484138426836,7,5,2.3784000873565674,10,True,1.0,limb,HighConstraint,Unexpected,0.5,-0.5,limb
692,915.6650832567278,9,7,4.154200077056885,11,True,1.0,hand,HighConstraint,Unexpected,0.5,-0.5,hand
61,876.8001132661627,9,7,1.9589999914169312,6,True,1.0,dung,HighConstraint,Unexpected,0.5,-0.5,dung
138,903.9457925412092,9,7,3.4986000061035156,7,True,1.0,crap,HighConstraint,Unexpected,0.5,-0.5,crap
57,916.1003522762369,9,7,2.7723000049591064,11,True,1.0,plot,HighConstraint,Unexpected,0.5,-0.5,plot
1222,915.1346639328892,11,13,2.7874999046325684,11,True,1.0,tale,HighConstraint,Unexpected,0.5,-0.5,tale
275,748.3923505541582,4,0,0.9031000137329102,13,True,1.0,ovum,HighConstraint,Unexpected,0.5,-0.5,ovum
821,923.4512567615129,8,10,3.4428999423980713,11,True,1.0,cell,HighConstraint,Unexpected,0.5,-0.5,cell
62,661.5840187803524,4,0,0.3009999990463257,8,True,1.0,lynx,HighConstraint,Unexpected,0.5,-0.5,lynx
595,927.273667520649,12,16,2.29229998588562,8,True,1.0,hare,HighConstraint,Unexpected,0.5,-0.5,hare
240,917.7948318554705,8,4,2.478600025177002,11,True,1.0,glue,HighConstraint,Unexpected,0.5,-0.5,glue
815,667.3206264827734,5,1,1.0,14,True,1.0,inks,HighConstraint,Unexpected,0.5,-0.5,inks
92,884.0787887107563,10,11,2.609600067138672,10,True,1.0,tuck,HighConstraint,Unexpected,0.5,-0.5,tuck
1287,907.9590326206624,10,9,2.851300001144409,8,True,1.0,darn,HighConstraint,Unexpected,0.5,-0.5,darn
213,573.3216077586743,3,0,1.2553000450134277,11,True,1.0,onyx,HighConstraint,Unexpected,0.5,-0.5,onyx
836,859.342306914803,6,3,2.4149999618530273,9,True,1.0,jade,HighConstraint,Unexpected,0.5,-0.5,jade
141,909.655266170502,9,10,2.5694000720977783,10,True,1.0,tick,HighConstraint,Unexpected,0.5,-0.5,tick
587,813.4174298110527,7,5,2.2304000854492188,8,True,1.0,flea,HighConstraint,Unexpected,0.5,-0.5,flea
170,927.4795820105388,9,9,2.2095000743865967,9,True,1.0,funk,HighConstraint,Unexpected,0.5,-0.5,funk
196,686.8072632675878,4,0,2.784600019454956,9,True,1.0,jazz,HighConstraint,Unexpected,0.5,-0.5,jazz
142,876.0698557928033,6,1,2.56469988822937,12,True,1.0,glen,HighConstraint,Unexpected,0.5,-0.5,glen
549,917.6055723020694,10,12,3.282399892807007,13,True,1.0,hill,HighConstraint,Unexpected,0.5,-0.5,hill
294,914.4727709924304,9,6,2.599900007247925,11,True,1.0,soil,HighConstraint,Unexpected,0.5,-0.5,soil
602,882.2443205801039,8,3,3.1175999641418457,5,True,1.0,dirt,HighConstraint,Unexpected,0.5,-0.5,dirt
178,934.3699554275405,9,10,2.8578999042510986,10,True,1.0,bush,HighConstraint,Unexpected,0.5,-0.5,bush
511,917.1497477552399,8,4,3.5206000804901123,15,True,1.0,tree,HighConstraint,Unexpected,0.5,-0.5,tree
384,738.7863687340325,5,1,2.8006999492645264,7,True,1.0,inch,HighConstraint,Unexpected,0.5,-0.5,inch
1291,868.0634530420309,10,8,2.0085999965667725,4,True,1.0,span,HighConstraint,Unexpected,0.5,-0.5,span
186,910.2989512588217,7,3,2.734800100326538,12,True,1.0,lamb,HighConstraint,Unexpected,0.5,-0.5,lamb
608,941.2454844621859,11,11,2.648400068283081,10,True,1.0,deer,HighConstraint,Unexpected,0.5,-0.5,deer
266,828.9539847703469,8,7,1.8920999765396118,9,True,1.0,haze,HighConstraint,Unexpected,0.5,-0.5,haze
488,719.9719983223853,5,1,1.7482000589370728,9,True,1.0,smog,HighConstraint,Unexpected,0.5,-0.5,smog
191,911.5968891164505,9,7,2.164400100708008,8,True,1.0,moss,HighConstraint,Unexpected,0.5,-0.5,moss
524,895.8610277948294,6,0,2.2147998809814453,9,True,1.0,fern,HighConstraint,Unexpected,0.5,-0.5,fern
405,788.5621736516158,6,2,1.6720999479293823,11,True,1.0,acne,HighConstraint,Unexpected,0.5,-0.5,acne
1242,726.9202487097657,5,2,2.330399990081787,11,True,1.0,itch,HighConstraint,Unexpected,0.5,-0.5,itch
230,903.5706091451768,9,8,1.924299955368042,10,True,1.0,lark,HighConstraint,Unexpected,0.5,-0.5,lark
470,834.2162301271513,6,1,1.3009999990463257,6,True,1.0,wren,HighConstraint,Unexpected,0.5,-0.5,wren
314,927.6429994840282,7,3,2.749000072479248,11,True,1.0,shed,HighConstraint,Unexpected,0.5,-0.5,shed
654,916.3933158351053,9,8,4.350599765777588,15,True,1.0,room,HighConstraint,Unexpected,0.5,-0.5,room
233,909.8825288370335,9,7,2.3385000228881836,7,True,1.0,lure,HighConstraint,Unexpected,0.5,-0.5,lure
271,891.2517594868559,8,3,2.6963999271392822,6,True,1.0,bait,HighConstraint,Unexpected,0.5,-0.5,bait
548,902.4277742450525,10,9,3.688999891281128,14,True,1.0,boat,HighConstraint,Unexpected,0.5,-0.5,boat
597,925.5222248146313,10,8,3.7028000354766846,10,True,1.0,ship,HighConstraint,Unexpected,0.5,-0.5,ship
251,850.6678707031773,7,6,1.462399959564209,11,True,1.0,kale,HighConstraint,Unexpected,0.5,-0.5,kale
559,924.1144632684591,9,8,1.2041000127792358,9,True,1.0,leek,HighConstraint,Unexpected,0.5,-0.5,leek
25,885.8444836879364,8,10,1.544100046157837,8,True,1.0,mope,HighConstraint,Unexpected,0.5,-0.5,mope
1474,863.528779505387,8,5,1.7243000268936157,8,True,1.0,glum,HighConstraint,Unexpected,0.5,-0.5,glum
285,932.6734469229339,10,10,2.841399908065796,8,True,1.0,barn,HighConstraint,Unexpected,0.5,-0.5,barn
880,848.9206697623835,7,5,1.6901999711990356,9,True,1.0,silo,HighConstraint,Unexpected,0.5,-0.5,silo
505,674.130335241828,4,0,1.6128000020980835,11,True,1.0,kiwi,HighConstraint,Unexpected,0.5,-0.5,kiwi
626,897.1535948575529,8,5,2.243000030517578,12,True,1.0,plum,HighConstraint,Unexpected,0.5,-0.5,plum
319,913.6005877238601,9,5,1.8691999912261963,8,True,1.0,wasp,HighConstraint,Unexpected,0.5,-0.5,wasp
696,912.2772198475457,7,5,2.436199903488159,13,True,1.0,bees,HighConstraint,Unexpected,0.5,-0.5,bees
545,750.3482473548167,4,0,2.2227001190185547,14,True,1.0,mayo,HighConstraint,Unexpected,0.5,-0.5,mayo
736,929.7305410522589,10,9,1.2553000450134277,10,True,1.0,slaw,HighConstraint,Unexpected,0.5,-0.5,slaw
454,766.0727517506301,5,3,1.3617000579833984,10,True,1.0,oxen,HighConstraint,Unexpected,0.5,-0.5,oxen
621,935.9769509106297,10,12,3.14739990234375,8,True,1.0,bull,HighConstraint,Unexpected,0.5,-0.5,bull
114,774.0528364338238,5,1,3.904400110244751,8,True,1.0,whoa,HighConstraint,Unexpected,0.5,-0.5,whoa
1483,763.9849453750119,5,1,2.7458999156951904,6,True,1.0,oops,HighConstraint,Unexpected,0.5,-0.5,oops
544,846.6042765762273,7,9,2.413300037384033,10,True,1.0,cafe,HighConstraint,Unexpected,0.5,-0.5,cafe
763,701.8154589243475,5,1,2.037400007247925,7,True,1.0,deli,HighConstraint,Unexpected,0.5,-0.5,deli
174,918.4283860277401,7,2,2.5211000442504883,13,True,1.0,riot,HighConstraint,Unexpected,0.5,-0.5,riot
877,839.6955076251013,7,3,2.2528998851776123,11,True,1.0,thug,HighConstraint,Unexpected,0.5,-0.5,thug
578,905.3499486119763,8,3,2.510499954223633,9,True,1.0,pond,HighConstraint,Unexpected,0.5,-0.5,pond
592,938.7846206416834,9,13,3.2641000747680664,9,True,1.0,lake,HighConstraint,Unexpected,0.5,-0.5,lake
695,924.6125282196756,9,12,2.7809998989105225,15,True,1.0,pill,HighConstraint,Unexpected,0.5,-0.5,pill
798,824.4500578085041,6,2,3.36299991607666,12,True,1.0,drug,HighConstraint,Unexpected,0.5,-0.5,drug
590,939.751184800623,9,11,3.585599899291992,12,True,1.0,beer,HighConstraint,Unexpected,0.5,-0.5,beer
1338,946.8434930011563,9,15,3.514899969100952,11,True,1.0,sake,HighConstraint,Unexpected,0.5,-0.5,sake
144,900.651996090566,9,6,1.8194999694824219,6,True,1.0,posh,HighConstraint,Unexpected,0.5,-0.5,posh
1347,816.7646647077438,8,5,2.0492000579833984,7,True,1.0,snob,HighConstraint,Unexpected,0.5,-0.5,snob
596,892.024582111995,9,10,4.168700218200684,9,True,1.0,face,HighConstraint,Unexpected,0.5,-0.5,face
676,891.1276693512057,10,11,4.277599811553955,9,True,1.0,head,HighConstraint,Unexpected,0.5,-0.5,head
958,876.5514392691468,8,9,3.536799907684326,8,True,1.0,nine,HighConstraint,Unexpected,0.5,-0.5,nine
1188,883.0732599555965,8,6,4.115499973297119,9,True,1.0,four,HighConstraint,Unexpected,0.5,-0.5,four
744,939.9835367333468,9,11,2.613800048828125,12,True,1.0,rash,HighConstraint,Unexpected,0.5,-0.5,rash
830,920.2387923974663,10,10,1.0,9,True,1.0,welt,HighConstraint,Unexpected,0.5,-0.5,welt
1367,824.7867820055105,8,10,2.4969000816345215,6,True,1.0,scam,HighConstraint,Unexpected,0.5,-0.5,scam
1456,853.2523519429427,7,4,1.531499981880188,6,True,1.0,dupe,HighConstraint,Unexpected,0.5,-0.5,dupe
751,888.7004433687941,9,8,2.4377999305725098,6,True,1.0,peel,HighConstraint,Unexpected,0.5,-0.5,peel
805,891.9488813155507,9,9,1.1761000156402588,6,True,1.0,rind,HighConstraint,Unexpected,0.5,-0.5,rind
71,850.4515122898076,7,4,1.6812000274658203,10,True,1.0,spud,HighConstraint,Unexpected,0.5,-0.5,spud
698,902.9958108696981,9,7,3.0220000743865967,9,True,1.0,chip,HighConstraint,Unexpected,0.5,-0.5,chip
838,879.4179552938997,8,6,2.1875,10,True,1.0,boob,HighConstraint,Unexpected,0.5,-0.5,boob
843,919.0983514396387,11,13,1.2303999662399292,7,True,1.0,teat,HighConstraint,Unexpected,0.5,-0.5,teat
152,819.7277424385596,8,8,2.0569000244140625,4,True,1.0,goof,HighConstraint,Unexpected,0.5,-0.5,goof
1108,702.8678237249494,6,2,1.544100046157837,8,True,1.0,typo,HighConstraint,Unexpected,0.5,-0.5,typo
23,934.6147733778738,11,18,1.079200029373169,8,True,1.0,sear,HighConstraint,Unexpected,0.5,-0.5,sear
903,938.929750247815,10,13,2.510499954223633,9,True,1.0,bake,HighConstraint,Unexpected,0.5,-0.5,bake
49,935.4020188499456,12,13,2.2279000282287598,11,True,1.0,lime,HighConstraint,Unexpected,0.5,-0.5,lime
557,929.5094487243047,9,13,1.8387999534606934,10,True,1.0,pear,HighConstraint,Unexpected,0.5,-0.5,pear
40,932.0390094416509,9,12,1.5563000440597534,11,True,1.0,gash,HighConstraint,Unexpected,0.5,-0.5,gash
931,898.2217715809174,9,6,3.4498000144958496,7,True,1.0,burn,HighConstraint,Unexpected,0.5,-0.5,burn
305,822.1861984583086,6,2,3.380199909210205,7,True,1.0,plus,HighConstraint,Unexpected,0.5,-0.5,plus
375,890.2613100029554,8,6,2.4518001079559326,8,True,1.0,grid,HighConstraint,Unexpected,0.5,-0.5,grid
46,829.215640153111,6,1,3.4149999618530273,6,True,1.0,duty,HighConstraint,Unexpected,0.5,-0.5,duty
1461,911.553564056196,10,12,2.9684998989105225,8,True,1.0,role,HighConstraint,Unexpected,0.5,-0.5,role
195,783.8112383213104,6,2,1.8451000452041626,8,True,1.0,alto,HighConstraint,Unexpected,0.5,-0.5,alto
1105,805.5449352071639,5,1,1.8976000547409058,8,True,1.0,diva,HighConstraint,Unexpected,0.5,-0.5,diva
47,912.7051342301818,10,13,1.579800009727478,5,True,1.0,hone,HighConstraint,Unexpected,0.5,-0.5,hone
364,875.3596547355392,7,4,0.7781999707221985,10,True,1.0,rasp,HighConstraint,Unexpected,0.5,-0.5,rasp
162,656.5678962803561,4,0,3.1201999187469482,12,True,1.0,taxi,HighConstraint,Unexpected,0.5,-0.5,taxi
475,830.9166114033267,6,1,2.5933001041412354,12,True,1.0,auto,HighConstraint,Unexpected,0.5,-0.5,auto
159,937.407573007984,12,16,2.7551000118255615,10,True,1.0,boot,HighConstraint,Unexpected,0.5,-0.5,boot
609,836.3043275988981,9,7,2.577500104904175,6,True,1.0,heel,HighConstraint,Unexpected,0.5,-0.5,heel
203,854.8270543881221,6,2,2.3032000064849854,13,True,1.0,bulb,HighConstraint,Unexpected,0.5,-0.5,bulb
534,929.8625828651387,10,8,2.81820011138916,11,True,1.0,lamp,HighConstraint,Unexpected,0.5,-0.5,lamp
161,904.5026769176147,9,4,1.6901999711990356,9,True,1.0,font,HighConstraint,Unexpected,0.5,-0.5,font
163,752.7154793826801,8,4,3.490499973297119,5,True,1.0,type,HighConstraint,Unexpected,0.5,-0.5,type
342,715.0015305477235,5,0,1.9031000137329102,8,True,1.0,luau,HighConstraint,Unexpected,0.5,-0.5,luau
1093,902.2385469413387,10,13,1.8451000452041626,10,True,1.0,fest,HighConstraint,Unexpected,0.5,-0.5,fest
185,663.438121817138,4,0,1.2788000106811523,12,True,1.0,oboe,HighConstraint,Unexpected,0.5,-0.5,oboe
277,919.9199918746921,8,7,2.1303000450134277,11,True,1.0,harp,HighConstraint,Unexpected,0.5,-0.5,harp
346,909.3982385277528,8,6,2.672100067138672,9,True,1.0,hint,HighConstraint,Unexpected,0.5,-0.5,hint
480,877.968068739181,7,3,2.9537999629974365,7,True,1.0,clue,HighConstraint,Unexpected,0.5,-0.5,clue
202,896.6439486168368,8,4,1.986799955368042,9,True,1.0,moan,HighConstraint,Unexpected,0.5,-0.5,moan
273,739.1003345964742,6,3,0.9031000137329102,6,True,1.0,yelp,HighConstraint,Unexpected,0.5,-0.5,yelp
221,805.5251595027455,5,2,1.7243000268936157,9,True,1.0,opal,HighConstraint,Unexpected,0.5,-0.5,opal
671,789.3430361006049,5,0,2.783900022506714,11,True,1.0,ruby,HighConstraint,Unexpected,0.5,-0.5,ruby
210,915.4893429431319,9,7,2.037400007247925,11,True,1.0,snot,HighConstraint,Unexpected,0.5,-0.5,snot
581,914.4999483518365,9,10,3.5511999130249023,11,True,1.0,nose,HighConstraint,Unexpected,0.5,-0.5,nose
244,892.277445418852,9,5,2.9014999866485596,12,True,1.0,tune,HighConstraint,Unexpected,0.5,-0.5,tune
961,753.694872655653,4,0,1.924299955368042,10,True,1.0,hymn,HighConstraint,Unexpected,0.5,-0.5,hymn
234,839.8004041535276,7,3,3.0980000495910645,6,True,1.0,path,HighConstraint,Unexpected,0.5,-0.5,path
677,911.6365182749765,9,5,3.7565999031066895,11,True,1.0,road,HighConstraint,Unexpected,0.5,-0.5,road
440,934.6459574074715,8,4,2.613800048828125,11,True,1.0,tray,HighConstraint,Unexpected,0.5,-0.5,tray
990,926.3250497195531,11,13,4.1585001945495605,10,True,1.0,case,HighConstraint,Unexpected,0.5,-0.5,case
282,899.4160319990542,10,9,2.730799913406372,10,True,1.0,pork,HighConstraint,Unexpected,0.5,-0.5,pork
683,882.710096047443,7,6,3.0025999546051025,13,True,1.0,beef,HighConstraint,Unexpected,0.5,-0.5,beef
507,908.8596262945366,8,8,1.8260999917984009,9,True,1.0,tush,HighConstraint,Unexpected,0.5,-0.5,tush
860,924.6490257985166,10,12,5.0106000900268555,8,True,1.0,back,HighConstraint,Unexpected,0.5,-0.5,back
297,871.9465753640656,9,10,2.3559999465942383,6,True,1.0,vile,HighConstraint,Unexpected,0.5,-0.5,vile
1543,911.1666297467821,9,8,5.124199867248535,12,True,1.0,good,HighConstraint,Unexpected,0.5,-0.5,good
367,846.3977358097766,7,3,1.6232000589370728,8,True,1.0,clog,HighConstraint,Unexpected,0.5,-0.5,clog
561,917.2573926415425,11,11,2.661799907684326,8,True,1.0,sock,HighConstraint,Unexpected,0.5,-0.5,sock
299,652.1849230596832,4,0,1.9031000137329102,7,True,1.0,quad,HighConstraint,Unexpected,0.5,-0.5,quad
651,822.8492531276008,7,7,2.7202000617980957,9,True,1.0,jeep,HighConstraint,Unexpected,0.5,-0.5,jeep
499,843.2274570112901,7,5,1.8691999912261963,8,True,1.0,spur,HighConstraint,Unexpected,0.5,-0.5,spur
936,893.7513048459028,7,2,1.968500018119812,10,True,1.0,trot,HighConstraint,Unexpected,0.5,-0.5,trot
301,909.3992741740876,9,10,1.7323999404907227,10,True,1.0,mead,HighConstraint,Unexpected,0.5,-0.5,mead
657,925.2688315479293,11,16,3.4883999824523926,7,True,1.0,wine,HighConstraint,Unexpected,0.5,-0.5,wine
365,890.1578468918087,9,5,2.307499885559082,8,True,1.0,mutt,HighConstraint,Unexpected,0.5,-0.5,mutt
513,788.6491623121152,6,2,3.4321999549865723,10,True,1.0,dogs,HighConstraint,Unexpected,0.5,-0.5,dogs
362,718.4093308952952,5,1,1.0,5,True,1.0,cyan,HighConstraint,Unexpected,0.5,-0.5,cyan
1068,875.6446888111584,7,3,3.717900037765503,7,True,1.0,blue,HighConstraint,Unexpected,0.5,-0.5,blue
717,934.1665437234363,10,13,3.7811999320983887,13,True,1.0,bill,HighConstraint,Unexpected,0.5,-0.5,bill
1156,932.7927695564982,10,13,3.246299982070923,10,True,1.0,rent,HighConstraint,Unexpected,0.5,-0.5,rent
368,929.7627769121966,10,11,2.819499969482422,9,True,1.0,sack,HighConstraint,Unexpected,0.5,-0.5,sack
841,913.7242980480751,8,6,1.7482000589370728,12,True,1.0,tote,HighConstraint,Unexpected,0.5,-0.5,tote
814,709.4253058201065,4,0,1.2303999662399292,8,True,1.0,gyro,HighConstraint,Unexpected,0.5,-0.5,gyro
827,861.3553560917505,8,6,2.517199993133545,7,True,1.0,stew,HighConstraint,Unexpected,0.5,-0.5,stew
376,867.5288278001832,8,5,2.989000082015991,7,True,1.0,bout,HighConstraint,Unexpected,0.5,-0.5,bout
1124,919.9661333865067,10,13,3.4993999004364014,12,True,1.0,race,HighConstraint,Unexpected,0.5,-0.5,race
528,916.8217689314621,9,5,3.544100046157837,11,True,1.0,suit,HighConstraint,Unexpected,0.5,-0.5,suit
750,854.8406696217332,7,3,2.5250000953674316,7,True,1.0,gown,HighConstraint,Unexpected,0.5,-0.5,gown
388,912.0575762631968,9,7,1.6021000146865845,6,True,1.0,carp,HighConstraint,Unexpected,0.5,-0.5,carp
495,926.8974504649217,10,10,2.3710999488830566,9,True,1.0,pike,HighConstraint,Unexpected,0.5,-0.5,pike
529,795.5501354000489,6,2,3.4844000339508057,9,True,1.0,arms,HighConstraint,Unexpected,0.5,-0.5,arms
655,822.5807167771057,6,3,3.998800039291382,10,True,1.0,body,HighConstraint,Unexpected,0.5,-0.5,body
419,885.8752176698817,7,3,2.7258999347686768,13,True,1.0,plug,HighConstraint,Unexpected,0.5,-0.5,plug
774,905.9213233798885,8,4,2.396199941635132,11,True,1.0,fuse,HighConstraint,Unexpected,0.5,-0.5,fuse
619,854.8033231755632,8,6,3.2040998935699463,11,True,1.0,snow,HighConstraint,Unexpected,0.5,-0.5,snow
866,936.1814813091163,10,13,2.7881999015808105,9,True,1.0,hail,HighConstraint,Unexpected,0.5,-0.5,hail
458,834.3358781622468,7,3,2.359800100326538,8,True,1.0,loaf,HighConstraint,Unexpected,0.5,-0.5,loaf
883,823.8125038199785,6,1,1.7633999586105347,12,True,1.0,pita,HighConstraint,Unexpected,0.5,-0.5,pita
872,834.5837626391615,6,0,3.7235000133514404,10,True,1.0,mama,HighConstraint,Unexpected,0.5,-0.5,mama
916,829.2873583090159,6,5,3.4495999813079834,11,True,1.0,aunt,HighConstraint,Unexpected,0.5,-0.5,aunt
493,917.5715186087575,11,17,1.3978999853134155,10,True,1.0,pore,HighConstraint,Unexpected,0.5,-0.5,pore
658,839.6549195882478,8,7,3.351599931716919,14,True,1.0,skin,HighConstraint,Unexpected,0.5,-0.5,skin
613,699.4474451680477,4,0,2.139899969100952,10,True,1.0,tofu,HighConstraint,Unexpected,0.5,-0.5,tofu
1469,733.6500508356188,5,1,1.5184999704360962,9,True,1.0,idly,HighConstraint,Unexpected,0.5,-0.5,idly
532,899.327033742859,7,3,3.1905999183654785,12,True,1.0,shoe,HighConstraint,Unexpected,0.5,-0.5,shoe
1015,862.8596416677614,8,5,3.2790000438690186,4,True,1.0,pair,HighConstraint,Unexpected,0.5,-0.5,pair
1137,745.2977533557082,6,0,3.3922998905181885,3,True,1.0,huge,HighConstraint,Unexpected,0.5,-0.5,huge
1475,864.1921452281697,8,8,2.4941999912261963,8,True,1.0,vast,HighConstraint,Unexpected,0.5,-0.5,vast
591,944.0914155549505,13,19,3.4667000770568848,8,True,1.0,bear,HighConstraint,Unexpected,0.5,-0.5,bear
661,837.0170719108537,7,2,3.014899969100952,8,True,1.0,wolf,HighConstraint,Unexpected,0.5,-0.5,wolf
634,905.0846850561227,11,10,2.456399917602539,6,True,1.0,poop,HighConstraint,Unexpected,0.5,-0.5,poop
976,858.6085107481442,7,3,2.1522998809814453,8,True,1.0,turd,HighConstraint,Unexpected,0.5,-0.5,turd
605,925.1196822235382,10,12,2.8864998817443848,7,True,1.0,rice,HighConstraint,Unexpected,0.5,-0.5,rice
804,879.6150201392906,7,3,1.8324999809265137,9,True,1.0,bran,HighConstraint,Unexpected,0.5,-0.5,bran
656,810.5408812806506,6,2,3.935800075531006,10,True,1.0,city,HighConstraint,Unexpected,0.5,-0.5,city
730,862.8019657952516,7,3,4.101900100708008,11,True,1.0,town,HighConstraint,Unexpected,0.5,-0.5,town
624,921.0796181179212,11,11,2.2788000106811523,11,True,1.0,lace,HighConstraint,Unexpected,0.5,-0.5,lace
1275,918.4987822648764,9,7,3.7862000465393066,8,True,1.0,felt,HighConstraint,Unexpected,0.5,-0.5,felt
670,929.3877038077726,9,6,3.083899974822998,15,True,1.0,deck,HighConstraint,Unexpected,0.5,-0.5,deck
775,838.7366588261397,7,4,3.7820000648498535,7,True,1.0,step,HighConstraint,Unexpected,0.5,-0.5,step
629,860.8886371104745,8,4,3.437299966812134,8,True,1.0,bomb,HighConstraint,Unexpected,0.5,-0.5,bomb
977,858.0959250383996,6,3,2.086400032043457,12,True,1.0,nuke,HighConstraint,Unexpected,0.5,-0.5,nuke
731,825.3110820378146,6,3,3.338900089263916,10,True,1.0,jury,HighConstraint,Unexpected,0.5,-0.5,jury
1025,933.3418864434379,10,14,2.9474000930786133,10,True,1.0,bail,HighConstraint,Unexpected,0.5,-0.5,bail
636,840.8693284433084,7,2,1.3617000579833984,6,True,1.0,gnat,HighConstraint,Unexpected,0.5,-0.5,gnat
714,900.7099242683777,8,4,2.06820011138916,12,True,1.0,moth,HighConstraint,Unexpected,0.5,-0.5,moth
646,938.6526981477136,11,17,3.3615000247955322,8,True,1.0,cake,HighConstraint,Unexpected,0.5,-0.5,cake
956,921.9878060229582,8,7,1.9394999742507935,11,True,1.0,flan,HighConstraint,Unexpected,0.5,-0.5,flan
642,902.9444754874539,7,3,4.173099994659424,11,True,1.0,door,HighConstraint,Unexpected,0.5,-0.5,door
758,926.0245176401473,10,13,1.3802000284194946,7,True,1.0,sill,HighConstraint,Unexpected,0.5,-0.5,sill
981,918.4561124282648,9,7,4.396299839019775,11,True,1.0,show,HighConstraint,Unexpected,0.5,-0.5,show
1216,891.1249741644039,9,5,4.257199764251709,8,True,1.0,play,HighConstraint,Unexpected,0.5,-0.5,play
673,899.6119539055496,8,4,2.4914000034332275,11,True,1.0,bats,HighConstraint,Unexpected,0.5,-0.5,bats
832,921.7393768639715,11,13,2.6149001121520996,8,True,1.0,mole,HighConstraint,Unexpected,0.5,-0.5,mole
19,687.1029135666653,5,1,4.02239990234375,3,True,1.0,also,HighConstraint,Unexpected,0.5,-0.5,also
1564,767.9405404177471,7,3,2.7987000942230225,4,True,1.0,thus,HighConstraint,Unexpected,0.5,-0.5,thus
729,932.5103438634454,11,12,3.4602999687194824,9,True,1.0,lock,HighConstraint,Unexpected,0.5,-0.5,lock
1176,891.980084766545,7,8,3.863600015640259,14,True,1.0,safe,HighConstraint,Unexpected,0.5,-0.5,safe
9,812.8924484625738,6,1,0.8450999855995178,9,True,1.0,clef,HighConstraint,Unexpected,0.5,-0.5,clef
728,911.9513997864244,9,11,3.756500005722046,10,True,1.0,mike,HighConstraint,Unexpected,0.5,-0.5,mike
735,848.9071857341727,7,3,2.3784000873565674,9,True,1.0,lens,HighConstraint,Unexpected,0.5,-0.5,lens
1258,689.8072642445275,5,4,2.2600998878479004,5,True,1.0,zoom,HighConstraint,Unexpected,0.5,-0.5,zoom
1088,871.26540948889,8,5,4.557199954986572,9,True,1.0,stop,HighConstraint,Unexpected,0.5,-0.5,stop
1184,906.1374651425967,9,5,2.7604000568389893,6,True,1.0,halt,HighConstraint,Unexpected,0.5,-0.5,halt
740,887.3258311122569,7,4,2.0827999114990234,13,True,1.0,meth,HighConstraint,Unexpected,0.5,-0.5,meth
1286,873.9828184146047,10,14,2.914299964904785,6,True,1.0,dope,HighConstraint,Unexpected,0.5,-0.5,dope
1236,928.8914957444107,8,4,2.7339999675750732,9,True,1.0,fund,HighConstraint,Unexpected,0.5,-0.5,fund
1330,845.0046502457029,6,1,3.6129000186920166,9,True,1.0,rich,HighConstraint,Unexpected,0.5,-0.5,rich
778,802.5169696819878,5,2,2.3578999042510986,12,True,1.0,yoga,HighConstraint,Unexpected,0.5,-0.5,yoga
1230,835.4730182956391,8,5,3.266700029373169,8,True,1.0,pray,HighConstraint,Unexpected,0.5,-0.5,pray
4,919.4416625149601,10,10,2.444000005722046,8,True,1.0,mint,HighConstraint,Unexpected,0.5,-0.5,mint
638,859.2208394560881,6,0,1.2041000127792358,11,True,1.0,aloe,HighConstraint,Unexpected,0.5,-0.5,aloe
1031,925.395674083498,9,11,3.8220999240875244,7,True,1.0,cold,HighConstraint,Unexpected,0.5,-0.5,cold
1134,892.6903282125016,10,9,3.4249000549316406,4,True,1.0,warm,HighConstraint,Unexpected,0.5,-0.5,warm
24,808.2433219518205,6,1,3.22189998626709,8,True,1.0,ally,HighConstraint,Unexpected,0.5,-0.5,ally
1525,861.5645322779368,8,6,1.7559000253677368,7,True,1.0,tact,HighConstraint,Unexpected,0.5,-0.5,tact
1372,823.1093961444265,7,4,2.9047000408172607,7,True,1.0,hers,HighConstraint,Unexpected,0.5,-0.5,hers
1428,759.0127024162458,6,5,5.5167999267578125,4,True,1.0,your,HighConstraint,Unexpected,0.5,-0.5,your
7,846.1374547169056,7,3,3.8712000846862793,6,True,1.0,plan,HighConstraint,Unexpected,0.5,-0.5,plan
1039,916.1231864102594,8,4,3.8020999431610107,11,True,1.0,boss,HighConstraint,Unexpected,0.5,-0.5,boss
1496,909.5501768058872,11,10,5.148399829864502,6,True,1.0,want,HighConstraint,Unexpected,0.5,-0.5,want
1536,882.2105900578714,7,8,4.819799900054932,11,True,1.0,need,HighConstraint,Unexpected,0.5,-0.5,need
50,850.5397506317922,7,3,2.450200080871582,9,True,1.0,prey,HighConstraint,Unexpected,0.5,-0.5,prey
356,820.7397753966072,6,1,0.7781999707221985,7,True,1.0,bios,HighConstraint,Unexpected,0.5,-0.5,bios
5,887.6135478389045,12,15,3.112600088119507,10,True,1.0,sale,HighConstraint,Unexpected,0.5,-0.5,sale
1403,910.3429182858233,10,9,3.447499990463257,8,True,1.0,cost,HighConstraint,Unexpected,0.5,-0.5,cost
33,847.3692800492769,8,6,2.4249000549316406,8,True,1.0,leaf,HighConstraint,Unexpected,0.5,-0.5,leaf
741,857.3703259262142,7,4,2.060699939727783,9,True,1.0,stem,HighConstraint,Unexpected,0.5,-0.5,stem
10,894.1747933829884,8,7,3.239799976348877,8,True,1.0,mood,HighConstraint,Unexpected,0.5,-0.5,mood
1505,769.2351409305801,6,4,2.426500082015991,5,True,1.0,vibe,HighConstraint,Unexpected,0.5,-0.5,vibe
67,859.4344726557199,8,6,3.2063000202178955,6,True,1.0,weak,HighConstraint,Unexpected,0.5,-0.5,weak
1379,864.91223845128,8,3,1.875100016593933,4,True,1.0,puny,HighConstraint,Unexpected,0.5,-0.5,puny
13,847.3476974233148,10,8,1.3978999853134155,6,True,1.0,bode,HighConstraint,Unexpected,0.5,-0.5,bode
1350,729.2078709514428,5,4,1.9444999694824219,8,True,1.0,omen,HighConstraint,Unexpected,0.5,-0.5,omen
79,837.3628328698172,8,5,2.873300075531006,7,True,1.0,spin,HighConstraint,Unexpected,0.5,-0.5,spin
783,748.4120891731434,6,2,2.1238999366760254,7,True,1.0,axel,HighConstraint,Unexpected,0.5,-0.5,axel
31,924.1872347148546,10,10,2.5866000652313232,5,True,1.0,bold,HighConstraint,Unexpected,0.5,-0.5,bold
1308,900.4193266521531,7,4,2.2040998935699463,13,True,1.0,wimp,HighConstraint,Unexpected,0.5,-0.5,wimp
55,858.21571722782,8,5,2.8626999855041504,5,True,1.0,flip,HighConstraint,Unexpected,0.5,-0.5,flip
966,886.4295236594435,10,12,2.816200017929077,6,True,1.0,dive,HighConstraint,Unexpected,0.5,-0.5,dive
39,888.6251398033615,10,9,1.9394999742507935,11,True,1.0,lard,HighConstraint,Unexpected,0.5,-0.5,lard
535,795.8644006143123,7,5,2.657099962234497,13,True,1.0,oven,HighConstraint,Unexpected,0.5,-0.5,oven
73,776.4607789853794,6,1,1.2303999662399292,3,True,1.0,gawk,HighConstraint,Unexpected,0.5,-0.5,gawk
119,638.4068923519607,5,1,1.3009999990463257,3,True,1.0,ogle,HighConstraint,Unexpected,0.5,-0.5,ogle
43,687.0672208004517,4,1,1.6021000146865845,6,True,1.0,yogi,HighConstraint,Unexpected,0.5,-0.5,yogi
204,902.5803881100401,7,2,2.89490008354187,10,True,1.0,diet,HighConstraint,Unexpected,0.5,-0.5,diet
107,858.1005938169508,9,12,2.033400058746338,5,True,1.0,vine,HighConstraint,Unexpected,0.5,-0.5,vine
173,908.1243824068924,11,12,2.6675000190734863,5,True,1.0,reed,HighConstraint,Unexpected,0.5,-0.5,reed
65,915.153245626009,10,13,2.1270999908447266,7,True,1.0,hoot,HighConstraint,Unexpected,0.5,-0.5,hoot
354,837.998914481805,7,2,1.6021000146865845,5,True,1.0,purr,HighConstraint,Unexpected,0.5,-0.5,purr
109,912.6909318219799,10,12,2.846299886703491,8,True,1.0,sail,HighConstraint,Unexpected,0.5,-0.5,sail
662,880.1942944502009,8,6,2.950900077819824,9,True,1.0,flag,HighConstraint,Unexpected,0.5,-0.5,flag
82,915.37744202061,11,11,2.045300006866455,6,True,1.0,hock,HighConstraint,Unexpected,0.5,-0.5,hock
648,910.6103622578988,9,8,1.8632999658584595,5,True,1.0,rump,HighConstraint,Unexpected,0.5,-0.5,rump
113,931.8352078340719,10,11,2.342400074005127,9,True,1.0,mold,HighConstraint,Unexpected,0.5,-0.5,mold
734,904.0007470100925,8,6,2.4047999382019043,11,True,1.0,slug,HighConstraint,Unexpected,0.5,-0.5,slug
86,860.7510479590543,8,4,2.381999969482422,7,True,1.0,raft,HighConstraint,Unexpected,0.5,-0.5,raft
397,919.517455669785,10,10,2.8101999759674072,7,True,1.0,pump,HighConstraint,Unexpected,0.5,-0.5,pump
93,831.7465348003498,6,2,2.8101999759674072,10,True,1.0,eats,HighConstraint,Unexpected,0.5,-0.5,eats
865,919.7367345269461,9,11,3.3664000034332275,10,True,1.0,cook,HighConstraint,Unexpected,0.5,-0.5,cook
89,831.159084254482,7,4,1.5563000440597534,12,True,1.0,lube,HighConstraint,Unexpected,0.5,-0.5,lube
1045,801.0489173465277,6,1,1.6990000009536743,7,True,1.0,oily,HighConstraint,Unexpected,0.5,-0.5,oily
108,900.5050977961275,8,3,2.3578999042510986,9,True,1.0,cult,HighConstraint,Unexpected,0.5,-0.5,cult
1054,879.8033873742755,9,7,3.876699924468994,8,True,1.0,team,HighConstraint,Unexpected,0.5,-0.5,team
95,861.6693027977806,7,8,0.7781999707221985,6,True,1.0,eave,HighConstraint,Unexpected,0.5,-0.5,eave
660,865.0917415561283,8,7,3.2597999572753906,10,True,1.0,roof,HighConstraint,Unexpected,0.5,-0.5,roof
120,631.3356956157934,4,0,1.7633999586105347,7,True,1.0,afro,HighConstraint,Unexpected,0.5,-0.5,afro
1390,819.1657218099034,6,5,1.9394999742507935,10,True,1.0,jive,HighConstraint,Unexpected,0.5,-0.5,jive
98,817.3190602826334,6,3,2.8136000633239746,9,True,1.0,hawk,HighConstraint,Unexpected,0.5,-0.5,hawk
889,920.7130326985764,11,12,1.8632999658584595,8,True,1.0,loon,HighConstraint,Unexpected,0.5,-0.5,loon
128,841.3136750957722,7,3,0.9031000137329102,9,True,1.0,alum,HighConstraint,Unexpected,0.5,-0.5,alum
582,897.587132745816,9,4,2.998300075531006,8,True,1.0,salt,HighConstraint,Unexpected,0.5,-0.5,salt
101,832.5955226185458,7,3,2.983599901199341,9,True,1.0,june,HighConstraint,Unexpected,0.5,-0.5,june
1155,912.7572981191992,9,9,4.085100173950195,9,True,1.0,week,HighConstraint,Unexpected,0.5,-0.5,week
137,885.5606440442247,8,6,1.9955999851226807,9,True,1.0,fang,HighConstraint,Unexpected,0.5,-0.5,fang
675,901.3914371699353,9,6,1.1461000442504883,8,True,1.0,tusk,HighConstraint,Unexpected,0.5,-0.5,tusk
102,920.8120842169725,8,6,2.1238999366760254,8,True,1.0,reap,HighConstraint,Unexpected,0.5,-0.5,reap
284,843.9404333943945,8,4,1.2553000450134277,7,True,1.0,sown,HighConstraint,Unexpected,0.5,-0.5,sown
117,781.6439094604586,7,4,0.8450999855995178,4,True,1.0,glob,HighConstraint,Unexpected,0.5,-0.5,glob
978,752.0226684944339,6,2,1.4471999406814575,6,True,1.0,ooze,HighConstraint,Unexpected,0.5,-0.5,ooze
111,813.2338388885403,6,1,1.1461000442504883,8,True,1.0,peso,HighConstraint,Unexpected,0.5,-0.5,peso
1260,913.4540387696665,7,4,1.986799955368042,11,True,1.0,watt,HighConstraint,Unexpected,0.5,-0.5,watt
127,909.645121608125,9,9,2.76419997215271,7,True,1.0,cock,HighConstraint,Unexpected,0.5,-0.5,cock
604,886.2434448430589,9,9,3.0141000747680664,6,True,1.0,wing,HighConstraint,Unexpected,0.5,-0.5,wing
122,918.2515727356719,10,11,1.0,11,True,1.0,seep,HighConstraint,Unexpected,0.5,-0.5,seep
1186,871.0712729521365,9,10,1.5681999921798706,3,True,1.0,gush,HighConstraint,Unexpected,0.5,-0.5,gush
151,845.6157951305788,8,9,2.9781999588012695,10,True,1.0,vice,HighConstraint,Unexpected,0.5,-0.5,vice
858,845.6725187458654,8,9,2.086400032043457,9,True,1.0,swab,HighConstraint,Unexpected,0.5,-0.5,swab
123,892.3974832755542,11,15,2.566999912261963,5,True,1.0,bent,HighConstraint,Unexpected,0.5,-0.5,bent
478,897.8017128226135,9,10,2.448699951171875,7,True,1.0,warp,HighConstraint,Unexpected,0.5,-0.5,warp
187,723.7457042201246,5,1,3.122499942779541,7,True,1.0,amen,HighConstraint,Unexpected,0.5,-0.5,amen
316,920.2493294644084,11,13,2.2809998989105225,10,True,1.0,lent,HighConstraint,Unexpected,0.5,-0.5,lent
131,899.2133390794252,11,10,2.429800033569336,6,True,1.0,sole,HighConstraint,Unexpected,0.5,-0.5,sole
256,920.8440327216234,10,8,2.5866000652313232,6,True,1.0,bass,HighConstraint,Unexpected,0.5,-0.5,bass
154,852.8956949757818,7,3,1.9493999481201172,5,True,1.0,gasp,HighConstraint,Unexpected,0.5,-0.5,gasp
1013,786.4381670432083,6,3,2.240499973297119,7,True,1.0,sigh,HighConstraint,Unexpected,0.5,-0.5,sigh
136,883.0271316786499,8,5,2.56820011138916,9,True,1.0,dorm,HighConstraint,Unexpected,0.5,-0.5,dorm
383,901.566876791327,8,5,2.2067999839782715,12,True,1.0,frat,HighConstraint,Unexpected,0.5,-0.5,frat
153,813.7725674758289,6,1,1.4471999406814575,9,True,1.0,noun,HighConstraint,Unexpected,0.5,-0.5,noun
1301,787.221603980164,7,3,5.320700168609619,6,True,1.0,they,HighConstraint,Unexpected,0.5,-0.5,they
148,808.4144953421603,6,1,3.116300106048584,10,True,1.0,data,HighConstraint,Unexpected,0.5,-0.5,data
831,882.7003963872746,10,11,3.351599931716919,11,True,1.0,file,HighConstraint,Unexpected,0.5,-0.5,file
215,842.8025183575104,9,8,2.8006999492645264,12,True,1.0,tire,HighConstraint,Unexpected,0.5,-0.5,tire
791,922.2181806649735,10,12,2.170300006866455,10,True,1.0,puck,HighConstraint,Unexpected,0.5,-0.5,puck
158,823.8408513564722,6,1,3.486999988555908,3,True,1.0,lots,HighConstraint,Unexpected,0.5,-0.5,lots
1431,871.5848365458044,7,2,4.263199806213379,7,True,1.0,many,HighConstraint,Unexpected,0.5,-0.5,many
181,927.9093212277651,8,6,2.06820011138916,10,True,1.0,tong,HighConstraint,Unexpected,0.5,-0.5,tong
1116,861.4870659509709,9,11,1.9031000137329102,6,True,1.0,spat,HighConstraint,Unexpected,0.5,-0.5,spat
167,859.5417613342591,8,6,1.1138999462127686,9,True,1.0,nape,HighConstraint,Unexpected,0.5,-0.5,nape
322,858.3029595500248,8,5,2.8115999698638916,6,True,1.0,chin,HighConstraint,Unexpected,0.5,-0.5,chin
197,887.499037417592,9,8,2.773099899291992,5,True,1.0,porn,HighConstraint,Unexpected,0.5,-0.5,porn
1096,673.8242169078501,4,0,1.9444999694824219,6,True,1.0,orgy,HighConstraint,Unexpected,0.5,-0.5,orgy
172,907.5872840727332,9,10,1.919100046157837,7,True,1.0,gent,HighConstraint,Unexpected,0.5,-0.5,gent
274,933.334831627363,12,14,2.8469998836517334,10,True,1.0,dame,HighConstraint,Unexpected,0.5,-0.5,dame
192,826.3025802516319,7,3,3.0381999015808105,6,True,1.0,deny,HighConstraint,Unexpected,0.5,-0.5,deny
1435,878.2326195238338,9,11,3.2513999938964844,4,True,1.0,nope,HighConstraint,Unexpected,0.5,-0.5,nope
176,827.1337793373234,6,2,1.9589999914169312,10,True,1.0,gala,HighConstraint,Unexpected,0.5,-0.5,gala
1081,920.7051765655431,7,3,2.9576001167297363,12,True,1.0,prom,HighConstraint,Unexpected,0.5,-0.5,prom
206,899.5738266023667,11,15,1.7482000589370728,10,True,1.0,soot,HighConstraint,Unexpected,0.5,-0.5,soot
1135,665.1062836313193,6,2,1.079200029373169,6,True,1.0,inky,HighConstraint,Unexpected,0.5,-0.5,inky
177,823.4669422648385,6,0,3.0834999084472656,6,True,1.0,guts,HighConstraint,Unexpected,0.5,-0.5,guts
434,916.542802869986,10,11,1.6128000020980835,11,True,1.0,bile,HighConstraint,Unexpected,0.5,-0.5,bile
193,893.6550001536876,7,3,1.857300043106079,11,True,1.0,gout,HighConstraint,Unexpected,0.5,-0.5,gout
519,722.9126135255245,6,1,2.8750998973846436,8,True,1.0,knee,HighConstraint,Unexpected,0.5,-0.5,knee
180,829.1651300698938,7,5,2.52239990234375,8,True,1.0,vain,HighConstraint,Unexpected,0.5,-0.5,vain
298,838.4575282282646,7,2,2.859100103378296,9,True,1.0,self,HighConstraint,Unexpected,0.5,-0.5,self
201,860.6696442692122,10,8,1.7924000024795532,6,True,1.0,bony,HighConstraint,Unexpected,0.5,-0.5,bony
811,732.7895113200135,5,0,2.1270999908447266,7,True,1.0,jaws,HighConstraint,Unexpected,0.5,-0.5,jaws
190,885.9236454063572,9,6,1.1138999462127686,4,True,1.0,meld,HighConstraint,Unexpected,0.5,-0.5,meld
1290,763.461470244613,6,1,2.0492000579833984,5,True,1.0,ante,HighConstraint,Unexpected,0.5,-0.5,ante
247,827.4319246432913,8,9,2.158400058746338,7,True,1.0,stat,HighConstraint,Unexpected,0.5,-0.5,stat
1423,665.8789905601964,5,1,2.2788000106811523,6,True,1.0,info,HighConstraint,Unexpected,0.5,-0.5,info
200,657.726075147535,5,3,1.0,3,True,1.0,boxy,HighConstraint,Unexpected,0.5,-0.5,boxy
607,917.6502878213989,9,11,2.7274999618530273,11,True,1.0,dice,HighConstraint,Unexpected,0.5,-0.5,dice
254,610.7181644395808,4,0,3.5051000118255615,3,True,1.0,upon,HighConstraint,Unexpected,0.5,-0.5,upon
1406,754.3536114309848,6,2,4.82919979095459,7,True,1.0,over,HighConstraint,Unexpected,0.5,-0.5,over
205,937.3878813133412,10,13,2.748199939727783,8,True,1.0,lick,HighConstraint,Unexpected,0.5,-0.5,lick
218,877.2602497721685,8,6,1.4914000034332275,10,True,1.0,balm,HighConstraint,Unexpected,0.5,-0.5,balm
235,829.6580561969707,6,3,1.3009999990463257,8,True,1.0,kiln,HighConstraint,Unexpected,0.5,-0.5,kiln
357,834.893045217835,8,7,2.7874999046325684,7,True,1.0,clay,HighConstraint,Unexpected,0.5,-0.5,clay
209,865.072065717691,8,4,3.1835999488830566,5,True,1.0,gosh,HighConstraint,Unexpected,0.5,-0.5,gosh
1233,858.0804062356001,8,9,4.285699844360352,6,True,1.0,fuck,HighConstraint,Unexpected,0.5,-0.5,fuck
229,841.302817550087,7,4,2.322200059890747,8,True,1.0,curb,HighConstraint,Unexpected,0.5,-0.5,curb
1487,868.4055507749703,7,4,4.160200119018555,10,True,1.0,damn,HighConstraint,Unexpected,0.5,-0.5,damn
227,808.2772126435632,6,1,2.8369998931884766,4,True,1.0,blah,HighConstraint,Unexpected,0.5,-0.5,blah
1332,701.4330365617795,5,2,2.1522998809814453,5,True,1.0,idle,HighConstraint,Unexpected,0.5,-0.5,idle
253,831.9700062552647,7,4,1.6232000589370728,5,True,1.0,drab,HighConstraint,Unexpected,0.5,-0.5,drab
302,660.5076513444271,3,1,1.0,7,True,1.0,ashy,HighConstraint,Unexpected,0.5,-0.5,ashy
232,880.748257143338,9,13,2.1138999462127686,5,True,1.0,rave,HighConstraint,Unexpected,0.5,-0.5,rave
330,820.3359349937431,6,2,2.004300117492676,10,True,1.0,hula,HighConstraint,Unexpected,0.5,-0.5,hula
279,841.886660787269,6,1,2.3617000579833984,8,True,1.0,trek,HighConstraint,Unexpected,0.5,-0.5,trek
853,896.8787491655354,9,6,3.417099952697754,7,True,1.0,camp,HighConstraint,Unexpected,0.5,-0.5,camp
242,915.7234731584289,11,10,3.203000068664551,9,True,1.0,bond,HighConstraint,Unexpected,0.5,-0.5,bond
837,779.7077114990504,5,1,2.3364999294281006,12,True,1.0,visa,HighConstraint,Unexpected,0.5,-0.5,visa
283,816.114229693256,6,1,2.5011000633239746,8,True,1.0,crib,HighConstraint,Unexpected,0.5,-0.5,crib
473,918.8059673446345,11,12,2.506500005722046,9,True,1.0,bunk,HighConstraint,Unexpected,0.5,-0.5,bunk
245,907.5069966039216,9,11,2.1461000442504883,7,True,1.0,tame,HighConstraint,Unexpected,0.5,-0.5,tame
1417,877.2103719783202,8,4,3.4660000801086426,6,True,1.0,wild,HighConstraint,Unexpected,0.5,-0.5,wild
306,877.2072931640971,8,4,1.8260999917984009,7,True,1.0,duet,HighConstraint,Unexpected,0.5,-0.5,duet
986,796.7921976283794,6,2,1.8260999917984009,5,True,1.0,trio,HighConstraint,Unexpected,0.5,-0.5,trio
248,906.5442169392848,9,5,2.5762999057769775,11,True,1.0,monk,HighConstraint,Unexpected,0.5,-0.5,monk
1415,932.9924118375573,12,16,4.38040018081665,9,True,1.0,hell,HighConstraint,Unexpected,0.5,-0.5,hell
293,829.2936968340539,6,1,2.6364998817443848,9,True,1.0,drum,HighConstraint,Unexpected,0.5,-0.5,drum
708,868.2678420016942,8,6,2.09689998626709,8,True,1.0,gong,HighConstraint,Unexpected,0.5,-0.5,gong
265,905.5599722854162,10,11,1.875100016593933,4,True,1.0,rite,HighConstraint,Unexpected,0.5,-0.5,rite
1148,866.5366393620989,7,2,1.579800009727478,9,True,1.0,sect,HighConstraint,Unexpected,0.5,-0.5,sect
313,884.369266027674,11,12,2.8041000366210938,6,True,1.0,slap,HighConstraint,Unexpected,0.5,-0.5,slap
822,915.1155094550993,10,9,3.3183000087738037,7,True,1.0,bite,HighConstraint,Unexpected,0.5,-0.5,bite
289,852.6979814049652,7,3,1.715999960899353,8,True,1.0,perm,HighConstraint,Unexpected,0.5,-0.5,perm
522,839.7437724050391,8,5,2.4914000034332275,8,True,1.0,comb,HighConstraint,Unexpected,0.5,-0.5,comb
344,606.4597389572533,3,1,1.3802000284194946,4,True,1.0,ajar,HighConstraint,Unexpected,0.5,-0.5,ajar
1182,871.001711935112,8,5,4.128900051116943,6,True,1.0,shut,HighConstraint,Unexpected,0.5,-0.5,shut
295,936.1580074092875,11,12,2.0413999557495117,10,True,1.0,lice,HighConstraint,Unexpected,0.5,-0.5,lice
712,867.2479937751975,9,6,2.6963999271392822,6,True,1.0,bald,HighConstraint,Unexpected,0.5,-0.5,bald
325,877.627212430714,9,7,3.3385000228881836,4,True,1.0,main,HighConstraint,Unexpected,0.5,-0.5,main
486,691.7608094952416,5,1,1.2041000127792358,5,True,1.0,crux,HighConstraint,Unexpected,0.5,-0.5,crux
320,910.659652844226,8,4,1.3423999547958374,10,True,1.0,doer,HighConstraint,Unexpected,0.5,-0.5,doer
1416,861.2315075290757,8,4,3.735100030899048,5,True,1.0,busy,HighConstraint,Unexpected,0.5,-0.5,busy
372,798.744075072092,5,1,3.924299955368042,12,True,1.0,news,HighConstraint,Unexpected,0.5,-0.5,news
1484,822.8762573444483,8,3,5.700699806213379,6,True,1.0,what,HighConstraint,Unexpected,0.5,-0.5,what
323,941.8966392124476,10,12,2.004300117492676,8,True,1.0,dome,HighConstraint,Unexpected,0.5,-0.5,dome
722,929.6090657462983,12,15,3.4231998920440674,7,True,1.0,hall,HighConstraint,Unexpected,0.5,-0.5,hall
336,874.4486058916169,9,11,1.7482000589370728,7,True,1.0,gore,HighConstraint,Unexpected,0.5,-0.5,gore
907,909.0355655717701,9,5,1.968500018119812,6,True,1.0,clot,HighConstraint,Unexpected,0.5,-0.5,clot
334,897.4713609519416,8,4,1.2553000450134277,11,True,1.0,hemp,HighConstraint,Unexpected,0.5,-0.5,hemp
363,929.6765370398007,10,13,1.9589999914169312,9,True,1.0,dill,HighConstraint,Unexpected,0.5,-0.5,dill
361,929.1358750251038,10,13,2.762700080871582,10,True,1.0,heal,HighConstraint,Unexpected,0.5,-0.5,heal
370,914.6109021031652,11,11,3.026900053024292,9,True,1.0,cure,HighConstraint,Unexpected,0.5,-0.5,cure
343,909.1917141644557,8,8,2.539099931716919,8,True,1.0,loop,HighConstraint,Unexpected,0.5,-0.5,loop
497,846.5346705772369,7,2,3.1350998878479004,3,True,1.0,tied,HighConstraint,Unexpected,0.5,-0.5,tied
392,815.6144974807188,6,3,1.8062000274658203,8,True,1.0,kelp,HighConstraint,Unexpected,0.5,-0.5,kelp
586,932.2468389874873,9,8,2.3032000064849854,11,True,1.0,clam,HighConstraint,Unexpected,0.5,-0.5,clam
348,856.2467025045314,10,8,1.3221999406814575,8,True,1.0,vise,HighConstraint,Unexpected,0.5,-0.5,vise
659,920.6858699382825,10,12,3.287600040435791,7,True,1.0,hook,HighConstraint,Unexpected,0.5,-0.5,hook
373,916.604749659705,11,13,1.924299955368042,6,True,1.0,mast,HighConstraint,Unexpected,0.5,-0.5,mast
455,918.5938260400392,11,13,2.3345000743865967,7,True,1.0,hull,HighConstraint,Unexpected,0.5,-0.5,hull
349,832.3870241550628,8,7,2.1522998809814453,7,True,1.0,woof,HighConstraint,Unexpected,0.5,-0.5,woof
1219,781.8381736724667,6,7,1.7482000589370728,5,True,1.0,oink,HighConstraint,Unexpected,0.5,-0.5,oink
382,883.0341553553459,8,5,1.531499981880188,11,True,1.0,blog,HighConstraint,Unexpected,0.5,-0.5,blog
710,932.2991585215644,10,15,3.274199962615967,11,True,1.0,mail,HighConstraint,Unexpected,0.5,-0.5,mail
374,750.2551143451736,6,4,1.4471999406814575,4,True,1.0,tyke,HighConstraint,Unexpected,0.5,-0.5,tyke
748,801.1610002606689,6,2,4.186299800872803,6,True,1.0,kids,HighConstraint,Unexpected,0.5,-0.5,kids
403,641.2018906603092,4,0,2.6884000301361084,6,True,1.0,envy,HighConstraint,Unexpected,0.5,-0.5,envy
492,883.7927869880562,10,10,2.4547998905181885,3,True,1.0,lust,HighConstraint,Unexpected,0.5,-0.5,lust
393,918.1294011416379,9,9,2.8608999252319336,8,True,1.0,corn,HighConstraint,Unexpected,0.5,-0.5,corn
666,843.2603262870562,7,3,2.0253000259399414,11,True,1.0,oats,HighConstraint,Unexpected,0.5,-0.5,oats
426,905.8255286855817,9,7,2.4828999042510986,8,True,1.0,peak,HighConstraint,Unexpected,0.5,-0.5,peak
1178,640.9847274174633,4,0,1.6434999704360962,5,True,1.0,apex,HighConstraint,Unexpected,0.5,-0.5,apex
398,905.2715918825874,8,4,3.1092000007629395,9,True,1.0,soup,HighConstraint,Unexpected,0.5,-0.5,soup
556,817.2703161925313,6,2,2.2014000415802,11,True,1.0,taco,HighConstraint,Unexpected,0.5,-0.5,taco
415,839.4447052553891,6,1,1.579800009727478,12,True,1.0,mono,HighConstraint,Unexpected,0.5,-0.5,mono
1173,842.2435862678327,6,2,1.740399956703186,13,True,1.0,aids,HighConstraint,Unexpected,0.5,-0.5,aids
408,830.5035312289089,6,3,2.340399980545044,7,True,1.0,turf,HighConstraint,Unexpected,0.5,-0.5,turf
553,811.1687009099367,7,4,2.799999952316284,5,True,1.0,lawn,HighConstraint,Unexpected,0.5,-0.5,lawn
425,846.3843704439059,7,6,1.9138000011444092,14,True,1.0,yarn,HighConstraint,Unexpected,0.5,-0.5,yarn
580,924.5711645805611,10,12,1.7633999586105347,9,True,1.0,bead,HighConstraint,Unexpected,0.5,-0.5,bead
411,879.8235875563765,8,5,3.81850004196167,8,True,1.0,poor,HighConstraint,Unexpected,0.5,-0.5,poor
968,928.2272286924635,10,9,1.8194999694824219,12,True,1.0,slum,HighConstraint,Unexpected,0.5,-0.5,slum
431,824.2696347670557,6,1,4.044600009918213,4,True,1.0,goes,HighConstraint,Unexpected,0.5,-0.5,goes
1442,685.344546303196,6,3,4.634200096130371,5,True,1.0,into,HighConstraint,Unexpected,0.5,-0.5,into
413,913.2670233545953,10,13,1.3978999853134155,10,True,1.0,pane,HighConstraint,Unexpected,0.5,-0.5,pane
882,908.01474146957,12,11,1.9776999950408936,6,True,1.0,slab,HighConstraint,Unexpected,0.5,-0.5,slab
449,665.0300622232919,5,3,2.591099977493286,4,True,1.0,unto,HighConstraint,Unexpected,0.5,-0.5,unto
1460,688.0873862769776,4,0,3.058799982070923,8,True,1.0,thou,HighConstraint,Unexpected,0.5,-0.5,thou
423,861.7024998582486,9,7,2.895400047302246,6,True,1.0,flew,HighConstraint,Unexpected,0.5,-0.5,flew
1097,911.066227112904,10,9,1.8976000547409058,6,True,1.0,soar,HighConstraint,Unexpected,0.5,-0.5,soar
446,842.7726900914397,7,3,1.6901999711990356,8,True,1.0,gimp,HighConstraint,Unexpected,0.5,-0.5,gimp
1283,892.5693137841776,9,10,3.433000087738037,8,True,1.0,code,HighConstraint,Unexpected,0.5,-0.5,code
443,909.9224092994986,10,8,1.4471999406814575,10,True,1.0,musk,HighConstraint,Unexpected,0.5,-0.5,musk
861,921.3170666504308,9,8,4.383999824523926,8,True,1.0,shit,HighConstraint,Unexpected,0.5,-0.5,shit
448,914.0781022042978,10,9,2.5464999675750732,8,True,1.0,bolt,HighConstraint,Unexpected,0.5,-0.5,bolt
551,868.7506729192522,7,10,2.978600025177002,8,True,1.0,nail,HighConstraint,Unexpected,0.5,-0.5,nail
447,695.7637465081561,4,0,2.439300060272217,9,True,1.0,ammo,HighConstraint,Unexpected,0.5,-0.5,ammo
874,914.1795278111379,8,4,3.0852999687194824,9,True,1.0,trap,HighConstraint,Unexpected,0.5,-0.5,trap
471,922.4954946898742,9,8,1.7924000024795532,14,True,1.0,dusk,HighConstraint,Unexpected,0.5,-0.5,dusk
1244,722.6407283891679,6,2,1.6232000589370728,3,True,1.0,hazy,HighConstraint,Unexpected,0.5,-0.5,hazy
461,925.295689396238,11,13,2.544100046157837,7,True,1.0,bean,HighConstraint,Unexpected,0.5,-0.5,bean
667,644.8356153037437,4,0,1.431399941444397,9,True,1.0,okra,HighConstraint,Unexpected,0.5,-0.5,okra
485,896.1689626782633,9,7,2.075500011444092,7,True,1.0,flop,HighConstraint,Unexpected,0.5,-0.5,flop
1527,782.5030101991302,7,3,1.924299955368042,7,True,1.0,hype,HighConstraint,Unexpected,0.5,-0.5,hype
468,867.6911385903511,8,4,1.8920999765396118,6,True,1.0,cram,HighConstraint,Unexpected,0.5,-0.5,cram
1355,644.1250674380935,4,0,0.8450999855995178,6,True,1.0,ditz,HighConstraint,Unexpected,0.5,-0.5,ditz
494,818.0627326836697,6,1,1.6128000020980835,8,True,1.0,saga,HighConstraint,Unexpected,0.5,-0.5,saga
1463,652.1186757784519,4,0,2.0827999114990234,7,True,1.0,epic,HighConstraint,Unexpected,0.5,-0.5,epic
481,870.7735531653019,7,2,1.4914000034332275,6,True,1.0,coed,HighConstraint,Unexpected,0.5,-0.5,coed
816,911.8956579468635,9,9,3.295599937438965,9,True,1.0,dean,HighConstraint,Unexpected,0.5,-0.5,dean
520,920.9217092429539,9,6,2.730799913406372,10,True,1.0,goat,HighConstraint,Unexpected,0.5,-0.5,goat
803,826.6569821752455,7,3,2.18179988861084,8,True,1.0,calf,HighConstraint,Unexpected,0.5,-0.5,calf
484,687.6385807257163,5,0,2.340399980545044,6,True,1.0,iced,HighConstraint,Unexpected,0.5,-0.5,iced
771,938.9816232509995,10,11,2.0413999557495117,7,True,1.0,rink,HighConstraint,Unexpected,0.5,-0.5,rink
574,923.996132821766,9,9,2.7135000228881836,8,True,1.0,worm,HighConstraint,Unexpected,0.5,-0.5,worm
1027,823.6596268775872,6,1,2.1461000442504883,7,True,1.0,grub,HighConstraint,Unexpected,0.5,-0.5,grub
509,932.7032345070756,11,16,3.7286999225616455,8,True,1.0,ball,HighConstraint,Unexpected,0.5,-0.5,ball
674,829.5884294715208,8,4,1.8513000011444092,7,True,1.0,mitt,HighConstraint,Unexpected,0.5,-0.5,mitt
539,923.4994974891949,9,7,3.0048000812530518,8,True,1.0,mask,HighConstraint,Unexpected,0.5,-0.5,mask
818,846.7079799529504,7,2,2.18179988861084,7,True,1.0,veil,HighConstraint,Unexpected,0.5,-0.5,veil
515,931.1178884456203,9,9,3.1208999156951904,14,True,1.0,bike,HighConstraint,Unexpected,0.5,-0.5,bike
525,906.7502015172917,9,6,2.176100015640259,7,True,1.0,sled,HighConstraint,Unexpected,0.5,-0.5,sled
588,905.9560632856904,8,8,1.9493999481201172,13,True,1.0,hoof,HighConstraint,Unexpected,0.5,-0.5,hoof
635,888.5905793842358,8,7,2.3501999378204346,10,True,1.0,claw,HighConstraint,Unexpected,0.5,-0.5,claw
517,920.9288225059993,11,9,3.015399932861328,9,True,1.0,sand,HighConstraint,Unexpected,0.5,-0.5,sand
1065,817.2951204837588,6,3,1.8260999917984009,9,True,1.0,mesa,HighConstraint,Unexpected,0.5,-0.5,mesa
540,927.9279393618596,10,14,2.950900077819824,8,True,1.0,tent,HighConstraint,Unexpected,0.5,-0.5,tent
594,878.681852308624,9,9,2.895400047302246,6,True,1.0,hood,HighConstraint,Unexpected,0.5,-0.5,hood
523,901.9995467895371,9,6,2.2945001125335693,9,True,1.0,vase,HighConstraint,Unexpected,0.5,-0.5,vase
756,770.0495769061421,5,0,2.2764999866485596,9,True,1.0,arch,HighConstraint,Unexpected,0.5,-0.5,arch
584,912.3308007751639,10,10,2.664599895477295,9,True,1.0,cart,HighConstraint,Unexpected,0.5,-0.5,cart
926,876.8259447707544,8,8,2.2227001190185547,8,True,1.0,reel,HighConstraint,Unexpected,0.5,-0.5,reel
552,907.1122489026951,9,6,2.889899969100952,9,True,1.0,soap,HighConstraint,Unexpected,0.5,-0.5,soap
973,868.265302977555,8,7,2.935499906539917,5,True,1.0,wipe,HighConstraint,Unexpected,0.5,-0.5,wipe
606,874.7390885652142,8,12,2.7535998821258545,7,True,1.0,nest,HighConstraint,Unexpected,0.5,-0.5,nest
809,897.7058339887571,11,10,2.7235000133514404,4,True,1.0,coop,HighConstraint,Unexpected,0.5,-0.5,coop
558,912.7594022605538,8,5,3.3364999294281006,12,True,1.0,milk,HighConstraint,Unexpected,0.5,-0.5,milk
704,830.9499276919239,6,2,0.6990000009536743,12,True,1.0,whey,HighConstraint,Unexpected,0.5,-0.5,whey
565,913.5546307763649,10,12,3.5201001167297363,10,True,1.0,foot,HighConstraint,Unexpected,0.5,-0.5,foot
611,876.9281051236758,10,7,2.198699951171875,6,True,1.0,shin,HighConstraint,Unexpected,0.5,-0.5,shin
564,852.6141916037416,10,9,3.545599937438965,8,True,1.0,tape,HighConstraint,Unexpected,0.5,-0.5,tape
932,854.6583613958762,7,2,2.9586000442504883,9,True,1.0,wrap,HighConstraint,Unexpected,0.5,-0.5,wrap
577,857.5945194159651,8,5,2.547800064086914,7,True,1.0,crab,HighConstraint,Unexpected,0.5,-0.5,crab
879,913.5997452381689,11,13,1.7853000164031982,9,True,1.0,mite,HighConstraint,Unexpected,0.5,-0.5,mite
571,912.3722610589169,11,10,3.0945000648498535,9,True,1.0,belt,HighConstraint,Unexpected,0.5,-0.5,belt
724,863.0176332673664,9,10,1.770900011062622,4,True,1.0,sash,HighConstraint,Unexpected,0.5,-0.5,sash
787,915.1717559870874,10,8,2.2600998878479004,7,True,1.0,mist,HighConstraint,Unexpected,0.5,-0.5,mist
913,760.6993961138066,5,2,1.1138999462127686,7,True,1.0,dewy,HighConstraint,Unexpected,0.5,-0.5,dewy
575,900.2749916190972,9,9,2.6542000770568848,8,True,1.0,fork,HighConstraint,Unexpected,0.5,-0.5,fork
630,931.611794295772,9,14,2.1847000122070312,7,True,1.0,rake,HighConstraint,Unexpected,0.5,-0.5,rake
719,903.9630811521871,8,5,2.827399969100952,10,True,1.0,whip,HighConstraint,Unexpected,0.5,-0.5,whip
1066,862.980793352994,8,4,1.5563000440597534,4,True,1.0,prod,HighConstraint,Unexpected,0.5,-0.5,prod
617,842.3440209436403,6,1,4.453499794006348,6,True,1.0,girl,HighConstraint,Unexpected,0.5,-0.5,girl
862,804.6170875146711,6,2,4.0441999435424805,10,True,1.0,lady,HighConstraint,Unexpected,0.5,-0.5,lady
697,881.0483601906132,7,3,3.5223000049591064,13,True,1.0,film,HighConstraint,Unexpected,0.5,-0.5,film
1028,823.7084469843421,8,8,1.6334999799728394,10,True,1.0,skit,HighConstraint,Unexpected,0.5,-0.5,skit
639,822.4339039521822,6,5,3.1068999767303467,12,True,1.0,yard,HighConstraint,Unexpected,0.5,-0.5,yard
930,916.9382919927641,8,7,4.596499919891357,9,True,1.0,home,HighConstraint,Unexpected,0.5,-0.5,home
702,790.7868524431054,7,7,1.5184999704360962,8,True,1.0,scab,HighConstraint,Unexpected,0.5,-0.5,scab
999,921.0807970127373,10,11,3.072200059890747,9,True,1.0,cast,HighConstraint,Unexpected,0.5,-0.5,cast
643,910.0353661235165,9,10,3.674999952316284,9,True,1.0,ring,HighConstraint,Unexpected,0.5,-0.5,ring
644,922.8665898055611,9,9,3.6050000190734863,13,True,1.0,gold,HighConstraint,Unexpected,0.5,-0.5,gold
669,912.3178637684547,9,8,3.379699945449829,10,True,1.0,pool,HighConstraint,Unexpected,0.5,-0.5,pool
1563,918.3498965906316,8,4,2.6041998863220215,7,True,1.0,mere,HighConstraint,Unexpected,0.5,-0.5,mere
650,919.0234802481373,9,7,3.116300106048584,6,True,1.0,tank,HighConstraint,Unexpected,0.5,-0.5,tank
705,812.557569918119,6,1,3.6405999660491943,11,True,1.0,army,HighConstraint,Unexpected,0.5,-0.5,army
685,886.1590457773167,7,3,2.2067999839782715,7,True,1.0,duct,HighConstraint,Unexpected,0.5,-0.5,duct
693,924.1176962886846,11,13,3.14739990234375,10,True,1.0,wire,HighConstraint,Unexpected,0.5,-0.5,wire
679,863.2659550258707,8,9,2.2600998878479004,10,True,1.0,veal,HighConstraint,Unexpected,0.5,-0.5,veal
842,861.4577993127529,8,4,1.2788000106811523,6,True,1.0,loin,HighConstraint,Unexpected,0.5,-0.5,loin
743,919.33913355603,9,10,3.1682000160217285,11,True,1.0,meal,HighConstraint,Unexpected,0.5,-0.5,meal
943,889.6420535352205,9,10,2.257699966430664,4,True,1.0,hash,HighConstraint,Unexpected,0.5,-0.5,hash
687,833.0597387079576,7,3,2.459399938583374,7,True,1.0,tomb,HighConstraint,Unexpected,0.5,-0.5,tomb
1047,882.1171571371276,9,7,3.0232999324798584,6,True,1.0,bury,HighConstraint,Unexpected,0.5,-0.5,bury
810,871.8608281883983,10,7,2.2764999866485596,4,True,1.0,prop,HighConstraint,Unexpected,0.5,-0.5,prop
1196,809.4279312212238,8,9,1.8194999694824219,7,True,1.0,scat,HighConstraint,Unexpected,0.5,-0.5,scat
716,913.8832517805793,10,10,4.040999889373779,10,True,1.0,fire,HighConstraint,Unexpected,0.5,-0.5,fire
906,898.6291536216695,9,6,2.4828999042510986,9,True,1.0,boil,HighConstraint,Unexpected,0.5,-0.5,boil
762,925.9294088042536,9,11,2.2227001190185547,10,True,1.0,cove,HighConstraint,Unexpected,0.5,-0.5,cove
945,845.5084079943917,7,3,2.3838000297546387,8,True,1.0,gulf,HighConstraint,Unexpected,0.5,-0.5,gulf
718,912.9840563378211,10,10,3.4354000091552734,9,True,1.0,band,HighConstraint,Unexpected,0.5,-0.5,band
1215,723.0506539888395,5,0,1.6720999479293823,8,True,1.0,opus,HighConstraint,Unexpected,0.5,-0.5,opus
757,784.2202370131478,5,0,1.3978999853134155,6,True,1.0,suds,HighConstraint,Unexpected,0.5,-0.5,suds
854,924.9298087622304,9,11,3.3176000118255615,9,True,1.0,wash,HighConstraint,Unexpected,0.5,-0.5,wash
749,886.5251165510812,8,7,3.436500072479248,8,True,1.0,note,HighConstraint,Unexpected,0.5,-0.5,note
891,827.2347719117082,6,1,2.528899908065796,8,True,1.0,memo,HighConstraint,Unexpected,0.5,-0.5,memo
799,881.7865510348444,9,6,2.8420000076293945,7,True,1.0,chop,HighConstraint,Unexpected,0.5,-0.5,chop
997,861.0765531482741,7,4,2.340399980545044,6,True,1.0,trim,HighConstraint,Unexpected,0.5,-0.5,trim
759,921.8105519485882,11,13,2.2788000106811523,9,True,1.0,mink,HighConstraint,Unexpected,0.5,-0.5,mink
944,896.4972996893782,8,5,1.6901999711990356,8,True,1.0,pelt,HighConstraint,Unexpected,0.5,-0.5,pelt
825,883.5452963113106,8,7,3.187000036239624,8,True,1.0,gang,HighConstraint,Unexpected,0.5,-0.5,gang
1162,915.7066693972707,9,8,2.322200059890747,10,True,1.0,clan,HighConstraint,Unexpected,0.5,-0.5,clan
768,900.5011251134314,9,8,2.9916999340057373,11,True,1.0,site,HighConstraint,Unexpected,0.5,-0.5,site
1079,788.073103176072,5,0,3.5822999477386475,7,True,1.0,area,HighConstraint,Unexpected,0.5,-0.5,area
1203,822.1037356637892,7,2,2.0413999557495117,6,True,1.0,blur,HighConstraint,Unexpected,0.5,-0.5,blur
1298,896.0417400088506,9,8,4.293000221252441,7,True,1.0,seen,HighConstraint,Unexpected,0.5,-0.5,seen
817,897.8862373144981,12,18,3.2385001182556152,10,True,1.0,male,HighConstraint,Unexpected,0.5,-0.5,male
846,837.7254135943169,6,3,2.2504000663757324,10,True,1.0,womb,HighConstraint,Unexpected,0.5,-0.5,womb
886,887.974072268212,7,2,1.6720999479293823,10,True,1.0,brie,HighConstraint,Unexpected,0.5,-0.5,brie
911,921.5975100140058,9,7,1.3617000579833984,8,True,1.0,curd,HighConstraint,Unexpected,0.5,-0.5,curd
823,774.7975403009806,5,0,3.337100028991699,9,True,1.0,papa,HighConstraint,Unexpected,0.5,-0.5,papa
826,833.0235552349247,6,1,2.9646999835968018,5,True,1.0,sons,HighConstraint,Unexpected,0.5,-0.5,sons
1072,795.2063265109443,6,2,2.6730000972747803,7,True,1.0,arts,HighConstraint,Unexpected,0.5,-0.5,arts
1408,903.4239812026942,9,7,1.9955999851226807,10,True,1.0,muse,HighConstraint,Unexpected,0.5,-0.5,muse
855,882.64781087814,11,10,3.6970999240875244,5,True,1.0,sing,HighConstraint,Unexpected,0.5,-0.5,sing
1024,814.5715414743202,7,10,2.973099946975708,9,True,1.0,yell,HighConstraint,Unexpected,0.5,-0.5,yell
871,866.0186557074685,8,8,4.10830020904541,7,True,1.0,jack,HighConstraint,Unexpected,0.5,-0.5,jack
884,931.3661069212028,8,11,2.9121999740600586,11,True,1.0,gear,HighConstraint,Unexpected,0.5,-0.5,gear
857,922.211532791265,10,12,2.7283999919891357,8,True,1.0,root,HighConstraint,Unexpected,0.5,-0.5,root
878,856.0142060435161,7,3,1.973099946975708,6,True,1.0,pulp,HighConstraint,Unexpected,0.5,-0.5,pulp
983,925.346904383358,12,18,3.827199935913086,8,True,1.0,beat,HighConstraint,Unexpected,0.5,-0.5,beat
1254,914.5698745822463,10,10,2.689300060272217,9,True,1.0,pace,HighConstraint,Unexpected,0.5,-0.5,pace
869,898.4263740713961,9,7,3.436500072479248,10,True,1.0,shop,HighConstraint,Unexpected,0.5,-0.5,shop
1154,925.0071510824228,9,9,4.609600067138672,7,True,1.0,work,HighConstraint,Unexpected,0.5,-0.5,work
947,923.1059639309527,10,8,4.639500141143799,9,True,1.0,talk,HighConstraint,Unexpected,0.5,-0.5,talk
1167,802.991831484115,6,2,2.344399929046631,6,True,1.0,oral,HighConstraint,Unexpected,0.5,-0.5,oral
890,811.5254067493845,6,3,2.706700086593628,11,True,1.0,acid,HighConstraint,Unexpected,0.5,-0.5,acid
1245,911.3534953126716,10,10,2.4742000102996826,7,True,1.0,sour,HighConstraint,Unexpected,0.5,-0.5,sour
1212,716.5961508239723,6,2,0.9031000137329102,8,True,1.0,quip,HighConstraint,Unexpected,0.5,-0.5,quip
1468,853.3316130835774,8,10,1.8387999534606934,8,True,1.0,jest,HighConstraint,Unexpected,0.5,-0.5,jest
935,929.133822050126,12,16,2.498300075531006,6,True,1.0,fare,HighConstraint,Unexpected,0.5,-0.5,fare
1140,892.9960601588145,10,9,2.2355000972747803,9,True,1.0,toll,HighConstraint,Unexpected,0.5,-0.5,toll
1280,788.4569301451618,6,2,2.2788000106811523,5,True,1.0,tidy,HighConstraint,Unexpected,0.5,-0.5,tidy
1405,849.2411834840279,9,10,2.803499937057495,8,True,1.0,neat,HighConstraint,Unexpected,0.5,-0.5,neat
941,883.6567868212708,8,7,2.799999952316284,7,True,1.0,bump,HighConstraint,Unexpected,0.5,-0.5,bump
1221,877.478723109107,10,13,2.884200096130371,9,True,1.0,sore,HighConstraint,Unexpected,0.5,-0.5,sore
1206,924.2915637630091,12,12,3.588599920272827,6,True,1.0,slow,HighConstraint,Unexpected,0.5,-0.5,slow
1440,873.2006687867236,8,7,1.7853000164031982,4,True,1.0,lull,HighConstraint,Unexpected,0.5,-0.5,lull
985,626.9538030677813,5,1,1.857300043106079,6,True,1.0,ogre,HighConstraint,Unexpected,0.5,-0.5,ogre
989,663.2692034232991,4,0,1.1761000156402588,8,True,1.0,yeti,HighConstraint,Unexpected,0.5,-0.5,yeti
1121,717.5876716100621,4,0,1.8976000547409058,10,True,1.0,guru,HighConstraint,Unexpected,0.5,-0.5,guru
1494,905.395231939993,9,9,3.1623001098632812,10,True,1.0,wise,HighConstraint,Unexpected,0.5,-0.5,wise
1000,827.3297390090802,6,0,2.178999900817871,8,True,1.0,meow,HighConstraint,Unexpected,0.5,-0.5,meow
1043,841.3433521699657,7,4,2.0253000259399414,6,True,1.0,howl,HighConstraint,Unexpected,0.5,-0.5,howl
1218,876.2397026049787,9,7,1.9911999702453613,6,True,1.0,bulk,HighConstraint,Unexpected,0.5,-0.5,bulk
1365,608.4519175148491,4,1,4.24429988861084,6,True,1.0,used,HighConstraint,Unexpected,0.5,-0.5,used
1020,888.3602559757207,8,8,4.163099765777588,11,True,1.0,five,HighConstraint,Unexpected,0.5,-0.5,five
1314,696.5747113064439,4,1,3.039400100708008,8,True,1.0,zero,HighConstraint,Unexpected,0.5,-0.5,zero
1360,634.8790124157061,4,0,2.659899950027466,5,True,1.0,obey,HighConstraint,Unexpected,0.5,-0.5,obey
1382,874.9643491091595,8,5,3.390199899673462,8,True,1.0,rule,HighConstraint,Unexpected,0.5,-0.5,rule
1075,846.351230220706,7,3,3.3078999519348145,6,True,1.0,loud,HighConstraint,Unexpected,0.5,-0.5,loud
1098,894.342126521534,10,16,4.452199935913086,4,True,1.0,hear,HighConstraint,Unexpected,0.5,-0.5,hear
1328,719.3076264151689,5,1,3.6589999198913574,6,True,1.0,kept,HighConstraint,Unexpected,0.5,-0.5,kept
1371,886.0586647802489,9,8,4.2418999671936035,5,True,1.0,took,HighConstraint,Unexpected,0.5,-0.5,took
1110,926.4777075216501,13,17,3.0302000045776367,7,True,1.0,mile,HighConstraint,Unexpected,0.5,-0.5,mile
1397,627.924943668069,4,1,1.7782000303268433,4,True,1.0,afar,HighConstraint,Unexpected,0.5,-0.5,afar
1452,634.7213375790994,4,0,2.9872000217437744,9,True,1.0,odds,HighConstraint,Unexpected,0.5,-0.5,odds
1500,755.4792370533152,6,2,1.6812000274658203,4,True,1.0,vary,HighConstraint,Unexpected,0.5,-0.5,vary
1166,826.3146064119574,8,9,1.3221999406814575,5,True,1.0,doze,HighConstraint,Unexpected,0.5,-0.5,doze
1276,921.3203849386734,10,11,4.035900115966797,5,True,1.0,rest,HighConstraint,Unexpected,0.5,-0.5,rest
1344,863.9377107492785,8,5,3.9446001052856445,7,True,1.0,fact,HighConstraint,Unexpected,0.5,-0.5,fact
1534,828.3660263717044,6,1,4.111299991607666,5,True,1.0,true,HighConstraint,Unexpected,0.5,-0.5,true
1214,860.5976857375329,7,12,4.151500225067139,10,True,1.0,year,HighConstraint,Unexpected,0.5,-0.5,year
1341,850.8257989254467,6,0,2.983599901199341,11,True,1.0,noel,HighConstraint,Unexpected,0.5,-0.5,noel
1334,842.0660781659919,8,3,3.7534000873565674,5,True,1.0,less,HighConstraint,Unexpected,0.5,-0.5,less
1537,840.7918136923332,8,4,4.695799827575684,6,True,1.0,much,HighConstraint,Unexpected,0.5,-0.5,much
1256,825.9291580061832,7,5,3.9179000854492188,6,True,1.0,hour,HighConstraint,Unexpected,0.5,-0.5,hour
1263,878.1216109995079,9,7,4.999499797821045,5,True,1.0,time,HighConstraint,Unexpected,0.5,-0.5,time
1364,923.6686706285382,11,15,4.327899932861328,10,True,1.0,same,HighConstraint,Unexpected,0.5,-0.5,same
1533,709.6131528413174,5,1,1.1761000156402588,5,True,1.0,akin,HighConstraint,Unexpected,0.5,-0.5,akin
1304,900.4270629487479,11,9,1.2553000450134277,5,True,1.0,bonk,HighConstraint,Unexpected,0.5,-0.5,bonk
1353,818.5464773572146,8,4,1.9955999851226807,6,True,1.0,wham,HighConstraint,Unexpected,0.5,-0.5,wham
1433,861.3144559817232,7,3,3.9416000843048096,8,True,1.0,glad,HighConstraint,Unexpected,0.5,-0.5,glad
1492,918.860525884574,8,10,4.0391998291015625,9,True,1.0,hate,HighConstraint,Unexpected,0.5,-0.5,hate
1323,898.8547594430005,9,6,1.4471999406814575,8,True,1.0,dolt,HighConstraint,Unexpected,0.5,-0.5,dolt
1325,748.2630966243522,5,0,1.9138000011444092,5,True,1.0,redo,HighConstraint,Unexpected,0.5,-0.5,redo
1439,753.646343587397,5,7,1.5051000118255615,8,True,1.0,zeal,HighConstraint,Unexpected,0.5,-0.5,zeal
1444,839.8817138652978,7,3,1.770900011062622,8,True,1.0,glee,HighConstraint,Unexpected,0.5,-0.5,glee
1358,903.8639041393268,11,10,4.145400047302246,7,True,1.0,lost,HighConstraint,Unexpected,0.5,-0.5,lost
1368,871.6661622558886,10,10,4.627200126647949,5,True,1.0,find,HighConstraint,Unexpected,0.5,-0.5,find
1464,890.0464506859183,9,11,5.497300148010254,6,True,1.0,have,HighConstraint,Unexpected,0.5,-0.5,have
1501,859.1459635684303,9,9,4.947299957275391,5,True,1.0,been,HighConstraint,Unexpected,0.5,-0.5,been
1373,726.296991875742,6,2,2.460900068283081,5,True,1.0,cozy,HighConstraint,Unexpected,0.5,-0.5,cozy
1391,792.5081415546499,7,4,1.8691999912261963,5,True,1.0,snug,HighConstraint,Unexpected,0.5,-0.5,snug
1401,928.1169236051388,10,12,4.39300012588501,11,True,1.0,mind,HighConstraint,Unexpected,0.5,-0.5,mind
1511,891.0488076894799,8,4,3.5940001010894775,7,True,1.0,soul,HighConstraint,Unexpected,0.5,-0.5,soul
1385,898.2253753737853,8,6,4.671899795532227,8,True,1.0,help,HighConstraint,Unexpected,0.5,-0.5,help
1438,934.3343027281177,13,20,4.393599987030029,7,True,1.0,care,HighConstraint,Unexpected,0.5,-0.5,care
1498,641.3700740744382,4,0,2.5315001010894775,9,True,1.0,urge,HighConstraint,Unexpected,0.5,-0.5,urge
1539,852.5417424015717,8,5,2.079200029373169,6,True,1.0,whim,HighConstraint,Unexpected,0.5,-0.5,whim
1420,884.4452537776264,8,6,2.8685998916625977,5,True,1.0,foul,HighConstraint,Unexpected,0.5,-0.5,foul
1515,770.3084900547947,6,8,2.2899999618530273,6,True,1.0,yuck,HighConstraint,Unexpected,0.5,-0.5,yuck
1531,661.6891548846878,4,3,1.4149999618530273,5,True,1.0,avid,HighConstraint,Unexpected,0.5,-0.5,avid
1548,816.8275366580592,7,5,2.359800100326538,5,True,1.0,keen,HighConstraint,Unexpected,0.5,-0.5,keen
1458,871.2849680682691,7,5,1.8976000547409058,8,True,1.0,ploy,HighConstraint,Unexpected,0.5,-0.5,ploy
1554,883.7697832517088,11,8,1.934499979019165,4,True,1.0,ruse,HighConstraint,Unexpected,0.5,-0.5,ruse
1,170.85961398844915,2,9,1.6990000009536743,9,True,1.0,pant,HighConstraint,Expected,0.5,0.5,pant
261,75.55413820521126,1,5,2.9565999507904053,13,True,1.0,jean,HighConstraint,Expected,0.5,0.5,jean
155,364.33485541679624,4,5,2.3578999042510986,7,True,1.0,crow,HighConstraint,Expected,0.5,0.5,crow
335,677.4982212954851,7,12,2.4547998905181885,10,True,1.0,dove,HighConstraint,Expected,0.5,0.5,dove
12,74.67909880378996,1,2,2.7809998989105225,14,True,1.0,frog,HighConstraint,Expected,0.5,0.5,frog
442,99.35411319132217,1,4,1.8387999534606934,10,True,1.0,newt,HighConstraint,Expected,0.5,0.5,newt
135,54.31847602589188,0,1,3.0183000564575195,10,True,1.0,earl,HighConstraint,Expected,0.5,0.5,earl
972,95.52662374294535,1,7,3.1064999103546143,13,True,1.0,duke,HighConstraint,Expected,0.5,0.5,duke
214,36.960492226190325,1,0,2.835700035095215,8,True,1.0,exam,HighConstraint,Expected,0.5,0.5,exam
992,75.746771965822,0,12,3.6324000358581543,11,True,1.0,test,HighConstraint,Expected,0.5,0.5,test
157,647.8179752781854,6,8,1.5563000440597534,12,True,1.0,fowl,HighConstraint,Expected,0.5,0.5,fowl
514,708.8516542617272,6,1,3.365299940109253,11,True,1.0,bird,HighConstraint,Expected,0.5,0.5,bird
542,97.45452710000362,1,8,2.542799949645996,15,True,1.0,swan,HighConstraint,Expected,0.5,0.5,swan
603,99.19005755006751,1,14,3.1017000675201416,15,True,1.0,duck,HighConstraint,Expected,0.5,0.5,duck
2,298.56601343367936,3,5,2.637500047683716,10,True,1.0,robe,HighConstraint,Expected,0.5,0.5,robe
781,115.24124408549854,1,11,2.4547998905181885,11,True,1.0,vest,HighConstraint,Expected,0.5,0.5,vest
146,50.56440874789824,1,1,1.6434999704360962,11,True,1.0,zinc,HighConstraint,Expected,0.5,0.5,zinc
938,93.26144797732854,1,12,3.6280999183654785,16,True,1.0,lead,HighConstraint,Expected,0.5,0.5,lead
369,73.0640945800445,1,4,2.004300117492676,10,True,1.0,barf,HighConstraint,Expected,0.5,0.5,barf
755,87.74949760900422,1,5,2.5051000118255615,10,True,1.0,puke,HighConstraint,Expected,0.5,0.5,puke
246,65.2146666950987,1,1,2.8608999252319336,9,True,1.0,debt,HighConstraint,Expected,0.5,0.5,debt
1080,81.17723777188463,1,6,3.00600004196167,9,True,1.0,loan,HighConstraint,Expected,0.5,0.5,loan
441,152.82796783767338,2,11,2.5262999534606934,10,True,1.0,mice,HighConstraint,Expected,0.5,0.5,mice
905,85.73099426645516,1,5,2.176100015640259,13,True,1.0,puss,HighConstraint,Expected,0.5,0.5,puss
422,58.18136734646479,0,1,2.8942999839782715,16,True,1.0,lion,HighConstraint,Expected,0.5,0.5,lion
616,56.6720269874588,1,1,0.9031000137329102,9,True,1.0,puma,HighConstraint,Expected,0.5,0.5,puma
721,63.07058453804217,1,4,1.5563000440597534,11,True,1.0,axes,HighConstraint,Expected,0.5,0.5,axes
963,90.44522916244293,1,3,1.2303999662399292,9,True,1.0,maul,HighConstraint,Expected,0.5,0.5,maul
439,78.2549614694993,1,7,1.9138000011444092,8,True,1.0,stag,HighConstraint,Expected,0.5,0.5,stag
723,74.5483533054852,0,11,3.2360000610351562,11,True,1.0,buck,HighConstraint,Expected,0.5,0.5,buck
566,110.8993678786107,1,12,3.4321999549865723,11,True,1.0,rose,HighConstraint,Expected,0.5,0.5,rose
711,71.50992282062415,1,1,3.13700008392334,10,True,1.0,lily,HighConstraint,Expected,0.5,0.5,lily
573,77.76698188557415,1,6,2.767199993133545,16,True,1.0,dish,HighConstraint,Expected,0.5,0.5,dish
599,78.60580262278192,1,6,3.039400100708008,9,True,1.0,bowl,HighConstraint,Expected,0.5,0.5,bowl
1117,84.50496637130092,1,3,4.0991997718811035,9,True,1.0,hurt,HighConstraint,Expected,0.5,0.5,hurt
1152,86.20007564749778,1,7,3.6986000537872314,13,True,1.0,pain,HighConstraint,Expected,0.5,0.5,pain
576,93.57204117690266,1,5,2.617000102996826,11,True,1.0,pony,HighConstraint,Expected,0.5,0.5,pony
680,110.18892553462881,0,18,2.1731998920440674,13,True,1.0,mare,HighConstraint,Expected,0.5,0.5,mare
8,58.194606452875725,1,6,2.1238999366760254,7,True,1.0,gram,HighConstraint,Expected,0.5,0.5,gram
1239,69.21429627215089,1,4,1.9084999561309814,10,True,1.0,kilo,HighConstraint,Expected,0.5,0.5,kilo
620,63.49169198892182,0,6,3.200900077819824,10,True,1.0,bath,HighConstraint,Expected,0.5,0.5,bath
684,115.89156446162549,2,12,2.936500072479248,8,True,1.0,sink,HighConstraint,Expected,0.5,0.5,sink
946,110.9788567985114,1,11,1.7559000253677368,13,True,1.0,gull,HighConstraint,Expected,0.5,0.5,gull
1261,159.0245025942666,2,15,1.5681999921798706,9,True,1.0,coot,HighConstraint,Expected,0.5,0.5,coot
623,72.59685094103988,0,10,2.789599895477295,14,True,1.0,dime,HighConstraint,Expected,0.5,0.5,dime
909,102.32776154947679,1,10,2.684799909591675,12,True,1.0,cent,HighConstraint,Expected,0.5,0.5,cent
118,20.841460522304992,0,0,2.433000087738037,7,True,1.0,nova,HighConstraint,Expected,0.5,0.5,nova
709,62.19525632166382,0,9,3.618000030517578,13,True,1.0,star,HighConstraint,Expected,0.5,0.5,star
1437,140.1533558546691,2,16,1.544100046157837,9,True,1.0,lore,HighConstraint,Expected,0.5,0.5,lore
1466,51.365937183859785,1,3,2.547800064086914,6,True,1.0,myth,HighConstraint,Expected,0.5,0.5,myth
270,116.16111005830776,2,7,2.285599946975708,10,True,1.0,pact,HighConstraint,Expected,0.5,0.5,pact
1255,86.21798865767605,0,14,4.124899864196777,11,True,1.0,deal,HighConstraint,Expected,0.5,0.5,deal
41,91.56478002433747,1,7,2.6989998817443848,12,True,1.0,silk,HighConstraint,Expected,0.5,0.5,silk
610,70.24519974795382,0,6,2.2095000743865967,9,True,1.0,wool,HighConstraint,Expected,0.5,0.5,wool
1251,78.44857004828592,0,10,2.761899948120117,8,True,1.0,rage,HighConstraint,Expected,0.5,0.5,rage
1311,84.20651383158798,1,2,2.29229998588562,8,True,1.0,fury,HighConstraint,Expected,0.5,0.5,fury
510,85.48961642145446,1,3,3.629300117492676,14,True,1.0,fish,HighConstraint,Expected,0.5,0.5,fish
585,55.12196800470142,0,2,2.6117000579833984,12,True,1.0,tuna,HighConstraint,Expected,0.5,0.5,tuna
910,61.28294539378616,0,4,1.857300043106079,8,True,1.0,wept,HighConstraint,Expected,0.5,0.5,wept
1150,85.97612938316206,1,3,1.462399959564209,7,True,1.0,bawl,HighConstraint,Expected,0.5,0.5,bawl
937,31.60749067009109,0,8,3.8190999031066895,7,True,1.0,king,HighConstraint,Expected,0.5,0.5,king
1003,34.72445441959842,0,1,1.3009999990463257,9,True,1.0,tsar,HighConstraint,Expected,0.5,0.5,tsar
22,69.39999934778648,1,5,2.4065001010894775,12,True,1.0,herb,HighConstraint,Expected,0.5,0.5,herb
241,127.52362706275612,2,12,1.954200029373169,11,True,1.0,sage,HighConstraint,Expected,0.5,0.5,sage
26,43.1605277984859,0,5,2.3784000873565674,10,True,1.0,limb,HighConstraint,Expected,0.5,0.5,limb
692,74.16591263594862,0,7,4.154200077056885,11,True,1.0,hand,HighConstraint,Expected,0.5,0.5,hand
30,42.54782734897401,0,2,1.9911999702453613,11,True,1.0,knit,HighConstraint,Expected,0.5,0.5,knit
1034,67.7948558204633,1,2,1.8260999917984009,10,True,1.0,sewn,HighConstraint,Expected,0.5,0.5,sewn
57,53.251932898290875,0,7,2.7723000049591064,11,True,1.0,plot,HighConstraint,Expected,0.5,0.5,plot
1222,91.15836908262781,0,13,2.7874999046325684,11,True,1.0,tale,HighConstraint,Expected,0.5,0.5,tale
61,88.7279255033482,1,7,1.9589999914169312,6,True,1.0,dung,HighConstraint,Expected,0.5,0.5,dung
138,80.51319963560894,1,7,3.4986000061035156,7,True,1.0,crap,HighConstraint,Expected,0.5,0.5,crap
62,142.86034498022542,2,0,0.3009999990463257,8,True,1.0,lynx,HighConstraint,Expected,0.5,0.5,lynx
595,157.13256957993053,2,16,2.29229998588562,8,True,1.0,hare,HighConstraint,Expected,0.5,0.5,hare
275,26.171310643022878,0,0,0.9031000137329102,13,True,1.0,ovum,HighConstraint,Expected,0.5,0.5,ovum
821,71.73559297083052,0,10,3.4428999423980713,11,True,1.0,cell,HighConstraint,Expected,0.5,0.5,cell
92,87.4226479022805,1,11,2.609600067138672,10,True,1.0,tuck,HighConstraint,Expected,0.5,0.5,tuck
1287,98.16345530632249,1,9,2.851300001144409,8,True,1.0,darn,HighConstraint,Expected,0.5,0.5,darn
240,76.15567538970996,1,4,2.478600025177002,11,True,1.0,glue,HighConstraint,Expected,0.5,0.5,glue
815,27.70058123181941,0,1,1.0,14,True,1.0,inks,HighConstraint,Expected,0.5,0.5,inks
141,69.20148566405464,0,10,2.5694000720977783,10,True,1.0,tick,HighConstraint,Expected,0.5,0.5,tick
587,61.29397709203563,1,5,2.2304000854492188,8,True,1.0,flea,HighConstraint,Expected,0.5,0.5,flea
213,19.318741644883982,0,0,1.2553000450134277,11,True,1.0,onyx,HighConstraint,Expected,0.5,0.5,onyx
836,121.47616465183356,2,3,2.4149999618530273,9,True,1.0,jade,HighConstraint,Expected,0.5,0.5,jade
142,74.31527032309722,1,1,2.56469988822937,12,True,1.0,glen,HighConstraint,Expected,0.5,0.5,glen
549,102.06574979808407,1,12,3.282399892807007,13,True,1.0,hill,HighConstraint,Expected,0.5,0.5,hill
170,88.36416985608642,1,9,2.2095000743865967,9,True,1.0,funk,HighConstraint,Expected,0.5,0.5,funk
196,35.54407998358013,0,0,2.784600019454956,9,True,1.0,jazz,HighConstraint,Expected,0.5,0.5,jazz
178,75.43680248331988,1,10,2.8578999042510986,10,True,1.0,bush,HighConstraint,Expected,0.5,0.5,bush
511,81.29551539845936,1,4,3.5206000804901123,15,True,1.0,tree,HighConstraint,Expected,0.5,0.5,tree
294,83.25448827251712,0,6,2.599900007247925,11,True,1.0,soil,HighConstraint,Expected,0.5,0.5,soil
602,71.54314846764191,1,3,3.1175999641418457,5,True,1.0,dirt,HighConstraint,Expected,0.5,0.5,dirt
186,216.41299389582892,2,3,2.734800100326538,12,True,1.0,lamb,HighConstraint,Expected,0.5,0.5,lamb
608,176.24454161761906,2,11,2.648400068283081,10,True,1.0,deer,HighConstraint,Expected,0.5,0.5,deer
384,40.282981884910434,1,1,2.8006999492645264,7,True,1.0,inch,HighConstraint,Expected,0.5,0.5,inch
1291,106.7930749300908,1,8,2.0085999965667725,4,True,1.0,span,HighConstraint,Expected,0.5,0.5,span
191,95.34096335372612,1,7,2.164400100708008,8,True,1.0,moss,HighConstraint,Expected,0.5,0.5,moss
524,65.52776221152516,1,0,2.2147998809814453,9,True,1.0,fern,HighConstraint,Expected,0.5,0.5,fern
266,81.51031292554693,1,7,1.8920999765396118,9,True,1.0,haze,HighConstraint,Expected,0.5,0.5,haze
488,36.550961171040676,0,1,1.7482000589370728,9,True,1.0,smog,HighConstraint,Expected,0.5,0.5,smog
230,113.68292511992665,2,8,1.924299955368042,10,True,1.0,lark,HighConstraint,Expected,0.5,0.5,lark
470,86.69944295326198,1,1,1.3009999990463257,6,True,1.0,wren,HighConstraint,Expected,0.5,0.5,wren
405,62.620046992024186,1,2,1.6720999479293823,11,True,1.0,acne,HighConstraint,Expected,0.5,0.5,acne
1242,34.82703349536725,1,2,2.330399990081787,11,True,1.0,itch,HighConstraint,Expected,0.5,0.5,itch
233,117.13993706666277,2,7,2.3385000228881836,7,True,1.0,lure,HighConstraint,Expected,0.5,0.5,lure
271,64.62743660410096,0,3,2.6963999271392822,6,True,1.0,bait,HighConstraint,Expected,0.5,0.5,bait
314,86.0404538032041,1,3,2.749000072479248,11,True,1.0,shed,HighConstraint,Expected,0.5,0.5,shed
654,92.03000801237343,1,8,4.350599765777588,15,True,1.0,room,HighConstraint,Expected,0.5,0.5,room
251,91.2714915860611,1,6,1.462399959564209,11,True,1.0,kale,HighConstraint,Expected,0.5,0.5,kale
559,72.29339189577247,0,8,1.2041000127792358,9,True,1.0,leek,HighConstraint,Expected,0.5,0.5,leek
548,112.0763330866944,1,9,3.688999891281128,14,True,1.0,boat,HighConstraint,Expected,0.5,0.5,boat
597,51.32221699883748,0,8,3.7028000354766846,10,True,1.0,ship,HighConstraint,Expected,0.5,0.5,ship
285,119.09124768977696,2,10,2.841399908065796,8,True,1.0,barn,HighConstraint,Expected,0.5,0.5,barn
880,66.65433633382047,0,5,1.6901999711990356,9,True,1.0,silo,HighConstraint,Expected,0.5,0.5,silo
25,69.51429817658774,0,10,1.544100046157837,8,True,1.0,mope,HighConstraint,Expected,0.5,0.5,mope
1474,35.714449483991245,0,5,1.7243000268936157,8,True,1.0,glum,HighConstraint,Expected,0.5,0.5,glum
319,105.17958592283324,1,5,1.8691999912261963,8,True,1.0,wasp,HighConstraint,Expected,0.5,0.5,wasp
696,66.28456390185279,0,5,2.436199903488159,13,True,1.0,bees,HighConstraint,Expected,0.5,0.5,bees
505,45.720390570521246,1,0,1.6128000020980835,11,True,1.0,kiwi,HighConstraint,Expected,0.5,0.5,kiwi
626,48.869674441341296,0,5,2.243000030517578,12,True,1.0,plum,HighConstraint,Expected,0.5,0.5,plum
454,35.96315262299509,0,3,1.3617000579833984,10,True,1.0,oxen,HighConstraint,Expected,0.5,0.5,oxen
621,71.41296704661849,0,12,3.14739990234375,8,True,1.0,bull,HighConstraint,Expected,0.5,0.5,bull
545,54.7056844375732,1,0,2.2227001190185547,14,True,1.0,mayo,HighConstraint,Expected,0.5,0.5,mayo
736,89.53567649520483,1,9,1.2553000450134277,10,True,1.0,slaw,HighConstraint,Expected,0.5,0.5,slaw
544,79.38846660254154,0,9,2.413300037384033,10,True,1.0,cafe,HighConstraint,Expected,0.5,0.5,cafe
763,58.649130186866955,1,1,2.037400007247925,7,True,1.0,deli,HighConstraint,Expected,0.5,0.5,deli
114,266.2792327464352,3,1,3.904400110244751,8,True,1.0,whoa,HighConstraint,Expected,0.5,0.5,whoa
1483,37.17060407266554,0,1,2.7458999156951904,6,True,1.0,oops,HighConstraint,Expected,0.5,0.5,oops
578,74.92397778787884,0,3,2.510499954223633,9,True,1.0,pond,HighConstraint,Expected,0.5,0.5,pond
592,82.17576726853342,0,13,3.2641000747680664,9,True,1.0,lake,HighConstraint,Expected,0.5,0.5,lake
174,56.13817597159006,0,2,2.5211000442504883,13,True,1.0,riot,HighConstraint,Expected,0.5,0.5,riot
877,41.964427784394736,0,3,2.2528998851776123,11,True,1.0,thug,HighConstraint,Expected,0.5,0.5,thug
590,81.56296602585286,1,11,3.585599899291992,12,True,1.0,beer,HighConstraint,Expected,0.5,0.5,beer
1338,144.44810177715078,2,15,3.514899969100952,11,True,1.0,sake,HighConstraint,Expected,0.5,0.5,sake
695,46.70705782744858,0,12,2.7809998989105225,15,True,1.0,pill,HighConstraint,Expected,0.5,0.5,pill
798,40.02136365349219,0,2,3.36299991607666,12,True,1.0,drug,HighConstraint,Expected,0.5,0.5,drug
596,84.21203183479226,0,10,4.168700218200684,9,True,1.0,face,HighConstraint,Expected,0.5,0.5,face
676,102.34994751796772,1,11,4.277599811553955,9,True,1.0,head,HighConstraint,Expected,0.5,0.5,head
144,79.40139914603323,1,6,1.8194999694824219,6,True,1.0,posh,HighConstraint,Expected,0.5,0.5,posh
1347,55.1900149067519,1,5,2.0492000579833984,7,True,1.0,snob,HighConstraint,Expected,0.5,0.5,snob
744,114.9257505097416,1,11,2.613800048828125,12,True,1.0,rash,HighConstraint,Expected,0.5,0.5,rash
830,97.26600906409587,1,10,1.0,9,True,1.0,welt,HighConstraint,Expected,0.5,0.5,welt
958,61.57455533598248,0,9,3.536799907684326,8,True,1.0,nine,HighConstraint,Expected,0.5,0.5,nine
1188,58.110757236816234,0,6,4.115499973297119,9,True,1.0,four,HighConstraint,Expected,0.5,0.5,four
751,38.45378867122246,0,8,2.4377999305725098,6,True,1.0,peel,HighConstraint,Expected,0.5,0.5,peel
805,48.14413077026698,0,9,1.1761000156402588,6,True,1.0,rind,HighConstraint,Expected,0.5,0.5,rind
1367,48.50539051684958,0,10,2.4969000816345215,6,True,1.0,scam,HighConstraint,Expected,0.5,0.5,scam
1456,74.58829268161494,1,4,1.531499981880188,6,True,1.0,dupe,HighConstraint,Expected,0.5,0.5,dupe
838,64.19487556521412,0,6,2.1875,10,True,1.0,boob,HighConstraint,Expected,0.5,0.5,boob
843,110.8602273002086,1,13,1.2303999662399292,7,True,1.0,teat,HighConstraint,Expected,0.5,0.5,teat
71,45.41510030813099,0,4,1.6812000274658203,10,True,1.0,spud,HighConstraint,Expected,0.5,0.5,spud
698,47.56158929911685,0,7,3.0220000743865967,9,True,1.0,chip,HighConstraint,Expected,0.5,0.5,chip
23,66.13930053967547,0,18,1.079200029373169,8,True,1.0,sear,HighConstraint,Expected,0.5,0.5,sear
903,111.00047270550363,1,13,2.510499954223633,9,True,1.0,bake,HighConstraint,Expected,0.5,0.5,bake
152,22.196030811699735,0,8,2.0569000244140625,4,True,1.0,goof,HighConstraint,Expected,0.5,0.5,goof
1108,24.8043346308642,0,2,1.544100046157837,8,True,1.0,typo,HighConstraint,Expected,0.5,0.5,typo
40,70.2088976902343,0,12,1.5563000440597534,11,True,1.0,gash,HighConstraint,Expected,0.5,0.5,gash
931,60.756689337047604,0,6,3.4498000144958496,7,True,1.0,burn,HighConstraint,Expected,0.5,0.5,burn
49,120.03815080009754,2,13,2.2279000282287598,11,True,1.0,lime,HighConstraint,Expected,0.5,0.5,lime
557,91.22749935022227,1,13,1.8387999534606934,10,True,1.0,pear,HighConstraint,Expected,0.5,0.5,pear
46,75.70854518651228,1,1,3.4149999618530273,6,True,1.0,duty,HighConstraint,Expected,0.5,0.5,duty
1461,88.44029067127394,0,12,2.9684998989105225,8,True,1.0,role,HighConstraint,Expected,0.5,0.5,role
305,45.74151760257222,1,2,3.380199909210205,7,True,1.0,plus,HighConstraint,Expected,0.5,0.5,plus
375,62.14680287382936,1,6,2.4518001079559326,8,True,1.0,grid,HighConstraint,Expected,0.5,0.5,grid
47,97.1735844189006,0,13,1.579800009727478,5,True,1.0,hone,HighConstraint,Expected,0.5,0.5,hone
364,43.85545339861506,0,4,0.7781999707221985,10,True,1.0,rasp,HighConstraint,Expected,0.5,0.5,rasp
195,49.20973659585529,1,2,1.8451000452041626,8,True,1.0,alto,HighConstraint,Expected,0.5,0.5,alto
1105,37.436320376265215,0,1,1.8976000547409058,8,True,1.0,diva,HighConstraint,Expected,0.5,0.5,diva
159,148.15203435425116,2,16,2.7551000118255615,10,True,1.0,boot,HighConstraint,Expected,0.5,0.5,boot
609,75.28108336019423,1,7,2.577500104904175,6,True,1.0,heel,HighConstraint,Expected,0.5,0.5,heel
162,37.91320285344155,0,0,3.1201999187469482,12,True,1.0,taxi,HighConstraint,Expected,0.5,0.5,taxi
475,49.56034973769037,1,1,2.5933001041412354,12,True,1.0,auto,HighConstraint,Expected,0.5,0.5,auto
161,97.7106370905314,1,4,1.6901999711990356,9,True,1.0,font,HighConstraint,Expected,0.5,0.5,font
163,40.62356979764849,0,4,3.490499973297119,5,True,1.0,type,HighConstraint,Expected,0.5,0.5,type
203,49.63437214584713,0,2,2.3032000064849854,13,True,1.0,bulb,HighConstraint,Expected,0.5,0.5,bulb
534,69.50384321536187,0,8,2.81820011138916,11,True,1.0,lamp,HighConstraint,Expected,0.5,0.5,lamp
185,31.575868285090895,0,0,1.2788000106811523,12,True,1.0,oboe,HighConstraint,Expected,0.5,0.5,oboe
277,93.22272285260445,1,7,2.1303000450134277,11,True,1.0,harp,HighConstraint,Expected,0.5,0.5,harp
342,42.867282755227805,0,0,1.9031000137329102,8,True,1.0,luau,HighConstraint,Expected,0.5,0.5,luau
1093,92.74738263263654,1,13,1.8451000452041626,10,True,1.0,fest,HighConstraint,Expected,0.5,0.5,fest
202,77.67704710513706,1,4,1.986799955368042,9,True,1.0,moan,HighConstraint,Expected,0.5,0.5,moan
273,48.261672664288135,0,3,0.9031000137329102,6,True,1.0,yelp,HighConstraint,Expected,0.5,0.5,yelp
346,50.394382018174,0,6,2.672100067138672,9,True,1.0,hint,HighConstraint,Expected,0.5,0.5,hint
480,39.58359256843741,0,3,2.9537999629974365,7,True,1.0,clue,HighConstraint,Expected,0.5,0.5,clue
210,75.40832733987375,1,7,2.037400007247925,11,True,1.0,snot,HighConstraint,Expected,0.5,0.5,snot
581,75.96475950908982,0,10,3.5511999130249023,11,True,1.0,nose,HighConstraint,Expected,0.5,0.5,nose
221,49.380943773580405,1,2,1.7243000268936157,9,True,1.0,opal,HighConstraint,Expected,0.5,0.5,opal
671,65.7448825068313,1,0,2.783900022506714,11,True,1.0,ruby,HighConstraint,Expected,0.5,0.5,ruby
234,34.26942938393715,0,3,3.0980000495910645,6,True,1.0,path,HighConstraint,Expected,0.5,0.5,path
677,73.67245608720843,0,5,3.7565999031066895,11,True,1.0,road,HighConstraint,Expected,0.5,0.5,road
244,102.26470531741856,1,5,2.9014999866485596,12,True,1.0,tune,HighConstraint,Expected,0.5,0.5,tune
961,46.57025697206974,1,0,1.924299955368042,10,True,1.0,hymn,HighConstraint,Expected,0.5,0.5,hymn
282,71.98392095366208,0,9,2.730799913406372,10,True,1.0,pork,HighConstraint,Expected,0.5,0.5,pork
683,74.13551398300835,1,6,3.0025999546051025,13,True,1.0,beef,HighConstraint,Expected,0.5,0.5,beef
440,85.50816437689943,1,4,2.613800048828125,11,True,1.0,tray,HighConstraint,Expected,0.5,0.5,tray
990,469.09835823010224,5,13,4.1585001945495605,10,True,1.0,case,HighConstraint,Expected,0.5,0.5,case
297,110.2375930170004,1,10,2.3559999465942383,6,True,1.0,vile,HighConstraint,Expected,0.5,0.5,vile
1543,62.82302055049367,0,8,5.124199867248535,12,True,1.0,good,HighConstraint,Expected,0.5,0.5,good
507,81.63019944612901,1,8,1.8260999917984009,9,True,1.0,tush,HighConstraint,Expected,0.5,0.5,tush
860,108.77586369890041,1,12,5.0106000900268555,8,True,1.0,back,HighConstraint,Expected,0.5,0.5,back
299,38.71949578387894,0,0,1.9031000137329102,7,True,1.0,quad,HighConstraint,Expected,0.5,0.5,quad
651,61.65533914174908,0,7,2.7202000617980957,9,True,1.0,jeep,HighConstraint,Expected,0.5,0.5,jeep
367,74.82846017326453,1,3,1.6232000589370728,8,True,1.0,clog,HighConstraint,Expected,0.5,0.5,clog
561,145.87507764531432,2,11,2.661799907684326,8,True,1.0,sock,HighConstraint,Expected,0.5,0.5,sock
301,85.39665365969861,1,10,1.7323999404907227,10,True,1.0,mead,HighConstraint,Expected,0.5,0.5,mead
657,79.05554608210157,0,16,3.4883999824523926,7,True,1.0,wine,HighConstraint,Expected,0.5,0.5,wine
499,42.344812051786235,0,5,1.8691999912261963,8,True,1.0,spur,HighConstraint,Expected,0.5,0.5,spur
936,55.38190215828642,0,2,1.968500018119812,10,True,1.0,trot,HighConstraint,Expected,0.5,0.5,trot
362,53.3109105127088,1,1,1.0,5,True,1.0,cyan,HighConstraint,Expected,0.5,0.5,cyan
1068,81.0657704505084,1,3,3.717900037765503,7,True,1.0,blue,HighConstraint,Expected,0.5,0.5,blue
365,85.16640001109049,1,5,2.307499885559082,8,True,1.0,mutt,HighConstraint,Expected,0.5,0.5,mutt
513,75.88765782743225,1,2,3.4321999549865723,10,True,1.0,dogs,HighConstraint,Expected,0.5,0.5,dogs
368,115.26255344909389,2,11,2.819499969482422,9,True,1.0,sack,HighConstraint,Expected,0.5,0.5,sack
841,98.81984175070015,1,6,1.7482000589370728,12,True,1.0,tote,HighConstraint,Expected,0.5,0.5,tote
717,94.0520509488406,1,13,3.7811999320983887,13,True,1.0,bill,HighConstraint,Expected,0.5,0.5,bill
1156,64.18118028415357,0,13,3.246299982070923,10,True,1.0,rent,HighConstraint,Expected,0.5,0.5,rent
376,55.45769391542918,0,5,2.989000082015991,7,True,1.0,bout,HighConstraint,Expected,0.5,0.5,bout
1124,71.6931108707768,0,13,3.4993999004364014,12,True,1.0,race,HighConstraint,Expected,0.5,0.5,race
814,37.86793243330244,1,0,1.2303999662399292,8,True,1.0,gyro,HighConstraint,Expected,0.5,0.5,gyro
827,72.1470753353611,1,6,2.517199993133545,7,True,1.0,stew,HighConstraint,Expected,0.5,0.5,stew
388,115.22303175551686,2,7,1.6021000146865845,6,True,1.0,carp,HighConstraint,Expected,0.5,0.5,carp
495,80.85281427429491,1,10,2.3710999488830566,9,True,1.0,pike,HighConstraint,Expected,0.5,0.5,pike
528,138.9795895573318,2,5,3.544100046157837,11,True,1.0,suit,HighConstraint,Expected,0.5,0.5,suit
750,92.65920640712224,1,3,2.5250000953674316,7,True,1.0,gown,HighConstraint,Expected,0.5,0.5,gown
419,51.392592739349894,0,3,2.7258999347686768,13,True,1.0,plug,HighConstraint,Expected,0.5,0.5,plug
774,81.27329571175399,1,4,2.396199941635132,11,True,1.0,fuse,HighConstraint,Expected,0.5,0.5,fuse
529,47.074777035411834,1,2,3.4844000339508057,9,True,1.0,arms,HighConstraint,Expected,0.5,0.5,arms
655,58.71641164456704,0,3,3.998800039291382,10,True,1.0,body,HighConstraint,Expected,0.5,0.5,body
458,75.74327079305897,1,3,2.359800100326538,8,True,1.0,loaf,HighConstraint,Expected,0.5,0.5,loaf
883,52.53508711407477,0,1,1.7633999586105347,12,True,1.0,pita,HighConstraint,Expected,0.5,0.5,pita
619,58.68924934664367,1,6,3.2040998935699463,11,True,1.0,snow,HighConstraint,Expected,0.5,0.5,snow
866,78.8899572827586,1,13,2.7881999015808105,9,True,1.0,hail,HighConstraint,Expected,0.5,0.5,hail
493,102.54050445493063,0,17,1.3978999853134155,10,True,1.0,pore,HighConstraint,Expected,0.5,0.5,pore
658,59.388868682439764,0,7,3.351599931716919,14,True,1.0,skin,HighConstraint,Expected,0.5,0.5,skin
872,39.20137905479673,0,0,3.7235000133514404,10,True,1.0,mama,HighConstraint,Expected,0.5,0.5,mama
916,57.566480474071646,0,5,3.4495999813079834,11,True,1.0,aunt,HighConstraint,Expected,0.5,0.5,aunt
532,60.87471324217298,0,3,3.1905999183654785,12,True,1.0,shoe,HighConstraint,Expected,0.5,0.5,shoe
1015,715.2824438367054,7,5,3.2790000438690186,4,True,1.0,pair,HighConstraint,Expected,0.5,0.5,pair
613,51.024152060085186,1,0,2.139899969100952,10,True,1.0,tofu,HighConstraint,Expected,0.5,0.5,tofu
1469,47.67456189611251,1,1,1.5184999704360962,9,True,1.0,idly,HighConstraint,Expected,0.5,0.5,idly
591,134.71956096668646,2,19,3.4667000770568848,8,True,1.0,bear,HighConstraint,Expected,0.5,0.5,bear
661,61.27293256482515,0,2,3.014899969100952,8,True,1.0,wolf,HighConstraint,Expected,0.5,0.5,wolf
1137,42.245477932471616,0,0,3.3922998905181885,3,True,1.0,huge,HighConstraint,Expected,0.5,0.5,huge
1475,55.95257704891062,0,8,2.4941999912261963,8,True,1.0,vast,HighConstraint,Expected,0.5,0.5,vast
605,74.93630171033135,0,12,2.8864998817443848,7,True,1.0,rice,HighConstraint,Expected,0.5,0.5,rice
804,52.92189818026789,0,3,1.8324999809265137,9,True,1.0,bran,HighConstraint,Expected,0.5,0.5,bran
634,116.52652221875238,2,10,2.456399917602539,6,True,1.0,poop,HighConstraint,Expected,0.5,0.5,poop
976,41.34659818788943,0,3,2.1522998809814453,8,True,1.0,turd,HighConstraint,Expected,0.5,0.5,turd
624,161.3139992804388,2,11,2.2788000106811523,11,True,1.0,lace,HighConstraint,Expected,0.5,0.5,lace
1275,92.98295908849899,1,7,3.7862000465393066,8,True,1.0,felt,HighConstraint,Expected,0.5,0.5,felt
656,42.240067835482115,0,2,3.935800075531006,10,True,1.0,city,HighConstraint,Expected,0.5,0.5,city
730,44.432874466411036,0,3,4.101900100708008,11,True,1.0,town,HighConstraint,Expected,0.5,0.5,town
629,75.41435752654817,1,4,3.437299966812134,8,True,1.0,bomb,HighConstraint,Expected,0.5,0.5,bomb
977,45.1776816731955,0,3,2.086400032043457,12,True,1.0,nuke,HighConstraint,Expected,0.5,0.5,nuke
670,95.93258567799708,1,6,3.083899974822998,15,True,1.0,deck,HighConstraint,Expected,0.5,0.5,deck
775,48.11473494660642,0,4,3.7820000648498535,7,True,1.0,step,HighConstraint,Expected,0.5,0.5,step
636,515.8856976549023,5,2,1.3617000579833984,6,True,1.0,gnat,HighConstraint,Expected,0.5,0.5,gnat
714,66.57349918095348,1,4,2.06820011138916,12,True,1.0,moth,HighConstraint,Expected,0.5,0.5,moth
731,29.93414141335085,0,3,3.338900089263916,10,True,1.0,jury,HighConstraint,Expected,0.5,0.5,jury
1025,63.57994418903347,0,14,2.9474000930786133,10,True,1.0,bail,HighConstraint,Expected,0.5,0.5,bail
642,108.01151955403466,1,3,4.173099994659424,11,True,1.0,door,HighConstraint,Expected,0.5,0.5,door
758,69.16403968889713,0,13,1.3802000284194946,7,True,1.0,sill,HighConstraint,Expected,0.5,0.5,sill
646,119.49863753326524,2,17,3.3615000247955322,8,True,1.0,cake,HighConstraint,Expected,0.5,0.5,cake
956,64.10381239026924,0,7,1.9394999742507935,11,True,1.0,flan,HighConstraint,Expected,0.5,0.5,flan
673,54.16797149095696,0,4,2.4914000034332275,11,True,1.0,bats,HighConstraint,Expected,0.5,0.5,bats
832,121.83283123162637,2,13,2.6149001121520996,8,True,1.0,mole,HighConstraint,Expected,0.5,0.5,mole
981,70.22659692680347,1,7,4.396299839019775,11,True,1.0,show,HighConstraint,Expected,0.5,0.5,show
1216,65.25970667830727,1,5,4.257199764251709,8,True,1.0,play,HighConstraint,Expected,0.5,0.5,play
729,96.34956021119174,1,12,3.4602999687194824,9,True,1.0,lock,HighConstraint,Expected,0.5,0.5,lock
1176,80.93199163859774,0,8,3.863600015640259,14,True,1.0,safe,HighConstraint,Expected,0.5,0.5,safe
19,21.352212525793384,0,1,4.02239990234375,3,True,1.0,also,HighConstraint,Expected,0.5,0.5,also
1564,39.00282428560221,1,3,2.7987000942230225,4,True,1.0,thus,HighConstraint,Expected,0.5,0.5,thus
735,52.538221688046065,0,3,2.3784000873565674,9,True,1.0,lens,HighConstraint,Expected,0.5,0.5,lens
1258,55.84117220432389,0,4,2.2600998878479004,5,True,1.0,zoom,HighConstraint,Expected,0.5,0.5,zoom
9,38.00819029297137,0,1,0.8450999855995178,9,True,1.0,clef,HighConstraint,Expected,0.5,0.5,clef
728,72.42691441593013,0,11,3.756500005722046,10,True,1.0,mike,HighConstraint,Expected,0.5,0.5,mike
740,46.826152604404555,0,4,2.0827999114990234,13,True,1.0,meth,HighConstraint,Expected,0.5,0.5,meth
1286,106.13792631922279,1,14,2.914299964904785,6,True,1.0,dope,HighConstraint,Expected,0.5,0.5,dope
1088,74.15722722990212,1,5,4.557199954986572,9,True,1.0,stop,HighConstraint,Expected,0.5,0.5,stop
1184,123.32424728250437,2,5,2.7604000568389893,6,True,1.0,halt,HighConstraint,Expected,0.5,0.5,halt
778,47.40250314831256,1,2,2.3578999042510986,12,True,1.0,yoga,HighConstraint,Expected,0.5,0.5,yoga
1230,60.17473933507067,1,5,3.266700029373169,8,True,1.0,pray,HighConstraint,Expected,0.5,0.5,pray
1236,101.95462038496164,1,4,2.7339999675750732,9,True,1.0,fund,HighConstraint,Expected,0.5,0.5,fund
1330,43.540316053989194,0,1,3.6129000186920166,9,True,1.0,rich,HighConstraint,Expected,0.5,0.5,rich
1031,72.89611251620927,0,11,3.8220999240875244,7,True,1.0,cold,HighConstraint,Expected,0.5,0.5,cold
1134,247.35125309591803,3,9,3.4249000549316406,4,True,1.0,warm,HighConstraint,Expected,0.5,0.5,warm
4,89.57702531164392,1,10,2.444000005722046,8,True,1.0,mint,HighConstraint,Expected,0.5,0.5,mint
638,53.17262664813062,0,0,1.2041000127792358,11,True,1.0,aloe,HighConstraint,Expected,0.5,0.5,aloe
1372,51.09199194623093,0,4,2.9047000408172607,7,True,1.0,hers,HighConstraint,Expected,0.5,0.5,hers
1428,35.75412069739474,0,5,5.5167999267578125,4,True,1.0,your,HighConstraint,Expected,0.5,0.5,your
24,47.206421980610216,0,1,3.22189998626709,8,True,1.0,ally,HighConstraint,Expected,0.5,0.5,ally
1525,23.06134551614404,0,6,1.7559000253677368,7,True,1.0,tact,HighConstraint,Expected,0.5,0.5,tact
1496,102.31625418670227,1,10,5.148399829864502,6,True,1.0,want,HighConstraint,Expected,0.5,0.5,want
1536,67.60343952068152,0,8,4.819799900054932,11,True,1.0,need,HighConstraint,Expected,0.5,0.5,need
7,36.12342631116287,0,3,3.8712000846862793,6,True,1.0,plan,HighConstraint,Expected,0.5,0.5,plan
1039,101.96656839425414,1,4,3.8020999431610107,11,True,1.0,boss,HighConstraint,Expected,0.5,0.5,boss
5,124.35353011927107,2,15,3.112600088119507,10,True,1.0,sale,HighConstraint,Expected,0.5,0.5,sale
1403,68.87402274932285,0,9,3.447499990463257,8,True,1.0,cost,HighConstraint,Expected,0.5,0.5,cost
50,46.6939826330083,0,3,2.450200080871582,9,True,1.0,prey,HighConstraint,Expected,0.5,0.5,prey
356,31.862623038621827,0,1,0.7781999707221985,7,True,1.0,bios,HighConstraint,Expected,0.5,0.5,bios
10,66.2247526436208,0,7,3.239799976348877,8,True,1.0,mood,HighConstraint,Expected,0.5,0.5,mood
1505,68.6683283910597,1,4,2.426500082015991,5,True,1.0,vibe,HighConstraint,Expected,0.5,0.5,vibe
33,85.14832346618495,1,6,2.4249000549316406,8,True,1.0,leaf,HighConstraint,Expected,0.5,0.5,leaf
741,42.733238765219106,0,4,2.060699939727783,9,True,1.0,stem,HighConstraint,Expected,0.5,0.5,stem
13,71.02884478167093,0,8,1.3978999853134155,6,True,1.0,bode,HighConstraint,Expected,0.5,0.5,bode
1350,33.79759939223028,0,4,1.9444999694824219,8,True,1.0,omen,HighConstraint,Expected,0.5,0.5,omen
67,57.670242113048985,0,6,3.2063000202178955,6,True,1.0,weak,HighConstraint,Expected,0.5,0.5,weak
1379,63.96678648375547,1,3,1.875100016593933,4,True,1.0,puny,HighConstraint,Expected,0.5,0.5,puny
31,131.94969174597583,2,10,2.5866000652313232,5,True,1.0,bold,HighConstraint,Expected,0.5,0.5,bold
1308,51.36878654639363,0,4,2.2040998935699463,13,True,1.0,wimp,HighConstraint,Expected,0.5,0.5,wimp
79,23.21733702987052,0,5,2.873300075531006,7,True,1.0,spin,HighConstraint,Expected,0.5,0.5,spin
783,31.816771495414237,0,2,2.1238999366760254,7,True,1.0,axel,HighConstraint,Expected,0.5,0.5,axel
39,79.11798264323406,0,9,1.9394999742507935,11,True,1.0,lard,HighConstraint,Expected,0.5,0.5,lard
535,37.666054256877764,0,5,2.657099962234497,13,True,1.0,oven,HighConstraint,Expected,0.5,0.5,oven
55,54.41670225398546,1,5,2.8626999855041504,5,True,1.0,flip,HighConstraint,Expected,0.5,0.5,flip
966,81.59473280700612,1,12,2.816200017929077,6,True,1.0,dive,HighConstraint,Expected,0.5,0.5,dive
43,34.003007875550324,1,1,1.6021000146865845,6,True,1.0,yogi,HighConstraint,Expected,0.5,0.5,yogi
204,64.42841662918683,0,2,2.89490008354187,10,True,1.0,diet,HighConstraint,Expected,0.5,0.5,diet
73,78.81848283086681,1,1,1.2303999662399292,3,True,1.0,gawk,HighConstraint,Expected,0.5,0.5,gawk
119,453.06369425434923,5,1,1.3009999990463257,3,True,1.0,ogle,HighConstraint,Expected,0.5,0.5,ogle
65,104.24216342189295,1,13,2.1270999908447266,7,True,1.0,hoot,HighConstraint,Expected,0.5,0.5,hoot
354,99.89693887168218,1,2,1.6021000146865845,5,True,1.0,purr,HighConstraint,Expected,0.5,0.5,purr
107,78.09405111337172,0,12,2.033400058746338,5,True,1.0,vine,HighConstraint,Expected,0.5,0.5,vine
173,136.26531582637315,2,12,2.6675000190734863,5,True,1.0,reed,HighConstraint,Expected,0.5,0.5,reed
82,123.51956366454155,2,11,2.045300006866455,6,True,1.0,hock,HighConstraint,Expected,0.5,0.5,hock
648,170.8688491945053,2,8,1.8632999658584595,5,True,1.0,rump,HighConstraint,Expected,0.5,0.5,rump
109,93.06977053515631,1,12,2.846299886703491,8,True,1.0,sail,HighConstraint,Expected,0.5,0.5,sail
662,59.35732129170418,1,6,2.950900077819824,9,True,1.0,flag,HighConstraint,Expected,0.5,0.5,flag
86,74.49821058662172,1,4,2.381999969482422,7,True,1.0,raft,HighConstraint,Expected,0.5,0.5,raft
397,59.856953623536945,0,10,2.8101999759674072,7,True,1.0,pump,HighConstraint,Expected,0.5,0.5,pump
113,71.42162087475673,0,11,2.342400074005127,9,True,1.0,mold,HighConstraint,Expected,0.5,0.5,mold
734,55.80896941997645,0,6,2.4047999382019043,11,True,1.0,slug,HighConstraint,Expected,0.5,0.5,slug
89,60.92135692095519,0,4,1.5563000440597534,12,True,1.0,lube,HighConstraint,Expected,0.5,0.5,lube
1045,57.06936444114302,1,1,1.6990000009536743,7,True,1.0,oily,HighConstraint,Expected,0.5,0.5,oily
93,59.01678143456409,1,2,2.8101999759674072,10,True,1.0,eats,HighConstraint,Expected,0.5,0.5,eats
865,52.31186230232337,0,11,3.3664000034332275,10,True,1.0,cook,HighConstraint,Expected,0.5,0.5,cook
95,57.2674283358279,0,8,0.7781999707221985,6,True,1.0,eave,HighConstraint,Expected,0.5,0.5,eave
660,76.30095003702164,1,7,3.2597999572753906,10,True,1.0,roof,HighConstraint,Expected,0.5,0.5,roof
108,55.22523529375458,0,3,2.3578999042510986,9,True,1.0,cult,HighConstraint,Expected,0.5,0.5,cult
1054,60.298474895382626,0,7,3.876699924468994,8,True,1.0,team,HighConstraint,Expected,0.5,0.5,team
98,95.35881125384695,1,3,2.8136000633239746,9,True,1.0,hawk,HighConstraint,Expected,0.5,0.5,hawk
889,121.55759133204052,2,12,1.8632999658584595,8,True,1.0,loon,HighConstraint,Expected,0.5,0.5,loon
120,53.26343222423087,1,0,1.7633999586105347,7,True,1.0,afro,HighConstraint,Expected,0.5,0.5,afro
1390,65.99238839092101,0,5,1.9394999742507935,10,True,1.0,jive,HighConstraint,Expected,0.5,0.5,jive
101,55.37110780169432,0,3,2.983599901199341,9,True,1.0,june,HighConstraint,Expected,0.5,0.5,june
1155,52.63969633258316,0,9,4.085100173950195,9,True,1.0,week,HighConstraint,Expected,0.5,0.5,week
128,44.91649189990919,0,3,0.9031000137329102,9,True,1.0,alum,HighConstraint,Expected,0.5,0.5,alum
582,73.72451415101382,0,4,2.998300075531006,8,True,1.0,salt,HighConstraint,Expected,0.5,0.5,salt
102,95.95702760923717,1,6,2.1238999366760254,8,True,1.0,reap,HighConstraint,Expected,0.5,0.5,reap
284,54.71448822584957,0,4,1.2553000450134277,7,True,1.0,sown,HighConstraint,Expected,0.5,0.5,sown
137,64.34087773939783,0,6,1.9955999851226807,9,True,1.0,fang,HighConstraint,Expected,0.5,0.5,fang
675,64.482655884533,0,6,1.1461000442504883,8,True,1.0,tusk,HighConstraint,Expected,0.5,0.5,tusk
111,52.10346842812398,0,1,1.1461000442504883,8,True,1.0,peso,HighConstraint,Expected,0.5,0.5,peso
1260,65.55997032139696,0,4,1.986799955368042,11,True,1.0,watt,HighConstraint,Expected,0.5,0.5,watt
117,36.76330646148335,2,4,0.8450999855995178,4,True,1.0,glob,HighConstraint,Expected,0.5,0.5,glob
978,71.60619826458216,1,2,1.4471999406814575,6,True,1.0,ooze,HighConstraint,Expected,0.5,0.5,ooze
122,52.482272375449575,0,11,1.0,11,True,1.0,seep,HighConstraint,Expected,0.5,0.5,seep
1186,64.5971413549438,1,10,1.5681999921798706,3,True,1.0,gush,HighConstraint,Expected,0.5,0.5,gush
127,64.95951477476493,0,9,2.76419997215271,7,True,1.0,cock,HighConstraint,Expected,0.5,0.5,cock
604,79.0718188718595,1,9,3.0141000747680664,6,True,1.0,wing,HighConstraint,Expected,0.5,0.5,wing
123,54.07607157671496,0,15,2.566999912261963,5,True,1.0,bent,HighConstraint,Expected,0.5,0.5,bent
478,84.15154833089576,1,10,2.448699951171875,7,True,1.0,warp,HighConstraint,Expected,0.5,0.5,warp
151,72.89725832518772,2,9,2.9781999588012695,10,True,1.0,vice,HighConstraint,Expected,0.5,0.5,vice
858,82.57827438777876,1,9,2.086400032043457,9,True,1.0,swab,HighConstraint,Expected,0.5,0.5,swab
131,157.97742526218636,2,10,2.429800033569336,6,True,1.0,sole,HighConstraint,Expected,0.5,0.5,sole
256,791.5994788028528,10,8,2.5866000652313232,6,True,1.0,bass,HighConstraint,Expected,0.5,0.5,bass
187,30.351729975988814,0,1,3.122499942779541,7,True,1.0,amen,HighConstraint,Expected,0.5,0.5,amen
316,75.58319971572932,0,13,2.2809998989105225,10,True,1.0,lent,HighConstraint,Expected,0.5,0.5,lent
136,69.12285175524488,0,5,2.56820011138916,9,True,1.0,dorm,HighConstraint,Expected,0.5,0.5,dorm
383,77.2489582485177,1,5,2.2067999839782715,12,True,1.0,frat,HighConstraint,Expected,0.5,0.5,frat
154,86.33619951170057,1,3,1.9493999481201172,5,True,1.0,gasp,HighConstraint,Expected,0.5,0.5,gasp
1013,42.33905676802871,0,3,2.240499973297119,7,True,1.0,sigh,HighConstraint,Expected,0.5,0.5,sigh
148,23.842747159709003,0,1,3.116300106048584,10,True,1.0,data,HighConstraint,Expected,0.5,0.5,data
831,81.15238262075196,0,11,3.351599931716919,11,True,1.0,file,HighConstraint,Expected,0.5,0.5,file
153,39.225815056658675,0,1,1.4471999406814575,9,True,1.0,noun,HighConstraint,Expected,0.5,0.5,noun
1301,42.32040007760114,0,3,5.320700168609619,6,True,1.0,they,HighConstraint,Expected,0.5,0.5,they
158,53.007180923138776,1,1,3.486999988555908,3,True,1.0,lots,HighConstraint,Expected,0.5,0.5,lots
1431,75.08242256129856,1,2,4.263199806213379,7,True,1.0,many,HighConstraint,Expected,0.5,0.5,many
215,120.58831429243544,2,8,2.8006999492645264,12,True,1.0,tire,HighConstraint,Expected,0.5,0.5,tire
791,61.41020197743262,0,12,2.170300006866455,10,True,1.0,puck,HighConstraint,Expected,0.5,0.5,puck
167,115.25968966193416,2,6,1.1138999462127686,9,True,1.0,nape,HighConstraint,Expected,0.5,0.5,nape
322,49.6719587940718,1,5,2.8115999698638916,6,True,1.0,chin,HighConstraint,Expected,0.5,0.5,chin
181,99.50736800911366,1,6,2.06820011138916,10,True,1.0,tong,HighConstraint,Expected,0.5,0.5,tong
1116,62.491397563110034,0,11,1.9031000137329102,6,True,1.0,spat,HighConstraint,Expected,0.5,0.5,spat
172,91.70539893096588,1,10,1.919100046157837,7,True,1.0,gent,HighConstraint,Expected,0.5,0.5,gent
274,115.57124794135652,1,14,2.8469998836517334,10,True,1.0,dame,HighConstraint,Expected,0.5,0.5,dame
197,67.5354913657272,0,8,2.773099899291992,5,True,1.0,porn,HighConstraint,Expected,0.5,0.5,porn
1096,23.135279776971196,0,0,1.9444999694824219,6,True,1.0,orgy,HighConstraint,Expected,0.5,0.5,orgy
176,72.80741874741231,1,2,1.9589999914169312,10,True,1.0,gala,HighConstraint,Expected,0.5,0.5,gala
1081,86.38849674626043,1,3,2.9576001167297363,12,True,1.0,prom,HighConstraint,Expected,0.5,0.5,prom
192,42.35875343616488,0,3,3.0381999015808105,6,True,1.0,deny,HighConstraint,Expected,0.5,0.5,deny
1435,22.646255213509935,0,11,3.2513999938964844,4,True,1.0,nope,HighConstraint,Expected,0.5,0.5,nope
177,130.32431531277106,2,0,3.0834999084472656,6,True,1.0,guts,HighConstraint,Expected,0.5,0.5,guts
434,73.6470214098845,0,11,1.6128000020980835,11,True,1.0,bile,HighConstraint,Expected,0.5,0.5,bile
206,78.78557423433521,0,15,1.7482000589370728,10,True,1.0,soot,HighConstraint,Expected,0.5,0.5,soot
1135,25.205906167694103,2,2,1.079200029373169,6,True,1.0,inky,HighConstraint,Expected,0.5,0.5,inky
180,59.126848564553164,0,5,2.52239990234375,8,True,1.0,vain,HighConstraint,Expected,0.5,0.5,vain
298,44.71156089133479,0,2,2.859100103378296,9,True,1.0,self,HighConstraint,Expected,0.5,0.5,self
193,56.51202017691467,0,3,1.857300043106079,11,True,1.0,gout,HighConstraint,Expected,0.5,0.5,gout
519,37.43668254068924,0,1,2.8750998973846436,8,True,1.0,knee,HighConstraint,Expected,0.5,0.5,knee
190,55.74953115037798,0,6,1.1138999462127686,4,True,1.0,meld,HighConstraint,Expected,0.5,0.5,meld
1290,26.52870139770003,0,1,2.0492000579833984,5,True,1.0,ante,HighConstraint,Expected,0.5,0.5,ante
201,83.09803269780984,1,8,1.7924000024795532,6,True,1.0,bony,HighConstraint,Expected,0.5,0.5,bony
811,51.57077211113007,1,0,2.1270999908447266,7,True,1.0,jaws,HighConstraint,Expected,0.5,0.5,jaws
200,44.56760631296972,0,3,1.0,3,True,1.0,boxy,HighConstraint,Expected,0.5,0.5,boxy
607,90.1677301671202,0,11,2.7274999618530273,11,True,1.0,dice,HighConstraint,Expected,0.5,0.5,dice
247,68.21454353624313,0,9,2.158400058746338,7,True,1.0,stat,HighConstraint,Expected,0.5,0.5,stat
1423,20.58629147623309,0,1,2.2788000106811523,6,True,1.0,info,HighConstraint,Expected,0.5,0.5,info
205,73.68581337191503,0,13,2.748199939727783,8,True,1.0,lick,HighConstraint,Expected,0.5,0.5,lick
218,50.35151697244224,0,6,1.4914000034332275,10,True,1.0,balm,HighConstraint,Expected,0.5,0.5,balm
254,28.985101807391267,1,0,3.5051000118255615,3,True,1.0,upon,HighConstraint,Expected,0.5,0.5,upon
1406,48.163083369401065,1,2,4.82919979095459,7,True,1.0,over,HighConstraint,Expected,0.5,0.5,over
209,85.32547144930012,1,4,3.1835999488830566,5,True,1.0,gosh,HighConstraint,Expected,0.5,0.5,gosh
1233,62.79656251363464,1,9,4.285699844360352,6,True,1.0,fuck,HighConstraint,Expected,0.5,0.5,fuck
235,77.33927193901096,1,3,1.3009999990463257,8,True,1.0,kiln,HighConstraint,Expected,0.5,0.5,kiln
357,92.22752359328254,1,7,2.7874999046325684,7,True,1.0,clay,HighConstraint,Expected,0.5,0.5,clay
227,48.64714094948813,1,1,2.8369998931884766,4,True,1.0,blah,HighConstraint,Expected,0.5,0.5,blah
1332,29.82126645272831,0,2,2.1522998809814453,5,True,1.0,idle,HighConstraint,Expected,0.5,0.5,idle
229,31.24366945989965,0,4,2.322200059890747,8,True,1.0,curb,HighConstraint,Expected,0.5,0.5,curb
1487,51.95804420299386,0,4,4.160200119018555,10,True,1.0,damn,HighConstraint,Expected,0.5,0.5,damn
232,62.196667008270516,0,13,2.1138999462127686,5,True,1.0,rave,HighConstraint,Expected,0.5,0.5,rave
330,70.41756755786588,1,2,2.004300117492676,10,True,1.0,hula,HighConstraint,Expected,0.5,0.5,hula
253,55.14331572495845,1,4,1.6232000589370728,5,True,1.0,drab,HighConstraint,Expected,0.5,0.5,drab
302,35.05371698027046,1,1,1.0,7,True,1.0,ashy,HighConstraint,Expected,0.5,0.5,ashy
242,90.76879701721008,1,10,3.203000068664551,9,True,1.0,bond,HighConstraint,Expected,0.5,0.5,bond
837,37.060455543773,0,1,2.3364999294281006,12,True,1.0,visa,HighConstraint,Expected,0.5,0.5,visa
279,49.315664816793436,0,1,2.3617000579833984,8,True,1.0,trek,HighConstraint,Expected,0.5,0.5,trek
853,71.2803255978823,1,6,3.417099952697754,7,True,1.0,camp,HighConstraint,Expected,0.5,0.5,camp
245,62.03119608913696,0,11,2.1461000442504883,7,True,1.0,tame,HighConstraint,Expected,0.5,0.5,tame
1417,58.666213995070265,0,4,3.4660000801086426,6,True,1.0,wild,HighConstraint,Expected,0.5,0.5,wild
283,21.781099296754082,0,1,2.5011000633239746,8,True,1.0,crib,HighConstraint,Expected,0.5,0.5,crib
473,65.09591318735872,0,12,2.506500005722046,9,True,1.0,bunk,HighConstraint,Expected,0.5,0.5,bunk
248,55.355810392598165,0,5,2.5762999057769775,11,True,1.0,monk,HighConstraint,Expected,0.5,0.5,monk
1415,77.93841899965325,0,16,4.38040018081665,9,True,1.0,hell,HighConstraint,Expected,0.5,0.5,hell
306,56.112387809280015,0,4,1.8260999917984009,7,True,1.0,duet,HighConstraint,Expected,0.5,0.5,duet
986,45.886580113750455,1,2,1.8260999917984009,5,True,1.0,trio,HighConstraint,Expected,0.5,0.5,trio
265,84.91588577227193,1,11,1.875100016593933,4,True,1.0,rite,HighConstraint,Expected,0.5,0.5,rite
1148,63.508186609239786,0,2,1.579800009727478,9,True,1.0,sect,HighConstraint,Expected,0.5,0.5,sect
293,64.70094293105102,1,1,2.6364998817443848,9,True,1.0,drum,HighConstraint,Expected,0.5,0.5,drum
708,87.41817023685832,1,6,2.09689998626709,8,True,1.0,gong,HighConstraint,Expected,0.5,0.5,gong
289,51.97695352882829,0,3,1.715999960899353,8,True,1.0,perm,HighConstraint,Expected,0.5,0.5,perm
522,79.48238618203274,1,5,2.4914000034332275,8,True,1.0,comb,HighConstraint,Expected,0.5,0.5,comb
313,79.95597729838026,1,12,2.8041000366210938,6,True,1.0,slap,HighConstraint,Expected,0.5,0.5,slap
822,122.76810955046173,2,9,3.3183000087738037,7,True,1.0,bite,HighConstraint,Expected,0.5,0.5,bite
295,113.46749931925706,1,12,2.0413999557495117,10,True,1.0,lice,HighConstraint,Expected,0.5,0.5,lice
712,64.9341367635521,0,6,2.6963999271392822,6,True,1.0,bald,HighConstraint,Expected,0.5,0.5,bald
344,29.330371533143392,0,1,1.3802000284194946,4,True,1.0,ajar,HighConstraint,Expected,0.5,0.5,ajar
1182,72.45522984179686,1,5,4.128900051116943,6,True,1.0,shut,HighConstraint,Expected,0.5,0.5,shut
320,77.76149221564329,1,4,1.3423999547958374,10,True,1.0,doer,HighConstraint,Expected,0.5,0.5,doer
1416,57.17776007471339,0,4,3.735100030899048,5,True,1.0,busy,HighConstraint,Expected,0.5,0.5,busy
325,71.45332781278026,1,7,3.3385000228881836,4,True,1.0,main,HighConstraint,Expected,0.5,0.5,main
486,21.769010404156564,0,1,1.2041000127792358,5,True,1.0,crux,HighConstraint,Expected,0.5,0.5,crux
323,113.56111841728452,2,12,2.004300117492676,8,True,1.0,dome,HighConstraint,Expected,0.5,0.5,dome
722,116.33567619326553,1,15,3.4231998920440674,7,True,1.0,hall,HighConstraint,Expected,0.5,0.5,hall
372,47.87290231973877,1,1,3.924299955368042,12,True,1.0,news,HighConstraint,Expected,0.5,0.5,news
1484,85.19153591804167,1,3,5.700699806213379,6,True,1.0,what,HighConstraint,Expected,0.5,0.5,what
334,57.250647857494585,0,4,1.2553000450134277,11,True,1.0,hemp,HighConstraint,Expected,0.5,0.5,hemp
363,72.91252989450884,0,13,1.9589999914169312,9,True,1.0,dill,HighConstraint,Expected,0.5,0.5,dill
336,119.98223862710843,2,11,1.7482000589370728,7,True,1.0,gore,HighConstraint,Expected,0.5,0.5,gore
907,74.70679747164418,1,5,1.968500018119812,6,True,1.0,clot,HighConstraint,Expected,0.5,0.5,clot
343,76.5110261316884,0,8,2.539099931716919,8,True,1.0,loop,HighConstraint,Expected,0.5,0.5,loop
497,47.59442255124003,0,2,3.1350998878479004,3,True,1.0,tied,HighConstraint,Expected,0.5,0.5,tied
361,79.74746724480603,0,13,2.762700080871582,10,True,1.0,heal,HighConstraint,Expected,0.5,0.5,heal
370,72.20859458003903,0,11,3.026900053024292,9,True,1.0,cure,HighConstraint,Expected,0.5,0.5,cure
348,66.62048420672632,2,8,1.3221999406814575,8,True,1.0,vise,HighConstraint,Expected,0.5,0.5,vise
659,125.57262226331052,2,12,3.287600040435791,7,True,1.0,hook,HighConstraint,Expected,0.5,0.5,hook
392,52.402373841859664,0,3,1.8062000274658203,8,True,1.0,kelp,HighConstraint,Expected,0.5,0.5,kelp
586,63.76795243194833,0,8,2.3032000064849854,11,True,1.0,clam,HighConstraint,Expected,0.5,0.5,clam
349,65.00564890082124,1,7,2.1522998809814453,7,True,1.0,woof,HighConstraint,Expected,0.5,0.5,woof
1219,63.71239893866532,1,7,1.7482000589370728,5,True,1.0,oink,HighConstraint,Expected,0.5,0.5,oink
373,97.14763128160078,1,13,1.924299955368042,6,True,1.0,mast,HighConstraint,Expected,0.5,0.5,mast
455,60.59450871711332,0,13,2.3345000743865967,7,True,1.0,hull,HighConstraint,Expected,0.5,0.5,hull
374,13.726608896411346,0,4,1.4471999406814575,4,True,1.0,tyke,HighConstraint,Expected,0.5,0.5,tyke
748,43.153537908993016,1,2,4.186299800872803,6,True,1.0,kids,HighConstraint,Expected,0.5,0.5,kids
382,43.98729270256748,0,5,1.531499981880188,11,True,1.0,blog,HighConstraint,Expected,0.5,0.5,blog
710,29.300359267162584,0,15,3.274199962615967,11,True,1.0,mail,HighConstraint,Expected,0.5,0.5,mail
393,67.7174685369948,0,9,2.8608999252319336,8,True,1.0,corn,HighConstraint,Expected,0.5,0.5,corn
666,68.41703456289436,1,3,2.0253000259399414,11,True,1.0,oats,HighConstraint,Expected,0.5,0.5,oats
403,22.972272290685506,0,0,2.6884000301361084,6,True,1.0,envy,HighConstraint,Expected,0.5,0.5,envy
492,92.41085680574193,1,10,2.4547998905181885,3,True,1.0,lust,HighConstraint,Expected,0.5,0.5,lust
398,69.10071859040085,0,4,3.1092000007629395,9,True,1.0,soup,HighConstraint,Expected,0.5,0.5,soup
556,37.533186338874984,0,2,2.2014000415802,11,True,1.0,taco,HighConstraint,Expected,0.5,0.5,taco
426,60.22015977517591,0,7,2.4828999042510986,8,True,1.0,peak,HighConstraint,Expected,0.5,0.5,peak
1178,23.35070202591575,0,0,1.6434999704360962,5,True,1.0,apex,HighConstraint,Expected,0.5,0.5,apex
408,73.47948564492455,1,3,2.340399980545044,7,True,1.0,turf,HighConstraint,Expected,0.5,0.5,turf
553,38.81282843022989,0,4,2.799999952316284,5,True,1.0,lawn,HighConstraint,Expected,0.5,0.5,lawn
415,42.71639871142818,0,1,1.579800009727478,12,True,1.0,mono,HighConstraint,Expected,0.5,0.5,mono
1173,40.758393611974384,0,2,1.740399956703186,13,True,1.0,aids,HighConstraint,Expected,0.5,0.5,aids
411,55.65748382930891,0,5,3.81850004196167,8,True,1.0,poor,HighConstraint,Expected,0.5,0.5,poor
968,52.67104200062791,0,9,1.8194999694824219,12,True,1.0,slum,HighConstraint,Expected,0.5,0.5,slum
425,88.21609604406342,1,6,1.9138000011444092,14,True,1.0,yarn,HighConstraint,Expected,0.5,0.5,yarn
580,113.93567275537362,2,12,1.7633999586105347,9,True,1.0,bead,HighConstraint,Expected,0.5,0.5,bead
413,107.31272883496464,0,13,1.3978999853134155,10,True,1.0,pane,HighConstraint,Expected,0.5,0.5,pane
882,170.8759163419366,2,11,1.9776999950408936,6,True,1.0,slab,HighConstraint,Expected,0.5,0.5,slab
431,84.52999156808865,1,1,4.044600009918213,4,True,1.0,goes,HighConstraint,Expected,0.5,0.5,goes
1442,39.05187353438613,1,3,4.634200096130371,5,True,1.0,into,HighConstraint,Expected,0.5,0.5,into
423,47.81453346322096,0,7,2.895400047302246,6,True,1.0,flew,HighConstraint,Expected,0.5,0.5,flew
1097,62.27259478038874,0,9,1.8976000547409058,6,True,1.0,soar,HighConstraint,Expected,0.5,0.5,soar
449,350.1075285073268,4,3,2.591099977493286,4,True,1.0,unto,HighConstraint,Expected,0.5,0.5,unto
1460,28.10301786378115,0,0,3.058799982070923,8,True,1.0,thou,HighConstraint,Expected,0.5,0.5,thou
443,90.40497482145858,1,8,1.4471999406814575,10,True,1.0,musk,HighConstraint,Expected,0.5,0.5,musk
861,68.86460792854558,0,8,4.383999824523926,8,True,1.0,shit,HighConstraint,Expected,0.5,0.5,shit
446,24.902277819029695,0,3,1.6901999711990356,8,True,1.0,gimp,HighConstraint,Expected,0.5,0.5,gimp
1283,95.70004051565039,1,10,3.433000087738037,8,True,1.0,code,HighConstraint,Expected,0.5,0.5,code
447,22.745908531202375,0,0,2.439300060272217,9,True,1.0,ammo,HighConstraint,Expected,0.5,0.5,ammo
874,85.27243176210837,1,4,3.0852999687194824,9,True,1.0,trap,HighConstraint,Expected,0.5,0.5,trap
448,96.88412023392821,1,9,2.5464999675750732,8,True,1.0,bolt,HighConstraint,Expected,0.5,0.5,bolt
551,117.18085827381731,2,10,2.978600025177002,8,True,1.0,nail,HighConstraint,Expected,0.5,0.5,nail
461,78.39213735093146,0,13,2.544100046157837,7,True,1.0,bean,HighConstraint,Expected,0.5,0.5,bean
667,37.11795321269979,1,0,1.431399941444397,9,True,1.0,okra,HighConstraint,Expected,0.5,0.5,okra
471,77.72617256077447,0,8,1.7924000024795532,14,True,1.0,dusk,HighConstraint,Expected,0.5,0.5,dusk
1244,30.078287862312095,0,2,1.6232000589370728,3,True,1.0,hazy,HighConstraint,Expected,0.5,0.5,hazy
468,64.73682555500571,1,4,1.8920999765396118,6,True,1.0,cram,HighConstraint,Expected,0.5,0.5,cram
1355,27.920234744366876,0,0,0.8450999855995178,6,True,1.0,ditz,HighConstraint,Expected,0.5,0.5,ditz
485,69.10668187532565,1,7,2.075500011444092,7,True,1.0,flop,HighConstraint,Expected,0.5,0.5,flop
1527,57.68047631809143,1,3,1.924299955368042,7,True,1.0,hype,HighConstraint,Expected,0.5,0.5,hype
481,59.79371247891356,0,2,1.4914000034332275,6,True,1.0,coed,HighConstraint,Expected,0.5,0.5,coed
816,32.175432128659054,0,9,3.295599937438965,9,True,1.0,dean,HighConstraint,Expected,0.5,0.5,dean
494,55.75190619120796,1,1,1.6128000020980835,8,True,1.0,saga,HighConstraint,Expected,0.5,0.5,saga
1463,23.43614051739133,0,0,2.0827999114990234,7,True,1.0,epic,HighConstraint,Expected,0.5,0.5,epic
484,50.087813591619174,1,0,2.340399980545044,6,True,1.0,iced,HighConstraint,Expected,0.5,0.5,iced
771,117.71367244631715,2,11,2.0413999557495117,7,True,1.0,rink,HighConstraint,Expected,0.5,0.5,rink
520,133.2137690041223,2,6,2.730799913406372,10,True,1.0,goat,HighConstraint,Expected,0.5,0.5,goat
803,74.15255233518486,1,3,2.18179988861084,8,True,1.0,calf,HighConstraint,Expected,0.5,0.5,calf
509,72.4598542313023,0,16,3.7286999225616455,8,True,1.0,ball,HighConstraint,Expected,0.5,0.5,ball
674,52.889817754729926,0,4,1.8513000011444092,7,True,1.0,mitt,HighConstraint,Expected,0.5,0.5,mitt
574,69.05429868558741,0,9,2.7135000228881836,8,True,1.0,worm,HighConstraint,Expected,0.5,0.5,worm
1027,39.501463431740305,1,1,2.1461000442504883,7,True,1.0,grub,HighConstraint,Expected,0.5,0.5,grub
515,78.85804098173506,0,9,3.1208999156951904,14,True,1.0,bike,HighConstraint,Expected,0.5,0.5,bike
525,78.09895177892147,1,6,2.176100015640259,7,True,1.0,sled,HighConstraint,Expected,0.5,0.5,sled
539,105.71794060509475,1,7,3.0048000812530518,8,True,1.0,mask,HighConstraint,Expected,0.5,0.5,mask
818,152.51307472427615,2,2,2.18179988861084,7,True,1.0,veil,HighConstraint,Expected,0.5,0.5,veil
517,143.0630002734628,2,9,3.015399932861328,9,True,1.0,sand,HighConstraint,Expected,0.5,0.5,sand
1065,56.8521642593215,0,3,1.8260999917984009,9,True,1.0,mesa,HighConstraint,Expected,0.5,0.5,mesa
588,91.045923096546,1,8,1.9493999481201172,13,True,1.0,hoof,HighConstraint,Expected,0.5,0.5,hoof
635,50.350647317847866,0,7,2.3501999378204346,10,True,1.0,claw,HighConstraint,Expected,0.5,0.5,claw
523,721.7694636759767,9,6,2.2945001125335693,9,True,1.0,vase,HighConstraint,Expected,0.5,0.5,vase
756,41.74450005204132,1,0,2.2764999866485596,9,True,1.0,arch,HighConstraint,Expected,0.5,0.5,arch
540,96.68716226118083,1,14,2.950900077819824,8,True,1.0,tent,HighConstraint,Expected,0.5,0.5,tent
594,105.48309568485232,1,9,2.895400047302246,6,True,1.0,hood,HighConstraint,Expected,0.5,0.5,hood
552,98.12481859450382,1,6,2.889899969100952,9,True,1.0,soap,HighConstraint,Expected,0.5,0.5,soap
973,71.947532381363,0,7,2.935499906539917,5,True,1.0,wipe,HighConstraint,Expected,0.5,0.5,wipe
584,71.18984082345973,0,10,2.664599895477295,9,True,1.0,cart,HighConstraint,Expected,0.5,0.5,cart
926,51.165767961365844,0,8,2.2227001190185547,8,True,1.0,reel,HighConstraint,Expected,0.5,0.5,reel
558,70.06684547470005,0,5,3.3364999294281006,12,True,1.0,milk,HighConstraint,Expected,0.5,0.5,milk
704,46.803930503679815,0,2,0.6990000009536743,12,True,1.0,whey,HighConstraint,Expected,0.5,0.5,whey
606,66.54834016529288,0,12,2.7535998821258545,7,True,1.0,nest,HighConstraint,Expected,0.5,0.5,nest
809,111.14678452536384,2,10,2.7235000133514404,4,True,1.0,coop,HighConstraint,Expected,0.5,0.5,coop
564,109.656473368696,2,9,3.545599937438965,8,True,1.0,tape,HighConstraint,Expected,0.5,0.5,tape
932,78.16834994731212,1,2,2.9586000442504883,9,True,1.0,wrap,HighConstraint,Expected,0.5,0.5,wrap
565,101.37888472078944,1,12,3.5201001167297363,10,True,1.0,foot,HighConstraint,Expected,0.5,0.5,foot
611,60.20111335925726,1,7,2.198699951171875,6,True,1.0,shin,HighConstraint,Expected,0.5,0.5,shin
571,88.27409047823494,0,10,3.0945000648498535,9,True,1.0,belt,HighConstraint,Expected,0.5,0.5,belt
724,60.469727011631235,0,10,1.770900011062622,4,True,1.0,sash,HighConstraint,Expected,0.5,0.5,sash
577,77.33123555623133,1,5,2.547800064086914,7,True,1.0,crab,HighConstraint,Expected,0.5,0.5,crab
879,109.60540188325618,1,13,1.7853000164031982,9,True,1.0,mite,HighConstraint,Expected,0.5,0.5,mite
575,55.58150060677374,0,9,2.6542000770568848,8,True,1.0,fork,HighConstraint,Expected,0.5,0.5,fork
630,132.886324752761,2,14,2.1847000122070312,7,True,1.0,rake,HighConstraint,Expected,0.5,0.5,rake
787,98.46759686804482,1,8,2.2600998878479004,7,True,1.0,mist,HighConstraint,Expected,0.5,0.5,mist
913,35.77862323082026,0,2,1.1138999462127686,7,True,1.0,dewy,HighConstraint,Expected,0.5,0.5,dewy
617,81.3482991532389,1,1,4.453499794006348,6,True,1.0,girl,HighConstraint,Expected,0.5,0.5,girl
862,53.612875404986596,0,2,4.0441999435424805,10,True,1.0,lady,HighConstraint,Expected,0.5,0.5,lady
719,87.44191495485279,1,5,2.827399969100952,10,True,1.0,whip,HighConstraint,Expected,0.5,0.5,whip
1066,725.1119553743592,8,4,1.5563000440597534,4,True,1.0,prod,HighConstraint,Expected,0.5,0.5,prod
639,85.1136477785839,1,5,3.1068999767303467,12,True,1.0,yard,HighConstraint,Expected,0.5,0.5,yard
930,71.65573450494536,0,7,4.596499919891357,9,True,1.0,home,HighConstraint,Expected,0.5,0.5,home
697,73.57759349423063,1,3,3.5223000049591064,13,True,1.0,film,HighConstraint,Expected,0.5,0.5,film
1028,67.76812245324146,1,8,1.6334999799728394,10,True,1.0,skit,HighConstraint,Expected,0.5,0.5,skit
643,66.5281163249576,0,10,3.674999952316284,9,True,1.0,ring,HighConstraint,Expected,0.5,0.5,ring
644,76.91594879974039,0,9,3.6050000190734863,13,True,1.0,gold,HighConstraint,Expected,0.5,0.5,gold
702,73.57685008152062,1,7,1.5184999704360962,8,True,1.0,scab,HighConstraint,Expected,0.5,0.5,scab
999,35.93630970253861,0,11,3.072200059890747,9,True,1.0,cast,HighConstraint,Expected,0.5,0.5,cast
650,97.30576363380797,1,7,3.116300106048584,6,True,1.0,tank,HighConstraint,Expected,0.5,0.5,tank
705,42.90194848609819,1,1,3.6405999660491943,11,True,1.0,army,HighConstraint,Expected,0.5,0.5,army
669,86.07090868637623,1,8,3.379699945449829,10,True,1.0,pool,HighConstraint,Expected,0.5,0.5,pool
1563,123.38111842334497,2,4,2.6041998863220215,7,True,1.0,mere,HighConstraint,Expected,0.5,0.5,mere
679,74.20924813920375,1,9,2.2600998878479004,10,True,1.0,veal,HighConstraint,Expected,0.5,0.5,veal
842,53.65915289951862,0,4,1.2788000106811523,6,True,1.0,loin,HighConstraint,Expected,0.5,0.5,loin
685,79.41454200273066,1,3,2.2067999839782715,7,True,1.0,duct,HighConstraint,Expected,0.5,0.5,duct
693,107.41115472233517,1,13,3.14739990234375,10,True,1.0,wire,HighConstraint,Expected,0.5,0.5,wire
687,44.73878733830351,0,3,2.459399938583374,7,True,1.0,tomb,HighConstraint,Expected,0.5,0.5,tomb
1047,63.298131874473924,0,7,3.0232999324798584,6,True,1.0,bury,HighConstraint,Expected,0.5,0.5,bury
743,69.54405784356545,0,10,3.1682000160217285,11,True,1.0,meal,HighConstraint,Expected,0.5,0.5,meal
943,89.72134456794242,1,10,2.257699966430664,4,True,1.0,hash,HighConstraint,Expected,0.5,0.5,hash
716,89.65513009331599,0,10,4.040999889373779,10,True,1.0,fire,HighConstraint,Expected,0.5,0.5,fire
906,82.09772220563131,1,6,2.4828999042510986,9,True,1.0,boil,HighConstraint,Expected,0.5,0.5,boil
810,79.72678097134924,1,7,2.2764999866485596,4,True,1.0,prop,HighConstraint,Expected,0.5,0.5,prop
1196,80.91087594156971,1,9,1.8194999694824219,7,True,1.0,scat,HighConstraint,Expected,0.5,0.5,scat
718,60.84396618653361,0,10,3.4354000091552734,9,True,1.0,band,HighConstraint,Expected,0.5,0.5,band
1215,25.253209995799793,0,0,1.6720999479293823,8,True,1.0,opus,HighConstraint,Expected,0.5,0.5,opus
762,91.86562658221258,1,11,2.2227001190185547,10,True,1.0,cove,HighConstraint,Expected,0.5,0.5,cove
945,38.2082880985675,0,3,2.3838000297546387,8,True,1.0,gulf,HighConstraint,Expected,0.5,0.5,gulf
749,79.24019276257586,1,7,3.436500072479248,8,True,1.0,note,HighConstraint,Expected,0.5,0.5,note
891,25.917607936737028,0,1,2.528899908065796,8,True,1.0,memo,HighConstraint,Expected,0.5,0.5,memo
757,69.6112955526026,1,0,1.3978999853134155,6,True,1.0,suds,HighConstraint,Expected,0.5,0.5,suds
854,65.24808464384549,0,11,3.3176000118255615,9,True,1.0,wash,HighConstraint,Expected,0.5,0.5,wash
759,94.74900044872294,1,13,2.2788000106811523,9,True,1.0,mink,HighConstraint,Expected,0.5,0.5,mink
944,70.42392244459202,0,5,1.6901999711990356,8,True,1.0,pelt,HighConstraint,Expected,0.5,0.5,pelt
799,62.50002402836426,1,6,2.8420000076293945,7,True,1.0,chop,HighConstraint,Expected,0.5,0.5,chop
997,35.96544680191403,0,4,2.340399980545044,6,True,1.0,trim,HighConstraint,Expected,0.5,0.5,trim
768,82.76505002578196,0,8,2.9916999340057373,11,True,1.0,site,HighConstraint,Expected,0.5,0.5,site
1079,48.86754719122001,1,0,3.5822999477386475,7,True,1.0,area,HighConstraint,Expected,0.5,0.5,area
825,60.074843518224114,0,7,3.187000036239624,8,True,1.0,gang,HighConstraint,Expected,0.5,0.5,gang
1162,64.8693135827079,0,8,2.322200059890747,10,True,1.0,clan,HighConstraint,Expected,0.5,0.5,clan
817,96.60799955891447,0,18,3.2385001182556152,10,True,1.0,male,HighConstraint,Expected,0.5,0.5,male
846,39.970068049836,0,3,2.2504000663757324,10,True,1.0,womb,HighConstraint,Expected,0.5,0.5,womb
1203,53.18529494496596,1,2,2.0413999557495117,6,True,1.0,blur,HighConstraint,Expected,0.5,0.5,blur
1298,51.897003844800494,0,8,4.293000221252441,7,True,1.0,seen,HighConstraint,Expected,0.5,0.5,seen
823,61.51978602949241,1,0,3.337100028991699,9,True,1.0,papa,HighConstraint,Expected,0.5,0.5,papa
826,106.7861882759498,2,1,2.9646999835968018,5,True,1.0,sons,HighConstraint,Expected,0.5,0.5,sons
886,64.60818623809152,1,2,1.6720999479293823,10,True,1.0,brie,HighConstraint,Expected,0.5,0.5,brie
911,96.42815239409629,1,7,1.3617000579833984,8,True,1.0,curd,HighConstraint,Expected,0.5,0.5,curd
855,132.2644709072551,2,10,3.6970999240875244,5,True,1.0,sing,HighConstraint,Expected,0.5,0.5,sing
1024,93.20058385007124,1,10,2.973099946975708,9,True,1.0,yell,HighConstraint,Expected,0.5,0.5,yell
1072,25.400347474068106,0,2,2.6730000972747803,7,True,1.0,arts,HighConstraint,Expected,0.5,0.5,arts
1408,74.87950493423736,0,7,1.9955999851226807,10,True,1.0,muse,HighConstraint,Expected,0.5,0.5,muse
857,98.7254355533192,1,12,2.7283999919891357,8,True,1.0,root,HighConstraint,Expected,0.5,0.5,root
878,50.30910001189799,0,3,1.973099946975708,6,True,1.0,pulp,HighConstraint,Expected,0.5,0.5,pulp
871,100.81435857836325,1,8,4.10830020904541,7,True,1.0,jack,HighConstraint,Expected,0.5,0.5,jack
884,67.41166590371355,0,11,2.9121999740600586,11,True,1.0,gear,HighConstraint,Expected,0.5,0.5,gear
869,26.667956782686634,0,7,3.436500072479248,10,True,1.0,shop,HighConstraint,Expected,0.5,0.5,shop
1154,93.50270044824106,1,9,4.609600067138672,7,True,1.0,work,HighConstraint,Expected,0.5,0.5,work
983,77.26257969091037,0,18,3.827199935913086,8,True,1.0,beat,HighConstraint,Expected,0.5,0.5,beat
1254,105.87961488744995,1,10,2.689300060272217,9,True,1.0,pace,HighConstraint,Expected,0.5,0.5,pace
890,32.51316110573022,0,3,2.706700086593628,11,True,1.0,acid,HighConstraint,Expected,0.5,0.5,acid
1245,60.65858052294097,0,10,2.4742000102996826,7,True,1.0,sour,HighConstraint,Expected,0.5,0.5,sour
947,86.64547245933223,1,8,4.639500141143799,9,True,1.0,talk,HighConstraint,Expected,0.5,0.5,talk
1167,70.4128302068723,1,2,2.344399929046631,6,True,1.0,oral,HighConstraint,Expected,0.5,0.5,oral
935,130.00871728738102,2,16,2.498300075531006,6,True,1.0,fare,HighConstraint,Expected,0.5,0.5,fare
1140,66.16371430588595,0,9,2.2355000972747803,9,True,1.0,toll,HighConstraint,Expected,0.5,0.5,toll
1212,48.852931447855624,1,2,0.9031000137329102,8,True,1.0,quip,HighConstraint,Expected,0.5,0.5,quip
1468,68.59430514165555,0,10,1.8387999534606934,8,True,1.0,jest,HighConstraint,Expected,0.5,0.5,jest
941,60.47819347027384,1,7,2.799999952316284,7,True,1.0,bump,HighConstraint,Expected,0.5,0.5,bump
1221,156.72854453302355,2,13,2.884200096130371,9,True,1.0,sore,HighConstraint,Expected,0.5,0.5,sore
1280,32.9518186165289,0,2,2.2788000106811523,5,True,1.0,tidy,HighConstraint,Expected,0.5,0.5,tidy
1405,45.90430403840382,0,10,2.803499937057495,8,True,1.0,neat,HighConstraint,Expected,0.5,0.5,neat
985,38.28283119974942,0,1,1.857300043106079,6,True,1.0,ogre,HighConstraint,Expected,0.5,0.5,ogre
989,26.39277167726538,0,0,1.1761000156402588,8,True,1.0,yeti,HighConstraint,Expected,0.5,0.5,yeti
1206,99.86725722312387,1,12,3.588599920272827,6,True,1.0,slow,HighConstraint,Expected,0.5,0.5,slow
1440,81.12247456715264,1,7,1.7853000164031982,4,True,1.0,lull,HighConstraint,Expected,0.5,0.5,lull
1000,79.2725300380075,1,0,2.178999900817871,8,True,1.0,meow,HighConstraint,Expected,0.5,0.5,meow
1043,68.25551953451259,1,4,2.0253000259399414,6,True,1.0,howl,HighConstraint,Expected,0.5,0.5,howl
1121,43.894642621165616,0,0,1.8976000547409058,10,True,1.0,guru,HighConstraint,Expected,0.5,0.5,guru
1494,67.52160735066873,0,9,3.1623001098632812,10,True,1.0,wise,HighConstraint,Expected,0.5,0.5,wise
1020,70.84062371190045,0,8,4.163099765777588,11,True,1.0,five,HighConstraint,Expected,0.5,0.5,five
1314,45.86427663737443,0,1,3.039400100708008,8,True,1.0,zero,HighConstraint,Expected,0.5,0.5,zero
1218,48.43064898740414,0,7,1.9911999702453613,6,True,1.0,bulk,HighConstraint,Expected,0.5,0.5,bulk
1365,25.285255631207285,0,1,4.24429988861084,6,True,1.0,used,HighConstraint,Expected,0.5,0.5,used
1075,45.56597170650176,0,3,3.3078999519348145,6,True,1.0,loud,HighConstraint,Expected,0.5,0.5,loud
1098,59.374012852580506,0,16,4.452199935913086,4,True,1.0,hear,HighConstraint,Expected,0.5,0.5,hear
1360,57.609908987100766,1,0,2.659899950027466,5,True,1.0,obey,HighConstraint,Expected,0.5,0.5,obey
1382,86.06532087146878,1,5,3.390199899673462,8,True,1.0,rule,HighConstraint,Expected,0.5,0.5,rule
1110,82.88116689100187,0,17,3.0302000045776367,7,True,1.0,mile,HighConstraint,Expected,0.5,0.5,mile
1397,36.70506105872056,1,1,1.7782000303268433,4,True,1.0,afar,HighConstraint,Expected,0.5,0.5,afar
1328,45.51060139711625,0,1,3.6589999198913574,6,True,1.0,kept,HighConstraint,Expected,0.5,0.5,kept
1371,95.98237247814676,1,8,4.2418999671936035,5,True,1.0,took,HighConstraint,Expected,0.5,0.5,took
1166,79.06641329086217,1,9,1.3221999406814575,5,True,1.0,doze,HighConstraint,Expected,0.5,0.5,doze
1276,131.424663439233,2,11,4.035900115966797,5,True,1.0,rest,HighConstraint,Expected,0.5,0.5,rest
1452,16.20872558844081,0,0,2.9872000217437744,9,True,1.0,odds,HighConstraint,Expected,0.5,0.5,odds
1500,31.40909903543647,0,2,1.6812000274658203,4,True,1.0,vary,HighConstraint,Expected,0.5,0.5,vary
1214,27.475440773793434,0,12,4.151500225067139,10,True,1.0,year,HighConstraint,Expected,0.5,0.5,year
1341,69.09428911103258,1,0,2.983599901199341,11,True,1.0,noel,HighConstraint,Expected,0.5,0.5,noel
1344,57.662166297131776,0,5,3.9446001052856445,7,True,1.0,fact,HighConstraint,Expected,0.5,0.5,fact
1534,35.359218464242105,0,1,4.111299991607666,5,True,1.0,true,HighConstraint,Expected,0.5,0.5,true
1256,49.80513840513439,0,5,3.9179000854492188,6,True,1.0,hour,HighConstraint,Expected,0.5,0.5,hour
1263,76.34553292872305,0,7,4.999499797821045,5,True,1.0,time,HighConstraint,Expected,0.5,0.5,time
1334,60.5158306493076,1,3,3.7534000873565674,5,True,1.0,less,HighConstraint,Expected,0.5,0.5,less
1537,43.94671333909999,0,4,4.695799827575684,6,True,1.0,much,HighConstraint,Expected,0.5,0.5,much
1304,76.22322120730811,0,9,1.2553000450134277,5,True,1.0,bonk,HighConstraint,Expected,0.5,0.5,bonk
1353,36.873123060185875,0,4,1.9955999851226807,6,True,1.0,wham,HighConstraint,Expected,0.5,0.5,wham
1364,114.54602227173586,2,15,4.327899932861328,10,True,1.0,same,HighConstraint,Expected,0.5,0.5,same
1533,39.25984441622312,1,1,1.1761000156402588,5,True,1.0,akin,HighConstraint,Expected,0.5,0.5,akin
1323,102.45588709916062,1,6,1.4471999406814575,8,True,1.0,dolt,HighConstraint,Expected,0.5,0.5,dolt
1325,58.13520785057544,1,0,1.9138000011444092,5,True,1.0,redo,HighConstraint,Expected,0.5,0.5,redo
1433,50.07619405411275,0,3,3.9416000843048096,8,True,1.0,glad,HighConstraint,Expected,0.5,0.5,glad
1492,73.10641583676608,0,10,4.0391998291015625,9,True,1.0,hate,HighConstraint,Expected,0.5,0.5,hate
1358,75.43481842206731,0,10,4.145400047302246,7,True,1.0,lost,HighConstraint,Expected,0.5,0.5,lost
1368,64.43483480616436,0,10,4.627200126647949,5,True,1.0,find,HighConstraint,Expected,0.5,0.5,find
1439,71.28748670419188,1,7,1.5051000118255615,8,True,1.0,zeal,HighConstraint,Expected,0.5,0.5,zeal
1444,75.54931190702958,2,3,1.770900011062622,8,True,1.0,glee,HighConstraint,Expected,0.5,0.5,glee
1373,36.24363432280454,0,2,2.460900068283081,5,True,1.0,cozy,HighConstraint,Expected,0.5,0.5,cozy
1391,20.214664105775498,0,4,1.8691999912261963,5,True,1.0,snug,HighConstraint,Expected,0.5,0.5,snug
1464,118.92214434453744,2,11,5.497300148010254,6,True,1.0,have,HighConstraint,Expected,0.5,0.5,have
1501,30.732653299204713,0,9,4.947299957275391,5,True,1.0,been,HighConstraint,Expected,0.5,0.5,been
1385,65.68515884522982,0,6,4.671899795532227,8,True,1.0,help,HighConstraint,Expected,0.5,0.5,help
1438,132.95484682492673,2,20,4.393599987030029,7,True,1.0,care,HighConstraint,Expected,0.5,0.5,care
1401,56.61010924202543,0,12,4.39300012588501,11,True,1.0,mind,HighConstraint,Expected,0.5,0.5,mind
1511,63.41553429770478,0,4,3.5940001010894775,7,True,1.0,soul,HighConstraint,Expected,0.5,0.5,soul
1420,78.07805499280967,1,6,2.8685998916625977,5,True,1.0,foul,HighConstraint,Expected,0.5,0.5,foul
1515,26.809867263396075,0,8,2.2899999618530273,6,True,1.0,yuck,HighConstraint,Expected,0.5,0.5,yuck
1498,35.003310174533,0,0,2.5315001010894775,9,True,1.0,urge,HighConstraint,Expected,0.5,0.5,urge
1539,30.86579620601943,0,5,2.079200029373169,6,True,1.0,whim,HighConstraint,Expected,0.5,0.5,whim
1458,35.88823782996414,0,5,1.8976000547409058,8,True,1.0,ploy,HighConstraint,Expected,0.5,0.5,ploy
1554,110.71833347534621,2,8,1.934499979019165,4,True,1.0,ruse,HighConstraint,Expected,0.5,0.5,ruse
1531,37.13658637827752,1,3,1.4149999618530273,5,True,1.0,avid,HighConstraint,Expected,0.5,0.5,avid
1548,81.6032088487144,1,5,2.359800100326538,5,True,1.0,keen,HighConstraint,Expected,0.5,0.5,keen
