WordInds,LexSemErr,ThresholdCrossingIteration,ONsize,Frequency,NumSemFeats,ThresholdWasCrossed,CorrectItemCrossed,WordThatCrossed,Repeated_name,Repeated_code,WordInput
155,884.9842770027105,9,5,2.3578999042510986,7,True,1.0,crow,unrepeated,-0.5,crow
335,901.548900409872,10,12,2.4547998905181885,10,True,1.0,dove,unrepeated,-0.5,dove
1,899.4632800441912,11,9,1.6990000009536743,9,True,1.0,pant,unrepeated,-0.5,pant
261,869.4968315015851,6,5,2.9565999507904053,13,True,1.0,jean,unrepeated,-0.5,jean
135,797.7966988134442,6,1,3.0183000564575195,10,True,1.0,earl,unrepeated,-0.5,earl
972,898.7190687812897,9,7,3.1064999103546143,13,True,1.0,duke,unrepeated,-0.5,duke
12,882.3793924195403,6,2,2.7809998989105225,14,True,1.0,frog,unrepeated,-0.5,frog
442,769.5438623202732,6,4,1.8387999534606934,10,True,1.0,newt,unrepeated,-0.5,newt
157,904.7429382583265,8,8,1.5563000440597534,12,True,1.0,fowl,unrepeated,-0.5,fowl
514,931.6748744488448,7,1,3.365299940109253,11,True,1.0,bird,unrepeated,-0.5,bird
214,681.4449010521992,4,0,2.835700035095215,8,True,1.0,exam,unrepeated,-0.5,exam
992,892.7827933501043,9,12,3.6324000358581543,11,True,1.0,test,unrepeated,-0.5,test
2,783.5685829232627,7,5,2.637500047683716,10,True,1.0,robe,unrepeated,-0.5,robe
781,924.5155065911756,9,11,2.4547998905181885,11,True,1.0,vest,unrepeated,-0.5,vest
542,721.964335452685,9,8,2.542799949645996,15,True,1.0,swan,unrepeated,-0.5,swan
603,925.1888237547817,11,14,3.1017000675201416,15,True,1.0,duck,unrepeated,-0.5,duck
369,834.4612065028784,6,4,2.004300117492676,10,True,1.0,barf,unrepeated,-0.5,barf
755,930.4676616022219,8,5,2.5051000118255615,10,True,1.0,puke,unrepeated,-0.5,puke
146,688.8115592606015,4,1,1.6434999704360962,11,True,1.0,zinc,unrepeated,-0.5,zinc
938,921.2444894881671,10,12,3.6280999183654785,16,True,1.0,lead,unrepeated,-0.5,lead
441,879.7302038067725,10,11,2.5262999534606934,10,True,1.0,mice,unrepeated,-0.5,mice
905,895.5575572719488,8,5,2.176100015640259,13,True,1.0,puss,unrepeated,-0.5,puss
246,671.8574685378308,5,1,2.8608999252319336,9,True,1.0,debt,unrepeated,-0.5,debt
1080,910.8682329756724,9,6,3.00600004196167,9,True,1.0,loan,unrepeated,-0.5,loan
721,791.074014659696,8,4,1.5563000440597534,11,True,1.0,axes,unrepeated,-0.5,axes
963,716.1390379862785,7,3,1.2303999662399292,9,True,1.0,maul,unrepeated,-0.5,maul
422,902.1090710468889,6,1,2.8942999839782715,16,True,1.0,lion,unrepeated,-0.5,lion
616,793.8709018944548,6,1,0.9031000137329102,9,True,1.0,puma,unrepeated,-0.5,puma
566,908.2285288257078,11,12,3.4321999549865723,11,True,1.0,rose,unrepeated,-0.5,rose
711,897.7473518372901,7,1,3.13700008392334,10,True,1.0,lily,unrepeated,-0.5,lily
439,848.8673516492423,7,7,1.9138000011444092,8,True,1.0,stag,unrepeated,-0.5,stag
723,859.9242875773537,9,11,3.2360000610351562,11,True,1.0,buck,unrepeated,-0.5,buck
1117,915.6671351619655,8,3,4.0991997718811035,9,True,1.0,hurt,unrepeated,-0.5,hurt
1152,485.2721422422251,12,7,3.6986000537872314,13,True,1.0,pain,unrepeated,-0.5,pain
573,927.5268764415481,8,6,2.767199993133545,16,True,1.0,dish,unrepeated,-0.5,dish
599,869.2870526502711,8,6,3.039400100708008,9,True,1.0,bowl,unrepeated,-0.5,bowl
8,898.3368322715587,9,6,2.1238999366760254,7,True,1.0,gram,unrepeated,-0.5,gram
1239,833.3519001950579,6,4,1.9084999561309814,10,True,1.0,kilo,unrepeated,-0.5,kilo
576,630.7692321609403,9,5,2.617000102996826,11,True,1.0,pony,unrepeated,-0.5,pony
680,892.3745762235064,11,18,2.1731998920440674,13,True,1.0,mare,unrepeated,-0.5,mare
946,843.5675928274371,9,11,1.7559000253677368,13,True,1.0,gull,unrepeated,-0.5,gull
1261,707.185094042593,12,15,1.5681999921798706,9,True,1.0,coot,unrepeated,-0.5,coot
620,899.3122054899017,9,6,3.200900077819824,10,True,1.0,bath,unrepeated,-0.5,bath
684,856.577636395323,11,12,2.936500072479248,8,True,1.0,sink,unrepeated,-0.5,sink
118,740.1793967140145,5,0,2.433000087738037,7,True,1.0,nova,unrepeated,-0.5,nova
709,909.6021870820281,9,9,3.618000030517578,13,True,1.0,star,unrepeated,-0.5,star
623,373.4504030048481,13,10,2.789599895477295,14,True,1.0,dime,unrepeated,-0.5,dime
909,872.5216591300808,9,10,2.684799909591675,12,True,1.0,cent,unrepeated,-0.5,cent
270,908.183882176097,9,7,2.285599946975708,10,True,1.0,pact,unrepeated,-0.5,pact
1255,881.7419666557926,11,14,4.124899864196777,11,True,1.0,deal,unrepeated,-0.5,deal
1437,792.8228904496201,12,16,1.544100046157837,9,True,1.0,lore,unrepeated,-0.5,lore
1466,742.266586874518,5,3,2.547800064086914,6,True,1.0,myth,unrepeated,-0.5,myth
1251,795.266753655149,8,10,2.761899948120117,8,True,1.0,rage,unrepeated,-0.5,rage
1311,840.8905552585608,7,2,2.29229998588562,8,True,1.0,fury,unrepeated,-0.5,fury
41,807.0964937960229,10,7,2.6989998817443848,12,True,1.0,silk,unrepeated,-0.5,silk
610,737.0391975201549,8,6,2.2095000743865967,9,True,1.0,wool,unrepeated,-0.5,wool
910,765.5131503974555,6,4,1.857300043106079,8,True,1.0,wept,unrepeated,-0.5,wept
1150,770.2451192462577,7,3,1.462399959564209,7,True,1.0,bawl,unrepeated,-0.5,bawl
510,910.5459916483845,7,3,3.629300117492676,14,True,1.0,fish,unrepeated,-0.5,fish
585,826.122911950866,6,2,2.6117000579833984,12,True,1.0,tuna,unrepeated,-0.5,tuna
22,821.3925162304615,7,5,2.4065001010894775,12,True,1.0,herb,unrepeated,-0.5,herb
241,844.8431938559385,9,12,1.954200029373169,11,True,1.0,sage,unrepeated,-0.5,sage
937,754.1626452492361,7,8,3.8190999031066895,7,True,1.0,king,unrepeated,-0.5,king
1003,647.3601619296812,4,1,1.3009999990463257,9,True,1.0,tsar,unrepeated,-0.5,tsar
30,782.1981128481996,6,2,1.9911999702453613,11,True,1.0,knit,unrepeated,-0.5,knit
1034,831.2355051083987,7,2,1.8260999917984009,10,True,1.0,sewn,unrepeated,-0.5,sewn
26,861.6132395787436,7,5,2.3784000873565674,10,True,1.0,limb,unrepeated,-0.5,limb
692,886.8332202851814,9,7,4.154200077056885,11,True,1.0,hand,unrepeated,-0.5,hand
61,648.9283980040051,9,7,1.9589999914169312,6,True,1.0,dung,unrepeated,-0.5,dung
138,893.5774149496476,9,7,3.4986000061035156,7,True,1.0,crap,unrepeated,-0.5,crap
57,710.534309989732,10,7,2.7723000049591064,11,True,1.0,plot,unrepeated,-0.5,plot
1222,896.3279860210383,11,13,2.7874999046325684,11,True,1.0,tale,unrepeated,-0.5,tale
275,749.2614408063882,4,0,0.9031000137329102,13,True,1.0,ovum,unrepeated,-0.5,ovum
821,894.9607689071496,8,10,3.4428999423980713,11,True,1.0,cell,unrepeated,-0.5,cell
62,658.6272221698271,4,0,0.3009999990463257,8,True,1.0,lynx,unrepeated,-0.5,lynx
595,891.2007333889158,12,16,2.29229998588562,8,True,1.0,hare,unrepeated,-0.5,hare
240,107.10676337683235,2,4,2.478600025177002,11,True,1.0,glue,unrepeated,-0.5,glue
815,642.2355365642557,5,1,1.0,14,True,1.0,inks,unrepeated,-0.5,inks
92,442.46783993311783,13,11,2.609600067138672,10,True,1.0,tuck,unrepeated,-0.5,tuck
1287,911.8378797973512,10,9,2.851300001144409,8,True,1.0,darn,unrepeated,-0.5,darn
213,572.4375723006517,3,0,1.2553000450134277,11,True,1.0,onyx,unrepeated,-0.5,onyx
836,839.2899978215995,6,3,2.4149999618530273,9,True,1.0,jade,unrepeated,-0.5,jade
141,815.5745017201756,9,10,2.5694000720977783,10,True,1.0,tick,unrepeated,-0.5,tick
587,773.7323842204445,7,5,2.2304000854492188,8,True,1.0,flea,unrepeated,-0.5,flea
170,848.9852613061397,9,9,2.2095000743865967,9,True,1.0,funk,unrepeated,-0.5,funk
196,681.7288652511709,4,0,2.784600019454956,9,True,1.0,jazz,unrepeated,-0.5,jazz
142,690.651281512639,7,1,2.56469988822937,12,True,1.0,glen,unrepeated,-0.5,glen
549,902.4854049299107,10,12,3.282399892807007,13,True,1.0,hill,unrepeated,-0.5,hill
294,911.1635660914355,9,6,2.599900007247925,11,True,1.0,soil,unrepeated,-0.5,soil
602,869.0935850027181,8,3,3.1175999641418457,5,True,1.0,dirt,unrepeated,-0.5,dirt
178,884.4913443647165,9,10,2.8578999042510986,10,True,1.0,bush,unrepeated,-0.5,bush
511,801.2616488295822,8,4,3.5206000804901123,15,True,1.0,tree,unrepeated,-0.5,tree
384,736.5923176457045,5,1,2.8006999492645264,7,True,1.0,inch,unrepeated,-0.5,inch
1291,857.002606783882,10,8,2.0085999965667725,4,True,1.0,span,unrepeated,-0.5,span
186,816.1142627000117,7,3,2.734800100326538,12,True,1.0,lamb,unrepeated,-0.5,lamb
608,941.3054813696219,11,11,2.648400068283081,10,True,1.0,deer,unrepeated,-0.5,deer
266,827.2125514616085,8,7,1.8920999765396118,9,True,1.0,haze,unrepeated,-0.5,haze
488,653.6795262861427,6,1,1.7482000589370728,9,True,1.0,smog,unrepeated,-0.5,smog
191,642.2412762301276,10,7,2.164400100708008,8,True,1.0,moss,unrepeated,-0.5,moss
524,875.2266877131937,6,0,2.2147998809814453,9,True,1.0,fern,unrepeated,-0.5,fern
405,784.4010218215594,6,2,1.6720999479293823,11,True,1.0,acne,unrepeated,-0.5,acne
1242,724.9262729364665,5,2,2.330399990081787,11,True,1.0,itch,unrepeated,-0.5,itch
230,855.2728151722652,9,8,1.924299955368042,10,True,1.0,lark,unrepeated,-0.5,lark
470,820.9229459765759,6,1,1.3009999990463257,6,True,1.0,wren,unrepeated,-0.5,wren
314,927.3815735014175,7,3,2.749000072479248,11,True,1.0,shed,unrepeated,-0.5,shed
654,899.6108762760989,9,8,4.350599765777588,15,True,1.0,room,unrepeated,-0.5,room
233,882.1118550720224,9,7,2.3385000228881836,7,True,1.0,lure,unrepeated,-0.5,lure
271,846.3332776975856,8,3,2.6963999271392822,6,True,1.0,bait,unrepeated,-0.5,bait
548,656.3506875216117,11,9,3.688999891281128,14,True,1.0,boat,unrepeated,-0.5,boat
597,923.2781627486138,10,8,3.7028000354766846,10,True,1.0,ship,unrepeated,-0.5,ship
251,831.5475080967368,6,6,1.462399959564209,11,True,1.0,kale,unrepeated,-0.5,kale
559,867.5546661141618,8,8,1.2041000127792358,9,True,1.0,leek,unrepeated,-0.5,leek
25,875.6049338829067,8,10,1.544100046157837,8,True,1.0,mope,unrepeated,-0.5,mope
1474,862.2306983114534,8,5,1.7243000268936157,8,True,1.0,glum,unrepeated,-0.5,glum
285,813.3934401173447,10,10,2.841399908065796,8,True,1.0,barn,unrepeated,-0.5,barn
880,718.8789901060875,8,5,1.6901999711990356,9,True,1.0,silo,unrepeated,-0.5,silo
505,573.5629959532896,4,0,1.6128000020980835,11,True,1.0,kiwi,unrepeated,-0.5,kiwi
626,885.3482386909997,8,5,2.243000030517578,12,True,1.0,plum,unrepeated,-0.5,plum
319,838.339241611342,9,5,1.8691999912261963,8,True,1.0,wasp,unrepeated,-0.5,wasp
696,893.7557433280557,7,5,2.436199903488159,13,True,1.0,bees,unrepeated,-0.5,bees
545,645.3513813319388,4,0,2.2227001190185547,14,True,1.0,mayo,unrepeated,-0.5,mayo
736,830.4098417517155,10,9,1.2553000450134277,10,True,1.0,slaw,unrepeated,-0.5,slaw
454,709.7644010143479,5,3,1.3617000579833984,10,True,1.0,oxen,unrepeated,-0.5,oxen
621,919.4579718162364,10,12,3.14739990234375,8,True,1.0,bull,unrepeated,-0.5,bull
114,616.3490471885077,6,1,3.904400110244751,8,True,1.0,whoa,unrepeated,-0.5,whoa
1483,762.9714679657003,5,1,2.7458999156951904,6,True,1.0,oops,unrepeated,-0.5,oops
544,708.8636999254957,8,9,2.413300037384033,10,True,1.0,cafe,unrepeated,-0.5,cafe
763,695.0376199230724,5,1,2.037400007247925,7,True,1.0,deli,unrepeated,-0.5,deli
174,850.36377838652,7,2,2.5211000442504883,13,True,1.0,riot,unrepeated,-0.5,riot
877,837.8298836854887,7,3,2.2528998851776123,11,True,1.0,thug,unrepeated,-0.5,thug
578,786.8796424744829,8,3,2.510499954223633,9,True,1.0,pond,unrepeated,-0.5,pond
592,903.4081190138792,9,13,3.2641000747680664,9,True,1.0,lake,unrepeated,-0.5,lake
695,737.2640981995416,10,12,2.7809998989105225,15,True,1.0,pill,unrepeated,-0.5,pill
798,838.1687328393178,6,2,3.36299991607666,12,True,1.0,drug,unrepeated,-0.5,drug
590,919.8752166452925,9,11,3.585599899291992,12,True,1.0,beer,unrepeated,-0.5,beer
1338,919.4393406769498,9,15,3.514899969100952,11,True,1.0,sake,unrepeated,-0.5,sake
144,826.1905146138897,9,6,1.8194999694824219,6,True,1.0,posh,unrepeated,-0.5,posh
1347,785.4474030922331,8,5,2.0492000579833984,7,True,1.0,snob,unrepeated,-0.5,snob
596,421.61593971731764,12,10,4.168700218200684,9,True,1.0,face,unrepeated,-0.5,face
676,586.8937049757901,14,11,4.277599811553955,9,True,1.0,head,unrepeated,-0.5,head
958,776.0766616309531,8,9,3.536799907684326,8,True,1.0,nine,unrepeated,-0.5,nine
1188,879.5455478665717,8,6,4.115499973297119,9,True,1.0,four,unrepeated,-0.5,four
744,900.5925576366144,9,11,2.613800048828125,12,True,1.0,rash,unrepeated,-0.5,rash
830,889.7554505752535,10,10,1.0,9,True,1.0,welt,unrepeated,-0.5,welt
1367,824.7868252110673,8,10,2.4969000816345215,6,True,1.0,scam,unrepeated,-0.5,scam
1456,838.3149616539673,7,4,1.531499981880188,6,True,1.0,dupe,unrepeated,-0.5,dupe
751,859.1065310067006,9,8,2.4377999305725098,6,True,1.0,peel,unrepeated,-0.5,peel
805,729.4160832159912,9,9,1.1761000156402588,6,True,1.0,rind,unrepeated,-0.5,rind
71,828.3854101802896,7,4,1.6812000274658203,10,True,1.0,spud,unrepeated,-0.5,spud
698,896.6779624858597,9,7,3.0220000743865967,9,True,1.0,chip,unrepeated,-0.5,chip
838,863.2728303418704,8,6,2.1875,10,True,1.0,boob,unrepeated,-0.5,boob
843,848.347468517869,11,13,1.2303999662399292,7,True,1.0,teat,unrepeated,-0.5,teat
152,662.8252790270569,8,8,2.0569000244140625,4,True,1.0,goof,unrepeated,-0.5,goof
1108,670.7421733807826,6,2,1.544100046157837,8,True,1.0,typo,unrepeated,-0.5,typo
23,934.0144357204132,11,18,1.079200029373169,8,True,1.0,sear,unrepeated,-0.5,sear
903,862.9473609090959,10,13,2.510499954223633,9,True,1.0,bake,unrepeated,-0.5,bake
49,923.5672500657238,12,13,2.2279000282287598,11,True,1.0,lime,unrepeated,-0.5,lime
557,906.1519429762504,9,13,1.8387999534606934,10,True,1.0,pear,unrepeated,-0.5,pear
40,908.7792201723785,9,12,1.5563000440597534,11,True,1.0,gash,unrepeated,-0.5,gash
931,881.6491330189416,9,6,3.4498000144958496,7,True,1.0,burn,unrepeated,-0.5,burn
305,784.4654775345249,6,2,3.380199909210205,7,True,1.0,plus,unrepeated,-0.5,plus
375,869.6252721752256,9,6,2.4518001079559326,8,True,1.0,grid,unrepeated,-0.5,grid
46,775.7634850006418,6,1,3.4149999618530273,6,True,1.0,duty,unrepeated,-0.5,duty
1461,843.9678197259848,10,12,2.9684998989105225,8,True,1.0,role,unrepeated,-0.5,role
195,740.1961496633544,6,2,1.8451000452041626,8,True,1.0,alto,unrepeated,-0.5,alto
1105,786.3099459569288,5,1,1.8976000547409058,8,True,1.0,diva,unrepeated,-0.5,diva
47,811.6623159747965,10,13,1.579800009727478,5,True,1.0,hone,unrepeated,-0.5,hone
364,870.4097662844531,7,4,0.7781999707221985,10,True,1.0,rasp,unrepeated,-0.5,rasp
162,651.2358435101258,4,0,3.1201999187469482,12,True,1.0,taxi,unrepeated,-0.5,taxi
475,783.4449722765078,6,1,2.5933001041412354,12,True,1.0,auto,unrepeated,-0.5,auto
159,907.6955051836142,12,16,2.7551000118255615,10,True,1.0,boot,unrepeated,-0.5,boot
609,816.150229726549,9,7,2.577500104904175,6,True,1.0,heel,unrepeated,-0.5,heel
203,714.996119572746,6,2,2.3032000064849854,13,True,1.0,bulb,unrepeated,-0.5,bulb
534,905.4340953978278,10,8,2.81820011138916,11,True,1.0,lamp,unrepeated,-0.5,lamp
161,859.2878174224008,9,4,1.6901999711990356,9,True,1.0,font,unrepeated,-0.5,font
163,739.5522257249374,8,4,3.490499973297119,5,True,1.0,type,unrepeated,-0.5,type
342,686.9643979447239,5,0,1.9031000137329102,8,True,1.0,luau,unrepeated,-0.5,luau
1093,643.0504782927117,13,13,1.8451000452041626,10,True,1.0,fest,unrepeated,-0.5,fest
185,630.9907959044532,4,0,1.2788000106811523,12,True,1.0,oboe,unrepeated,-0.5,oboe
277,837.0945669892374,9,7,2.1303000450134277,11,True,1.0,harp,unrepeated,-0.5,harp
346,814.6033744844588,8,6,2.672100067138672,9,True,1.0,hint,unrepeated,-0.5,hint
480,877.1518371232236,7,3,2.9537999629974365,7,True,1.0,clue,unrepeated,-0.5,clue
202,675.214944534899,9,4,1.986799955368042,9,True,1.0,moan,unrepeated,-0.5,moan
273,739.1772374531909,6,3,0.9031000137329102,6,True,1.0,yelp,unrepeated,-0.5,yelp
221,736.0950601397029,6,2,1.7243000268936157,9,True,1.0,opal,unrepeated,-0.5,opal
671,777.6841453265066,5,0,2.783900022506714,11,True,1.0,ruby,unrepeated,-0.5,ruby
210,684.8568851234259,9,7,2.037400007247925,11,True,1.0,snot,unrepeated,-0.5,snot
581,716.4248747929163,10,10,3.5511999130249023,11,True,1.0,nose,unrepeated,-0.5,nose
244,669.1501610527446,10,5,2.9014999866485596,12,True,1.0,tune,unrepeated,-0.5,tune
961,753.0709204933597,4,0,1.924299955368042,10,True,1.0,hymn,unrepeated,-0.5,hymn
234,690.7931587946587,8,3,3.0980000495910645,6,True,1.0,path,unrepeated,-0.5,path
677,844.4018221713134,9,5,3.7565999031066895,11,True,1.0,road,unrepeated,-0.5,road
440,877.0599315772419,8,4,2.613800048828125,11,True,1.0,tray,unrepeated,-0.5,tray
990,907.338568242593,11,13,4.1585001945495605,10,True,1.0,case,unrepeated,-0.5,case
282,707.9315709742452,12,9,2.730799913406372,10,True,1.0,pork,unrepeated,-0.5,pork
683,852.4713184692761,7,6,3.0025999546051025,13,True,1.0,beef,unrepeated,-0.5,beef
507,899.0055803055141,8,8,1.8260999917984009,9,True,1.0,tush,unrepeated,-0.5,tush
860,870.8031553194894,10,12,5.0106000900268555,8,True,1.0,back,unrepeated,-0.5,back
297,850.4556328796432,9,10,2.3559999465942383,6,True,1.0,vile,unrepeated,-0.5,vile
1543,888.8708092292798,9,8,5.124199867248535,12,True,1.0,good,unrepeated,-0.5,good
367,833.3412934479569,7,3,1.6232000589370728,8,True,1.0,clog,unrepeated,-0.5,clog
561,585.3169543595699,11,11,2.661799907684326,8,True,1.0,sock,unrepeated,-0.5,sock
299,581.2202078896007,4,0,1.9031000137329102,7,True,1.0,quad,unrepeated,-0.5,quad
651,652.9533013641383,8,7,2.7202000617980957,9,True,1.0,jeep,unrepeated,-0.5,jeep
499,807.9679448889359,7,5,1.8691999912261963,8,True,1.0,spur,unrepeated,-0.5,spur
936,882.3670613656457,7,2,1.968500018119812,10,True,1.0,trot,unrepeated,-0.5,trot
301,874.2820925503247,9,10,1.7323999404907227,10,True,1.0,mead,unrepeated,-0.5,mead
657,793.2541615130452,11,16,3.4883999824523926,7,True,1.0,wine,unrepeated,-0.5,wine
365,885.7173339867331,9,5,2.307499885559082,8,True,1.0,mutt,unrepeated,-0.5,mutt
513,771.5257470666068,6,2,3.4321999549865723,10,True,1.0,dogs,unrepeated,-0.5,dogs
362,638.8494161872012,6,1,1.0,5,True,1.0,cyan,unrepeated,-0.5,cyan
1068,856.5280056274563,7,3,3.717900037765503,7,True,1.0,blue,unrepeated,-0.5,blue
717,914.749681606663,10,13,3.7811999320983887,13,True,1.0,bill,unrepeated,-0.5,bill
1156,902.3218514373466,10,13,3.246299982070923,10,True,1.0,rent,unrepeated,-0.5,rent
368,774.5580612187583,10,11,2.819499969482422,9,True,1.0,sack,unrepeated,-0.5,sack
841,879.3264206149172,8,6,1.7482000589370728,12,True,1.0,tote,unrepeated,-0.5,tote
814,619.4658306143691,5,0,1.2303999662399292,8,True,1.0,gyro,unrepeated,-0.5,gyro
827,844.4811350808716,8,6,2.517199993133545,7,True,1.0,stew,unrepeated,-0.5,stew
376,846.3165959855327,8,5,2.989000082015991,7,True,1.0,bout,unrepeated,-0.5,bout
1124,770.659448037461,11,13,3.4993999004364014,12,True,1.0,race,unrepeated,-0.5,race
528,891.1288245940963,9,5,3.544100046157837,11,True,1.0,suit,unrepeated,-0.5,suit
750,820.034126611545,7,3,2.5250000953674316,7,True,1.0,gown,unrepeated,-0.5,gown
388,849.0576003523189,9,7,1.6021000146865845,6,True,1.0,carp,unrepeated,-0.5,carp
495,925.2789182348748,10,10,2.3710999488830566,9,True,1.0,pike,unrepeated,-0.5,pike
529,767.9648178732264,6,2,3.4844000339508057,9,True,1.0,arms,unrepeated,-0.5,arms
655,780.6075879455592,6,3,3.998800039291382,10,True,1.0,body,unrepeated,-0.5,body
419,884.5723373446492,7,3,2.7258999347686768,13,True,1.0,plug,unrepeated,-0.5,plug
774,881.5854721670323,8,4,2.396199941635132,11,True,1.0,fuse,unrepeated,-0.5,fuse
619,863.984190052689,8,6,3.2040998935699463,11,True,1.0,snow,unrepeated,-0.5,snow
866,893.2534616471743,10,13,2.7881999015808105,9,True,1.0,hail,unrepeated,-0.5,hail
458,819.5716871411025,7,3,2.359800100326538,8,True,1.0,loaf,unrepeated,-0.5,loaf
883,754.3160409944852,6,1,1.7633999586105347,12,True,1.0,pita,unrepeated,-0.5,pita
872,820.7383390576604,6,0,3.7235000133514404,10,True,1.0,mama,unrepeated,-0.5,mama
916,546.4611950685878,9,5,3.4495999813079834,11,True,1.0,aunt,unrepeated,-0.5,aunt
493,709.5018289983766,11,17,1.3978999853134155,10,True,1.0,pore,unrepeated,-0.5,pore
658,709.3946419517275,9,7,3.351599931716919,14,True,1.0,skin,unrepeated,-0.5,skin
613,672.4552512872808,4,0,2.139899969100952,10,True,1.0,tofu,unrepeated,-0.5,tofu
1469,733.3831181169328,5,1,1.5184999704360962,9,True,1.0,idly,unrepeated,-0.5,idly
532,795.9816653741881,7,3,3.1905999183654785,12,True,1.0,shoe,unrepeated,-0.5,shoe
1015,806.9606281139859,8,5,3.2790000438690186,4,True,1.0,pair,unrepeated,-0.5,pair
1137,716.2264481486352,6,0,3.3922998905181885,3,True,1.0,huge,unrepeated,-0.5,huge
1475,861.4513090063425,8,8,2.4941999912261963,8,True,1.0,vast,unrepeated,-0.5,vast
591,930.5222597872382,13,19,3.4667000770568848,8,True,1.0,bear,unrepeated,-0.5,bear
661,806.8236561887387,7,2,3.014899969100952,8,True,1.0,wolf,unrepeated,-0.5,wolf
634,899.4080550341475,11,10,2.456399917602539,6,True,1.0,poop,unrepeated,-0.5,poop
976,691.1478652791238,8,3,2.1522998809814453,8,True,1.0,turd,unrepeated,-0.5,turd
605,774.7595374691236,11,12,2.8864998817443848,7,True,1.0,rice,unrepeated,-0.5,rice
804,747.6569834054173,7,3,1.8324999809265137,9,True,1.0,bran,unrepeated,-0.5,bran
656,688.5163052247266,6,2,3.935800075531006,10,True,1.0,city,unrepeated,-0.5,city
730,807.2991705044562,7,3,4.101900100708008,11,True,1.0,town,unrepeated,-0.5,town
624,772.4175811137727,11,11,2.2788000106811523,11,True,1.0,lace,unrepeated,-0.5,lace
1275,907.1804926098933,9,7,3.7862000465393066,8,True,1.0,felt,unrepeated,-0.5,felt
670,798.7343138020846,9,6,3.083899974822998,15,True,1.0,deck,unrepeated,-0.5,deck
775,599.367339785068,8,4,3.7820000648498535,7,True,1.0,step,unrepeated,-0.5,step
629,849.5309162139602,8,4,3.437299966812134,8,True,1.0,bomb,unrepeated,-0.5,bomb
977,836.5535037383643,6,3,2.086400032043457,12,True,1.0,nuke,unrepeated,-0.5,nuke
731,815.0392754766997,6,3,3.338900089263916,10,True,1.0,jury,unrepeated,-0.5,jury
1025,881.473402924387,10,14,2.9474000930786133,10,True,1.0,bail,unrepeated,-0.5,bail
636,799.2899602151963,7,2,1.3617000579833984,6,True,1.0,gnat,unrepeated,-0.5,gnat
714,899.5931804475865,8,4,2.06820011138916,12,True,1.0,moth,unrepeated,-0.5,moth
646,938.8609563685428,11,17,3.3615000247955322,8,True,1.0,cake,unrepeated,-0.5,cake
956,920.7785781616261,8,7,1.9394999742507935,11,True,1.0,flan,unrepeated,-0.5,flan
642,787.300988133978,7,3,4.173099994659424,11,True,1.0,door,unrepeated,-0.5,door
758,852.1315156021079,10,13,1.3802000284194946,7,True,1.0,sill,unrepeated,-0.5,sill
981,907.1712361937616,9,7,4.396299839019775,11,True,1.0,show,unrepeated,-0.5,show
1216,826.5401361985048,9,5,4.257199764251709,8,True,1.0,play,unrepeated,-0.5,play
673,870.7334170382953,8,4,2.4914000034332275,11,True,1.0,bats,unrepeated,-0.5,bats
832,734.627044259992,11,13,2.6149001121520996,8,True,1.0,mole,unrepeated,-0.5,mole
19,672.9105082935203,5,1,4.02239990234375,3,True,1.0,also,unrepeated,-0.5,also
1564,741.0856493839399,7,3,2.7987000942230225,4,True,1.0,thus,unrepeated,-0.5,thus
729,910.8296649374073,11,12,3.4602999687194824,9,True,1.0,lock,unrepeated,-0.5,lock
1176,891.9855309298815,7,8,3.863600015640259,14,True,1.0,safe,unrepeated,-0.5,safe
9,811.0459376944589,6,1,0.8450999855995178,9,True,1.0,clef,unrepeated,-0.5,clef
728,870.6237317905222,9,11,3.756500005722046,10,True,1.0,mike,unrepeated,-0.5,mike
735,760.1142859253134,7,3,2.3784000873565674,9,True,1.0,lens,unrepeated,-0.5,lens
1258,667.413989706052,5,4,2.2600998878479004,5,True,1.0,zoom,unrepeated,-0.5,zoom
1088,854.591377205505,8,5,4.557199954986572,9,True,1.0,stop,unrepeated,-0.5,stop
1184,865.3311820640314,9,5,2.7604000568389893,6,True,1.0,halt,unrepeated,-0.5,halt
740,875.4762831137887,7,4,2.0827999114990234,13,True,1.0,meth,unrepeated,-0.5,meth
1286,881.2233338696608,10,14,2.914299964904785,6,True,1.0,dope,unrepeated,-0.5,dope
1236,684.1831841129638,8,4,2.7339999675750732,9,True,1.0,fund,unrepeated,-0.5,fund
1330,846.3922641025689,6,1,3.6129000186920166,9,True,1.0,rich,unrepeated,-0.5,rich
778,788.8796884029214,5,2,2.3578999042510986,12,True,1.0,yoga,unrepeated,-0.5,yoga
1230,812.9164004949602,8,5,3.266700029373169,8,True,1.0,pray,unrepeated,-0.5,pray
4,918.4616140327893,10,10,2.444000005722046,8,True,1.0,mint,unrepeated,-0.5,mint
638,822.7073848447687,6,0,1.2041000127792358,11,True,1.0,aloe,unrepeated,-0.5,aloe
1031,878.2018771659305,9,11,3.8220999240875244,7,True,1.0,cold,unrepeated,-0.5,cold
1134,660.6985388075417,10,9,3.4249000549316406,4,True,1.0,warm,unrepeated,-0.5,warm
24,785.9108585061266,6,1,3.22189998626709,8,True,1.0,ally,unrepeated,-0.5,ally
1525,847.6098002515015,8,6,1.7559000253677368,7,True,1.0,tact,unrepeated,-0.5,tact
1372,652.3834071469773,7,4,2.9047000408172607,7,True,1.0,hers,unrepeated,-0.5,hers
1428,759.011165849944,6,5,5.5167999267578125,4,True,1.0,your,unrepeated,-0.5,your
7,827.3152233718789,7,3,3.8712000846862793,6,True,1.0,plan,unrepeated,-0.5,plan
1039,909.7569400213727,8,4,3.8020999431610107,11,True,1.0,boss,unrepeated,-0.5,boss
1496,612.1141523184573,11,10,5.148399829864502,6,True,1.0,want,unrepeated,-0.5,want
1536,810.928804746032,7,8,4.819799900054932,11,True,1.0,need,unrepeated,-0.5,need
50,848.6975442340384,7,3,2.450200080871582,9,True,1.0,prey,unrepeated,-0.5,prey
356,820.4473444208073,6,1,0.7781999707221985,7,True,1.0,bios,unrepeated,-0.5,bios
5,450.71556914138364,16,15,3.112600088119507,10,True,1.0,sale,unrepeated,-0.5,sale
1403,803.147010417643,10,9,3.447499990463257,8,True,1.0,cost,unrepeated,-0.5,cost
33,836.5102913787894,8,6,2.4249000549316406,8,True,1.0,leaf,unrepeated,-0.5,leaf
741,794.7201024011283,7,4,2.060699939727783,9,True,1.0,stem,unrepeated,-0.5,stem
10,812.0303026335284,9,7,3.239799976348877,8,True,1.0,mood,unrepeated,-0.5,mood
1505,675.9277548983715,6,4,2.426500082015991,5,True,1.0,vibe,unrepeated,-0.5,vibe
67,823.4259902811045,8,6,3.2063000202178955,6,True,1.0,weak,unrepeated,-0.5,weak
1379,838.0628241156699,8,3,1.875100016593933,4,True,1.0,puny,unrepeated,-0.5,puny
13,798.5200414678669,11,8,1.3978999853134155,6,True,1.0,bode,unrepeated,-0.5,bode
1350,729.1271533918219,5,4,1.9444999694824219,8,True,1.0,omen,unrepeated,-0.5,omen
79,836.6206598537565,8,5,2.873300075531006,7,True,1.0,spin,unrepeated,-0.5,spin
783,716.0763581346293,6,2,2.1238999366760254,7,True,1.0,axel,unrepeated,-0.5,axel
31,924.7161822584546,10,10,2.5866000652313232,5,True,1.0,bold,unrepeated,-0.5,bold
1308,641.5689703165474,8,4,2.2040998935699463,13,True,1.0,wimp,unrepeated,-0.5,wimp
55,810.756669538083,8,5,2.8626999855041504,5,True,1.0,flip,unrepeated,-0.5,flip
966,827.285226323181,10,12,2.816200017929077,6,True,1.0,dive,unrepeated,-0.5,dive
39,863.4754296786205,10,9,1.9394999742507935,11,True,1.0,lard,unrepeated,-0.5,lard
535,782.8390142260762,7,5,2.657099962234497,13,True,1.0,oven,unrepeated,-0.5,oven
73,775.7517447860371,6,1,1.2303999662399292,3,True,1.0,gawk,unrepeated,-0.5,gawk
119,591.768330790253,5,1,1.3009999990463257,3,True,1.0,ogle,unrepeated,-0.5,ogle
43,663.3923180133853,4,1,1.6021000146865845,6,True,1.0,yogi,unrepeated,-0.5,yogi
204,825.8972355762698,7,2,2.89490008354187,10,True,1.0,diet,unrepeated,-0.5,diet
107,757.3781860035353,9,12,2.033400058746338,5,True,1.0,vine,unrepeated,-0.5,vine
173,785.7691585597951,10,12,2.6675000190734863,5,True,1.0,reed,unrepeated,-0.5,reed
65,908.5237058845789,10,13,2.1270999908447266,7,True,1.0,hoot,unrepeated,-0.5,hoot
354,827.6485805008845,7,2,1.6021000146865845,5,True,1.0,purr,unrepeated,-0.5,purr
109,652.1499567476762,11,12,2.846299886703491,8,True,1.0,sail,unrepeated,-0.5,sail
662,839.0790953851554,8,6,2.950900077819824,9,True,1.0,flag,unrepeated,-0.5,flag
82,860.7695767379734,11,11,2.045300006866455,6,True,1.0,hock,unrepeated,-0.5,hock
648,858.1816350882336,9,8,1.8632999658584595,5,True,1.0,rump,unrepeated,-0.5,rump
113,851.0982080823853,10,11,2.342400074005127,9,True,1.0,mold,unrepeated,-0.5,mold
734,878.7135730714912,8,6,2.4047999382019043,11,True,1.0,slug,unrepeated,-0.5,slug
86,779.9339770921054,8,4,2.381999969482422,7,True,1.0,raft,unrepeated,-0.5,raft
397,917.0610509887053,10,10,2.8101999759674072,7,True,1.0,pump,unrepeated,-0.5,pump
93,784.1407255684487,6,2,2.8101999759674072,10,True,1.0,eats,unrepeated,-0.5,eats
865,776.1637357137843,9,11,3.3664000034332275,10,True,1.0,cook,unrepeated,-0.5,cook
89,811.6668794639638,7,4,1.5563000440597534,12,True,1.0,lube,unrepeated,-0.5,lube
1045,786.8698336689449,6,1,1.6990000009536743,7,True,1.0,oily,unrepeated,-0.5,oily
108,901.7296661073349,8,3,2.3578999042510986,9,True,1.0,cult,unrepeated,-0.5,cult
1054,842.3167776582353,9,7,3.876699924468994,8,True,1.0,team,unrepeated,-0.5,team
95,859.9225230133903,7,8,0.7781999707221985,6,True,1.0,eave,unrepeated,-0.5,eave
660,865.4864718521669,8,7,3.2597999572753906,10,True,1.0,roof,unrepeated,-0.5,roof
120,628.4703198233126,4,0,1.7633999586105347,7,True,1.0,afro,unrepeated,-0.5,afro
1390,830.2174042583792,6,5,1.9394999742507935,10,True,1.0,jive,unrepeated,-0.5,jive
98,665.0001271035653,7,3,2.8136000633239746,9,True,1.0,hawk,unrepeated,-0.5,hawk
889,917.4864431917122,11,12,1.8632999658584595,8,True,1.0,loon,unrepeated,-0.5,loon
128,819.4039423447797,7,3,0.9031000137329102,9,True,1.0,alum,unrepeated,-0.5,alum
582,749.0526361544909,9,4,2.998300075531006,8,True,1.0,salt,unrepeated,-0.5,salt
101,762.7276437384753,7,3,2.983599901199341,9,True,1.0,june,unrepeated,-0.5,june
1155,902.9626413903286,9,9,4.085100173950195,9,True,1.0,week,unrepeated,-0.5,week
137,662.9896561662943,9,6,1.9955999851226807,9,True,1.0,fang,unrepeated,-0.5,fang
675,857.531911654846,8,6,1.1461000442504883,8,True,1.0,tusk,unrepeated,-0.5,tusk
102,890.6929355677181,8,6,2.1238999366760254,8,True,1.0,reap,unrepeated,-0.5,reap
284,828.5317370951622,8,4,1.2553000450134277,7,True,1.0,sown,unrepeated,-0.5,sown
117,740.2830425469183,7,4,0.8450999855995178,4,True,1.0,glob,unrepeated,-0.5,glob
978,720.2218344312063,6,2,1.4471999406814575,6,True,1.0,ooze,unrepeated,-0.5,ooze
111,783.738950574944,6,1,1.1461000442504883,8,True,1.0,peso,unrepeated,-0.5,peso
1260,878.1193873214208,7,4,1.986799955368042,11,True,1.0,watt,unrepeated,-0.5,watt
127,732.7793095129313,9,9,2.76419997215271,7,True,1.0,cock,unrepeated,-0.5,cock
604,871.0185897372719,8,9,3.0141000747680664,6,True,1.0,wing,unrepeated,-0.5,wing
122,866.8295634763577,10,11,1.0,11,True,1.0,seep,unrepeated,-0.5,seep
1186,878.0121853818733,9,10,1.5681999921798706,3,True,1.0,gush,unrepeated,-0.5,gush
151,845.6099650174232,8,9,2.9781999588012695,10,True,1.0,vice,unrepeated,-0.5,vice
858,844.9141905007964,8,9,2.086400032043457,9,True,1.0,swab,unrepeated,-0.5,swab
123,891.2095339669346,11,15,2.566999912261963,5,True,1.0,bent,unrepeated,-0.5,bent
478,731.8623591633495,9,10,2.448699951171875,7,True,1.0,warp,unrepeated,-0.5,warp
187,639.7371062355315,5,1,3.122499942779541,7,True,1.0,amen,unrepeated,-0.5,amen
316,898.1164302617219,10,13,2.2809998989105225,10,True,1.0,lent,unrepeated,-0.5,lent
131,592.3786706768417,12,10,2.429800033569336,6,True,1.0,sole,unrepeated,-0.5,sole
256,907.0808778886324,10,8,2.5866000652313232,6,True,1.0,bass,unrepeated,-0.5,bass
154,821.5801471068933,7,3,1.9493999481201172,5,True,1.0,gasp,unrepeated,-0.5,gasp
1013,752.6279042205837,6,3,2.240499973297119,7,True,1.0,sigh,unrepeated,-0.5,sigh
136,796.2026306514388,8,5,2.56820011138916,9,True,1.0,dorm,unrepeated,-0.5,dorm
383,867.0426742278672,8,5,2.2067999839782715,12,True,1.0,frat,unrepeated,-0.5,frat
153,804.6697202676114,6,1,1.4471999406814575,9,True,1.0,noun,unrepeated,-0.5,noun
1301,729.624616376468,7,3,5.320700168609619,6,True,1.0,they,unrepeated,-0.5,they
148,596.3348029885667,7,1,3.116300106048584,10,True,1.0,data,unrepeated,-0.5,data
831,414.92205440962226,14,11,3.351599931716919,11,True,1.0,file,unrepeated,-0.5,file
215,812.4856127849216,9,8,2.8006999492645264,12,True,1.0,tire,unrepeated,-0.5,tire
791,714.6524666203749,10,12,2.170300006866455,10,True,1.0,puck,unrepeated,-0.5,puck
158,819.9601738070963,6,1,3.486999988555908,3,True,1.0,lots,unrepeated,-0.5,lots
1431,833.7288967082175,7,2,4.263199806213379,7,True,1.0,many,unrepeated,-0.5,many
181,785.448284949908,9,6,2.06820011138916,10,True,1.0,tong,unrepeated,-0.5,tong
1116,821.5335144855832,9,11,1.9031000137329102,6,True,1.0,spat,unrepeated,-0.5,spat
167,846.7942671610601,8,6,1.1138999462127686,9,True,1.0,nape,unrepeated,-0.5,nape
322,857.029188185106,8,5,2.8115999698638916,6,True,1.0,chin,unrepeated,-0.5,chin
197,698.3949408863947,9,8,2.773099899291992,5,True,1.0,porn,unrepeated,-0.5,porn
1096,671.4657695681233,4,0,1.9444999694824219,6,True,1.0,orgy,unrepeated,-0.5,orgy
172,853.9937990095616,9,10,1.919100046157837,7,True,1.0,gent,unrepeated,-0.5,gent
274,881.9223075647335,12,14,2.8469998836517334,10,True,1.0,dame,unrepeated,-0.5,dame
192,618.2466384796141,8,3,3.0381999015808105,6,True,1.0,deny,unrepeated,-0.5,deny
1435,851.7467449951494,9,11,3.2513999938964844,4,True,1.0,nope,unrepeated,-0.5,nope
176,799.4994788003409,6,2,1.9589999914169312,10,True,1.0,gala,unrepeated,-0.5,gala
1081,920.4811657015109,7,3,2.9576001167297363,12,True,1.0,prom,unrepeated,-0.5,prom
206,773.5148866370051,12,15,1.7482000589370728,10,True,1.0,soot,unrepeated,-0.5,soot
1135,594.0933605907046,6,2,1.079200029373169,6,True,1.0,inky,unrepeated,-0.5,inky
177,819.1843874376575,6,0,3.0834999084472656,6,True,1.0,guts,unrepeated,-0.5,guts
434,874.2379665360335,10,11,1.6128000020980835,11,True,1.0,bile,unrepeated,-0.5,bile
193,843.0004996853559,7,3,1.857300043106079,11,True,1.0,gout,unrepeated,-0.5,gout
519,344.99750352040917,10,1,2.8750998973846436,8,True,1.0,knee,unrepeated,-0.5,knee
180,826.3037299938045,7,5,2.52239990234375,8,True,1.0,vain,unrepeated,-0.5,vain
298,818.0066802756601,7,2,2.859100103378296,9,True,1.0,self,unrepeated,-0.5,self
201,844.6596602482587,10,8,1.7924000024795532,6,True,1.0,bony,unrepeated,-0.5,bony
811,660.2894564565163,5,0,2.1270999908447266,7,True,1.0,jaws,unrepeated,-0.5,jaws
190,867.2533818748891,9,6,1.1138999462127686,4,True,1.0,meld,unrepeated,-0.5,meld
1290,767.3564966490095,6,1,2.0492000579833984,5,True,1.0,ante,unrepeated,-0.5,ante
247,287.1148045847182,13,9,2.158400058746338,7,True,1.0,stat,unrepeated,-0.5,stat
1423,637.4024059124451,5,1,2.2788000106811523,6,True,1.0,info,unrepeated,-0.5,info
200,573.9395280156293,7,3,1.0,3,True,1.0,boxy,unrepeated,-0.5,boxy
607,880.1498909676851,9,11,2.7274999618530273,11,True,1.0,dice,unrepeated,-0.5,dice
254,607.2541448288846,4,0,3.5051000118255615,3,True,1.0,upon,unrepeated,-0.5,upon
1406,738.2957405153354,6,2,4.82919979095459,7,True,1.0,over,unrepeated,-0.5,over
205,937.2146640413081,10,13,2.748199939727783,8,True,1.0,lick,unrepeated,-0.5,lick
218,867.0776405320978,8,6,1.4914000034332275,10,True,1.0,balm,unrepeated,-0.5,balm
235,828.419343854947,6,3,1.3009999990463257,8,True,1.0,kiln,unrepeated,-0.5,kiln
357,595.7592295064812,8,7,2.7874999046325684,7,True,1.0,clay,unrepeated,-0.5,clay
209,696.7882810165854,8,4,3.1835999488830566,5,True,1.0,gosh,unrepeated,-0.5,gosh
1233,297.2716092965514,0,9,4.285699844360352,6,True,0.0,muck,unrepeated,-0.5,fuck
229,815.006687304008,7,4,2.322200059890747,8,True,1.0,curb,unrepeated,-0.5,curb
1487,679.1988431637644,8,4,4.160200119018555,10,True,1.0,damn,unrepeated,-0.5,damn
227,750.3187212040023,6,1,2.8369998931884766,4,True,1.0,blah,unrepeated,-0.5,blah
1332,660.0877665445241,5,2,2.1522998809814453,5,True,1.0,idle,unrepeated,-0.5,idle
253,814.0574485398217,7,4,1.6232000589370728,5,True,1.0,drab,unrepeated,-0.5,drab
302,659.7307436245922,3,1,1.0,7,True,1.0,ashy,unrepeated,-0.5,ashy
232,688.4000793171284,9,13,2.1138999462127686,5,True,1.0,rave,unrepeated,-0.5,rave
330,675.9408654832918,7,2,2.004300117492676,10,True,1.0,hula,unrepeated,-0.5,hula
279,779.3519356249958,6,1,2.3617000579833984,8,True,1.0,trek,unrepeated,-0.5,trek
853,859.8637293963911,9,6,3.417099952697754,7,True,1.0,camp,unrepeated,-0.5,camp
242,864.7258574653458,11,10,3.203000068664551,9,True,1.0,bond,unrepeated,-0.5,bond
837,762.4627261216483,5,1,2.3364999294281006,12,True,1.0,visa,unrepeated,-0.5,visa
283,816.3995369796726,6,1,2.5011000633239746,8,True,1.0,crib,unrepeated,-0.5,crib
473,797.6662841992263,11,12,2.506500005722046,9,True,1.0,bunk,unrepeated,-0.5,bunk
245,857.9776578893291,9,11,2.1461000442504883,7,True,1.0,tame,unrepeated,-0.5,tame
1417,809.7584468038564,8,4,3.4660000801086426,6,True,1.0,wild,unrepeated,-0.5,wild
306,870.036615099408,8,4,1.8260999917984009,7,True,1.0,duet,unrepeated,-0.5,duet
986,622.1118329934261,6,2,1.8260999917984009,5,True,1.0,trio,unrepeated,-0.5,trio
248,808.3141122277565,9,5,2.5762999057769775,11,True,1.0,monk,unrepeated,-0.5,monk
1415,912.0398633694324,12,16,4.38040018081665,9,True,1.0,hell,unrepeated,-0.5,hell
293,746.9935666982722,6,1,2.6364998817443848,9,True,1.0,drum,unrepeated,-0.5,drum
708,798.0099728380859,10,6,2.09689998626709,8,True,1.0,gong,unrepeated,-0.5,gong
265,887.5148791147254,10,11,1.875100016593933,4,True,1.0,rite,unrepeated,-0.5,rite
1148,863.6944841697641,7,2,1.579800009727478,9,True,1.0,sect,unrepeated,-0.5,sect
313,758.9443227669486,11,12,2.8041000366210938,6,True,1.0,slap,unrepeated,-0.5,slap
822,809.8217372436793,10,9,3.3183000087738037,7,True,1.0,bite,unrepeated,-0.5,bite
289,842.6823503452888,7,3,1.715999960899353,8,True,1.0,perm,unrepeated,-0.5,perm
522,860.5118001101098,8,5,2.4914000034332275,8,True,1.0,comb,unrepeated,-0.5,comb
344,579.2574842814388,3,1,1.3802000284194946,4,True,1.0,ajar,unrepeated,-0.5,ajar
1182,852.3903372261406,8,5,4.128900051116943,6,True,1.0,shut,unrepeated,-0.5,shut
295,894.5651320599816,11,12,2.0413999557495117,10,True,1.0,lice,unrepeated,-0.5,lice
712,890.2853078740807,9,6,2.6963999271392822,6,True,1.0,bald,unrepeated,-0.5,bald
325,850.0583360198914,9,7,3.3385000228881836,4,True,1.0,main,unrepeated,-0.5,main
486,672.1951505351942,5,1,1.2041000127792358,5,True,1.0,crux,unrepeated,-0.5,crux
320,615.2089570019195,8,4,1.3423999547958374,10,True,1.0,doer,unrepeated,-0.5,doer
1416,861.8270758309551,8,4,3.735100030899048,5,True,1.0,busy,unrepeated,-0.5,busy
372,751.8150094036201,5,1,3.924299955368042,12,True,1.0,news,unrepeated,-0.5,news
1484,784.6888898981322,8,3,5.700699806213379,6,True,1.0,what,unrepeated,-0.5,what
323,893.6062422610078,10,12,2.004300117492676,8,True,1.0,dome,unrepeated,-0.5,dome
722,870.3790741734801,12,15,3.4231998920440674,7,True,1.0,hall,unrepeated,-0.5,hall
336,800.55951454753,9,11,1.7482000589370728,7,True,1.0,gore,unrepeated,-0.5,gore
907,889.9839501580088,9,5,1.968500018119812,6,True,1.0,clot,unrepeated,-0.5,clot
334,903.6201589878444,8,4,1.2553000450134277,11,True,1.0,hemp,unrepeated,-0.5,hemp
363,894.2909405070313,10,13,1.9589999914169312,9,True,1.0,dill,unrepeated,-0.5,dill
361,924.2163241606138,10,13,2.762700080871582,10,True,1.0,heal,unrepeated,-0.5,heal
370,889.6015639164656,11,11,3.026900053024292,9,True,1.0,cure,unrepeated,-0.5,cure
343,543.0521757283522,10,8,2.539099931716919,8,True,1.0,loop,unrepeated,-0.5,loop
497,815.1382144089084,7,2,3.1350998878479004,3,True,1.0,tied,unrepeated,-0.5,tied
392,795.3868937491621,6,3,1.8062000274658203,8,True,1.0,kelp,unrepeated,-0.5,kelp
586,931.4350037042157,9,8,2.3032000064849854,11,True,1.0,clam,unrepeated,-0.5,clam
348,854.2602328018341,10,8,1.3221999406814575,8,True,1.0,vise,unrepeated,-0.5,vise
659,921.7433205536803,10,12,3.287600040435791,7,True,1.0,hook,unrepeated,-0.5,hook
373,870.8214447327489,11,13,1.924299955368042,6,True,1.0,mast,unrepeated,-0.5,mast
455,856.6345482327761,11,13,2.3345000743865967,7,True,1.0,hull,unrepeated,-0.5,hull
349,833.1276622407497,8,7,2.1522998809814453,7,True,1.0,woof,unrepeated,-0.5,woof
1219,470.73821935231535,8,7,1.7482000589370728,5,True,1.0,oink,unrepeated,-0.5,oink
382,829.518432263031,8,5,1.531499981880188,11,True,1.0,blog,unrepeated,-0.5,blog
710,732.1734026378906,10,15,3.274199962615967,11,True,1.0,mail,unrepeated,-0.5,mail
374,724.2735089333057,6,4,1.4471999406814575,4,True,1.0,tyke,unrepeated,-0.5,tyke
748,780.6633822427746,6,2,4.186299800872803,6,True,1.0,kids,unrepeated,-0.5,kids
403,640.7892197540572,4,0,2.6884000301361084,6,True,1.0,envy,unrepeated,-0.5,envy
492,855.1751977604421,10,10,2.4547998905181885,3,True,1.0,lust,unrepeated,-0.5,lust
393,855.725741601688,9,9,2.8608999252319336,8,True,1.0,corn,unrepeated,-0.5,corn
666,843.9144505286637,7,3,2.0253000259399414,11,True,1.0,oats,unrepeated,-0.5,oats
426,749.1083797273923,9,7,2.4828999042510986,8,True,1.0,peak,unrepeated,-0.5,peak
1178,611.8683089971917,4,0,1.6434999704360962,5,True,1.0,apex,unrepeated,-0.5,apex
398,846.1531768200887,8,4,3.1092000007629395,9,True,1.0,soup,unrepeated,-0.5,soup
556,817.2928261550562,6,2,2.2014000415802,11,True,1.0,taco,unrepeated,-0.5,taco
415,837.1876789334249,6,1,1.579800009727478,12,True,1.0,mono,unrepeated,-0.5,mono
1173,832.9085746694052,6,2,1.740399956703186,13,True,1.0,aids,unrepeated,-0.5,aids
408,830.1989492062979,6,3,2.340399980545044,7,True,1.0,turf,unrepeated,-0.5,turf
553,813.4809257804893,7,4,2.799999952316284,5,True,1.0,lawn,unrepeated,-0.5,lawn
425,809.8302370858339,7,6,1.9138000011444092,14,True,1.0,yarn,unrepeated,-0.5,yarn
580,923.2412255371898,10,12,1.7633999586105347,9,True,1.0,bead,unrepeated,-0.5,bead
411,859.610054686748,8,5,3.81850004196167,8,True,1.0,poor,unrepeated,-0.5,poor
968,923.093232859074,10,9,1.8194999694824219,12,True,1.0,slum,unrepeated,-0.5,slum
431,803.0315427332932,6,1,4.044600009918213,4,True,1.0,goes,unrepeated,-0.5,goes
1442,667.3455362836972,6,3,4.634200096130371,5,True,1.0,into,unrepeated,-0.5,into
413,913.8947999570631,10,13,1.3978999853134155,10,True,1.0,pane,unrepeated,-0.5,pane
882,891.7568746369591,12,11,1.9776999950408936,6,True,1.0,slab,unrepeated,-0.5,slab
449,665.2080585617206,5,3,2.591099977493286,4,True,1.0,unto,unrepeated,-0.5,unto
1460,649.5406277259518,4,0,3.058799982070923,8,True,1.0,thou,unrepeated,-0.5,thou
423,834.2878693833558,9,7,2.895400047302246,6,True,1.0,flew,unrepeated,-0.5,flew
1097,710.2293654322827,10,9,1.8976000547409058,6,True,1.0,soar,unrepeated,-0.5,soar
446,840.3341298470561,7,3,1.6901999711990356,8,True,1.0,gimp,unrepeated,-0.5,gimp
1283,842.0810921282018,9,10,3.433000087738037,8,True,1.0,code,unrepeated,-0.5,code
443,910.1727547404869,10,8,1.4471999406814575,10,True,1.0,musk,unrepeated,-0.5,musk
861,783.3824197570093,9,8,4.383999824523926,8,True,1.0,shit,unrepeated,-0.5,shit
448,644.0973615433405,11,9,2.5464999675750732,8,True,1.0,bolt,unrepeated,-0.5,bolt
551,817.5210823344464,7,10,2.978600025177002,8,True,1.0,nail,unrepeated,-0.5,nail
447,668.4410300656303,4,0,2.439300060272217,9,True,1.0,ammo,unrepeated,-0.5,ammo
874,850.829749974679,8,4,3.0852999687194824,9,True,1.0,trap,unrepeated,-0.5,trap
471,921.6124576061004,9,8,1.7924000024795532,14,True,1.0,dusk,unrepeated,-0.5,dusk
1244,690.4184274397284,6,2,1.6232000589370728,3,True,1.0,hazy,unrepeated,-0.5,hazy
461,860.8856329753908,11,13,2.544100046157837,7,True,1.0,bean,unrepeated,-0.5,bean
667,626.8095371572061,4,0,1.431399941444397,9,True,1.0,okra,unrepeated,-0.5,okra
485,843.1656525180721,9,7,2.075500011444092,7,True,1.0,flop,unrepeated,-0.5,flop
1527,755.3293790851183,7,3,1.924299955368042,7,True,1.0,hype,unrepeated,-0.5,hype
468,755.1795975188934,8,4,1.8920999765396118,6,True,1.0,cram,unrepeated,-0.5,cram
1355,616.0448932060211,4,0,0.8450999855995178,6,True,1.0,ditz,unrepeated,-0.5,ditz
494,790.2679195868823,6,1,1.6128000020980835,8,True,1.0,saga,unrepeated,-0.5,saga
1463,651.9689323888596,4,0,2.0827999114990234,7,True,1.0,epic,unrepeated,-0.5,epic
481,781.072304611298,8,2,1.4914000034332275,6,True,1.0,coed,unrepeated,-0.5,coed
816,872.9897803375221,9,9,3.295599937438965,9,True,1.0,dean,unrepeated,-0.5,dean
520,868.4377849573036,9,6,2.730799913406372,10,True,1.0,goat,unrepeated,-0.5,goat
803,744.9542781296202,7,3,2.18179988861084,8,True,1.0,calf,unrepeated,-0.5,calf
484,646.6963981071702,5,0,2.340399980545044,6,True,1.0,iced,unrepeated,-0.5,iced
771,935.6127565887111,10,11,2.0413999557495117,7,True,1.0,rink,unrepeated,-0.5,rink
574,921.5868613474643,9,9,2.7135000228881836,8,True,1.0,worm,unrepeated,-0.5,worm
1027,823.0295851194385,6,1,2.1461000442504883,7,True,1.0,grub,unrepeated,-0.5,grub
509,822.2424908710142,11,16,3.7286999225616455,8,True,1.0,ball,unrepeated,-0.5,ball
674,472.6232802404571,11,4,1.8513000011444092,7,True,1.0,mitt,unrepeated,-0.5,mitt
539,787.6499805301697,10,7,3.0048000812530518,8,True,1.0,mask,unrepeated,-0.5,mask
818,736.3204867958506,7,2,2.18179988861084,7,True,1.0,veil,unrepeated,-0.5,veil
515,853.0573664413917,9,9,3.1208999156951904,14,True,1.0,bike,unrepeated,-0.5,bike
525,904.5846240989777,9,6,2.176100015640259,7,True,1.0,sled,unrepeated,-0.5,sled
588,799.5769403129578,8,8,1.9493999481201172,13,True,1.0,hoof,unrepeated,-0.5,hoof
635,888.1265621657755,8,7,2.3501999378204346,10,True,1.0,claw,unrepeated,-0.5,claw
517,747.2379485207065,11,9,3.015399932861328,9,True,1.0,sand,unrepeated,-0.5,sand
1065,813.5590683564731,6,3,1.8260999917984009,9,True,1.0,mesa,unrepeated,-0.5,mesa
540,901.3640963904174,10,14,2.950900077819824,8,True,1.0,tent,unrepeated,-0.5,tent
594,712.789340012973,10,9,2.895400047302246,6,True,1.0,hood,unrepeated,-0.5,hood
523,715.6425820357517,11,6,2.2945001125335693,9,True,1.0,vase,unrepeated,-0.5,vase
756,708.3006336221238,5,0,2.2764999866485596,9,True,1.0,arch,unrepeated,-0.5,arch
584,712.8860955424612,10,10,2.664599895477295,9,True,1.0,cart,unrepeated,-0.5,cart
926,852.150632400404,8,8,2.2227001190185547,8,True,1.0,reel,unrepeated,-0.5,reel
552,892.3368899042601,9,6,2.889899969100952,9,True,1.0,soap,unrepeated,-0.5,soap
973,861.079636493316,8,7,2.935499906539917,5,True,1.0,wipe,unrepeated,-0.5,wipe
606,866.7348089536881,8,12,2.7535998821258545,7,True,1.0,nest,unrepeated,-0.5,nest
809,887.7267302569837,11,10,2.7235000133514404,4,True,1.0,coop,unrepeated,-0.5,coop
558,911.4106338681411,8,5,3.3364999294281006,12,True,1.0,milk,unrepeated,-0.5,milk
704,837.4676685415563,6,2,0.6990000009536743,12,True,1.0,whey,unrepeated,-0.5,whey
565,377.8773071274333,14,12,3.5201001167297363,10,True,1.0,foot,unrepeated,-0.5,foot
611,814.0062026865976,10,7,2.198699951171875,6,True,1.0,shin,unrepeated,-0.5,shin
564,837.6028536480505,10,9,3.545599937438965,8,True,1.0,tape,unrepeated,-0.5,tape
932,589.3888589646465,8,2,2.9586000442504883,9,True,1.0,wrap,unrepeated,-0.5,wrap
577,791.4302839386011,8,5,2.547800064086914,7,True,1.0,crab,unrepeated,-0.5,crab
879,848.9486816912573,11,13,1.7853000164031982,9,True,1.0,mite,unrepeated,-0.5,mite
571,784.7551909903771,11,10,3.0945000648498535,9,True,1.0,belt,unrepeated,-0.5,belt
724,847.7138061968426,9,10,1.770900011062622,4,True,1.0,sash,unrepeated,-0.5,sash
787,751.6507695850536,10,8,2.2600998878479004,7,True,1.0,mist,unrepeated,-0.5,mist
913,691.6628196883216,5,2,1.1138999462127686,7,True,1.0,dewy,unrepeated,-0.5,dewy
575,887.4053757902548,9,9,2.6542000770568848,8,True,1.0,fork,unrepeated,-0.5,fork
630,783.9098090033473,10,14,2.1847000122070312,7,True,1.0,rake,unrepeated,-0.5,rake
719,779.917587302313,9,5,2.827399969100952,10,True,1.0,whip,unrepeated,-0.5,whip
1066,681.0654935152832,8,4,1.5563000440597534,4,True,1.0,prod,unrepeated,-0.5,prod
617,809.6863319963538,6,1,4.453499794006348,6,True,1.0,girl,unrepeated,-0.5,girl
862,793.2589662392121,6,2,4.0441999435424805,10,True,1.0,lady,unrepeated,-0.5,lady
697,869.669224532923,7,3,3.5223000049591064,13,True,1.0,film,unrepeated,-0.5,film
1028,796.124714005639,8,8,1.6334999799728394,10,True,1.0,skit,unrepeated,-0.5,skit
639,702.0102206645195,6,5,3.1068999767303467,12,True,1.0,yard,unrepeated,-0.5,yard
930,717.9086568862091,8,7,4.596499919891357,9,True,1.0,home,unrepeated,-0.5,home
702,784.8000424432269,7,7,1.5184999704360962,8,True,1.0,scab,unrepeated,-0.5,scab
999,913.3034899543458,10,11,3.072200059890747,9,True,1.0,cast,unrepeated,-0.5,cast
643,908.1626103963827,9,10,3.674999952316284,9,True,1.0,ring,unrepeated,-0.5,ring
644,830.5354773695742,9,9,3.6050000190734863,13,True,1.0,gold,unrepeated,-0.5,gold
669,890.9030687995562,9,8,3.379699945449829,10,True,1.0,pool,unrepeated,-0.5,pool
1563,911.8119945236716,8,4,2.6041998863220215,7,True,1.0,mere,unrepeated,-0.5,mere
650,917.2482273217354,9,7,3.116300106048584,6,True,1.0,tank,unrepeated,-0.5,tank
705,810.6212175967432,6,1,3.6405999660491943,11,True,1.0,army,unrepeated,-0.5,army
685,877.5523795619101,7,3,2.2067999839782715,7,True,1.0,duct,unrepeated,-0.5,duct
693,778.2020351273471,11,13,3.14739990234375,10,True,1.0,wire,unrepeated,-0.5,wire
679,510.04489267132976,10,9,2.2600998878479004,10,True,1.0,veal,unrepeated,-0.5,veal
842,814.3509441425024,8,4,1.2788000106811523,6,True,1.0,loin,unrepeated,-0.5,loin
743,899.6879466370552,9,10,3.1682000160217285,11,True,1.0,meal,unrepeated,-0.5,meal
943,874.4847650697205,9,10,2.257699966430664,4,True,1.0,hash,unrepeated,-0.5,hash
687,825.5629834658657,7,3,2.459399938583374,7,True,1.0,tomb,unrepeated,-0.5,tomb
1047,810.0251279375553,9,7,3.0232999324798584,6,True,1.0,bury,unrepeated,-0.5,bury
810,869.3752593508971,10,7,2.2764999866485596,4,True,1.0,prop,unrepeated,-0.5,prop
1196,636.9763176080331,8,9,1.8194999694824219,7,True,1.0,scat,unrepeated,-0.5,scat
716,897.4939825471414,10,10,4.040999889373779,10,True,1.0,fire,unrepeated,-0.5,fire
906,872.6722971069415,9,6,2.4828999042510986,9,True,1.0,boil,unrepeated,-0.5,boil
762,927.1606946919334,9,11,2.2227001190185547,10,True,1.0,cove,unrepeated,-0.5,cove
945,784.193809653719,7,3,2.3838000297546387,8,True,1.0,gulf,unrepeated,-0.5,gulf
718,904.7679943068255,10,10,3.4354000091552734,9,True,1.0,band,unrepeated,-0.5,band
1215,723.1867657707301,5,0,1.6720999479293823,8,True,1.0,opus,unrepeated,-0.5,opus
757,742.5070053845641,5,0,1.3978999853134155,6,True,1.0,suds,unrepeated,-0.5,suds
854,909.398042043486,9,11,3.3176000118255615,9,True,1.0,wash,unrepeated,-0.5,wash
749,814.8549384525227,8,7,3.436500072479248,8,True,1.0,note,unrepeated,-0.5,note
891,799.4897514139744,6,1,2.528899908065796,8,True,1.0,memo,unrepeated,-0.5,memo
799,879.4821449494475,9,6,2.8420000076293945,7,True,1.0,chop,unrepeated,-0.5,chop
997,836.2617922603182,7,4,2.340399980545044,6,True,1.0,trim,unrepeated,-0.5,trim
759,695.4619319113551,11,13,2.2788000106811523,9,True,1.0,mink,unrepeated,-0.5,mink
944,832.0756350494205,8,5,1.6901999711990356,8,True,1.0,pelt,unrepeated,-0.5,pelt
825,834.0361196953396,8,7,3.187000036239624,8,True,1.0,gang,unrepeated,-0.5,gang
1162,900.8629388207222,9,8,2.322200059890747,10,True,1.0,clan,unrepeated,-0.5,clan
768,884.6742473680104,9,8,2.9916999340057373,11,True,1.0,site,unrepeated,-0.5,site
1079,760.6710591235959,5,0,3.5822999477386475,7,True,1.0,area,unrepeated,-0.5,area
1203,566.492982212925,8,2,2.0413999557495117,6,True,1.0,blur,unrepeated,-0.5,blur
1298,594.3902405531702,12,8,4.293000221252441,7,True,1.0,seen,unrepeated,-0.5,seen
817,593.0155656954911,14,18,3.2385001182556152,10,True,1.0,male,unrepeated,-0.5,male
846,824.2373948692593,6,3,2.2504000663757324,10,True,1.0,womb,unrepeated,-0.5,womb
886,885.4978517956845,7,2,1.6720999479293823,10,True,1.0,brie,unrepeated,-0.5,brie
911,810.0236261547573,9,7,1.3617000579833984,8,True,1.0,curd,unrepeated,-0.5,curd
823,773.4457064387241,5,0,3.337100028991699,9,True,1.0,papa,unrepeated,-0.5,papa
826,808.7202201363477,6,1,2.9646999835968018,5,True,1.0,sons,unrepeated,-0.5,sons
1072,589.629287599109,7,2,2.6730000972747803,7,True,1.0,arts,unrepeated,-0.5,arts
1408,832.4986827756071,9,7,1.9955999851226807,10,True,1.0,muse,unrepeated,-0.5,muse
855,869.049831619808,11,10,3.6970999240875244,5,True,1.0,sing,unrepeated,-0.5,sing
1024,799.3050542744548,7,10,2.973099946975708,9,True,1.0,yell,unrepeated,-0.5,yell
871,858.4589750286929,8,8,4.10830020904541,7,True,1.0,jack,unrepeated,-0.5,jack
884,907.5247796011263,8,11,2.9121999740600586,11,True,1.0,gear,unrepeated,-0.5,gear
857,824.552898511329,10,12,2.7283999919891357,8,True,1.0,root,unrepeated,-0.5,root
878,803.561638142879,7,3,1.973099946975708,6,True,1.0,pulp,unrepeated,-0.5,pulp
983,886.489272737413,12,18,3.827199935913086,8,True,1.0,beat,unrepeated,-0.5,beat
1254,891.5096744799921,10,10,2.689300060272217,9,True,1.0,pace,unrepeated,-0.5,pace
869,872.310072631721,9,7,3.436500072479248,10,True,1.0,shop,unrepeated,-0.5,shop
1154,870.9487819715121,9,9,4.609600067138672,7,True,1.0,work,unrepeated,-0.5,work
947,903.5385428305715,10,8,4.639500141143799,9,True,1.0,talk,unrepeated,-0.5,talk
1167,782.7193629985794,6,2,2.344399929046631,6,True,1.0,oral,unrepeated,-0.5,oral
890,743.3886479624882,6,3,2.706700086593628,11,True,1.0,acid,unrepeated,-0.5,acid
1245,885.1699113387192,10,10,2.4742000102996826,7,True,1.0,sour,unrepeated,-0.5,sour
1212,702.9903296013056,6,2,0.9031000137329102,8,True,1.0,quip,unrepeated,-0.5,quip
1468,733.9589268399951,8,10,1.8387999534606934,8,True,1.0,jest,unrepeated,-0.5,jest
935,773.6480248054371,12,16,2.498300075531006,6,True,1.0,fare,unrepeated,-0.5,fare
1140,781.7514114711679,10,9,2.2355000972747803,9,True,1.0,toll,unrepeated,-0.5,toll
1280,787.6415026932729,6,2,2.2788000106811523,5,True,1.0,tidy,unrepeated,-0.5,tidy
1405,779.5983810842553,9,10,2.803499937057495,8,True,1.0,neat,unrepeated,-0.5,neat
941,815.5273727486164,8,7,2.799999952316284,7,True,1.0,bump,unrepeated,-0.5,bump
1221,336.7062971834581,15,13,2.884200096130371,9,True,1.0,sore,unrepeated,-0.5,sore
1206,923.7678904622192,12,12,3.588599920272827,6,True,1.0,slow,unrepeated,-0.5,slow
1440,859.633975439206,8,7,1.7853000164031982,4,True,1.0,lull,unrepeated,-0.5,lull
985,606.4661669467836,4,1,1.857300043106079,6,True,1.0,ogre,unrepeated,-0.5,ogre
989,656.3484876608209,4,0,1.1761000156402588,8,True,1.0,yeti,unrepeated,-0.5,yeti
1121,631.8681084949714,5,0,1.8976000547409058,10,True,1.0,guru,unrepeated,-0.5,guru
1494,806.577981489418,9,9,3.1623001098632812,10,True,1.0,wise,unrepeated,-0.5,wise
1000,670.5661492795632,6,0,2.178999900817871,8,True,1.0,meow,unrepeated,-0.5,meow
1043,834.3752320379044,7,4,2.0253000259399414,6,True,1.0,howl,unrepeated,-0.5,howl
1218,874.0319831468975,9,7,1.9911999702453613,6,True,1.0,bulk,unrepeated,-0.5,bulk
1365,570.7007902140805,4,1,4.24429988861084,6,True,1.0,used,unrepeated,-0.5,used
1020,849.0346261764828,8,8,4.163099765777588,11,True,1.0,five,unrepeated,-0.5,five
1314,578.5562443322798,4,1,3.039400100708008,8,True,1.0,zero,unrepeated,-0.5,zero
1360,634.7283172840139,4,0,2.659899950027466,5,True,1.0,obey,unrepeated,-0.5,obey
1382,757.8315928939406,9,5,3.390199899673462,8,True,1.0,rule,unrepeated,-0.5,rule
1075,850.7464731412363,7,3,3.3078999519348145,6,True,1.0,loud,unrepeated,-0.5,loud
1098,900.1838279420539,10,16,4.452199935913086,4,True,1.0,hear,unrepeated,-0.5,hear
1328,686.0819426559949,5,1,3.6589999198913574,6,True,1.0,kept,unrepeated,-0.5,kept
1371,835.4740112181511,9,8,4.2418999671936035,5,True,1.0,took,unrepeated,-0.5,took
1110,807.0341201057838,13,17,3.0302000045776367,7,True,1.0,mile,unrepeated,-0.5,mile
1397,625.7646004349466,4,1,1.7782000303268433,4,True,1.0,afar,unrepeated,-0.5,afar
1452,611.0454599290057,4,0,2.9872000217437744,9,True,1.0,odds,unrepeated,-0.5,odds
1500,710.4739448679147,6,2,1.6812000274658203,4,True,1.0,vary,unrepeated,-0.5,vary
1166,640.5816233128947,8,9,1.3221999406814575,5,True,1.0,doze,unrepeated,-0.5,doze
1276,885.7323385270104,10,11,4.035900115966797,5,True,1.0,rest,unrepeated,-0.5,rest
1344,830.6241027854209,8,5,3.9446001052856445,7,True,1.0,fact,unrepeated,-0.5,fact
1534,798.1811213341837,6,1,4.111299991607666,5,True,1.0,true,unrepeated,-0.5,true
1214,859.9287479677716,7,12,4.151500225067139,10,True,1.0,year,unrepeated,-0.5,year
1341,817.1513893516518,6,0,2.983599901199341,11,True,1.0,noel,unrepeated,-0.5,noel
1334,662.3214976985639,8,3,3.7534000873565674,5,True,1.0,less,unrepeated,-0.5,less
1537,840.8931724753642,8,4,4.695799827575684,6,True,1.0,much,unrepeated,-0.5,much
1256,766.6099761316409,8,5,3.9179000854492188,6,True,1.0,hour,unrepeated,-0.5,hour
1263,875.569057374643,9,7,4.999499797821045,5,True,1.0,time,unrepeated,-0.5,time
1364,881.689435317922,11,15,4.327899932861328,10,True,1.0,same,unrepeated,-0.5,same
1533,682.377777132338,5,1,1.1761000156402588,5,True,1.0,akin,unrepeated,-0.5,akin
1304,787.1024338131448,11,9,1.2553000450134277,5,True,1.0,bonk,unrepeated,-0.5,bonk
1353,759.6903485203002,8,4,1.9955999851226807,6,True,1.0,wham,unrepeated,-0.5,wham
1433,856.4798227132858,7,3,3.9416000843048096,8,True,1.0,glad,unrepeated,-0.5,glad
1492,874.9364736786149,8,10,4.0391998291015625,9,True,1.0,hate,unrepeated,-0.5,hate
1323,887.160856460861,9,6,1.4471999406814575,8,True,1.0,dolt,unrepeated,-0.5,dolt
1325,703.6949368368918,5,0,1.9138000011444092,5,True,1.0,redo,unrepeated,-0.5,redo
1439,703.3057698478632,5,7,1.5051000118255615,8,True,1.0,zeal,unrepeated,-0.5,zeal
1444,772.8546707773687,8,3,1.770900011062622,8,True,1.0,glee,unrepeated,-0.5,glee
1358,681.2641676914367,11,10,4.145400047302246,7,True,1.0,lost,unrepeated,-0.5,lost
1368,825.457771354917,10,10,4.627200126647949,5,True,1.0,find,unrepeated,-0.5,find
1464,889.9477898271092,9,11,5.497300148010254,6,True,1.0,have,unrepeated,-0.5,have
1501,806.2677948681355,9,9,4.947299957275391,5,True,1.0,been,unrepeated,-0.5,been
1373,699.6836968156417,6,2,2.460900068283081,5,True,1.0,cozy,unrepeated,-0.5,cozy
1391,792.5267282928114,7,4,1.8691999912261963,5,True,1.0,snug,unrepeated,-0.5,snug
1401,829.6805605507388,10,12,4.39300012588501,11,True,1.0,mind,unrepeated,-0.5,mind
1511,889.5343624330038,8,4,3.5940001010894775,7,True,1.0,soul,unrepeated,-0.5,soul
1385,834.2350803650133,8,6,4.671899795532227,8,True,1.0,help,unrepeated,-0.5,help
1438,786.0024711559965,13,20,4.393599987030029,7,True,1.0,care,unrepeated,-0.5,care
1498,622.0719883007717,4,0,2.5315001010894775,9,True,1.0,urge,unrepeated,-0.5,urge
1539,710.8199051412932,8,5,2.079200029373169,6,True,1.0,whim,unrepeated,-0.5,whim
1420,845.4991725283787,8,6,2.8685998916625977,5,True,1.0,foul,unrepeated,-0.5,foul
1515,730.5216974311475,6,8,2.2899999618530273,6,True,1.0,yuck,unrepeated,-0.5,yuck
1531,663.012094125382,4,3,1.4149999618530273,5,True,1.0,avid,unrepeated,-0.5,avid
1548,808.205496103946,7,5,2.359800100326538,5,True,1.0,keen,unrepeated,-0.5,keen
1458,871.3341571684429,7,5,1.8976000547409058,8,True,1.0,ploy,unrepeated,-0.5,ploy
1554,838.4556615524223,10,8,1.934499979019165,4,True,1.0,ruse,unrepeated,-0.5,ruse
1,99.83395845869187,1,9,1.6990000009536743,9,True,1.0,pant,repeated,0.5,pant
261,50.71378454595258,0,5,2.9565999507904053,13,True,1.0,jean,repeated,0.5,jean
155,63.695253464531774,1,5,2.3578999042510986,7,True,1.0,crow,repeated,0.5,crow
335,113.65364608762482,2,12,2.4547998905181885,10,True,1.0,dove,repeated,0.5,dove
12,44.04027960495239,0,2,2.7809998989105225,14,True,1.0,frog,repeated,0.5,frog
442,60.329543630888864,0,4,1.8387999534606934,10,True,1.0,newt,repeated,0.5,newt
135,34.034702574097295,0,1,3.0183000564575195,10,True,1.0,earl,repeated,0.5,earl
972,61.07879820230271,0,7,3.1064999103546143,13,True,1.0,duke,repeated,0.5,duke
214,23.441786775225058,0,0,2.835700035095215,8,True,1.0,exam,repeated,0.5,exam
992,48.112036309640274,0,12,3.6324000358581543,11,True,1.0,test,repeated,0.5,test
157,97.20890580583466,1,8,1.5563000440597534,12,True,1.0,fowl,repeated,0.5,fowl
514,87.82824529130833,1,1,3.365299940109253,11,True,1.0,bird,repeated,0.5,bird
542,60.15323469347415,0,8,2.542799949645996,15,True,1.0,swan,repeated,0.5,swan
603,70.93805938207647,0,14,3.1017000675201416,15,True,1.0,duck,repeated,0.5,duck
2,83.7315274913963,1,5,2.637500047683716,10,True,1.0,robe,repeated,0.5,robe
781,70.82476518115087,0,11,2.4547998905181885,11,True,1.0,vest,repeated,0.5,vest
146,34.52458847078017,0,1,1.6434999704360962,11,True,1.0,zinc,repeated,0.5,zinc
938,71.7215987688744,0,12,3.6280999183654785,16,True,1.0,lead,repeated,0.5,lead
369,38.90540029287946,0,4,2.004300117492676,10,True,1.0,barf,repeated,0.5,barf
755,49.22199208919544,0,5,2.5051000118255615,10,True,1.0,puke,repeated,0.5,puke
246,36.0392693326239,0,1,2.8608999252319336,9,True,1.0,debt,repeated,0.5,debt
1080,44.84351407911031,0,6,3.00600004196167,9,True,1.0,loan,repeated,0.5,loan
441,84.29607405297537,0,11,2.5262999534606934,10,True,1.0,mice,repeated,0.5,mice
905,60.18815136726549,0,5,2.176100015640259,13,True,1.0,puss,repeated,0.5,puss
422,40.292704357897904,0,1,2.8942999839782715,16,True,1.0,lion,repeated,0.5,lion
616,33.15633738204364,0,1,0.9031000137329102,9,True,1.0,puma,repeated,0.5,puma
721,54.51804710328438,0,4,1.5563000440597534,11,True,1.0,axes,repeated,0.5,axes
963,50.419948008261905,0,3,1.2303999662399292,9,True,1.0,maul,repeated,0.5,maul
439,46.237404003373555,0,7,1.9138000011444092,8,True,1.0,stag,repeated,0.5,stag
723,59.983517141935614,0,11,3.2360000610351562,11,True,1.0,buck,repeated,0.5,buck
566,70.21150674838836,0,12,3.4321999549865723,11,True,1.0,rose,repeated,0.5,rose
711,41.356180918246594,0,1,3.13700008392334,10,True,1.0,lily,repeated,0.5,lily
573,56.37731484857729,0,6,2.767199993133545,16,True,1.0,dish,repeated,0.5,dish
599,48.65602033950844,0,6,3.039400100708008,9,True,1.0,bowl,repeated,0.5,bowl
1117,56.33017354826753,0,3,4.0991997718811035,9,True,1.0,hurt,repeated,0.5,hurt
1152,62.76055078458107,0,7,3.6986000537872314,13,True,1.0,pain,repeated,0.5,pain
576,65.24686198015755,0,5,2.617000102996826,11,True,1.0,pony,repeated,0.5,pony
680,78.87241352031292,0,18,2.1731998920440674,13,True,1.0,mare,repeated,0.5,mare
8,32.73967552052591,0,6,2.1238999366760254,7,True,1.0,gram,repeated,0.5,gram
1239,41.15517833146414,0,4,1.9084999561309814,10,True,1.0,kilo,repeated,0.5,kilo
620,48.08167036806814,0,6,3.200900077819824,10,True,1.0,bath,repeated,0.5,bath
684,68.93588250834553,0,12,2.936500072479248,8,True,1.0,sink,repeated,0.5,sink
946,86.38441458501042,1,11,1.7559000253677368,13,True,1.0,gull,repeated,0.5,gull
1261,99.09992671018138,1,15,1.5681999921798706,9,True,1.0,coot,repeated,0.5,coot
623,47.037340286232975,0,10,2.789599895477295,14,True,1.0,dime,repeated,0.5,dime
909,66.14255937290177,0,10,2.684799909591675,12,True,1.0,cent,repeated,0.5,cent
118,17.087525233415448,0,0,2.433000087738037,7,True,1.0,nova,repeated,0.5,nova
709,42.043094620418856,0,9,3.618000030517578,13,True,1.0,star,repeated,0.5,star
1437,78.04950608506685,0,16,1.544100046157837,9,True,1.0,lore,repeated,0.5,lore
1466,28.240343786921777,0,3,2.547800064086914,6,True,1.0,myth,repeated,0.5,myth
270,79.78887605189395,0,7,2.285599946975708,10,True,1.0,pact,repeated,0.5,pact
1255,58.35433178784933,0,14,4.124899864196777,11,True,1.0,deal,repeated,0.5,deal
41,55.256328943528956,0,7,2.6989998817443848,12,True,1.0,silk,repeated,0.5,silk
610,44.20541258506717,0,6,2.2095000743865967,9,True,1.0,wool,repeated,0.5,wool
1251,48.59388120513993,0,10,2.761899948120117,8,True,1.0,rage,repeated,0.5,rage
1311,48.67585304606875,0,2,2.29229998588562,8,True,1.0,fury,repeated,0.5,fury
510,50.86205595823252,0,3,3.629300117492676,14,True,1.0,fish,repeated,0.5,fish
585,36.076447847223065,0,2,2.6117000579833984,12,True,1.0,tuna,repeated,0.5,tuna
910,38.53479958538317,0,4,1.857300043106079,8,True,1.0,wept,repeated,0.5,wept
1150,41.07992335274648,0,3,1.462399959564209,7,True,1.0,bawl,repeated,0.5,bawl
937,22.08691820528918,0,8,3.8190999031066895,7,True,1.0,king,repeated,0.5,king
1003,22.40802403860452,0,1,1.3009999990463257,9,True,1.0,tsar,repeated,0.5,tsar
22,40.95043573641303,0,5,2.4065001010894775,12,True,1.0,herb,repeated,0.5,herb
241,81.87149094711211,0,12,1.954200029373169,11,True,1.0,sage,repeated,0.5,sage
26,29.613473900469085,0,5,2.3784000873565674,10,True,1.0,limb,repeated,0.5,limb
692,56.70462311245876,0,7,4.154200077056885,11,True,1.0,hand,repeated,0.5,hand
30,28.759311551851887,0,2,1.9911999702453613,11,True,1.0,knit,repeated,0.5,knit
1034,43.039308191003926,0,2,1.8260999917984009,10,True,1.0,sewn,repeated,0.5,sewn
57,34.572781083289954,0,7,2.7723000049591064,11,True,1.0,plot,repeated,0.5,plot
1222,55.22592354013771,0,13,2.7874999046325684,11,True,1.0,tale,repeated,0.5,tale
61,57.13674502929837,0,7,1.9589999914169312,6,True,1.0,dung,repeated,0.5,dung
138,47.36399253458081,0,7,3.4986000061035156,7,True,1.0,crap,repeated,0.5,crap
62,35.27121930961148,1,0,0.3009999990463257,8,True,1.0,lynx,repeated,0.5,lynx
595,104.21108178142785,0,16,2.29229998588562,8,True,1.0,hare,repeated,0.5,hare
275,22.06226389051247,0,0,0.9031000137329102,13,True,1.0,ovum,repeated,0.5,ovum
821,42.9395880333781,0,10,3.4428999423980713,11,True,1.0,cell,repeated,0.5,cell
92,61.60693887370817,3,11,2.609600067138672,10,True,1.0,tuck,repeated,0.5,tuck
1287,65.23728311967423,0,9,2.851300001144409,8,True,1.0,darn,repeated,0.5,darn
240,42.906093290827116,0,4,2.478600025177002,11,True,1.0,glue,repeated,0.5,glue
815,23.45380496027145,0,1,1.0,14,True,1.0,inks,repeated,0.5,inks
141,47.188491454831706,0,10,2.5694000720977783,10,True,1.0,tick,repeated,0.5,tick
587,35.32212041948232,0,5,2.2304000854492188,8,True,1.0,flea,repeated,0.5,flea
213,17.148218393297466,0,0,1.2553000450134277,11,True,1.0,onyx,repeated,0.5,onyx
836,67.46301909609842,0,3,2.4149999618530273,9,True,1.0,jade,repeated,0.5,jade
142,45.75262327384239,0,1,2.56469988822937,12,True,1.0,glen,repeated,0.5,glen
549,84.88897762166027,1,12,3.282399892807007,13,True,1.0,hill,repeated,0.5,hill
170,43.913032493149956,0,9,2.2095000743865967,9,True,1.0,funk,repeated,0.5,funk
196,25.62034256608448,0,0,2.784600019454956,9,True,1.0,jazz,repeated,0.5,jazz
178,51.53905583134009,0,10,2.8578999042510986,10,True,1.0,bush,repeated,0.5,bush
511,56.39786020925029,0,4,3.5206000804901123,15,True,1.0,tree,repeated,0.5,tree
294,47.443687358270154,0,6,2.599900007247925,11,True,1.0,soil,repeated,0.5,soil
602,40.56856683310482,0,3,3.1175999641418457,5,True,1.0,dirt,repeated,0.5,dirt
186,67.6820780133383,1,3,2.734800100326538,12,True,1.0,lamb,repeated,0.5,lamb
608,137.83106790872853,2,11,2.648400068283081,10,True,1.0,deer,repeated,0.5,deer
384,23.37835564752546,0,1,2.8006999492645264,7,True,1.0,inch,repeated,0.5,inch
1291,69.72402515929596,0,8,2.0085999965667725,4,True,1.0,span,repeated,0.5,span
191,55.429229578723906,0,7,2.164400100708008,8,True,1.0,moss,repeated,0.5,moss
524,42.29023604838879,0,0,2.2147998809814453,9,True,1.0,fern,repeated,0.5,fern
266,58.063684198880175,0,7,1.8920999765396118,9,True,1.0,haze,repeated,0.5,haze
488,28.61947363284009,0,1,1.7482000589370728,9,True,1.0,smog,repeated,0.5,smog
230,86.7971115816451,1,8,1.924299955368042,10,True,1.0,lark,repeated,0.5,lark
470,47.87146688979297,1,1,1.3009999990463257,6,True,1.0,wren,repeated,0.5,wren
405,36.785947623136224,0,2,1.6720999479293823,11,True,1.0,acne,repeated,0.5,acne
1242,24.41557963069264,0,2,2.330399990081787,11,True,1.0,itch,repeated,0.5,itch
233,70.04157072464105,0,7,2.3385000228881836,7,True,1.0,lure,repeated,0.5,lure
271,38.154087657436584,0,3,2.6963999271392822,6,True,1.0,bait,repeated,0.5,bait
314,50.105330131378466,0,3,2.749000072479248,11,True,1.0,shed,repeated,0.5,shed
654,56.34284418648489,0,8,4.350599765777588,15,True,1.0,room,repeated,0.5,room
251,57.84404033535151,0,6,1.462399959564209,11,True,1.0,kale,repeated,0.5,kale
559,52.216202902676024,0,8,1.2041000127792358,9,True,1.0,leek,repeated,0.5,leek
548,72.06146359707822,0,9,3.688999891281128,14,True,1.0,boat,repeated,0.5,boat
597,36.93775432915771,0,8,3.7028000354766846,10,True,1.0,ship,repeated,0.5,ship
285,68.67496872701042,0,10,2.841399908065796,8,True,1.0,barn,repeated,0.5,barn
880,37.999768304276344,0,5,1.6901999711990356,9,True,1.0,silo,repeated,0.5,silo
25,42.949907459246745,0,10,1.544100046157837,8,True,1.0,mope,repeated,0.5,mope
1474,22.954740365240934,0,5,1.7243000268936157,8,True,1.0,glum,repeated,0.5,glum
319,68.32783530687423,0,5,1.8691999912261963,8,True,1.0,wasp,repeated,0.5,wasp
696,41.753765456927816,0,5,2.436199903488159,13,True,1.0,bees,repeated,0.5,bees
505,32.12555111812291,0,0,1.6128000020980835,11,True,1.0,kiwi,repeated,0.5,kiwi
626,34.55183657768219,0,5,2.243000030517578,12,True,1.0,plum,repeated,0.5,plum
454,24.86803984442036,0,3,1.3617000579833984,10,True,1.0,oxen,repeated,0.5,oxen
621,46.012086496359174,0,12,3.14739990234375,8,True,1.0,bull,repeated,0.5,bull
545,34.57644442373349,0,0,2.2227001190185547,14,True,1.0,mayo,repeated,0.5,mayo
736,59.123858105616264,0,9,1.2553000450134277,10,True,1.0,slaw,repeated,0.5,slaw
544,49.55765457883281,0,9,2.413300037384033,10,True,1.0,cafe,repeated,0.5,cafe
763,33.65246977675501,0,1,2.037400007247925,7,True,1.0,deli,repeated,0.5,deli
114,43.058591274507414,1,1,3.904400110244751,8,True,1.0,whoa,repeated,0.5,whoa
1483,24.87024062446683,0,1,2.7458999156951904,6,True,1.0,oops,repeated,0.5,oops
578,41.384980349745426,0,3,2.510499954223633,9,True,1.0,pond,repeated,0.5,pond
592,52.38589684401593,0,13,3.2641000747680664,9,True,1.0,lake,repeated,0.5,lake
174,36.73820002249583,0,2,2.5211000442504883,13,True,1.0,riot,repeated,0.5,riot
877,38.15733993110281,0,3,2.2528998851776123,11,True,1.0,thug,repeated,0.5,thug
590,53.8216358184187,0,11,3.585599899291992,12,True,1.0,beer,repeated,0.5,beer
1338,91.54897344712347,0,15,3.514899969100952,11,True,1.0,sake,repeated,0.5,sake
695,35.692677685495646,0,12,2.7809998989105225,15,True,1.0,pill,repeated,0.5,pill
798,27.83067623599622,0,2,3.36299991607666,12,True,1.0,drug,repeated,0.5,drug
596,54.29641470888394,0,10,4.168700218200684,9,True,1.0,face,repeated,0.5,face
676,64.83851732110081,0,11,4.277599811553955,9,True,1.0,head,repeated,0.5,head
144,43.17923509536298,0,6,1.8194999694824219,6,True,1.0,posh,repeated,0.5,posh
1347,36.30905474888677,0,5,2.0492000579833984,7,True,1.0,snob,repeated,0.5,snob
744,73.09496829805667,0,11,2.613800048828125,12,True,1.0,rash,repeated,0.5,rash
830,71.26664956108705,0,10,1.0,9,True,1.0,welt,repeated,0.5,welt
958,34.42057942408362,0,9,3.536799907684326,8,True,1.0,nine,repeated,0.5,nine
1188,34.0231356939273,0,6,4.115499973297119,9,True,1.0,four,repeated,0.5,four
751,29.351135626954992,0,8,2.4377999305725098,6,True,1.0,peel,repeated,0.5,peel
805,25.41714953791618,0,9,1.1761000156402588,6,True,1.0,rind,repeated,0.5,rind
1367,36.66506430206884,0,10,2.4969000816345215,6,True,1.0,scam,repeated,0.5,scam
1456,41.40796309556238,0,4,1.531499981880188,6,True,1.0,dupe,repeated,0.5,dupe
838,40.56402561417713,0,6,2.1875,10,True,1.0,boob,repeated,0.5,boob
843,70.56157762291048,0,13,1.2303999662399292,7,True,1.0,teat,repeated,0.5,teat
71,29.492457020953008,0,4,1.6812000274658203,10,True,1.0,spud,repeated,0.5,spud
698,31.395984035699076,0,7,3.0220000743865967,9,True,1.0,chip,repeated,0.5,chip
23,46.04228126888553,0,18,1.079200029373169,8,True,1.0,sear,repeated,0.5,sear
903,63.73991689745967,0,13,2.510499954223633,9,True,1.0,bake,repeated,0.5,bake
152,19.43390017225503,0,8,2.0569000244140625,4,True,1.0,goof,repeated,0.5,goof
1108,22.384958980763987,0,2,1.544100046157837,8,True,1.0,typo,repeated,0.5,typo
40,45.54491204220891,0,12,1.5563000440597534,11,True,1.0,gash,repeated,0.5,gash
931,35.06570210247385,0,6,3.4498000144958496,7,True,1.0,burn,repeated,0.5,burn
49,83.9848937847483,0,13,2.2279000282287598,11,True,1.0,lime,repeated,0.5,lime
557,61.207087209318885,0,13,1.8387999534606934,10,True,1.0,pear,repeated,0.5,pear
46,41.342198685387515,0,1,3.4149999618530273,6,True,1.0,duty,repeated,0.5,duty
1461,58.37848872715408,0,12,2.9684998989105225,8,True,1.0,role,repeated,0.5,role
305,28.18213834811337,0,2,3.380199909210205,7,True,1.0,plus,repeated,0.5,plus
375,36.18326381770565,0,6,2.4518001079559326,8,True,1.0,grid,repeated,0.5,grid
47,52.82778799043278,0,13,1.579800009727478,5,True,1.0,hone,repeated,0.5,hone
364,29.917659084033325,0,4,0.7781999707221985,10,True,1.0,rasp,repeated,0.5,rasp
195,32.78269273130648,0,2,1.8451000452041626,8,True,1.0,alto,repeated,0.5,alto
1105,24.530747088767253,0,1,1.8976000547409058,8,True,1.0,diva,repeated,0.5,diva
159,97.0418704481244,2,16,2.7551000118255615,10,True,1.0,boot,repeated,0.5,boot
609,33.75577450922089,4,7,2.577500104904175,6,True,1.0,heel,repeated,0.5,heel
162,27.632573971884064,0,0,3.1201999187469482,12,True,1.0,taxi,repeated,0.5,taxi
475,34.809757416466866,0,1,2.5933001041412354,12,True,1.0,auto,repeated,0.5,auto
161,60.830672418866776,0,4,1.6901999711990356,9,True,1.0,font,repeated,0.5,font
163,27.227881022987084,0,4,3.490499973297119,5,True,1.0,type,repeated,0.5,type
203,32.96289854944219,0,2,2.3032000064849854,13,True,1.0,bulb,repeated,0.5,bulb
534,40.43676295574305,0,8,2.81820011138916,11,True,1.0,lamp,repeated,0.5,lamp
185,24.67920186388164,0,0,1.2788000106811523,12,True,1.0,oboe,repeated,0.5,oboe
277,54.373283237851254,0,7,2.1303000450134277,11,True,1.0,harp,repeated,0.5,harp
342,27.264475716776992,0,0,1.9031000137329102,8,True,1.0,luau,repeated,0.5,luau
1093,50.701041953547,0,13,1.8451000452041626,10,True,1.0,fest,repeated,0.5,fest
202,51.233930435209594,0,4,1.986799955368042,9,True,1.0,moan,repeated,0.5,moan
273,31.38211950096268,0,3,0.9031000137329102,6,True,1.0,yelp,repeated,0.5,yelp
346,31.576701599118582,0,6,2.672100067138672,9,True,1.0,hint,repeated,0.5,hint
480,24.285365548817822,0,3,2.9537999629974365,7,True,1.0,clue,repeated,0.5,clue
210,44.509600115796665,0,7,2.037400007247925,11,True,1.0,snot,repeated,0.5,snot
581,47.102906023915665,0,10,3.5511999130249023,11,True,1.0,nose,repeated,0.5,nose
221,29.21979163423603,0,2,1.7243000268936157,9,True,1.0,opal,repeated,0.5,opal
671,42.45694115911133,0,0,2.783900022506714,11,True,1.0,ruby,repeated,0.5,ruby
234,20.48160379346551,0,3,3.0980000495910645,6,True,1.0,path,repeated,0.5,path
677,40.586077438327585,0,5,3.7565999031066895,11,True,1.0,road,repeated,0.5,road
244,63.24187937099141,0,5,2.9014999866485596,12,True,1.0,tune,repeated,0.5,tune
961,28.82502234505215,0,0,1.924299955368042,10,True,1.0,hymn,repeated,0.5,hymn
282,49.90975238265979,0,9,2.730799913406372,10,True,1.0,pork,repeated,0.5,pork
683,44.29884308619571,0,6,3.0025999546051025,13,True,1.0,beef,repeated,0.5,beef
440,52.03422206466998,0,4,2.613800048828125,11,True,1.0,tray,repeated,0.5,tray
990,148.67888959070456,2,13,4.1585001945495605,10,True,1.0,case,repeated,0.5,case
297,67.84084026373723,0,10,2.3559999465942383,6,True,1.0,vile,repeated,0.5,vile
1543,41.22588110546424,0,8,5.124199867248535,12,True,1.0,good,repeated,0.5,good
507,48.67503433994214,0,8,1.8260999917984009,9,True,1.0,tush,repeated,0.5,tush
860,68.14157779121656,0,12,5.0106000900268555,8,True,1.0,back,repeated,0.5,back
299,24.49573957531401,0,0,1.9031000137329102,7,True,1.0,quad,repeated,0.5,quad
651,41.09825250537698,0,7,2.7202000617980957,9,True,1.0,jeep,repeated,0.5,jeep
367,44.57039441551915,2,3,1.6232000589370728,8,True,1.0,clog,repeated,0.5,clog
561,85.38799986136502,1,11,2.661799907684326,8,True,1.0,sock,repeated,0.5,sock
301,59.67576777593882,0,10,1.7323999404907227,10,True,1.0,mead,repeated,0.5,mead
657,47.87664982128722,0,16,3.4883999824523926,7,True,1.0,wine,repeated,0.5,wine
499,27.641632410969795,0,5,1.8691999912261963,8,True,1.0,spur,repeated,0.5,spur
936,32.129523580666756,0,2,1.968500018119812,10,True,1.0,trot,repeated,0.5,trot
362,29.43653444018198,0,1,1.0,5,True,1.0,cyan,repeated,0.5,cyan
1068,51.65881806707845,0,3,3.717900037765503,7,True,1.0,blue,repeated,0.5,blue
365,49.27546125689819,0,5,2.307499885559082,8,True,1.0,mutt,repeated,0.5,mutt
513,44.73206972448411,0,2,3.4321999549865723,10,True,1.0,dogs,repeated,0.5,dogs
368,64.05844104681992,0,11,2.819499969482422,9,True,1.0,sack,repeated,0.5,sack
841,58.402365588562205,0,6,1.7482000589370728,12,True,1.0,tote,repeated,0.5,tote
717,55.2235807221468,0,13,3.7811999320983887,13,True,1.0,bill,repeated,0.5,bill
1156,38.06759690045593,0,13,3.246299982070923,10,True,1.0,rent,repeated,0.5,rent
376,30.596585172275503,0,5,2.989000082015991,7,True,1.0,bout,repeated,0.5,bout
1124,47.82579930554136,0,13,3.4993999004364014,12,True,1.0,race,repeated,0.5,race
814,23.64638810814991,0,0,1.2303999662399292,8,True,1.0,gyro,repeated,0.5,gyro
827,42.462033258486564,0,6,2.517199993133545,7,True,1.0,stew,repeated,0.5,stew
388,64.95782381147063,0,7,1.6021000146865845,6,True,1.0,carp,repeated,0.5,carp
495,46.99361802027145,0,10,2.3710999488830566,9,True,1.0,pike,repeated,0.5,pike
528,79.90667020561094,0,5,3.544100046157837,11,True,1.0,suit,repeated,0.5,suit
750,51.28878400507244,0,3,2.5250000953674316,7,True,1.0,gown,repeated,0.5,gown
419,32.7765649356517,0,3,2.7258999347686768,13,True,1.0,plug,repeated,0.5,plug
774,51.94773607472081,0,4,2.396199941635132,11,True,1.0,fuse,repeated,0.5,fuse
529,28.643620361200085,0,2,3.4844000339508057,9,True,1.0,arms,repeated,0.5,arms
655,38.10632433577136,0,3,3.998800039291382,10,True,1.0,body,repeated,0.5,body
458,44.626810546415015,0,3,2.359800100326538,8,True,1.0,loaf,repeated,0.5,loaf
883,36.39566121685287,0,1,1.7633999586105347,12,True,1.0,pita,repeated,0.5,pita
619,35.89440777861988,0,6,3.2040998935699463,11,True,1.0,snow,repeated,0.5,snow
866,44.92010094172826,0,13,2.7881999015808105,9,True,1.0,hail,repeated,0.5,hail
493,70.55417287598206,0,17,1.3978999853134155,10,True,1.0,pore,repeated,0.5,pore
658,37.82173290674708,0,7,3.351599931716919,14,True,1.0,skin,repeated,0.5,skin
872,25.761870464478307,0,0,3.7235000133514404,10,True,1.0,mama,repeated,0.5,mama
916,35.50188856352925,0,5,3.4495999813079834,11,True,1.0,aunt,repeated,0.5,aunt
532,40.74371750579498,0,3,3.1905999183654785,12,True,1.0,shoe,repeated,0.5,shoe
1015,77.23271380953308,1,5,3.2790000438690186,4,True,1.0,pair,repeated,0.5,pair
613,35.07412743817315,0,0,2.139899969100952,10,True,1.0,tofu,repeated,0.5,tofu
1469,37.173514075917254,0,1,1.5184999704360962,9,True,1.0,idly,repeated,0.5,idly
591,75.39164104917661,2,19,3.4667000770568848,8,True,1.0,bear,repeated,0.5,bear
661,41.8048977520236,0,2,3.014899969100952,8,True,1.0,wolf,repeated,0.5,wolf
1137,22.892212966729765,0,0,3.3922998905181885,3,True,1.0,huge,repeated,0.5,huge
1475,34.778979612522626,0,8,2.4941999912261963,8,True,1.0,vast,repeated,0.5,vast
605,43.53152534240561,0,12,2.8864998817443848,7,True,1.0,rice,repeated,0.5,rice
804,33.4989464399566,0,3,1.8324999809265137,9,True,1.0,bran,repeated,0.5,bran
634,65.35228245428013,2,10,2.456399917602539,6,True,1.0,poop,repeated,0.5,poop
976,26.234985315579053,0,3,2.1522998809814453,8,True,1.0,turd,repeated,0.5,turd
624,88.1864966414598,3,11,2.2788000106811523,11,True,1.0,lace,repeated,0.5,lace
1275,54.45749181091211,0,7,3.7862000465393066,8,True,1.0,felt,repeated,0.5,felt
656,27.801198058483145,0,2,3.935800075531006,10,True,1.0,city,repeated,0.5,city
730,29.75329139860697,0,3,4.101900100708008,11,True,1.0,town,repeated,0.5,town
629,39.49589577551701,0,4,3.437299966812134,8,True,1.0,bomb,repeated,0.5,bomb
977,29.264129700935303,0,3,2.086400032043457,12,True,1.0,nuke,repeated,0.5,nuke
670,61.84964719128908,0,6,3.083899974822998,15,True,1.0,deck,repeated,0.5,deck
775,26.75733007931002,0,4,3.7820000648498535,7,True,1.0,step,repeated,0.5,step
636,69.89933492236622,1,2,1.3617000579833984,6,True,1.0,gnat,repeated,0.5,gnat
714,51.403096840190834,0,4,2.06820011138916,12,True,1.0,moth,repeated,0.5,moth
731,22.834075199620475,0,3,3.338900089263916,10,True,1.0,jury,repeated,0.5,jury
1025,39.52038780896098,0,14,2.9474000930786133,10,True,1.0,bail,repeated,0.5,bail
642,76.90329041913296,1,3,4.173099994659424,11,True,1.0,door,repeated,0.5,door
758,42.141181230125106,0,13,1.3802000284194946,7,True,1.0,sill,repeated,0.5,sill
646,69.11476435906665,0,17,3.3615000247955322,8,True,1.0,cake,repeated,0.5,cake
956,41.78976640663272,0,7,1.9394999742507935,11,True,1.0,flan,repeated,0.5,flan
673,36.97441223257043,0,4,2.4914000034332275,11,True,1.0,bats,repeated,0.5,bats
832,69.71881169867473,0,13,2.6149001121520996,8,True,1.0,mole,repeated,0.5,mole
981,42.11483335902109,0,7,4.396299839019775,11,True,1.0,show,repeated,0.5,show
1216,41.71346850283858,0,5,4.257199764251709,8,True,1.0,play,repeated,0.5,play
729,62.158012924032654,0,12,3.4602999687194824,9,True,1.0,lock,repeated,0.5,lock
1176,49.622930823445095,0,8,3.863600015640259,14,True,1.0,safe,repeated,0.5,safe
19,12.898847568750767,0,1,4.02239990234375,3,True,1.0,also,repeated,0.5,also
1564,20.165105810950326,0,3,2.7987000942230225,4,True,1.0,thus,repeated,0.5,thus
735,33.2572362156407,0,3,2.3784000873565674,9,True,1.0,lens,repeated,0.5,lens
1258,29.62481426439469,0,4,2.2600998878479004,5,True,1.0,zoom,repeated,0.5,zoom
9,25.0881656479117,0,1,0.8450999855995178,9,True,1.0,clef,repeated,0.5,clef
728,48.618240824022756,0,11,3.756500005722046,10,True,1.0,mike,repeated,0.5,mike
740,32.392789560141,0,4,2.0827999114990234,13,True,1.0,meth,repeated,0.5,meth
1286,78.24475925079919,0,14,2.914299964904785,6,True,1.0,dope,repeated,0.5,dope
1088,44.793889120203644,0,5,4.557199954986572,9,True,1.0,stop,repeated,0.5,stop
1184,64.39138352344749,0,5,2.7604000568389893,6,True,1.0,halt,repeated,0.5,halt
778,32.192676848650834,0,2,2.3578999042510986,12,True,1.0,yoga,repeated,0.5,yoga
1230,40.38038524321314,0,5,3.266700029373169,8,True,1.0,pray,repeated,0.5,pray
1236,58.79586038293038,0,4,2.7339999675750732,9,True,1.0,fund,repeated,0.5,fund
1330,28.26204605985499,0,1,3.6129000186920166,9,True,1.0,rich,repeated,0.5,rich
1031,45.17421293076899,0,11,3.8220999240875244,7,True,1.0,cold,repeated,0.5,cold
1134,74.0813223127678,1,9,3.4249000549316406,4,True,1.0,warm,repeated,0.5,warm
4,48.80195710463839,0,10,2.444000005722046,8,True,1.0,mint,repeated,0.5,mint
638,34.63228259514098,0,0,1.2041000127792358,11,True,1.0,aloe,repeated,0.5,aloe
1372,32.68622277131012,0,4,2.9047000408172607,7,True,1.0,hers,repeated,0.5,hers
1428,22.21207613790644,0,5,5.5167999267578125,4,True,1.0,your,repeated,0.5,your
24,27.83656308754909,0,1,3.22189998626709,8,True,1.0,ally,repeated,0.5,ally
1525,23.612139733941998,0,6,1.7559000253677368,7,True,1.0,tact,repeated,0.5,tact
1496,67.78800714312072,0,10,5.148399829864502,6,True,1.0,want,repeated,0.5,want
1536,42.07720194381928,0,8,4.819799900054932,11,True,1.0,need,repeated,0.5,need
7,22.65917094801234,0,3,3.8712000846862793,6,True,1.0,plan,repeated,0.5,plan
1039,55.115316192769455,0,4,3.8020999431610107,11,True,1.0,boss,repeated,0.5,boss
5,79.03072115557602,2,15,3.112600088119507,10,True,1.0,sale,repeated,0.5,sale
1403,42.00119045317969,0,9,3.447499990463257,8,True,1.0,cost,repeated,0.5,cost
50,32.63470286666395,0,3,2.450200080871582,9,True,1.0,prey,repeated,0.5,prey
356,27.418631572193124,0,1,0.7781999707221985,7,True,1.0,bios,repeated,0.5,bios
10,41.00192662321166,0,7,3.239799976348877,8,True,1.0,mood,repeated,0.5,mood
1505,30.760801264784924,0,4,2.426500082015991,5,True,1.0,vibe,repeated,0.5,vibe
33,49.85231207679068,0,6,2.4249000549316406,8,True,1.0,leaf,repeated,0.5,leaf
741,27.616277929920066,0,4,2.060699939727783,9,True,1.0,stem,repeated,0.5,stem
13,40.92756438012539,0,8,1.3978999853134155,6,True,1.0,bode,repeated,0.5,bode
1350,23.38953733082084,0,4,1.9444999694824219,8,True,1.0,omen,repeated,0.5,omen
67,38.583030621619145,0,6,3.2063000202178955,6,True,1.0,weak,repeated,0.5,weak
1379,34.19036264824253,0,3,1.875100016593933,4,True,1.0,puny,repeated,0.5,puny
31,76.1678541633037,0,10,2.5866000652313232,5,True,1.0,bold,repeated,0.5,bold
1308,36.11236098667278,0,4,2.2040998935699463,13,True,1.0,wimp,repeated,0.5,wimp
79,20.092100252186402,0,5,2.873300075531006,7,True,1.0,spin,repeated,0.5,spin
783,20.749042393504617,0,2,2.1238999366760254,7,True,1.0,axel,repeated,0.5,axel
39,50.35709225189207,0,9,1.9394999742507935,11,True,1.0,lard,repeated,0.5,lard
535,36.237785998595754,0,5,2.657099962234497,13,True,1.0,oven,repeated,0.5,oven
55,32.73984762192518,0,5,2.8626999855041504,5,True,1.0,flip,repeated,0.5,flip
966,45.21249054538647,0,12,2.816200017929077,6,True,1.0,dive,repeated,0.5,dive
43,22.12658823494265,0,1,1.6021000146865845,6,True,1.0,yogi,repeated,0.5,yogi
204,35.51325725570831,0,2,2.89490008354187,10,True,1.0,diet,repeated,0.5,diet
73,37.490377361429,0,1,1.2303999662399292,3,True,1.0,gawk,repeated,0.5,gawk
119,75.94609824791942,1,1,1.3009999990463257,3,True,1.0,ogle,repeated,0.5,ogle
65,64.61143971849378,0,13,2.1270999908447266,7,True,1.0,hoot,repeated,0.5,hoot
354,45.76246266433823,1,2,1.6021000146865845,5,True,1.0,purr,repeated,0.5,purr
107,56.56721628275564,0,12,2.033400058746338,5,True,1.0,vine,repeated,0.5,vine
173,80.50024480220861,1,12,2.6675000190734863,5,True,1.0,reed,repeated,0.5,reed
82,70.68257389989719,2,11,2.045300006866455,6,True,1.0,hock,repeated,0.5,hock
648,58.954761302571534,0,8,1.8632999658584595,5,True,1.0,rump,repeated,0.5,rump
109,51.95245931017308,0,12,2.846299886703491,8,True,1.0,sail,repeated,0.5,sail
662,34.44559446311375,0,6,2.950900077819824,9,True,1.0,flag,repeated,0.5,flag
86,45.03744212192511,0,4,2.381999969482422,7,True,1.0,raft,repeated,0.5,raft
397,34.99730339139013,0,10,2.8101999759674072,7,True,1.0,pump,repeated,0.5,pump
113,45.20200531187585,0,11,2.342400074005127,9,True,1.0,mold,repeated,0.5,mold
734,39.06095557227715,0,6,2.4047999382019043,11,True,1.0,slug,repeated,0.5,slug
89,38.071406267940965,0,4,1.5563000440597534,12,True,1.0,lube,repeated,0.5,lube
1045,31.422758066789335,0,1,1.6990000009536743,7,True,1.0,oily,repeated,0.5,oily
93,34.93275414727318,0,2,2.8101999759674072,10,True,1.0,eats,repeated,0.5,eats
865,36.15177833862744,0,11,3.3664000034332275,10,True,1.0,cook,repeated,0.5,cook
95,32.72058630237446,0,8,0.7781999707221985,6,True,1.0,eave,repeated,0.5,eave
660,43.59532901818388,0,7,3.2597999572753906,10,True,1.0,roof,repeated,0.5,roof
108,37.613218259321584,0,3,2.3578999042510986,9,True,1.0,cult,repeated,0.5,cult
1054,38.58845933835928,0,7,3.876699924468994,8,True,1.0,team,repeated,0.5,team
98,60.467992536692485,0,3,2.8136000633239746,9,True,1.0,hawk,repeated,0.5,hawk
889,87.08574170180123,1,12,1.8632999658584595,8,True,1.0,loon,repeated,0.5,loon
120,28.46518549190258,0,0,1.7633999586105347,7,True,1.0,afro,repeated,0.5,afro
1390,42.49513582588153,0,5,1.9394999742507935,10,True,1.0,jive,repeated,0.5,jive
101,36.716586686977905,0,3,2.983599901199341,9,True,1.0,june,repeated,0.5,june
1155,30.376996932618436,0,9,4.085100173950195,9,True,1.0,week,repeated,0.5,week
128,27.235658140039636,0,3,0.9031000137329102,9,True,1.0,alum,repeated,0.5,alum
582,44.13380572084679,0,4,2.998300075531006,8,True,1.0,salt,repeated,0.5,salt
102,54.36233101343474,0,6,2.1238999366760254,8,True,1.0,reap,repeated,0.5,reap
284,34.09172280504536,0,4,1.2553000450134277,7,True,1.0,sown,repeated,0.5,sown
137,40.01387765527018,0,6,1.9955999851226807,9,True,1.0,fang,repeated,0.5,fang
675,41.786110335276156,0,6,1.1461000442504883,8,True,1.0,tusk,repeated,0.5,tusk
111,29.855687160153614,0,1,1.1461000442504883,8,True,1.0,peso,repeated,0.5,peso
1260,40.02208232820639,0,4,1.986799955368042,11,True,1.0,watt,repeated,0.5,watt
117,23.136576380147545,2,4,0.8450999855995178,4,True,1.0,glob,repeated,0.5,glob
978,39.529571856723535,0,2,1.4471999406814575,6,True,1.0,ooze,repeated,0.5,ooze
122,35.52758102959185,0,11,1.0,11,True,1.0,seep,repeated,0.5,seep
1186,33.44758587932022,0,10,1.5681999921798706,3,True,1.0,gush,repeated,0.5,gush
127,40.194205872359376,0,9,2.76419997215271,7,True,1.0,cock,repeated,0.5,cock
604,48.807481116783244,0,9,3.0141000747680664,6,True,1.0,wing,repeated,0.5,wing
123,32.650628693570965,0,15,2.566999912261963,5,True,1.0,bent,repeated,0.5,bent
478,49.18977470849956,0,10,2.448699951171875,7,True,1.0,warp,repeated,0.5,warp
151,38.56621793451804,2,9,2.9781999588012695,10,True,1.0,vice,repeated,0.5,vice
858,39.86497052982975,1,9,2.086400032043457,9,True,1.0,swab,repeated,0.5,swab
131,102.54921700636635,0,10,2.429800033569336,6,True,1.0,sole,repeated,0.5,sole
256,97.16248974592779,2,8,2.5866000652313232,6,True,1.0,bass,repeated,0.5,bass
187,20.425682158502944,0,1,3.122499942779541,7,True,1.0,amen,repeated,0.5,amen
316,52.34213754192608,0,13,2.2809998989105225,10,True,1.0,lent,repeated,0.5,lent
136,47.50164013885178,0,5,2.56820011138916,9,True,1.0,dorm,repeated,0.5,dorm
383,42.97747317152961,0,5,2.2067999839782715,12,True,1.0,frat,repeated,0.5,frat
154,47.451399367152035,0,3,1.9493999481201172,5,True,1.0,gasp,repeated,0.5,gasp
1013,27.686560626447072,0,3,2.240499973297119,7,True,1.0,sigh,repeated,0.5,sigh
148,22.721116744902456,0,1,3.116300106048584,10,True,1.0,data,repeated,0.5,data
831,49.416131930415034,0,11,3.351599931716919,11,True,1.0,file,repeated,0.5,file
153,25.228259065841215,0,1,1.4471999406814575,9,True,1.0,noun,repeated,0.5,noun
1301,24.907364189492046,0,3,5.320700168609619,6,True,1.0,they,repeated,0.5,they
158,28.76576249443079,0,1,3.486999988555908,3,True,1.0,lots,repeated,0.5,lots
1431,41.88030179963006,0,2,4.263199806213379,7,True,1.0,many,repeated,0.5,many
215,84.2002727617075,0,8,2.8006999492645264,12,True,1.0,tire,repeated,0.5,tire
791,41.5929148700835,0,12,2.170300006866455,10,True,1.0,puck,repeated,0.5,puck
167,70.85895228577245,2,6,1.1138999462127686,9,True,1.0,nape,repeated,0.5,nape
322,30.933015794396603,0,5,2.8115999698638916,6,True,1.0,chin,repeated,0.5,chin
181,62.20619161339683,0,6,2.06820011138916,10,True,1.0,tong,repeated,0.5,tong
1116,43.67264320817934,0,11,1.9031000137329102,6,True,1.0,spat,repeated,0.5,spat
172,58.28735892850157,0,10,1.919100046157837,7,True,1.0,gent,repeated,0.5,gent
274,70.496188411453,0,14,2.8469998836517334,10,True,1.0,dame,repeated,0.5,dame
197,34.221181760623814,0,8,2.773099899291992,5,True,1.0,porn,repeated,0.5,porn
1096,16.39827478307078,0,0,1.9444999694824219,6,True,1.0,orgy,repeated,0.5,orgy
176,43.14161750760083,0,2,1.9589999914169312,10,True,1.0,gala,repeated,0.5,gala
1081,49.70940978330393,0,3,2.9576001167297363,12,True,1.0,prom,repeated,0.5,prom
192,31.449934271153126,0,3,3.0381999015808105,6,True,1.0,deny,repeated,0.5,deny
1435,19.742326391807964,0,11,3.2513999938964844,4,True,1.0,nope,repeated,0.5,nope
177,43.73178533617873,1,0,3.0834999084472656,6,True,1.0,guts,repeated,0.5,guts
434,52.74832819534477,0,11,1.6128000020980835,11,True,1.0,bile,repeated,0.5,bile
206,51.2684344973415,0,15,1.7482000589370728,10,True,1.0,soot,repeated,0.5,soot
1135,18.673386466882423,1,2,1.079200029373169,6,True,1.0,inky,repeated,0.5,inky
180,34.33022551886881,0,5,2.52239990234375,8,True,1.0,vain,repeated,0.5,vain
298,28.567714333042822,0,2,2.859100103378296,9,True,1.0,self,repeated,0.5,self
193,35.37324939567804,0,3,1.857300043106079,11,True,1.0,gout,repeated,0.5,gout
519,23.887073749183518,0,1,2.8750998973846436,8,True,1.0,knee,repeated,0.5,knee
190,37.09681475760377,0,6,1.1138999462127686,4,True,1.0,meld,repeated,0.5,meld
1290,16.958868205789084,0,1,2.0492000579833984,5,True,1.0,ante,repeated,0.5,ante
201,39.21651077690184,0,8,1.7924000024795532,6,True,1.0,bony,repeated,0.5,bony
811,30.439423913281,0,0,2.1270999908447266,7,True,1.0,jaws,repeated,0.5,jaws
200,23.96425878431677,0,3,1.0,3,True,1.0,boxy,repeated,0.5,boxy
607,60.888581071235386,0,11,2.7274999618530273,11,True,1.0,dice,repeated,0.5,dice
247,35.322022333020676,0,9,2.158400058746338,7,True,1.0,stat,repeated,0.5,stat
1423,14.600721636709455,0,1,2.2788000106811523,6,True,1.0,info,repeated,0.5,info
205,52.52002060408896,0,13,2.748199939727783,8,True,1.0,lick,repeated,0.5,lick
218,31.921810146380533,0,6,1.4914000034332275,10,True,1.0,balm,repeated,0.5,balm
254,17.142582438115753,0,0,3.5051000118255615,3,True,1.0,upon,repeated,0.5,upon
1406,30.116124381354258,0,2,4.82919979095459,7,True,1.0,over,repeated,0.5,over
209,48.4342089020015,0,4,3.1835999488830566,5,True,1.0,gosh,repeated,0.5,gosh
1233,34.99970926019201,0,9,4.285699844360352,6,True,1.0,fuck,repeated,0.5,fuck
235,42.05080487602118,0,3,1.3009999990463257,8,True,1.0,kiln,repeated,0.5,kiln
357,54.89270771221127,1,7,2.7874999046325684,7,True,1.0,clay,repeated,0.5,clay
227,27.43694829693562,0,1,2.8369998931884766,4,True,1.0,blah,repeated,0.5,blah
1332,18.866371010803444,0,2,2.1522998809814453,5,True,1.0,idle,repeated,0.5,idle
229,22.572253198117938,0,4,2.322200059890747,8,True,1.0,curb,repeated,0.5,curb
1487,32.150805184151274,0,4,4.160200119018555,10,True,1.0,damn,repeated,0.5,damn
232,37.48332184379704,0,13,2.1138999462127686,5,True,1.0,rave,repeated,0.5,rave
330,43.580287734700924,0,2,2.004300117492676,10,True,1.0,hula,repeated,0.5,hula
253,35.18792703656169,0,4,1.6232000589370728,5,True,1.0,drab,repeated,0.5,drab
302,21.85154232635161,0,1,1.0,7,True,1.0,ashy,repeated,0.5,ashy
242,49.996224994520176,0,10,3.203000068664551,9,True,1.0,bond,repeated,0.5,bond
837,26.53675731284337,0,1,2.3364999294281006,12,True,1.0,visa,repeated,0.5,visa
279,27.58291504988714,0,1,2.3617000579833984,8,True,1.0,trek,repeated,0.5,trek
853,39.37081134700135,0,6,3.417099952697754,7,True,1.0,camp,repeated,0.5,camp
245,35.44734021601194,0,11,2.1461000442504883,7,True,1.0,tame,repeated,0.5,tame
1417,31.669877479275918,0,4,3.4660000801086426,6,True,1.0,wild,repeated,0.5,wild
283,19.292116443542675,0,1,2.5011000633239746,8,True,1.0,crib,repeated,0.5,crib
473,39.70144943241799,0,12,2.506500005722046,9,True,1.0,bunk,repeated,0.5,bunk
248,36.46938628820533,0,5,2.5762999057769775,11,True,1.0,monk,repeated,0.5,monk
1415,47.472064630689005,0,16,4.38040018081665,9,True,1.0,hell,repeated,0.5,hell
306,34.59351655091375,0,4,1.8260999917984009,7,True,1.0,duet,repeated,0.5,duet
986,25.140790745820212,0,2,1.8260999917984009,5,True,1.0,trio,repeated,0.5,trio
265,49.36132479039956,0,11,1.875100016593933,4,True,1.0,rite,repeated,0.5,rite
1148,39.061852630986024,0,2,1.579800009727478,9,True,1.0,sect,repeated,0.5,sect
293,38.1477886968558,0,1,2.6364998817443848,9,True,1.0,drum,repeated,0.5,drum
708,50.074019213284046,0,6,2.09689998626709,8,True,1.0,gong,repeated,0.5,gong
289,33.05613868544574,0,3,1.715999960899353,8,True,1.0,perm,repeated,0.5,perm
522,50.609775726539894,0,5,2.4914000034332275,8,True,1.0,comb,repeated,0.5,comb
313,41.457419386495886,1,12,2.8041000366210938,6,True,1.0,slap,repeated,0.5,slap
822,86.92530308031887,2,9,3.3183000087738037,7,True,1.0,bite,repeated,0.5,bite
295,66.98846778927881,0,12,2.0413999557495117,10,True,1.0,lice,repeated,0.5,lice
712,38.762711326431415,0,6,2.6963999271392822,6,True,1.0,bald,repeated,0.5,bald
344,17.01150915518461,0,1,1.3802000284194946,4,True,1.0,ajar,repeated,0.5,ajar
1182,49.55066566311723,0,5,4.128900051116943,6,True,1.0,shut,repeated,0.5,shut
320,44.89724630090017,0,4,1.3423999547958374,10,True,1.0,doer,repeated,0.5,doer
1416,31.244438863396574,0,4,3.735100030899048,5,True,1.0,busy,repeated,0.5,busy
325,37.18872889363235,0,7,3.3385000228881836,4,True,1.0,main,repeated,0.5,main
486,14.41821904377738,0,1,1.2041000127792358,5,True,1.0,crux,repeated,0.5,crux
323,66.9174126435781,0,12,2.004300117492676,8,True,1.0,dome,repeated,0.5,dome
722,81.62213626279038,0,15,3.4231998920440674,7,True,1.0,hall,repeated,0.5,hall
372,30.73764082710012,0,1,3.924299955368042,12,True,1.0,news,repeated,0.5,news
1484,51.360318152755404,2,3,5.700699806213379,6,True,1.0,what,repeated,0.5,what
334,45.426530614104124,0,4,1.2553000450134277,11,True,1.0,hemp,repeated,0.5,hemp
363,45.09296978298396,0,13,1.9589999914169312,9,True,1.0,dill,repeated,0.5,dill
336,79.20720674733305,2,11,1.7482000589370728,7,True,1.0,gore,repeated,0.5,gore
907,40.535235255420275,0,5,1.968500018119812,6,True,1.0,clot,repeated,0.5,clot
343,49.07253695907162,0,8,2.539099931716919,8,True,1.0,loop,repeated,0.5,loop
497,26.408458880362083,0,2,3.1350998878479004,3,True,1.0,tied,repeated,0.5,tied
361,44.70039404485691,0,13,2.762700080871582,10,True,1.0,heal,repeated,0.5,heal
370,51.92491285840025,0,11,3.026900053024292,9,True,1.0,cure,repeated,0.5,cure
348,41.6211131606743,2,8,1.3221999406814575,8,True,1.0,vise,repeated,0.5,vise
659,77.25332739636329,0,12,3.287600040435791,7,True,1.0,hook,repeated,0.5,hook
392,33.93777349539858,0,3,1.8062000274658203,8,True,1.0,kelp,repeated,0.5,kelp
586,42.257033139652336,0,8,2.3032000064849854,11,True,1.0,clam,repeated,0.5,clam
349,36.04024571304654,0,7,2.1522998809814453,7,True,1.0,woof,repeated,0.5,woof
1219,32.42368937229214,0,7,1.7482000589370728,5,True,1.0,oink,repeated,0.5,oink
373,58.84658501619911,0,13,1.924299955368042,6,True,1.0,mast,repeated,0.5,mast
455,31.31997562987059,0,13,2.3345000743865967,7,True,1.0,hull,repeated,0.5,hull
374,18.038122091410788,0,4,1.4471999406814575,4,True,1.0,tyke,repeated,0.5,tyke
748,24.810446540556242,0,2,4.186299800872803,6,True,1.0,kids,repeated,0.5,kids
382,27.078553354070504,0,5,1.531499981880188,11,True,1.0,blog,repeated,0.5,blog
710,27.44080424300414,0,15,3.274199962615967,11,True,1.0,mail,repeated,0.5,mail
393,39.53847743863487,0,9,2.8608999252319336,8,True,1.0,corn,repeated,0.5,corn
666,39.46165716705866,0,3,2.0253000259399414,11,True,1.0,oats,repeated,0.5,oats
403,15.401900425192474,0,0,2.6884000301361084,6,True,1.0,envy,repeated,0.5,envy
492,69.09038273409354,0,10,2.4547998905181885,3,True,1.0,lust,repeated,0.5,lust
398,43.24000727228221,0,4,3.1092000007629395,9,True,1.0,soup,repeated,0.5,soup
556,26.57994204366032,0,2,2.2014000415802,11,True,1.0,taco,repeated,0.5,taco
426,39.52270222348596,0,7,2.4828999042510986,8,True,1.0,peak,repeated,0.5,peak
1178,14.91539817291179,0,0,1.6434999704360962,5,True,1.0,apex,repeated,0.5,apex
408,43.419572037157536,0,3,2.340399980545044,7,True,1.0,turf,repeated,0.5,turf
553,24.140356316571562,0,4,2.799999952316284,5,True,1.0,lawn,repeated,0.5,lawn
415,29.503495139340192,0,1,1.579800009727478,12,True,1.0,mono,repeated,0.5,mono
1173,29.270239740197514,0,2,1.740399956703186,13,True,1.0,aids,repeated,0.5,aids
411,33.00942002680965,0,5,3.81850004196167,8,True,1.0,poor,repeated,0.5,poor
968,34.737267344143184,0,9,1.8194999694824219,12,True,1.0,slum,repeated,0.5,slum
425,56.13436207369457,0,6,1.9138000011444092,14,True,1.0,yarn,repeated,0.5,yarn
580,87.33772905994081,0,12,1.7633999586105347,9,True,1.0,bead,repeated,0.5,bead
413,72.09951491160948,0,13,1.3978999853134155,10,True,1.0,pane,repeated,0.5,pane
882,92.0146815903287,2,11,1.9776999950408936,6,True,1.0,slab,repeated,0.5,slab
431,45.44149094982434,0,1,4.044600009918213,4,True,1.0,goes,repeated,0.5,goes
1442,23.568698061513178,0,3,4.634200096130371,5,True,1.0,into,repeated,0.5,into
423,28.65028101003635,0,7,2.895400047302246,6,True,1.0,flew,repeated,0.5,flew
1097,39.73453212554389,0,9,1.8976000547409058,6,True,1.0,soar,repeated,0.5,soar
449,28.95662986887881,1,3,2.591099977493286,4,True,1.0,unto,repeated,0.5,unto
1460,18.905945543182373,0,0,3.058799982070923,8,True,1.0,thou,repeated,0.5,thou
443,53.8484612406534,0,8,1.4471999406814575,10,True,1.0,musk,repeated,0.5,musk
861,44.58028935215175,0,8,4.383999824523926,8,True,1.0,shit,repeated,0.5,shit
446,20.519824219936247,0,3,1.6901999711990356,8,True,1.0,gimp,repeated,0.5,gimp
1283,49.17601255904919,0,10,3.433000087738037,8,True,1.0,code,repeated,0.5,code
447,17.94699986223219,0,0,2.439300060272217,9,True,1.0,ammo,repeated,0.5,ammo
874,46.41544565096675,0,4,3.0852999687194824,9,True,1.0,trap,repeated,0.5,trap
448,56.03569006004233,0,9,2.5464999675750732,8,True,1.0,bolt,repeated,0.5,bolt
551,61.657639591449836,1,10,2.978600025177002,8,True,1.0,nail,repeated,0.5,nail
461,59.60891859692009,0,13,2.544100046157837,7,True,1.0,bean,repeated,0.5,bean
667,24.107429736348,0,0,1.431399941444397,9,True,1.0,okra,repeated,0.5,okra
471,52.65295522946972,0,8,1.7924000024795532,14,True,1.0,dusk,repeated,0.5,dusk
1244,19.562126208936085,0,2,1.6232000589370728,3,True,1.0,hazy,repeated,0.5,hazy
468,34.89757646977658,0,4,1.8920999765396118,6,True,1.0,cram,repeated,0.5,cram
1355,18.6853493475911,0,0,0.8450999855995178,6,True,1.0,ditz,repeated,0.5,ditz
485,42.73549561318455,0,7,2.075500011444092,7,True,1.0,flop,repeated,0.5,flop
1527,36.01190482639332,0,3,1.924299955368042,7,True,1.0,hype,repeated,0.5,hype
481,32.35899935552483,0,2,1.4914000034332275,6,True,1.0,coed,repeated,0.5,coed
816,27.815198894625503,0,9,3.295599937438965,9,True,1.0,dean,repeated,0.5,dean
494,31.1276252104062,0,1,1.6128000020980835,8,True,1.0,saga,repeated,0.5,saga
1463,16.314350947202495,0,0,2.0827999114990234,7,True,1.0,epic,repeated,0.5,epic
484,27.16015244880931,0,0,2.340399980545044,6,True,1.0,iced,repeated,0.5,iced
771,77.23823233515955,0,11,2.0413999557495117,7,True,1.0,rink,repeated,0.5,rink
520,84.28563852197685,0,6,2.730799913406372,10,True,1.0,goat,repeated,0.5,goat
803,55.22530238077519,0,3,2.18179988861084,8,True,1.0,calf,repeated,0.5,calf
509,52.2051484882018,0,16,3.7286999225616455,8,True,1.0,ball,repeated,0.5,ball
674,31.957656114149138,0,4,1.8513000011444092,7,True,1.0,mitt,repeated,0.5,mitt
574,39.8075645075501,0,9,2.7135000228881836,8,True,1.0,worm,repeated,0.5,worm
1027,27.421106301303674,0,1,2.1461000442504883,7,True,1.0,grub,repeated,0.5,grub
515,47.011434677955954,0,9,3.1208999156951904,14,True,1.0,bike,repeated,0.5,bike
525,50.27131436822218,0,6,2.176100015640259,7,True,1.0,sled,repeated,0.5,sled
539,62.82581045011182,0,7,3.0048000812530518,8,True,1.0,mask,repeated,0.5,mask
818,58.461789995233666,1,2,2.18179988861084,7,True,1.0,veil,repeated,0.5,veil
517,91.55400347438999,2,9,3.015399932861328,9,True,1.0,sand,repeated,0.5,sand
1065,37.881862914640756,0,3,1.8260999917984009,9,True,1.0,mesa,repeated,0.5,mesa
588,58.00118646978378,0,8,1.9493999481201172,13,True,1.0,hoof,repeated,0.5,hoof
635,32.13299764466027,0,7,2.3501999378204346,10,True,1.0,claw,repeated,0.5,claw
523,155.9012353990724,2,6,2.2945001125335693,9,True,1.0,vase,repeated,0.5,vase
756,26.067067427781474,0,0,2.2764999866485596,9,True,1.0,arch,repeated,0.5,arch
540,74.71488970210018,0,14,2.950900077819824,8,True,1.0,tent,repeated,0.5,tent
594,59.4461174494326,0,9,2.895400047302246,6,True,1.0,hood,repeated,0.5,hood
552,54.51602349052482,0,6,2.889899969100952,9,True,1.0,soap,repeated,0.5,soap
973,41.082959163911,0,7,2.935499906539917,5,True,1.0,wipe,repeated,0.5,wipe
584,47.75930398283687,0,10,2.664599895477295,9,True,1.0,cart,repeated,0.5,cart
926,39.85924244158082,0,8,2.2227001190185547,8,True,1.0,reel,repeated,0.5,reel
558,45.93110698480687,0,5,3.3364999294281006,12,True,1.0,milk,repeated,0.5,milk
704,32.11385094076178,0,2,0.6990000009536743,12,True,1.0,whey,repeated,0.5,whey
606,45.219930992445526,0,12,2.7535998821258545,7,True,1.0,nest,repeated,0.5,nest
809,77.35664758351196,0,10,2.7235000133514404,4,True,1.0,coop,repeated,0.5,coop
564,77.28890893085615,4,9,3.545599937438965,8,True,1.0,tape,repeated,0.5,tape
932,42.29061420601043,0,2,2.9586000442504883,9,True,1.0,wrap,repeated,0.5,wrap
565,70.08872333930245,0,12,3.5201001167297363,10,True,1.0,foot,repeated,0.5,foot
611,42.78685651457674,0,7,2.198699951171875,6,True,1.0,shin,repeated,0.5,shin
571,52.3817441684738,0,10,3.0945000648498535,9,True,1.0,belt,repeated,0.5,belt
724,31.978346318740535,0,10,1.770900011062622,4,True,1.0,sash,repeated,0.5,sash
577,63.16834912233471,1,5,2.547800064086914,7,True,1.0,crab,repeated,0.5,crab
879,59.729622911636454,0,13,1.7853000164031982,9,True,1.0,mite,repeated,0.5,mite
575,39.94128361471353,0,9,2.6542000770568848,8,True,1.0,fork,repeated,0.5,fork
630,83.5007942713008,0,14,2.1847000122070312,7,True,1.0,rake,repeated,0.5,rake
787,61.68165538172976,0,8,2.2600998878479004,7,True,1.0,mist,repeated,0.5,mist
913,21.997013651338285,0,2,1.1138999462127686,7,True,1.0,dewy,repeated,0.5,dewy
617,41.42637303818363,0,1,4.453499794006348,6,True,1.0,girl,repeated,0.5,girl
862,30.92206785406838,0,2,4.0441999435424805,10,True,1.0,lady,repeated,0.5,lady
719,51.46997911994297,0,5,2.827399969100952,10,True,1.0,whip,repeated,0.5,whip
1066,94.84525075851852,2,4,1.5563000440597534,4,True,1.0,prod,repeated,0.5,prod
639,49.00373776679814,0,5,3.1068999767303467,12,True,1.0,yard,repeated,0.5,yard
930,44.64162722741234,0,7,4.596499919891357,9,True,1.0,home,repeated,0.5,home
697,44.54505796574436,0,3,3.5223000049591064,13,True,1.0,film,repeated,0.5,film
1028,37.67284961040763,0,8,1.6334999799728394,10,True,1.0,skit,repeated,0.5,skit
643,47.194609226950156,0,10,3.674999952316284,9,True,1.0,ring,repeated,0.5,ring
644,49.1359360367216,0,9,3.6050000190734863,13,True,1.0,gold,repeated,0.5,gold
702,44.3250865155769,0,7,1.5184999704360962,8,True,1.0,scab,repeated,0.5,scab
999,31.821340114651594,0,11,3.072200059890747,9,True,1.0,cast,repeated,0.5,cast
650,49.95669302851813,0,7,3.116300106048584,6,True,1.0,tank,repeated,0.5,tank
705,29.196749701012898,0,1,3.6405999660491943,11,True,1.0,army,repeated,0.5,army
669,60.43506825165093,0,8,3.379699945449829,10,True,1.0,pool,repeated,0.5,pool
1563,77.21977658870222,0,4,2.6041998863220215,7,True,1.0,mere,repeated,0.5,mere
679,46.5999409403208,0,9,2.2600998878479004,10,True,1.0,veal,repeated,0.5,veal
842,27.750237365078732,0,4,1.2788000106811523,6,True,1.0,loin,repeated,0.5,loin
685,42.15790159866399,0,3,2.2067999839782715,7,True,1.0,duct,repeated,0.5,duct
693,68.57019405004243,0,13,3.14739990234375,10,True,1.0,wire,repeated,0.5,wire
687,28.14778614706309,0,3,2.459399938583374,7,True,1.0,tomb,repeated,0.5,tomb
1047,33.184248226320946,0,7,3.0232999324798584,6,True,1.0,bury,repeated,0.5,bury
743,45.798759024167694,0,10,3.1682000160217285,11,True,1.0,meal,repeated,0.5,meal
943,47.50597191957874,0,10,2.257699966430664,4,True,1.0,hash,repeated,0.5,hash
716,59.96938074382615,0,10,4.040999889373779,10,True,1.0,fire,repeated,0.5,fire
906,45.93580865905104,0,6,2.4828999042510986,9,True,1.0,boil,repeated,0.5,boil
810,50.213250984093634,0,7,2.2764999866485596,4,True,1.0,prop,repeated,0.5,prop
1196,48.975386622617556,0,9,1.8194999694824219,7,True,1.0,scat,repeated,0.5,scat
718,39.67606698370669,0,10,3.4354000091552734,9,True,1.0,band,repeated,0.5,band
1215,18.744418710299218,0,0,1.6720999479293823,8,True,1.0,opus,repeated,0.5,opus
762,52.67123818220458,0,11,2.2227001190185547,10,True,1.0,cove,repeated,0.5,cove
945,23.727831438396002,0,3,2.3838000297546387,8,True,1.0,gulf,repeated,0.5,gulf
749,45.84407608224874,0,7,3.436500072479248,8,True,1.0,note,repeated,0.5,note
891,19.95490043590003,0,1,2.528899908065796,8,True,1.0,memo,repeated,0.5,memo
757,36.56875312002849,0,0,1.3978999853134155,6,True,1.0,suds,repeated,0.5,suds
854,46.8280147601129,0,11,3.3176000118255615,9,True,1.0,wash,repeated,0.5,wash
759,64.5497580068396,0,13,2.2788000106811523,9,True,1.0,mink,repeated,0.5,mink
944,44.11169458341862,0,5,1.6901999711990356,8,True,1.0,pelt,repeated,0.5,pelt
799,44.99126371539039,0,6,2.8420000076293945,7,True,1.0,chop,repeated,0.5,chop
997,22.39003415787232,0,4,2.340399980545044,6,True,1.0,trim,repeated,0.5,trim
768,53.561897396102815,0,8,2.9916999340057373,11,True,1.0,site,repeated,0.5,site
1079,28.16809478275327,0,0,3.5822999477386475,7,True,1.0,area,repeated,0.5,area
825,38.415949678810385,0,7,3.187000036239624,8,True,1.0,gang,repeated,0.5,gang
1162,45.536401487608984,0,8,2.322200059890747,10,True,1.0,clan,repeated,0.5,clan
817,64.45841040501561,0,18,3.2385001182556152,10,True,1.0,male,repeated,0.5,male
846,25.54488698719472,0,3,2.2504000663757324,10,True,1.0,womb,repeated,0.5,womb
1203,32.364164301788605,0,2,2.0413999557495117,6,True,1.0,blur,repeated,0.5,blur
1298,29.901972945705456,0,8,4.293000221252441,7,True,1.0,seen,repeated,0.5,seen
823,36.95138032440089,0,0,3.337100028991699,9,True,1.0,papa,repeated,0.5,papa
826,52.84675747044175,0,1,2.9646999835968018,5,True,1.0,sons,repeated,0.5,sons
886,42.412528287827584,0,2,1.6720999479293823,10,True,1.0,brie,repeated,0.5,brie
911,56.31515632595288,0,7,1.3617000579833984,8,True,1.0,curd,repeated,0.5,curd
855,66.20014379007503,2,10,3.6970999240875244,5,True,1.0,sing,repeated,0.5,sing
1024,49.182301564735646,0,10,2.973099946975708,9,True,1.0,yell,repeated,0.5,yell
1072,18.24833742265802,0,2,2.6730000972747803,7,True,1.0,arts,repeated,0.5,arts
1408,50.251769655766076,0,7,1.9955999851226807,10,True,1.0,muse,repeated,0.5,muse
857,59.23351465006982,0,12,2.7283999919891357,8,True,1.0,root,repeated,0.5,root
878,32.494594136557524,0,3,1.973099946975708,6,True,1.0,pulp,repeated,0.5,pulp
871,61.842410628753115,0,8,4.10830020904541,7,True,1.0,jack,repeated,0.5,jack
884,43.277446711419074,0,11,2.9121999740600586,11,True,1.0,gear,repeated,0.5,gear
869,24.226126922628385,0,7,3.436500072479248,10,True,1.0,shop,repeated,0.5,shop
1154,60.58396284837228,0,9,4.609600067138672,7,True,1.0,work,repeated,0.5,work
983,50.024829631475185,0,18,3.827199935913086,8,True,1.0,beat,repeated,0.5,beat
1254,62.109297479907205,0,10,2.689300060272217,9,True,1.0,pace,repeated,0.5,pace
890,23.857704632296368,0,3,2.706700086593628,11,True,1.0,acid,repeated,0.5,acid
1245,37.42258310101263,0,10,2.4742000102996826,7,True,1.0,sour,repeated,0.5,sour
947,55.35247076588903,0,8,4.639500141143799,9,True,1.0,talk,repeated,0.5,talk
1167,33.878467419255706,0,2,2.344399929046631,6,True,1.0,oral,repeated,0.5,oral
935,73.26130979037714,0,16,2.498300075531006,6,True,1.0,fare,repeated,0.5,fare
1140,39.38119066873178,0,9,2.2355000972747803,9,True,1.0,toll,repeated,0.5,toll
1212,30.69953835262148,0,2,0.9031000137329102,8,True,1.0,quip,repeated,0.5,quip
1468,45.39528484635714,0,10,1.8387999534606934,8,True,1.0,jest,repeated,0.5,jest
941,35.22958582823277,0,7,2.799999952316284,7,True,1.0,bump,repeated,0.5,bump
1221,96.9715144122564,0,13,2.884200096130371,9,True,1.0,sore,repeated,0.5,sore
1280,20.498897062046197,0,2,2.2788000106811523,5,True,1.0,tidy,repeated,0.5,tidy
1405,32.39020991631435,0,10,2.803499937057495,8,True,1.0,neat,repeated,0.5,neat
985,23.53184207331635,0,1,1.857300043106079,6,True,1.0,ogre,repeated,0.5,ogre
989,19.161763677835626,0,0,1.1761000156402588,8,True,1.0,yeti,repeated,0.5,yeti
1206,70.625985342267,0,12,3.588599920272827,6,True,1.0,slow,repeated,0.5,slow
1440,39.620733159208314,0,7,1.7853000164031982,4,True,1.0,lull,repeated,0.5,lull
1000,40.67098158210016,0,0,2.178999900817871,8,True,1.0,meow,repeated,0.5,meow
1043,37.37068092397317,0,4,2.0253000259399414,6,True,1.0,howl,repeated,0.5,howl
1121,28.273662326423313,0,0,1.8976000547409058,10,True,1.0,guru,repeated,0.5,guru
1494,42.82008903050725,0,9,3.1623001098632812,10,True,1.0,wise,repeated,0.5,wise
1020,41.13865747766776,0,8,4.163099765777588,11,True,1.0,five,repeated,0.5,five
1314,27.36714842057474,0,1,3.039400100708008,8,True,1.0,zero,repeated,0.5,zero
1218,35.36476559375662,0,7,1.9911999702453613,6,True,1.0,bulk,repeated,0.5,bulk
1365,17.156741094903765,0,1,4.24429988861084,6,True,1.0,used,repeated,0.5,used
1075,26.71305186498348,0,3,3.3078999519348145,6,True,1.0,loud,repeated,0.5,loud
1098,32.73832394811477,0,16,4.452199935913086,4,True,1.0,hear,repeated,0.5,hear
1360,32.49927880794825,1,0,2.659899950027466,5,True,1.0,obey,repeated,0.5,obey
1382,59.00457683809268,0,5,3.390199899673462,8,True,1.0,rule,repeated,0.5,rule
1110,54.12595249169611,0,17,3.0302000045776367,7,True,1.0,mile,repeated,0.5,mile
1397,19.90454904452494,0,1,1.7782000303268433,4,True,1.0,afar,repeated,0.5,afar
1328,29.29742538079007,0,1,3.6589999198913574,6,True,1.0,kept,repeated,0.5,kept
1371,59.76689284205524,0,8,4.2418999671936035,5,True,1.0,took,repeated,0.5,took
1166,45.05732828035535,0,9,1.3221999406814575,5,True,1.0,doze,repeated,0.5,doze
1276,80.55648533034952,0,11,4.035900115966797,5,True,1.0,rest,repeated,0.5,rest
1452,15.591939246631924,0,0,2.9872000217437744,9,True,1.0,odds,repeated,0.5,odds
1500,20.00834527008632,0,2,1.6812000274658203,4,True,1.0,vary,repeated,0.5,vary
1214,24.791101973241723,0,12,4.151500225067139,10,True,1.0,year,repeated,0.5,year
1341,40.34342456734119,0,0,2.983599901199341,11,True,1.0,noel,repeated,0.5,noel
1344,38.04413592640465,0,5,3.9446001052856445,7,True,1.0,fact,repeated,0.5,fact
1534,21.236808668967544,0,1,4.111299991607666,5,True,1.0,true,repeated,0.5,true
1256,26.08030848032803,0,5,3.9179000854492188,6,True,1.0,hour,repeated,0.5,hour
1263,40.901524206397696,0,7,4.999499797821045,5,True,1.0,time,repeated,0.5,time
1334,32.006900589107474,0,3,3.7534000873565674,5,True,1.0,less,repeated,0.5,less
1537,28.201126620868404,0,4,4.695799827575684,6,True,1.0,much,repeated,0.5,much
1304,45.338749649943104,0,9,1.2553000450134277,5,True,1.0,bonk,repeated,0.5,bonk
1353,24.4472385376053,0,4,1.9955999851226807,6,True,1.0,wham,repeated,0.5,wham
1364,72.7893329440398,0,15,4.327899932861328,10,True,1.0,same,repeated,0.5,same
1533,21.772548472900418,0,1,1.1761000156402588,5,True,1.0,akin,repeated,0.5,akin
1323,60.576305504934126,0,6,1.4471999406814575,8,True,1.0,dolt,repeated,0.5,dolt
1325,30.594275848121008,0,0,1.9138000011444092,5,True,1.0,redo,repeated,0.5,redo
1433,33.803944312306086,0,3,3.9416000843048096,8,True,1.0,glad,repeated,0.5,glad
1492,42.31234930100584,0,10,4.0391998291015625,9,True,1.0,hate,repeated,0.5,hate
1358,35.03548848494605,0,10,4.145400047302246,7,True,1.0,lost,repeated,0.5,lost
1368,43.51940094595124,0,10,4.627200126647949,5,True,1.0,find,repeated,0.5,find
1439,38.13971161351405,0,7,1.5051000118255615,8,True,1.0,zeal,repeated,0.5,zeal
1444,58.53087256943728,1,3,1.770900011062622,8,True,1.0,glee,repeated,0.5,glee
1373,21.261343939944915,0,2,2.460900068283081,5,True,1.0,cozy,repeated,0.5,cozy
1391,15.164279281562226,0,4,1.8691999912261963,5,True,1.0,snug,repeated,0.5,snug
1464,61.456285796773706,0,11,5.497300148010254,6,True,1.0,have,repeated,0.5,have
1501,21.958703369840997,0,9,4.947299957275391,5,True,1.0,been,repeated,0.5,been
1385,42.99884943689567,0,6,4.671899795532227,8,True,1.0,help,repeated,0.5,help
1438,79.70493197808987,0,20,4.393599987030029,7,True,1.0,care,repeated,0.5,care
1401,37.34023910077598,0,12,4.39300012588501,11,True,1.0,mind,repeated,0.5,mind
1511,34.027957425005596,0,4,3.5940001010894775,7,True,1.0,soul,repeated,0.5,soul
1420,43.74596003998095,0,6,2.8685998916625977,5,True,1.0,foul,repeated,0.5,foul
1515,20.127346574775473,0,8,2.2899999618530273,6,True,1.0,yuck,repeated,0.5,yuck
1498,24.445421506120795,0,0,2.5315001010894775,9,True,1.0,urge,repeated,0.5,urge
1539,19.993170786585118,0,5,2.079200029373169,6,True,1.0,whim,repeated,0.5,whim
1458,23.708069413579306,0,5,1.8976000547409058,8,True,1.0,ploy,repeated,0.5,ploy
1554,59.27771863975109,0,8,1.934499979019165,4,True,1.0,ruse,repeated,0.5,ruse
1531,21.41680338222013,0,3,1.4149999618530273,5,True,1.0,avid,repeated,0.5,avid
1548,49.268718175279375,0,5,2.359800100326538,5,True,1.0,keen,repeated,0.5,keen
