WordInds,LexSemErr,ThresholdCrossingIteration,ONsize,Frequency,NumSemFeats,ThresholdWasCrossed,CorrectItemCrossed,WordThatCrossed,Relatedness_name,Relatedness_code,WordInput
155,886.0439929760662,9,5,2.3578999042510986,7,True,1.0,crow,SemUnrelated,-0.5,crow
335,948.9575979066228,10,12,2.4547998905181885,10,True,1.0,dove,SemUnrelated,-0.5,dove
1,918.1570108078613,11,9,1.6990000009536743,9,True,1.0,pant,SemUnrelated,-0.5,pant
261,873.7041338301866,6,5,2.9565999507904053,13,True,1.0,jean,SemUnrelated,-0.5,jean
135,808.2383302991993,6,1,3.0183000564575195,10,True,1.0,earl,SemUnrelated,-0.5,earl
972,900.6562913725777,9,7,3.1064999103546143,13,True,1.0,duke,SemUnrelated,-0.5,duke
12,892.4185299415312,6,2,2.7809998989105225,14,True,1.0,frog,SemUnrelated,-0.5,frog
442,808.2016399397163,6,4,1.8387999534606934,10,True,1.0,newt,SemUnrelated,-0.5,newt
157,926.5202561291401,8,8,1.5563000440597534,12,True,1.0,fowl,SemUnrelated,-0.5,fowl
514,932.7063871217384,7,1,3.365299940109253,11,True,1.0,bird,SemUnrelated,-0.5,bird
214,681.2063325846119,4,0,2.835700035095215,8,True,1.0,exam,SemUnrelated,-0.5,exam
992,921.7766045214576,9,12,3.6324000358581543,11,True,1.0,test,SemUnrelated,-0.5,test
2,796.6706838436769,7,5,2.637500047683716,10,True,1.0,robe,SemUnrelated,-0.5,robe
781,932.4632220367051,9,11,2.4547998905181885,11,True,1.0,vest,SemUnrelated,-0.5,vest
542,902.2225104785954,8,8,2.542799949645996,15,True,1.0,swan,SemUnrelated,-0.5,swan
603,934.7074412404638,11,14,3.1017000675201416,15,True,1.0,duck,SemUnrelated,-0.5,duck
369,835.4823924011729,6,4,2.004300117492676,10,True,1.0,barf,SemUnrelated,-0.5,barf
755,933.6798649396166,8,5,2.5051000118255615,10,True,1.0,puke,SemUnrelated,-0.5,puke
146,714.1776544075741,4,1,1.6434999704360962,11,True,1.0,zinc,SemUnrelated,-0.5,zinc
938,923.1862921895593,10,12,3.6280999183654785,16,True,1.0,lead,SemUnrelated,-0.5,lead
441,934.8897702478771,10,11,2.5262999534606934,10,True,1.0,mice,SemUnrelated,-0.5,mice
905,913.6554755500474,8,5,2.176100015640259,13,True,1.0,puss,SemUnrelated,-0.5,puss
246,756.1308649590675,5,1,2.8608999252319336,9,True,1.0,debt,SemUnrelated,-0.5,debt
1080,918.0308317530507,9,6,3.00600004196167,9,True,1.0,loan,SemUnrelated,-0.5,loan
721,799.2287249483901,8,4,1.5563000440597534,11,True,1.0,axes,SemUnrelated,-0.5,axes
963,833.3901691938169,7,3,1.2303999662399292,9,True,1.0,maul,SemUnrelated,-0.5,maul
422,922.1782766754131,6,1,2.8942999839782715,16,True,1.0,lion,SemUnrelated,-0.5,lion
616,816.9953851964112,6,1,0.9031000137329102,9,True,1.0,puma,SemUnrelated,-0.5,puma
566,922.5565029040936,11,12,3.4321999549865723,11,True,1.0,rose,SemUnrelated,-0.5,rose
711,896.536349568358,7,1,3.13700008392334,10,True,1.0,lily,SemUnrelated,-0.5,lily
439,866.2565209547656,7,7,1.9138000011444092,8,True,1.0,stag,SemUnrelated,-0.5,stag
723,932.4086553862351,9,11,3.2360000610351562,11,True,1.0,buck,SemUnrelated,-0.5,buck
1117,919.587339846879,8,3,4.0991997718811035,9,True,1.0,hurt,SemUnrelated,-0.5,hurt
1152,889.5740310883548,8,7,3.6986000537872314,13,True,1.0,pain,SemUnrelated,-0.5,pain
573,930.2720418890319,8,6,2.767199993133545,16,True,1.0,dish,SemUnrelated,-0.5,dish
599,873.0761056437301,8,6,3.039400100708008,9,True,1.0,bowl,SemUnrelated,-0.5,bowl
8,901.4642774622769,9,6,2.1238999366760254,7,True,1.0,gram,SemUnrelated,-0.5,gram
1239,845.2258180873248,6,4,1.9084999561309814,10,True,1.0,kilo,SemUnrelated,-0.5,kilo
576,879.5425651012516,8,5,2.617000102996826,11,True,1.0,pony,SemUnrelated,-0.5,pony
680,924.9326473419826,11,18,2.1731998920440674,13,True,1.0,mare,SemUnrelated,-0.5,mare
946,931.3927467799416,9,11,1.7559000253677368,13,True,1.0,gull,SemUnrelated,-0.5,gull
1261,924.7780895508513,12,15,1.5681999921798706,9,True,1.0,coot,SemUnrelated,-0.5,coot
620,883.4850760257999,9,6,3.200900077819824,10,True,1.0,bath,SemUnrelated,-0.5,bath
684,907.7765170361497,11,12,2.936500072479248,8,True,1.0,sink,SemUnrelated,-0.5,sink
118,755.0390603173503,5,0,2.433000087738037,7,True,1.0,nova,SemUnrelated,-0.5,nova
709,926.218809527081,9,9,3.618000030517578,13,True,1.0,star,SemUnrelated,-0.5,star
623,894.7228427927035,9,10,2.789599895477295,14,True,1.0,dime,SemUnrelated,-0.5,dime
909,913.9212103358401,9,10,2.684799909591675,12,True,1.0,cent,SemUnrelated,-0.5,cent
270,925.4516320689015,9,7,2.285599946975708,10,True,1.0,pact,SemUnrelated,-0.5,pact
1255,928.9991674708959,11,14,4.124899864196777,11,True,1.0,deal,SemUnrelated,-0.5,deal
1437,925.2584232825609,12,16,1.544100046157837,9,True,1.0,lore,SemUnrelated,-0.5,lore
1466,741.0261162695818,5,3,2.547800064086914,6,True,1.0,myth,SemUnrelated,-0.5,myth
1251,862.1674571451204,8,10,2.761899948120117,8,True,1.0,rage,SemUnrelated,-0.5,rage
1311,877.0149448939655,7,2,2.29229998588562,8,True,1.0,fury,SemUnrelated,-0.5,fury
41,907.4196331262716,9,7,2.6989998817443848,12,True,1.0,silk,SemUnrelated,-0.5,silk
610,900.0185056806943,8,6,2.2095000743865967,9,True,1.0,wool,SemUnrelated,-0.5,wool
910,810.4952694740629,6,4,1.857300043106079,8,True,1.0,wept,SemUnrelated,-0.5,wept
1150,851.2021036688768,7,3,1.462399959564209,7,True,1.0,bawl,SemUnrelated,-0.5,bawl
510,922.0111723461216,7,3,3.629300117492676,14,True,1.0,fish,SemUnrelated,-0.5,fish
585,826.3019235547856,6,2,2.6117000579833984,12,True,1.0,tuna,SemUnrelated,-0.5,tuna
22,846.9515546656912,7,5,2.4065001010894775,12,True,1.0,herb,SemUnrelated,-0.5,herb
241,918.0940285888449,9,12,1.954200029373169,11,True,1.0,sage,SemUnrelated,-0.5,sage
937,871.914284955307,7,8,3.8190999031066895,7,True,1.0,king,SemUnrelated,-0.5,king
1003,644.9103563561329,4,1,1.3009999990463257,9,True,1.0,tsar,SemUnrelated,-0.5,tsar
30,803.1949061226284,6,2,1.9911999702453613,11,True,1.0,knit,SemUnrelated,-0.5,knit
1034,852.0930969617439,7,2,1.8260999917984009,10,True,1.0,sewn,SemUnrelated,-0.5,sewn
26,863.4484138426836,7,5,2.3784000873565674,10,True,1.0,limb,SemUnrelated,-0.5,limb
692,915.6650832567278,9,7,4.154200077056885,11,True,1.0,hand,SemUnrelated,-0.5,hand
61,876.8001132661627,9,7,1.9589999914169312,6,True,1.0,dung,SemUnrelated,-0.5,dung
138,903.9457925412092,9,7,3.4986000061035156,7,True,1.0,crap,SemUnrelated,-0.5,crap
57,916.1003522762369,9,7,2.7723000049591064,11,True,1.0,plot,SemUnrelated,-0.5,plot
1222,915.1346639328892,11,13,2.7874999046325684,11,True,1.0,tale,SemUnrelated,-0.5,tale
275,748.3923505541582,4,0,0.9031000137329102,13,True,1.0,ovum,SemUnrelated,-0.5,ovum
821,923.4512567615129,8,10,3.4428999423980713,11,True,1.0,cell,SemUnrelated,-0.5,cell
62,661.5840187803524,4,0,0.3009999990463257,8,True,1.0,lynx,SemUnrelated,-0.5,lynx
595,927.273667520649,12,16,2.29229998588562,8,True,1.0,hare,SemUnrelated,-0.5,hare
240,917.7948318554705,8,4,2.478600025177002,11,True,1.0,glue,SemUnrelated,-0.5,glue
815,667.3206264827734,5,1,1.0,14,True,1.0,inks,SemUnrelated,-0.5,inks
92,884.0787887107563,10,11,2.609600067138672,10,True,1.0,tuck,SemUnrelated,-0.5,tuck
1287,907.9590326206624,10,9,2.851300001144409,8,True,1.0,darn,SemUnrelated,-0.5,darn
213,573.3216077586743,3,0,1.2553000450134277,11,True,1.0,onyx,SemUnrelated,-0.5,onyx
836,859.342306914803,6,3,2.4149999618530273,9,True,1.0,jade,SemUnrelated,-0.5,jade
141,909.655266170502,9,10,2.5694000720977783,10,True,1.0,tick,SemUnrelated,-0.5,tick
587,813.4174298110527,7,5,2.2304000854492188,8,True,1.0,flea,SemUnrelated,-0.5,flea
170,927.4795820105388,9,9,2.2095000743865967,9,True,1.0,funk,SemUnrelated,-0.5,funk
196,686.8072632675878,4,0,2.784600019454956,9,True,1.0,jazz,SemUnrelated,-0.5,jazz
142,876.0698557928033,6,1,2.56469988822937,12,True,1.0,glen,SemUnrelated,-0.5,glen
549,917.6055723020694,10,12,3.282399892807007,13,True,1.0,hill,SemUnrelated,-0.5,hill
294,914.4727709924304,9,6,2.599900007247925,11,True,1.0,soil,SemUnrelated,-0.5,soil
602,882.2443205801039,8,3,3.1175999641418457,5,True,1.0,dirt,SemUnrelated,-0.5,dirt
178,934.3699554275405,9,10,2.8578999042510986,10,True,1.0,bush,SemUnrelated,-0.5,bush
511,917.1497477552399,8,4,3.5206000804901123,15,True,1.0,tree,SemUnrelated,-0.5,tree
384,738.7863687340325,5,1,2.8006999492645264,7,True,1.0,inch,SemUnrelated,-0.5,inch
1291,868.0634530420309,10,8,2.0085999965667725,4,True,1.0,span,SemUnrelated,-0.5,span
186,910.2989512588217,7,3,2.734800100326538,12,True,1.0,lamb,SemUnrelated,-0.5,lamb
608,941.2454844621859,11,11,2.648400068283081,10,True,1.0,deer,SemUnrelated,-0.5,deer
266,828.9539847703469,8,7,1.8920999765396118,9,True,1.0,haze,SemUnrelated,-0.5,haze
488,719.9719983223853,5,1,1.7482000589370728,9,True,1.0,smog,SemUnrelated,-0.5,smog
191,911.5968891164505,9,7,2.164400100708008,8,True,1.0,moss,SemUnrelated,-0.5,moss
524,895.8610277948294,6,0,2.2147998809814453,9,True,1.0,fern,SemUnrelated,-0.5,fern
405,788.5621736516158,6,2,1.6720999479293823,11,True,1.0,acne,SemUnrelated,-0.5,acne
1242,726.9202487097657,5,2,2.330399990081787,11,True,1.0,itch,SemUnrelated,-0.5,itch
230,903.5706091451768,9,8,1.924299955368042,10,True,1.0,lark,SemUnrelated,-0.5,lark
470,834.2162301271513,6,1,1.3009999990463257,6,True,1.0,wren,SemUnrelated,-0.5,wren
314,927.6429994840282,7,3,2.749000072479248,11,True,1.0,shed,SemUnrelated,-0.5,shed
654,916.3933158351053,9,8,4.350599765777588,15,True,1.0,room,SemUnrelated,-0.5,room
233,909.8825288370335,9,7,2.3385000228881836,7,True,1.0,lure,SemUnrelated,-0.5,lure
271,891.2517594868559,8,3,2.6963999271392822,6,True,1.0,bait,SemUnrelated,-0.5,bait
548,902.4277742450525,10,9,3.688999891281128,14,True,1.0,boat,SemUnrelated,-0.5,boat
597,925.5222248146313,10,8,3.7028000354766846,10,True,1.0,ship,SemUnrelated,-0.5,ship
251,850.6678707031773,7,6,1.462399959564209,11,True,1.0,kale,SemUnrelated,-0.5,kale
559,924.1144632684591,9,8,1.2041000127792358,9,True,1.0,leek,SemUnrelated,-0.5,leek
25,885.8444836879364,8,10,1.544100046157837,8,True,1.0,mope,SemUnrelated,-0.5,mope
1474,863.528779505387,8,5,1.7243000268936157,8,True,1.0,glum,SemUnrelated,-0.5,glum
285,932.6734469229339,10,10,2.841399908065796,8,True,1.0,barn,SemUnrelated,-0.5,barn
880,848.9206697623835,7,5,1.6901999711990356,9,True,1.0,silo,SemUnrelated,-0.5,silo
505,674.130335241828,4,0,1.6128000020980835,11,True,1.0,kiwi,SemUnrelated,-0.5,kiwi
626,897.1535948575529,8,5,2.243000030517578,12,True,1.0,plum,SemUnrelated,-0.5,plum
319,913.6005877238601,9,5,1.8691999912261963,8,True,1.0,wasp,SemUnrelated,-0.5,wasp
696,912.2772198475457,7,5,2.436199903488159,13,True,1.0,bees,SemUnrelated,-0.5,bees
545,750.3482473548167,4,0,2.2227001190185547,14,True,1.0,mayo,SemUnrelated,-0.5,mayo
736,929.7305410522589,10,9,1.2553000450134277,10,True,1.0,slaw,SemUnrelated,-0.5,slaw
454,766.0727517506301,5,3,1.3617000579833984,10,True,1.0,oxen,SemUnrelated,-0.5,oxen
621,935.9769509106297,10,12,3.14739990234375,8,True,1.0,bull,SemUnrelated,-0.5,bull
114,774.0528364338238,5,1,3.904400110244751,8,True,1.0,whoa,SemUnrelated,-0.5,whoa
1483,763.9849453750119,5,1,2.7458999156951904,6,True,1.0,oops,SemUnrelated,-0.5,oops
544,846.6042765762273,7,9,2.413300037384033,10,True,1.0,cafe,SemUnrelated,-0.5,cafe
763,701.8154589243475,5,1,2.037400007247925,7,True,1.0,deli,SemUnrelated,-0.5,deli
174,918.4283860277401,7,2,2.5211000442504883,13,True,1.0,riot,SemUnrelated,-0.5,riot
877,839.6955076251013,7,3,2.2528998851776123,11,True,1.0,thug,SemUnrelated,-0.5,thug
578,905.3499486119763,8,3,2.510499954223633,9,True,1.0,pond,SemUnrelated,-0.5,pond
592,938.7846206416834,9,13,3.2641000747680664,9,True,1.0,lake,SemUnrelated,-0.5,lake
695,924.6125282196756,9,12,2.7809998989105225,15,True,1.0,pill,SemUnrelated,-0.5,pill
798,824.4500578085041,6,2,3.36299991607666,12,True,1.0,drug,SemUnrelated,-0.5,drug
590,939.751184800623,9,11,3.585599899291992,12,True,1.0,beer,SemUnrelated,-0.5,beer
1338,946.8434930011563,9,15,3.514899969100952,11,True,1.0,sake,SemUnrelated,-0.5,sake
144,900.651996090566,9,6,1.8194999694824219,6,True,1.0,posh,SemUnrelated,-0.5,posh
1347,816.7646647077438,8,5,2.0492000579833984,7,True,1.0,snob,SemUnrelated,-0.5,snob
596,892.024582111995,9,10,4.168700218200684,9,True,1.0,face,SemUnrelated,-0.5,face
676,891.1276693512057,10,11,4.277599811553955,9,True,1.0,head,SemUnrelated,-0.5,head
958,876.5514392691468,8,9,3.536799907684326,8,True,1.0,nine,SemUnrelated,-0.5,nine
1188,883.0732599555965,8,6,4.115499973297119,9,True,1.0,four,SemUnrelated,-0.5,four
744,939.9835367333468,9,11,2.613800048828125,12,True,1.0,rash,SemUnrelated,-0.5,rash
830,920.2387923974663,10,10,1.0,9,True,1.0,welt,SemUnrelated,-0.5,welt
1367,824.7867820055105,8,10,2.4969000816345215,6,True,1.0,scam,SemUnrelated,-0.5,scam
1456,853.2523519429427,7,4,1.531499981880188,6,True,1.0,dupe,SemUnrelated,-0.5,dupe
751,888.7004433687941,9,8,2.4377999305725098,6,True,1.0,peel,SemUnrelated,-0.5,peel
805,891.9488813155507,9,9,1.1761000156402588,6,True,1.0,rind,SemUnrelated,-0.5,rind
71,850.4515122898076,7,4,1.6812000274658203,10,True,1.0,spud,SemUnrelated,-0.5,spud
698,902.9958108696981,9,7,3.0220000743865967,9,True,1.0,chip,SemUnrelated,-0.5,chip
838,879.4179552938997,8,6,2.1875,10,True,1.0,boob,SemUnrelated,-0.5,boob
843,919.0983514396387,11,13,1.2303999662399292,7,True,1.0,teat,SemUnrelated,-0.5,teat
152,819.7277424385596,8,8,2.0569000244140625,4,True,1.0,goof,SemUnrelated,-0.5,goof
1108,702.8678237249494,6,2,1.544100046157837,8,True,1.0,typo,SemUnrelated,-0.5,typo
23,934.6147733778738,11,18,1.079200029373169,8,True,1.0,sear,SemUnrelated,-0.5,sear
903,938.929750247815,10,13,2.510499954223633,9,True,1.0,bake,SemUnrelated,-0.5,bake
49,935.4020188499456,12,13,2.2279000282287598,11,True,1.0,lime,SemUnrelated,-0.5,lime
557,929.5094487243047,9,13,1.8387999534606934,10,True,1.0,pear,SemUnrelated,-0.5,pear
40,932.0390094416509,9,12,1.5563000440597534,11,True,1.0,gash,SemUnrelated,-0.5,gash
931,898.2217715809174,9,6,3.4498000144958496,7,True,1.0,burn,SemUnrelated,-0.5,burn
305,822.1861984583086,6,2,3.380199909210205,7,True,1.0,plus,SemUnrelated,-0.5,plus
375,890.2613100029554,8,6,2.4518001079559326,8,True,1.0,grid,SemUnrelated,-0.5,grid
46,829.215640153111,6,1,3.4149999618530273,6,True,1.0,duty,SemUnrelated,-0.5,duty
1461,911.553564056196,10,12,2.9684998989105225,8,True,1.0,role,SemUnrelated,-0.5,role
195,783.8112383213104,6,2,1.8451000452041626,8,True,1.0,alto,SemUnrelated,-0.5,alto
1105,805.5449352071639,5,1,1.8976000547409058,8,True,1.0,diva,SemUnrelated,-0.5,diva
47,912.7051342301818,10,13,1.579800009727478,5,True,1.0,hone,SemUnrelated,-0.5,hone
364,875.3596547355392,7,4,0.7781999707221985,10,True,1.0,rasp,SemUnrelated,-0.5,rasp
162,656.5678962803561,4,0,3.1201999187469482,12,True,1.0,taxi,SemUnrelated,-0.5,taxi
475,830.9166114033267,6,1,2.5933001041412354,12,True,1.0,auto,SemUnrelated,-0.5,auto
159,937.407573007984,12,16,2.7551000118255615,10,True,1.0,boot,SemUnrelated,-0.5,boot
609,836.3043275988981,9,7,2.577500104904175,6,True,1.0,heel,SemUnrelated,-0.5,heel
203,854.8270543881221,6,2,2.3032000064849854,13,True,1.0,bulb,SemUnrelated,-0.5,bulb
534,929.8625828651387,10,8,2.81820011138916,11,True,1.0,lamp,SemUnrelated,-0.5,lamp
161,904.5026769176147,9,4,1.6901999711990356,9,True,1.0,font,SemUnrelated,-0.5,font
163,752.7154793826801,8,4,3.490499973297119,5,True,1.0,type,SemUnrelated,-0.5,type
342,715.0015305477235,5,0,1.9031000137329102,8,True,1.0,luau,SemUnrelated,-0.5,luau
1093,902.2385469413387,10,13,1.8451000452041626,10,True,1.0,fest,SemUnrelated,-0.5,fest
185,663.438121817138,4,0,1.2788000106811523,12,True,1.0,oboe,SemUnrelated,-0.5,oboe
277,919.9199918746921,8,7,2.1303000450134277,11,True,1.0,harp,SemUnrelated,-0.5,harp
346,909.3982385277528,8,6,2.672100067138672,9,True,1.0,hint,SemUnrelated,-0.5,hint
480,877.968068739181,7,3,2.9537999629974365,7,True,1.0,clue,SemUnrelated,-0.5,clue
202,896.6439486168368,8,4,1.986799955368042,9,True,1.0,moan,SemUnrelated,-0.5,moan
273,739.1003345964742,6,3,0.9031000137329102,6,True,1.0,yelp,SemUnrelated,-0.5,yelp
221,805.5251595027455,5,2,1.7243000268936157,9,True,1.0,opal,SemUnrelated,-0.5,opal
671,789.3430361006049,5,0,2.783900022506714,11,True,1.0,ruby,SemUnrelated,-0.5,ruby
210,915.4893429431319,9,7,2.037400007247925,11,True,1.0,snot,SemUnrelated,-0.5,snot
581,914.4999483518365,9,10,3.5511999130249023,11,True,1.0,nose,SemUnrelated,-0.5,nose
244,892.277445418852,9,5,2.9014999866485596,12,True,1.0,tune,SemUnrelated,-0.5,tune
961,753.694872655653,4,0,1.924299955368042,10,True,1.0,hymn,SemUnrelated,-0.5,hymn
234,839.8004041535276,7,3,3.0980000495910645,6,True,1.0,path,SemUnrelated,-0.5,path
677,911.6365182749765,9,5,3.7565999031066895,11,True,1.0,road,SemUnrelated,-0.5,road
440,934.6459574074715,8,4,2.613800048828125,11,True,1.0,tray,SemUnrelated,-0.5,tray
990,926.3250497195531,11,13,4.1585001945495605,10,True,1.0,case,SemUnrelated,-0.5,case
282,899.4160319990542,10,9,2.730799913406372,10,True,1.0,pork,SemUnrelated,-0.5,pork
683,882.710096047443,7,6,3.0025999546051025,13,True,1.0,beef,SemUnrelated,-0.5,beef
507,908.8596262945366,8,8,1.8260999917984009,9,True,1.0,tush,SemUnrelated,-0.5,tush
860,924.6490257985166,10,12,5.0106000900268555,8,True,1.0,back,SemUnrelated,-0.5,back
297,871.9465753640656,9,10,2.3559999465942383,6,True,1.0,vile,SemUnrelated,-0.5,vile
1543,911.1666297467821,9,8,5.124199867248535,12,True,1.0,good,SemUnrelated,-0.5,good
367,846.3977358097766,7,3,1.6232000589370728,8,True,1.0,clog,SemUnrelated,-0.5,clog
561,917.2573926415425,11,11,2.661799907684326,8,True,1.0,sock,SemUnrelated,-0.5,sock
299,652.1849230596832,4,0,1.9031000137329102,7,True,1.0,quad,SemUnrelated,-0.5,quad
651,822.8492531276008,7,7,2.7202000617980957,9,True,1.0,jeep,SemUnrelated,-0.5,jeep
499,843.2274570112901,7,5,1.8691999912261963,8,True,1.0,spur,SemUnrelated,-0.5,spur
936,893.7513048459028,7,2,1.968500018119812,10,True,1.0,trot,SemUnrelated,-0.5,trot
301,909.3992741740876,9,10,1.7323999404907227,10,True,1.0,mead,SemUnrelated,-0.5,mead
657,925.2688315479293,11,16,3.4883999824523926,7,True,1.0,wine,SemUnrelated,-0.5,wine
365,890.1578468918087,9,5,2.307499885559082,8,True,1.0,mutt,SemUnrelated,-0.5,mutt
513,788.6491623121152,6,2,3.4321999549865723,10,True,1.0,dogs,SemUnrelated,-0.5,dogs
362,718.4093308952952,5,1,1.0,5,True,1.0,cyan,SemUnrelated,-0.5,cyan
1068,875.6446888111584,7,3,3.717900037765503,7,True,1.0,blue,SemUnrelated,-0.5,blue
717,934.1665437234363,10,13,3.7811999320983887,13,True,1.0,bill,SemUnrelated,-0.5,bill
1156,932.7927695564982,10,13,3.246299982070923,10,True,1.0,rent,SemUnrelated,-0.5,rent
368,929.7627769121966,10,11,2.819499969482422,9,True,1.0,sack,SemUnrelated,-0.5,sack
841,913.7242980480751,8,6,1.7482000589370728,12,True,1.0,tote,SemUnrelated,-0.5,tote
814,709.4253058201065,4,0,1.2303999662399292,8,True,1.0,gyro,SemUnrelated,-0.5,gyro
827,861.3553560917505,8,6,2.517199993133545,7,True,1.0,stew,SemUnrelated,-0.5,stew
376,867.5288278001832,8,5,2.989000082015991,7,True,1.0,bout,SemUnrelated,-0.5,bout
1124,919.9661333865067,10,13,3.4993999004364014,12,True,1.0,race,SemUnrelated,-0.5,race
528,916.8217689314621,9,5,3.544100046157837,11,True,1.0,suit,SemUnrelated,-0.5,suit
750,854.8406696217332,7,3,2.5250000953674316,7,True,1.0,gown,SemUnrelated,-0.5,gown
388,912.0575762631968,9,7,1.6021000146865845,6,True,1.0,carp,SemUnrelated,-0.5,carp
495,926.8974504649217,10,10,2.3710999488830566,9,True,1.0,pike,SemUnrelated,-0.5,pike
529,795.5501354000489,6,2,3.4844000339508057,9,True,1.0,arms,SemUnrelated,-0.5,arms
655,822.5807167771057,6,3,3.998800039291382,10,True,1.0,body,SemUnrelated,-0.5,body
419,885.8752176698817,7,3,2.7258999347686768,13,True,1.0,plug,SemUnrelated,-0.5,plug
774,905.9213233798885,8,4,2.396199941635132,11,True,1.0,fuse,SemUnrelated,-0.5,fuse
619,854.8033231755632,8,6,3.2040998935699463,11,True,1.0,snow,SemUnrelated,-0.5,snow
866,936.1814813091163,10,13,2.7881999015808105,9,True,1.0,hail,SemUnrelated,-0.5,hail
458,834.3358781622468,7,3,2.359800100326538,8,True,1.0,loaf,SemUnrelated,-0.5,loaf
883,823.8125038199785,6,1,1.7633999586105347,12,True,1.0,pita,SemUnrelated,-0.5,pita
872,834.5837626391615,6,0,3.7235000133514404,10,True,1.0,mama,SemUnrelated,-0.5,mama
916,829.2873583090159,6,5,3.4495999813079834,11,True,1.0,aunt,SemUnrelated,-0.5,aunt
493,917.5715186087575,11,17,1.3978999853134155,10,True,1.0,pore,SemUnrelated,-0.5,pore
658,839.6549195882478,8,7,3.351599931716919,14,True,1.0,skin,SemUnrelated,-0.5,skin
613,699.4474451680477,4,0,2.139899969100952,10,True,1.0,tofu,SemUnrelated,-0.5,tofu
1469,733.6500508356188,5,1,1.5184999704360962,9,True,1.0,idly,SemUnrelated,-0.5,idly
532,899.327033742859,7,3,3.1905999183654785,12,True,1.0,shoe,SemUnrelated,-0.5,shoe
1015,862.8596416677614,8,5,3.2790000438690186,4,True,1.0,pair,SemUnrelated,-0.5,pair
1137,745.2977533557082,6,0,3.3922998905181885,3,True,1.0,huge,SemUnrelated,-0.5,huge
1475,864.1921452281697,8,8,2.4941999912261963,8,True,1.0,vast,SemUnrelated,-0.5,vast
591,944.0914155549505,13,19,3.4667000770568848,8,True,1.0,bear,SemUnrelated,-0.5,bear
661,837.0170719108537,7,2,3.014899969100952,8,True,1.0,wolf,SemUnrelated,-0.5,wolf
634,905.0846850561227,11,10,2.456399917602539,6,True,1.0,poop,SemUnrelated,-0.5,poop
976,858.6085107481442,7,3,2.1522998809814453,8,True,1.0,turd,SemUnrelated,-0.5,turd
605,925.1196822235382,10,12,2.8864998817443848,7,True,1.0,rice,SemUnrelated,-0.5,rice
804,879.6150201392906,7,3,1.8324999809265137,9,True,1.0,bran,SemUnrelated,-0.5,bran
656,810.5408812806506,6,2,3.935800075531006,10,True,1.0,city,SemUnrelated,-0.5,city
730,862.8019657952516,7,3,4.101900100708008,11,True,1.0,town,SemUnrelated,-0.5,town
624,921.0796181179212,11,11,2.2788000106811523,11,True,1.0,lace,SemUnrelated,-0.5,lace
1275,918.4987822648764,9,7,3.7862000465393066,8,True,1.0,felt,SemUnrelated,-0.5,felt
670,929.3877038077726,9,6,3.083899974822998,15,True,1.0,deck,SemUnrelated,-0.5,deck
775,838.7366588261397,7,4,3.7820000648498535,7,True,1.0,step,SemUnrelated,-0.5,step
629,860.8886371104745,8,4,3.437299966812134,8,True,1.0,bomb,SemUnrelated,-0.5,bomb
977,858.0959250383996,6,3,2.086400032043457,12,True,1.0,nuke,SemUnrelated,-0.5,nuke
731,825.3110820378146,6,3,3.338900089263916,10,True,1.0,jury,SemUnrelated,-0.5,jury
1025,933.3418864434379,10,14,2.9474000930786133,10,True,1.0,bail,SemUnrelated,-0.5,bail
636,840.8693284433084,7,2,1.3617000579833984,6,True,1.0,gnat,SemUnrelated,-0.5,gnat
714,900.7099242683777,8,4,2.06820011138916,12,True,1.0,moth,SemUnrelated,-0.5,moth
646,938.6526981477136,11,17,3.3615000247955322,8,True,1.0,cake,SemUnrelated,-0.5,cake
956,921.9878060229582,8,7,1.9394999742507935,11,True,1.0,flan,SemUnrelated,-0.5,flan
642,902.9444754874539,7,3,4.173099994659424,11,True,1.0,door,SemUnrelated,-0.5,door
758,926.0245176401473,10,13,1.3802000284194946,7,True,1.0,sill,SemUnrelated,-0.5,sill
981,918.4561124282648,9,7,4.396299839019775,11,True,1.0,show,SemUnrelated,-0.5,show
1216,891.1249741644039,9,5,4.257199764251709,8,True,1.0,play,SemUnrelated,-0.5,play
673,899.6119539055496,8,4,2.4914000034332275,11,True,1.0,bats,SemUnrelated,-0.5,bats
832,921.7393768639715,11,13,2.6149001121520996,8,True,1.0,mole,SemUnrelated,-0.5,mole
19,687.1029135666653,5,1,4.02239990234375,3,True,1.0,also,SemUnrelated,-0.5,also
1564,767.9405404177471,7,3,2.7987000942230225,4,True,1.0,thus,SemUnrelated,-0.5,thus
729,932.5103438634454,11,12,3.4602999687194824,9,True,1.0,lock,SemUnrelated,-0.5,lock
1176,891.980084766545,7,8,3.863600015640259,14,True,1.0,safe,SemUnrelated,-0.5,safe
9,812.8924484625738,6,1,0.8450999855995178,9,True,1.0,clef,SemUnrelated,-0.5,clef
728,911.9513997864244,9,11,3.756500005722046,10,True,1.0,mike,SemUnrelated,-0.5,mike
735,848.9071857341727,7,3,2.3784000873565674,9,True,1.0,lens,SemUnrelated,-0.5,lens
1258,689.8072642445275,5,4,2.2600998878479004,5,True,1.0,zoom,SemUnrelated,-0.5,zoom
1088,871.26540948889,8,5,4.557199954986572,9,True,1.0,stop,SemUnrelated,-0.5,stop
1184,906.1374651425967,9,5,2.7604000568389893,6,True,1.0,halt,SemUnrelated,-0.5,halt
740,887.3258311122569,7,4,2.0827999114990234,13,True,1.0,meth,SemUnrelated,-0.5,meth
1286,873.9828184146047,10,14,2.914299964904785,6,True,1.0,dope,SemUnrelated,-0.5,dope
1236,928.8914957444107,8,4,2.7339999675750732,9,True,1.0,fund,SemUnrelated,-0.5,fund
1330,845.0046502457029,6,1,3.6129000186920166,9,True,1.0,rich,SemUnrelated,-0.5,rich
778,802.5169696819878,5,2,2.3578999042510986,12,True,1.0,yoga,SemUnrelated,-0.5,yoga
1230,835.4730182956391,8,5,3.266700029373169,8,True,1.0,pray,SemUnrelated,-0.5,pray
4,919.4416625149601,10,10,2.444000005722046,8,True,1.0,mint,SemUnrelated,-0.5,mint
638,859.2208394560881,6,0,1.2041000127792358,11,True,1.0,aloe,SemUnrelated,-0.5,aloe
1031,925.395674083498,9,11,3.8220999240875244,7,True,1.0,cold,SemUnrelated,-0.5,cold
1134,892.6903282125016,10,9,3.4249000549316406,4,True,1.0,warm,SemUnrelated,-0.5,warm
24,808.2433219518205,6,1,3.22189998626709,8,True,1.0,ally,SemUnrelated,-0.5,ally
1525,861.5645322779368,8,6,1.7559000253677368,7,True,1.0,tact,SemUnrelated,-0.5,tact
1372,823.1093961444265,7,4,2.9047000408172607,7,True,1.0,hers,SemUnrelated,-0.5,hers
1428,759.0127024162458,6,5,5.5167999267578125,4,True,1.0,your,SemUnrelated,-0.5,your
7,846.1374547169056,7,3,3.8712000846862793,6,True,1.0,plan,SemUnrelated,-0.5,plan
1039,916.1231864102594,8,4,3.8020999431610107,11,True,1.0,boss,SemUnrelated,-0.5,boss
1496,909.5501768058872,11,10,5.148399829864502,6,True,1.0,want,SemUnrelated,-0.5,want
1536,882.2105900578714,7,8,4.819799900054932,11,True,1.0,need,SemUnrelated,-0.5,need
50,850.5397506317922,7,3,2.450200080871582,9,True,1.0,prey,SemUnrelated,-0.5,prey
356,820.7397753966072,6,1,0.7781999707221985,7,True,1.0,bios,SemUnrelated,-0.5,bios
5,887.6135478389045,12,15,3.112600088119507,10,True,1.0,sale,SemUnrelated,-0.5,sale
1403,910.3429182858233,10,9,3.447499990463257,8,True,1.0,cost,SemUnrelated,-0.5,cost
33,847.3692800492769,8,6,2.4249000549316406,8,True,1.0,leaf,SemUnrelated,-0.5,leaf
741,857.3703259262142,7,4,2.060699939727783,9,True,1.0,stem,SemUnrelated,-0.5,stem
10,894.1747933829884,8,7,3.239799976348877,8,True,1.0,mood,SemUnrelated,-0.5,mood
1505,769.2351409305801,6,4,2.426500082015991,5,True,1.0,vibe,SemUnrelated,-0.5,vibe
67,859.4344726557199,8,6,3.2063000202178955,6,True,1.0,weak,SemUnrelated,-0.5,weak
1379,864.91223845128,8,3,1.875100016593933,4,True,1.0,puny,SemUnrelated,-0.5,puny
13,847.3476974233148,10,8,1.3978999853134155,6,True,1.0,bode,SemUnrelated,-0.5,bode
1350,729.2078709514428,5,4,1.9444999694824219,8,True,1.0,omen,SemUnrelated,-0.5,omen
79,837.3628328698172,8,5,2.873300075531006,7,True,1.0,spin,SemUnrelated,-0.5,spin
783,748.4120891731434,6,2,2.1238999366760254,7,True,1.0,axel,SemUnrelated,-0.5,axel
31,924.1872347148546,10,10,2.5866000652313232,5,True,1.0,bold,SemUnrelated,-0.5,bold
1308,900.4193266521531,7,4,2.2040998935699463,13,True,1.0,wimp,SemUnrelated,-0.5,wimp
55,858.21571722782,8,5,2.8626999855041504,5,True,1.0,flip,SemUnrelated,-0.5,flip
966,886.4295236594435,10,12,2.816200017929077,6,True,1.0,dive,SemUnrelated,-0.5,dive
39,888.6251398033615,10,9,1.9394999742507935,11,True,1.0,lard,SemUnrelated,-0.5,lard
535,795.8644006143123,7,5,2.657099962234497,13,True,1.0,oven,SemUnrelated,-0.5,oven
73,776.4607789853794,6,1,1.2303999662399292,3,True,1.0,gawk,SemUnrelated,-0.5,gawk
119,638.4068923519607,5,1,1.3009999990463257,3,True,1.0,ogle,SemUnrelated,-0.5,ogle
43,687.0672208004517,4,1,1.6021000146865845,6,True,1.0,yogi,SemUnrelated,-0.5,yogi
204,902.5803881100401,7,2,2.89490008354187,10,True,1.0,diet,SemUnrelated,-0.5,diet
107,858.1005938169508,9,12,2.033400058746338,5,True,1.0,vine,SemUnrelated,-0.5,vine
173,908.1243824068924,11,12,2.6675000190734863,5,True,1.0,reed,SemUnrelated,-0.5,reed
65,915.153245626009,10,13,2.1270999908447266,7,True,1.0,hoot,SemUnrelated,-0.5,hoot
354,837.998914481805,7,2,1.6021000146865845,5,True,1.0,purr,SemUnrelated,-0.5,purr
109,912.6909318219799,10,12,2.846299886703491,8,True,1.0,sail,SemUnrelated,-0.5,sail
662,880.1942944502009,8,6,2.950900077819824,9,True,1.0,flag,SemUnrelated,-0.5,flag
82,915.37744202061,11,11,2.045300006866455,6,True,1.0,hock,SemUnrelated,-0.5,hock
648,910.6103622578988,9,8,1.8632999658584595,5,True,1.0,rump,SemUnrelated,-0.5,rump
113,931.8352078340719,10,11,2.342400074005127,9,True,1.0,mold,SemUnrelated,-0.5,mold
734,904.0007470100925,8,6,2.4047999382019043,11,True,1.0,slug,SemUnrelated,-0.5,slug
86,860.7510479590543,8,4,2.381999969482422,7,True,1.0,raft,SemUnrelated,-0.5,raft
397,919.517455669785,10,10,2.8101999759674072,7,True,1.0,pump,SemUnrelated,-0.5,pump
93,831.7465348003498,6,2,2.8101999759674072,10,True,1.0,eats,SemUnrelated,-0.5,eats
865,919.7367345269461,9,11,3.3664000034332275,10,True,1.0,cook,SemUnrelated,-0.5,cook
89,831.159084254482,7,4,1.5563000440597534,12,True,1.0,lube,SemUnrelated,-0.5,lube
1045,801.0489173465277,6,1,1.6990000009536743,7,True,1.0,oily,SemUnrelated,-0.5,oily
108,900.5050977961275,8,3,2.3578999042510986,9,True,1.0,cult,SemUnrelated,-0.5,cult
1054,879.8033873742755,9,7,3.876699924468994,8,True,1.0,team,SemUnrelated,-0.5,team
95,861.6693027977806,7,8,0.7781999707221985,6,True,1.0,eave,SemUnrelated,-0.5,eave
660,865.0917415561283,8,7,3.2597999572753906,10,True,1.0,roof,SemUnrelated,-0.5,roof
120,631.3356956157934,4,0,1.7633999586105347,7,True,1.0,afro,SemUnrelated,-0.5,afro
1390,819.1657218099034,6,5,1.9394999742507935,10,True,1.0,jive,SemUnrelated,-0.5,jive
98,817.3190602826334,6,3,2.8136000633239746,9,True,1.0,hawk,SemUnrelated,-0.5,hawk
889,920.7130326985764,11,12,1.8632999658584595,8,True,1.0,loon,SemUnrelated,-0.5,loon
128,841.3136750957722,7,3,0.9031000137329102,9,True,1.0,alum,SemUnrelated,-0.5,alum
582,897.587132745816,9,4,2.998300075531006,8,True,1.0,salt,SemUnrelated,-0.5,salt
101,832.5955226185458,7,3,2.983599901199341,9,True,1.0,june,SemUnrelated,-0.5,june
1155,912.7572981191992,9,9,4.085100173950195,9,True,1.0,week,SemUnrelated,-0.5,week
137,885.5606440442247,8,6,1.9955999851226807,9,True,1.0,fang,SemUnrelated,-0.5,fang
675,901.3914371699353,9,6,1.1461000442504883,8,True,1.0,tusk,SemUnrelated,-0.5,tusk
102,920.8120842169725,8,6,2.1238999366760254,8,True,1.0,reap,SemUnrelated,-0.5,reap
284,843.9404333943945,8,4,1.2553000450134277,7,True,1.0,sown,SemUnrelated,-0.5,sown
117,781.6439094604586,7,4,0.8450999855995178,4,True,1.0,glob,SemUnrelated,-0.5,glob
978,752.0226684944339,6,2,1.4471999406814575,6,True,1.0,ooze,SemUnrelated,-0.5,ooze
111,813.2338388885403,6,1,1.1461000442504883,8,True,1.0,peso,SemUnrelated,-0.5,peso
1260,913.4540387696665,7,4,1.986799955368042,11,True,1.0,watt,SemUnrelated,-0.5,watt
127,909.645121608125,9,9,2.76419997215271,7,True,1.0,cock,SemUnrelated,-0.5,cock
604,886.2434448430589,9,9,3.0141000747680664,6,True,1.0,wing,SemUnrelated,-0.5,wing
122,918.2515727356719,10,11,1.0,11,True,1.0,seep,SemUnrelated,-0.5,seep
1186,871.0712729521365,9,10,1.5681999921798706,3,True,1.0,gush,SemUnrelated,-0.5,gush
151,845.6157951305788,8,9,2.9781999588012695,10,True,1.0,vice,SemUnrelated,-0.5,vice
858,845.6725187458654,8,9,2.086400032043457,9,True,1.0,swab,SemUnrelated,-0.5,swab
123,892.3974832755542,11,15,2.566999912261963,5,True,1.0,bent,SemUnrelated,-0.5,bent
478,897.8017128226135,9,10,2.448699951171875,7,True,1.0,warp,SemUnrelated,-0.5,warp
187,723.7457042201246,5,1,3.122499942779541,7,True,1.0,amen,SemUnrelated,-0.5,amen
316,920.2493294644084,11,13,2.2809998989105225,10,True,1.0,lent,SemUnrelated,-0.5,lent
131,899.2133390794252,11,10,2.429800033569336,6,True,1.0,sole,SemUnrelated,-0.5,sole
256,920.8440327216234,10,8,2.5866000652313232,6,True,1.0,bass,SemUnrelated,-0.5,bass
154,852.8956949757818,7,3,1.9493999481201172,5,True,1.0,gasp,SemUnrelated,-0.5,gasp
1013,786.4381670432083,6,3,2.240499973297119,7,True,1.0,sigh,SemUnrelated,-0.5,sigh
136,883.0271316786499,8,5,2.56820011138916,9,True,1.0,dorm,SemUnrelated,-0.5,dorm
383,901.566876791327,8,5,2.2067999839782715,12,True,1.0,frat,SemUnrelated,-0.5,frat
153,813.7725674758289,6,1,1.4471999406814575,9,True,1.0,noun,SemUnrelated,-0.5,noun
1301,787.221603980164,7,3,5.320700168609619,6,True,1.0,they,SemUnrelated,-0.5,they
148,808.4144953421603,6,1,3.116300106048584,10,True,1.0,data,SemUnrelated,-0.5,data
831,882.7003963872746,10,11,3.351599931716919,11,True,1.0,file,SemUnrelated,-0.5,file
215,842.8025183575104,9,8,2.8006999492645264,12,True,1.0,tire,SemUnrelated,-0.5,tire
791,922.2181806649735,10,12,2.170300006866455,10,True,1.0,puck,SemUnrelated,-0.5,puck
158,823.8408513564722,6,1,3.486999988555908,3,True,1.0,lots,SemUnrelated,-0.5,lots
1431,871.5848365458044,7,2,4.263199806213379,7,True,1.0,many,SemUnrelated,-0.5,many
181,927.9093212277651,8,6,2.06820011138916,10,True,1.0,tong,SemUnrelated,-0.5,tong
1116,861.4870659509709,9,11,1.9031000137329102,6,True,1.0,spat,SemUnrelated,-0.5,spat
167,859.5417613342591,8,6,1.1138999462127686,9,True,1.0,nape,SemUnrelated,-0.5,nape
322,858.3029595500248,8,5,2.8115999698638916,6,True,1.0,chin,SemUnrelated,-0.5,chin
197,887.499037417592,9,8,2.773099899291992,5,True,1.0,porn,SemUnrelated,-0.5,porn
1096,673.8242169078501,4,0,1.9444999694824219,6,True,1.0,orgy,SemUnrelated,-0.5,orgy
172,907.5872840727332,9,10,1.919100046157837,7,True,1.0,gent,SemUnrelated,-0.5,gent
274,933.334831627363,12,14,2.8469998836517334,10,True,1.0,dame,SemUnrelated,-0.5,dame
192,826.3025802516319,7,3,3.0381999015808105,6,True,1.0,deny,SemUnrelated,-0.5,deny
1435,878.2326195238338,9,11,3.2513999938964844,4,True,1.0,nope,SemUnrelated,-0.5,nope
176,827.1337793373234,6,2,1.9589999914169312,10,True,1.0,gala,SemUnrelated,-0.5,gala
1081,920.7051765655431,7,3,2.9576001167297363,12,True,1.0,prom,SemUnrelated,-0.5,prom
206,899.5738266023667,11,15,1.7482000589370728,10,True,1.0,soot,SemUnrelated,-0.5,soot
1135,665.1062836313193,6,2,1.079200029373169,6,True,1.0,inky,SemUnrelated,-0.5,inky
177,823.4669422648385,6,0,3.0834999084472656,6,True,1.0,guts,SemUnrelated,-0.5,guts
434,916.542802869986,10,11,1.6128000020980835,11,True,1.0,bile,SemUnrelated,-0.5,bile
193,893.6550001536876,7,3,1.857300043106079,11,True,1.0,gout,SemUnrelated,-0.5,gout
519,722.9126135255245,6,1,2.8750998973846436,8,True,1.0,knee,SemUnrelated,-0.5,knee
180,829.1651300698938,7,5,2.52239990234375,8,True,1.0,vain,SemUnrelated,-0.5,vain
298,838.4575282282646,7,2,2.859100103378296,9,True,1.0,self,SemUnrelated,-0.5,self
201,860.6696442692122,10,8,1.7924000024795532,6,True,1.0,bony,SemUnrelated,-0.5,bony
811,732.7895113200135,5,0,2.1270999908447266,7,True,1.0,jaws,SemUnrelated,-0.5,jaws
190,885.9236454063572,9,6,1.1138999462127686,4,True,1.0,meld,SemUnrelated,-0.5,meld
1290,763.461470244613,6,1,2.0492000579833984,5,True,1.0,ante,SemUnrelated,-0.5,ante
247,827.4319246432913,8,9,2.158400058746338,7,True,1.0,stat,SemUnrelated,-0.5,stat
1423,665.8789905601964,5,1,2.2788000106811523,6,True,1.0,info,SemUnrelated,-0.5,info
200,657.726075147535,5,3,1.0,3,True,1.0,boxy,SemUnrelated,-0.5,boxy
607,917.6502878213989,9,11,2.7274999618530273,11,True,1.0,dice,SemUnrelated,-0.5,dice
254,610.7181644395808,4,0,3.5051000118255615,3,True,1.0,upon,SemUnrelated,-0.5,upon
1406,754.3536114309848,6,2,4.82919979095459,7,True,1.0,over,SemUnrelated,-0.5,over
205,937.3878813133412,10,13,2.748199939727783,8,True,1.0,lick,SemUnrelated,-0.5,lick
218,877.2602497721685,8,6,1.4914000034332275,10,True,1.0,balm,SemUnrelated,-0.5,balm
235,829.6580561969707,6,3,1.3009999990463257,8,True,1.0,kiln,SemUnrelated,-0.5,kiln
357,834.893045217835,8,7,2.7874999046325684,7,True,1.0,clay,SemUnrelated,-0.5,clay
209,865.072065717691,8,4,3.1835999488830566,5,True,1.0,gosh,SemUnrelated,-0.5,gosh
1233,858.0804062356001,8,9,4.285699844360352,6,True,1.0,fuck,SemUnrelated,-0.5,fuck
229,841.302817550087,7,4,2.322200059890747,8,True,1.0,curb,SemUnrelated,-0.5,curb
1487,868.4055507749703,7,4,4.160200119018555,10,True,1.0,damn,SemUnrelated,-0.5,damn
227,808.2772126435632,6,1,2.8369998931884766,4,True,1.0,blah,SemUnrelated,-0.5,blah
1332,701.4330365617795,5,2,2.1522998809814453,5,True,1.0,idle,SemUnrelated,-0.5,idle
253,831.9700062552647,7,4,1.6232000589370728,5,True,1.0,drab,SemUnrelated,-0.5,drab
302,660.5076513444271,3,1,1.0,7,True,1.0,ashy,SemUnrelated,-0.5,ashy
232,880.748257143338,9,13,2.1138999462127686,5,True,1.0,rave,SemUnrelated,-0.5,rave
330,820.3359349937431,6,2,2.004300117492676,10,True,1.0,hula,SemUnrelated,-0.5,hula
279,841.886660787269,6,1,2.3617000579833984,8,True,1.0,trek,SemUnrelated,-0.5,trek
853,896.8787491655354,9,6,3.417099952697754,7,True,1.0,camp,SemUnrelated,-0.5,camp
242,915.7234731584289,11,10,3.203000068664551,9,True,1.0,bond,SemUnrelated,-0.5,bond
837,779.7077114990504,5,1,2.3364999294281006,12,True,1.0,visa,SemUnrelated,-0.5,visa
283,816.114229693256,6,1,2.5011000633239746,8,True,1.0,crib,SemUnrelated,-0.5,crib
473,918.8059673446345,11,12,2.506500005722046,9,True,1.0,bunk,SemUnrelated,-0.5,bunk
245,907.5069966039216,9,11,2.1461000442504883,7,True,1.0,tame,SemUnrelated,-0.5,tame
1417,877.2103719783202,8,4,3.4660000801086426,6,True,1.0,wild,SemUnrelated,-0.5,wild
306,877.2072931640971,8,4,1.8260999917984009,7,True,1.0,duet,SemUnrelated,-0.5,duet
986,796.7921976283794,6,2,1.8260999917984009,5,True,1.0,trio,SemUnrelated,-0.5,trio
248,906.5442169392848,9,5,2.5762999057769775,11,True,1.0,monk,SemUnrelated,-0.5,monk
1415,932.9924118375573,12,16,4.38040018081665,9,True,1.0,hell,SemUnrelated,-0.5,hell
293,829.2936968340539,6,1,2.6364998817443848,9,True,1.0,drum,SemUnrelated,-0.5,drum
708,868.2678420016942,8,6,2.09689998626709,8,True,1.0,gong,SemUnrelated,-0.5,gong
265,905.5599722854162,10,11,1.875100016593933,4,True,1.0,rite,SemUnrelated,-0.5,rite
1148,866.5366393620989,7,2,1.579800009727478,9,True,1.0,sect,SemUnrelated,-0.5,sect
313,884.369266027674,11,12,2.8041000366210938,6,True,1.0,slap,SemUnrelated,-0.5,slap
822,915.1155094550993,10,9,3.3183000087738037,7,True,1.0,bite,SemUnrelated,-0.5,bite
289,852.6979814049652,7,3,1.715999960899353,8,True,1.0,perm,SemUnrelated,-0.5,perm
522,839.7437724050391,8,5,2.4914000034332275,8,True,1.0,comb,SemUnrelated,-0.5,comb
344,606.4597389572533,3,1,1.3802000284194946,4,True,1.0,ajar,SemUnrelated,-0.5,ajar
1182,871.001711935112,8,5,4.128900051116943,6,True,1.0,shut,SemUnrelated,-0.5,shut
295,936.1580074092875,11,12,2.0413999557495117,10,True,1.0,lice,SemUnrelated,-0.5,lice
712,867.2479937751975,9,6,2.6963999271392822,6,True,1.0,bald,SemUnrelated,-0.5,bald
325,877.627212430714,9,7,3.3385000228881836,4,True,1.0,main,SemUnrelated,-0.5,main
486,691.7608094952416,5,1,1.2041000127792358,5,True,1.0,crux,SemUnrelated,-0.5,crux
320,910.659652844226,8,4,1.3423999547958374,10,True,1.0,doer,SemUnrelated,-0.5,doer
1416,861.2315075290757,8,4,3.735100030899048,5,True,1.0,busy,SemUnrelated,-0.5,busy
372,798.744075072092,5,1,3.924299955368042,12,True,1.0,news,SemUnrelated,-0.5,news
1484,822.8762573444483,8,3,5.700699806213379,6,True,1.0,what,SemUnrelated,-0.5,what
323,941.8966392124476,10,12,2.004300117492676,8,True,1.0,dome,SemUnrelated,-0.5,dome
722,929.6090657462983,12,15,3.4231998920440674,7,True,1.0,hall,SemUnrelated,-0.5,hall
336,874.4486058916169,9,11,1.7482000589370728,7,True,1.0,gore,SemUnrelated,-0.5,gore
907,909.0355655717701,9,5,1.968500018119812,6,True,1.0,clot,SemUnrelated,-0.5,clot
334,897.4713609519416,8,4,1.2553000450134277,11,True,1.0,hemp,SemUnrelated,-0.5,hemp
363,929.6765370398007,10,13,1.9589999914169312,9,True,1.0,dill,SemUnrelated,-0.5,dill
361,929.1358750251038,10,13,2.762700080871582,10,True,1.0,heal,SemUnrelated,-0.5,heal
370,914.6109021031652,11,11,3.026900053024292,9,True,1.0,cure,SemUnrelated,-0.5,cure
343,909.1917141644557,8,8,2.539099931716919,8,True,1.0,loop,SemUnrelated,-0.5,loop
497,846.5346705772369,7,2,3.1350998878479004,3,True,1.0,tied,SemUnrelated,-0.5,tied
392,815.6144974807188,6,3,1.8062000274658203,8,True,1.0,kelp,SemUnrelated,-0.5,kelp
586,932.2468389874873,9,8,2.3032000064849854,11,True,1.0,clam,SemUnrelated,-0.5,clam
348,856.2467025045314,10,8,1.3221999406814575,8,True,1.0,vise,SemUnrelated,-0.5,vise
659,920.6858699382825,10,12,3.287600040435791,7,True,1.0,hook,SemUnrelated,-0.5,hook
373,916.604749659705,11,13,1.924299955368042,6,True,1.0,mast,SemUnrelated,-0.5,mast
455,918.5938260400392,11,13,2.3345000743865967,7,True,1.0,hull,SemUnrelated,-0.5,hull
349,832.3870241550628,8,7,2.1522998809814453,7,True,1.0,woof,SemUnrelated,-0.5,woof
1219,781.8381736724667,6,7,1.7482000589370728,5,True,1.0,oink,SemUnrelated,-0.5,oink
382,883.0341553553459,8,5,1.531499981880188,11,True,1.0,blog,SemUnrelated,-0.5,blog
710,932.2991585215644,10,15,3.274199962615967,11,True,1.0,mail,SemUnrelated,-0.5,mail
374,750.2551143451736,6,4,1.4471999406814575,4,True,1.0,tyke,SemUnrelated,-0.5,tyke
748,801.1610002606689,6,2,4.186299800872803,6,True,1.0,kids,SemUnrelated,-0.5,kids
403,641.2018906603092,4,0,2.6884000301361084,6,True,1.0,envy,SemUnrelated,-0.5,envy
492,883.7927869880562,10,10,2.4547998905181885,3,True,1.0,lust,SemUnrelated,-0.5,lust
393,918.1294011416379,9,9,2.8608999252319336,8,True,1.0,corn,SemUnrelated,-0.5,corn
666,843.2603262870562,7,3,2.0253000259399414,11,True,1.0,oats,SemUnrelated,-0.5,oats
426,905.8255286855817,9,7,2.4828999042510986,8,True,1.0,peak,SemUnrelated,-0.5,peak
1178,640.9847274174633,4,0,1.6434999704360962,5,True,1.0,apex,SemUnrelated,-0.5,apex
398,905.2715918825874,8,4,3.1092000007629395,9,True,1.0,soup,SemUnrelated,-0.5,soup
556,817.2703161925313,6,2,2.2014000415802,11,True,1.0,taco,SemUnrelated,-0.5,taco
415,839.4447052553891,6,1,1.579800009727478,12,True,1.0,mono,SemUnrelated,-0.5,mono
1173,842.2435862678327,6,2,1.740399956703186,13,True,1.0,aids,SemUnrelated,-0.5,aids
408,830.5035312289089,6,3,2.340399980545044,7,True,1.0,turf,SemUnrelated,-0.5,turf
553,811.1687009099367,7,4,2.799999952316284,5,True,1.0,lawn,SemUnrelated,-0.5,lawn
425,846.3843704439059,7,6,1.9138000011444092,14,True,1.0,yarn,SemUnrelated,-0.5,yarn
580,924.5711645805611,10,12,1.7633999586105347,9,True,1.0,bead,SemUnrelated,-0.5,bead
411,879.8235875563765,8,5,3.81850004196167,8,True,1.0,poor,SemUnrelated,-0.5,poor
968,928.2272286924635,10,9,1.8194999694824219,12,True,1.0,slum,SemUnrelated,-0.5,slum
431,824.2696347670557,6,1,4.044600009918213,4,True,1.0,goes,SemUnrelated,-0.5,goes
1442,685.344546303196,6,3,4.634200096130371,5,True,1.0,into,SemUnrelated,-0.5,into
413,913.2670233545953,10,13,1.3978999853134155,10,True,1.0,pane,SemUnrelated,-0.5,pane
882,908.01474146957,12,11,1.9776999950408936,6,True,1.0,slab,SemUnrelated,-0.5,slab
449,665.0300622232919,5,3,2.591099977493286,4,True,1.0,unto,SemUnrelated,-0.5,unto
1460,688.0873862769776,4,0,3.058799982070923,8,True,1.0,thou,SemUnrelated,-0.5,thou
423,861.7024998582486,9,7,2.895400047302246,6,True,1.0,flew,SemUnrelated,-0.5,flew
1097,911.066227112904,10,9,1.8976000547409058,6,True,1.0,soar,SemUnrelated,-0.5,soar
446,842.7726900914397,7,3,1.6901999711990356,8,True,1.0,gimp,SemUnrelated,-0.5,gimp
1283,892.5693137841776,9,10,3.433000087738037,8,True,1.0,code,SemUnrelated,-0.5,code
443,909.9224092994986,10,8,1.4471999406814575,10,True,1.0,musk,SemUnrelated,-0.5,musk
861,921.3170666504308,9,8,4.383999824523926,8,True,1.0,shit,SemUnrelated,-0.5,shit
448,914.0781022042978,10,9,2.5464999675750732,8,True,1.0,bolt,SemUnrelated,-0.5,bolt
551,868.7506729192522,7,10,2.978600025177002,8,True,1.0,nail,SemUnrelated,-0.5,nail
447,695.7637465081561,4,0,2.439300060272217,9,True,1.0,ammo,SemUnrelated,-0.5,ammo
874,914.1795278111379,8,4,3.0852999687194824,9,True,1.0,trap,SemUnrelated,-0.5,trap
471,922.4954946898742,9,8,1.7924000024795532,14,True,1.0,dusk,SemUnrelated,-0.5,dusk
1244,722.6407283891679,6,2,1.6232000589370728,3,True,1.0,hazy,SemUnrelated,-0.5,hazy
461,925.295689396238,11,13,2.544100046157837,7,True,1.0,bean,SemUnrelated,-0.5,bean
667,644.8356153037437,4,0,1.431399941444397,9,True,1.0,okra,SemUnrelated,-0.5,okra
485,896.1689626782633,9,7,2.075500011444092,7,True,1.0,flop,SemUnrelated,-0.5,flop
1527,782.5030101991302,7,3,1.924299955368042,7,True,1.0,hype,SemUnrelated,-0.5,hype
468,867.6911385903511,8,4,1.8920999765396118,6,True,1.0,cram,SemUnrelated,-0.5,cram
1355,644.1250674380935,4,0,0.8450999855995178,6,True,1.0,ditz,SemUnrelated,-0.5,ditz
494,818.0627326836697,6,1,1.6128000020980835,8,True,1.0,saga,SemUnrelated,-0.5,saga
1463,652.1186757784519,4,0,2.0827999114990234,7,True,1.0,epic,SemUnrelated,-0.5,epic
481,870.7735531653019,7,2,1.4914000034332275,6,True,1.0,coed,SemUnrelated,-0.5,coed
816,911.8956579468635,9,9,3.295599937438965,9,True,1.0,dean,SemUnrelated,-0.5,dean
520,920.9217092429539,9,6,2.730799913406372,10,True,1.0,goat,SemUnrelated,-0.5,goat
803,826.6569821752455,7,3,2.18179988861084,8,True,1.0,calf,SemUnrelated,-0.5,calf
484,687.6385807257163,5,0,2.340399980545044,6,True,1.0,iced,SemUnrelated,-0.5,iced
771,938.9816232509995,10,11,2.0413999557495117,7,True,1.0,rink,SemUnrelated,-0.5,rink
574,923.996132821766,9,9,2.7135000228881836,8,True,1.0,worm,SemUnrelated,-0.5,worm
1027,823.6596268775872,6,1,2.1461000442504883,7,True,1.0,grub,SemUnrelated,-0.5,grub
509,932.7032345070756,11,16,3.7286999225616455,8,True,1.0,ball,SemUnrelated,-0.5,ball
674,829.5884294715208,8,4,1.8513000011444092,7,True,1.0,mitt,SemUnrelated,-0.5,mitt
539,923.4994974891949,9,7,3.0048000812530518,8,True,1.0,mask,SemUnrelated,-0.5,mask
818,846.7079799529504,7,2,2.18179988861084,7,True,1.0,veil,SemUnrelated,-0.5,veil
515,931.1178884456203,9,9,3.1208999156951904,14,True,1.0,bike,SemUnrelated,-0.5,bike
525,906.7502015172917,9,6,2.176100015640259,7,True,1.0,sled,SemUnrelated,-0.5,sled
588,905.9560632856904,8,8,1.9493999481201172,13,True,1.0,hoof,SemUnrelated,-0.5,hoof
635,888.5905793842358,8,7,2.3501999378204346,10,True,1.0,claw,SemUnrelated,-0.5,claw
517,920.9288225059993,11,9,3.015399932861328,9,True,1.0,sand,SemUnrelated,-0.5,sand
1065,817.2951204837588,6,3,1.8260999917984009,9,True,1.0,mesa,SemUnrelated,-0.5,mesa
540,927.9279393618596,10,14,2.950900077819824,8,True,1.0,tent,SemUnrelated,-0.5,tent
594,878.681852308624,9,9,2.895400047302246,6,True,1.0,hood,SemUnrelated,-0.5,hood
523,901.9995467895371,9,6,2.2945001125335693,9,True,1.0,vase,SemUnrelated,-0.5,vase
756,770.0495769061421,5,0,2.2764999866485596,9,True,1.0,arch,SemUnrelated,-0.5,arch
584,912.3308007751639,10,10,2.664599895477295,9,True,1.0,cart,SemUnrelated,-0.5,cart
926,876.8259447707544,8,8,2.2227001190185547,8,True,1.0,reel,SemUnrelated,-0.5,reel
552,907.1122489026951,9,6,2.889899969100952,9,True,1.0,soap,SemUnrelated,-0.5,soap
973,868.265302977555,8,7,2.935499906539917,5,True,1.0,wipe,SemUnrelated,-0.5,wipe
606,874.7390885652142,8,12,2.7535998821258545,7,True,1.0,nest,SemUnrelated,-0.5,nest
809,897.7058339887571,11,10,2.7235000133514404,4,True,1.0,coop,SemUnrelated,-0.5,coop
558,912.7594022605538,8,5,3.3364999294281006,12,True,1.0,milk,SemUnrelated,-0.5,milk
704,830.9499276919239,6,2,0.6990000009536743,12,True,1.0,whey,SemUnrelated,-0.5,whey
565,913.5546307763649,10,12,3.5201001167297363,10,True,1.0,foot,SemUnrelated,-0.5,foot
611,876.9281051236758,10,7,2.198699951171875,6,True,1.0,shin,SemUnrelated,-0.5,shin
564,852.6141916037416,10,9,3.545599937438965,8,True,1.0,tape,SemUnrelated,-0.5,tape
932,854.6583613958762,7,2,2.9586000442504883,9,True,1.0,wrap,SemUnrelated,-0.5,wrap
577,857.5945194159651,8,5,2.547800064086914,7,True,1.0,crab,SemUnrelated,-0.5,crab
879,913.5997452381689,11,13,1.7853000164031982,9,True,1.0,mite,SemUnrelated,-0.5,mite
571,912.3722610589169,11,10,3.0945000648498535,9,True,1.0,belt,SemUnrelated,-0.5,belt
724,863.0176332673664,9,10,1.770900011062622,4,True,1.0,sash,SemUnrelated,-0.5,sash
787,915.1717559870874,10,8,2.2600998878479004,7,True,1.0,mist,SemUnrelated,-0.5,mist
913,760.6993961138066,5,2,1.1138999462127686,7,True,1.0,dewy,SemUnrelated,-0.5,dewy
575,900.2749916190972,9,9,2.6542000770568848,8,True,1.0,fork,SemUnrelated,-0.5,fork
630,931.611794295772,9,14,2.1847000122070312,7,True,1.0,rake,SemUnrelated,-0.5,rake
719,903.9630811521871,8,5,2.827399969100952,10,True,1.0,whip,SemUnrelated,-0.5,whip
1066,862.980793352994,8,4,1.5563000440597534,4,True,1.0,prod,SemUnrelated,-0.5,prod
617,842.3440209436403,6,1,4.453499794006348,6,True,1.0,girl,SemUnrelated,-0.5,girl
862,804.6170875146711,6,2,4.0441999435424805,10,True,1.0,lady,SemUnrelated,-0.5,lady
697,881.0483601906132,7,3,3.5223000049591064,13,True,1.0,film,SemUnrelated,-0.5,film
1028,823.7084469843421,8,8,1.6334999799728394,10,True,1.0,skit,SemUnrelated,-0.5,skit
639,822.4339039521822,6,5,3.1068999767303467,12,True,1.0,yard,SemUnrelated,-0.5,yard
930,916.9382919927641,8,7,4.596499919891357,9,True,1.0,home,SemUnrelated,-0.5,home
702,790.7868524431054,7,7,1.5184999704360962,8,True,1.0,scab,SemUnrelated,-0.5,scab
999,921.0807970127373,10,11,3.072200059890747,9,True,1.0,cast,SemUnrelated,-0.5,cast
643,910.0353661235165,9,10,3.674999952316284,9,True,1.0,ring,SemUnrelated,-0.5,ring
644,922.8665898055611,9,9,3.6050000190734863,13,True,1.0,gold,SemUnrelated,-0.5,gold
669,912.3178637684547,9,8,3.379699945449829,10,True,1.0,pool,SemUnrelated,-0.5,pool
1563,918.3498965906316,8,4,2.6041998863220215,7,True,1.0,mere,SemUnrelated,-0.5,mere
650,919.0234802481373,9,7,3.116300106048584,6,True,1.0,tank,SemUnrelated,-0.5,tank
705,812.557569918119,6,1,3.6405999660491943,11,True,1.0,army,SemUnrelated,-0.5,army
685,886.1590457773167,7,3,2.2067999839782715,7,True,1.0,duct,SemUnrelated,-0.5,duct
693,924.1176962886846,11,13,3.14739990234375,10,True,1.0,wire,SemUnrelated,-0.5,wire
679,863.2659550258707,8,9,2.2600998878479004,10,True,1.0,veal,SemUnrelated,-0.5,veal
842,861.4577993127529,8,4,1.2788000106811523,6,True,1.0,loin,SemUnrelated,-0.5,loin
743,919.33913355603,9,10,3.1682000160217285,11,True,1.0,meal,SemUnrelated,-0.5,meal
943,889.6420535352205,9,10,2.257699966430664,4,True,1.0,hash,SemUnrelated,-0.5,hash
687,833.0597387079576,7,3,2.459399938583374,7,True,1.0,tomb,SemUnrelated,-0.5,tomb
1047,882.1171571371276,9,7,3.0232999324798584,6,True,1.0,bury,SemUnrelated,-0.5,bury
810,871.8608281883983,10,7,2.2764999866485596,4,True,1.0,prop,SemUnrelated,-0.5,prop
1196,809.4279312212238,8,9,1.8194999694824219,7,True,1.0,scat,SemUnrelated,-0.5,scat
716,913.8832517805793,10,10,4.040999889373779,10,True,1.0,fire,SemUnrelated,-0.5,fire
906,898.6291536216695,9,6,2.4828999042510986,9,True,1.0,boil,SemUnrelated,-0.5,boil
762,925.9294088042536,9,11,2.2227001190185547,10,True,1.0,cove,SemUnrelated,-0.5,cove
945,845.5084079943917,7,3,2.3838000297546387,8,True,1.0,gulf,SemUnrelated,-0.5,gulf
718,912.9840563378211,10,10,3.4354000091552734,9,True,1.0,band,SemUnrelated,-0.5,band
1215,723.0506539888395,5,0,1.6720999479293823,8,True,1.0,opus,SemUnrelated,-0.5,opus
757,784.2202370131478,5,0,1.3978999853134155,6,True,1.0,suds,SemUnrelated,-0.5,suds
854,924.9298087622304,9,11,3.3176000118255615,9,True,1.0,wash,SemUnrelated,-0.5,wash
749,886.5251165510812,8,7,3.436500072479248,8,True,1.0,note,SemUnrelated,-0.5,note
891,827.2347719117082,6,1,2.528899908065796,8,True,1.0,memo,SemUnrelated,-0.5,memo
799,881.7865510348444,9,6,2.8420000076293945,7,True,1.0,chop,SemUnrelated,-0.5,chop
997,861.0765531482741,7,4,2.340399980545044,6,True,1.0,trim,SemUnrelated,-0.5,trim
759,921.8105519485882,11,13,2.2788000106811523,9,True,1.0,mink,SemUnrelated,-0.5,mink
944,896.4972996893782,8,5,1.6901999711990356,8,True,1.0,pelt,SemUnrelated,-0.5,pelt
825,883.5452963113106,8,7,3.187000036239624,8,True,1.0,gang,SemUnrelated,-0.5,gang
1162,915.7066693972707,9,8,2.322200059890747,10,True,1.0,clan,SemUnrelated,-0.5,clan
768,900.5011251134314,9,8,2.9916999340057373,11,True,1.0,site,SemUnrelated,-0.5,site
1079,788.073103176072,5,0,3.5822999477386475,7,True,1.0,area,SemUnrelated,-0.5,area
1203,822.1037356637892,7,2,2.0413999557495117,6,True,1.0,blur,SemUnrelated,-0.5,blur
1298,896.0417400088506,9,8,4.293000221252441,7,True,1.0,seen,SemUnrelated,-0.5,seen
817,897.8862373144981,12,18,3.2385001182556152,10,True,1.0,male,SemUnrelated,-0.5,male
846,837.7254135943169,6,3,2.2504000663757324,10,True,1.0,womb,SemUnrelated,-0.5,womb
886,887.974072268212,7,2,1.6720999479293823,10,True,1.0,brie,SemUnrelated,-0.5,brie
911,921.5975100140058,9,7,1.3617000579833984,8,True,1.0,curd,SemUnrelated,-0.5,curd
823,774.7975403009806,5,0,3.337100028991699,9,True,1.0,papa,SemUnrelated,-0.5,papa
826,833.0235552349247,6,1,2.9646999835968018,5,True,1.0,sons,SemUnrelated,-0.5,sons
1072,795.2063265109443,6,2,2.6730000972747803,7,True,1.0,arts,SemUnrelated,-0.5,arts
1408,903.4239812026942,9,7,1.9955999851226807,10,True,1.0,muse,SemUnrelated,-0.5,muse
855,882.64781087814,11,10,3.6970999240875244,5,True,1.0,sing,SemUnrelated,-0.5,sing
1024,814.5715414743202,7,10,2.973099946975708,9,True,1.0,yell,SemUnrelated,-0.5,yell
871,866.0186557074685,8,8,4.10830020904541,7,True,1.0,jack,SemUnrelated,-0.5,jack
884,931.3661069212028,8,11,2.9121999740600586,11,True,1.0,gear,SemUnrelated,-0.5,gear
857,922.211532791265,10,12,2.7283999919891357,8,True,1.0,root,SemUnrelated,-0.5,root
878,856.0142060435161,7,3,1.973099946975708,6,True,1.0,pulp,SemUnrelated,-0.5,pulp
983,925.346904383358,12,18,3.827199935913086,8,True,1.0,beat,SemUnrelated,-0.5,beat
1254,914.5698745822463,10,10,2.689300060272217,9,True,1.0,pace,SemUnrelated,-0.5,pace
869,898.4263740713961,9,7,3.436500072479248,10,True,1.0,shop,SemUnrelated,-0.5,shop
1154,925.0071510824228,9,9,4.609600067138672,7,True,1.0,work,SemUnrelated,-0.5,work
947,923.1059639309527,10,8,4.639500141143799,9,True,1.0,talk,SemUnrelated,-0.5,talk
1167,802.991831484115,6,2,2.344399929046631,6,True,1.0,oral,SemUnrelated,-0.5,oral
890,811.5254067493845,6,3,2.706700086593628,11,True,1.0,acid,SemUnrelated,-0.5,acid
1245,911.3534953126716,10,10,2.4742000102996826,7,True,1.0,sour,SemUnrelated,-0.5,sour
1212,716.5961508239723,6,2,0.9031000137329102,8,True,1.0,quip,SemUnrelated,-0.5,quip
1468,853.3316130835774,8,10,1.8387999534606934,8,True,1.0,jest,SemUnrelated,-0.5,jest
935,929.133822050126,12,16,2.498300075531006,6,True,1.0,fare,SemUnrelated,-0.5,fare
1140,892.9960601588145,10,9,2.2355000972747803,9,True,1.0,toll,SemUnrelated,-0.5,toll
1280,788.4569301451618,6,2,2.2788000106811523,5,True,1.0,tidy,SemUnrelated,-0.5,tidy
1405,849.2411834840279,9,10,2.803499937057495,8,True,1.0,neat,SemUnrelated,-0.5,neat
941,883.6567868212708,8,7,2.799999952316284,7,True,1.0,bump,SemUnrelated,-0.5,bump
1221,877.478723109107,10,13,2.884200096130371,9,True,1.0,sore,SemUnrelated,-0.5,sore
1206,924.2915637630091,12,12,3.588599920272827,6,True,1.0,slow,SemUnrelated,-0.5,slow
1440,873.2006687867236,8,7,1.7853000164031982,4,True,1.0,lull,SemUnrelated,-0.5,lull
985,626.9538030677813,5,1,1.857300043106079,6,True,1.0,ogre,SemUnrelated,-0.5,ogre
989,663.2692034232991,4,0,1.1761000156402588,8,True,1.0,yeti,SemUnrelated,-0.5,yeti
1121,717.5876716100621,4,0,1.8976000547409058,10,True,1.0,guru,SemUnrelated,-0.5,guru
1494,905.395231939993,9,9,3.1623001098632812,10,True,1.0,wise,SemUnrelated,-0.5,wise
1000,827.3297390090802,6,0,2.178999900817871,8,True,1.0,meow,SemUnrelated,-0.5,meow
1043,841.3433521699657,7,4,2.0253000259399414,6,True,1.0,howl,SemUnrelated,-0.5,howl
1218,876.2397026049787,9,7,1.9911999702453613,6,True,1.0,bulk,SemUnrelated,-0.5,bulk
1365,608.4519175148491,4,1,4.24429988861084,6,True,1.0,used,SemUnrelated,-0.5,used
1020,888.3602559757207,8,8,4.163099765777588,11,True,1.0,five,SemUnrelated,-0.5,five
1314,696.5747113064439,4,1,3.039400100708008,8,True,1.0,zero,SemUnrelated,-0.5,zero
1360,634.8790124157061,4,0,2.659899950027466,5,True,1.0,obey,SemUnrelated,-0.5,obey
1382,874.9643491091595,8,5,3.390199899673462,8,True,1.0,rule,SemUnrelated,-0.5,rule
1075,846.351230220706,7,3,3.3078999519348145,6,True,1.0,loud,SemUnrelated,-0.5,loud
1098,894.342126521534,10,16,4.452199935913086,4,True,1.0,hear,SemUnrelated,-0.5,hear
1328,719.3076264151689,5,1,3.6589999198913574,6,True,1.0,kept,SemUnrelated,-0.5,kept
1371,886.0586647802489,9,8,4.2418999671936035,5,True,1.0,took,SemUnrelated,-0.5,took
1110,926.4777075216501,13,17,3.0302000045776367,7,True,1.0,mile,SemUnrelated,-0.5,mile
1397,627.924943668069,4,1,1.7782000303268433,4,True,1.0,afar,SemUnrelated,-0.5,afar
1452,634.7213375790994,4,0,2.9872000217437744,9,True,1.0,odds,SemUnrelated,-0.5,odds
1500,755.4792370533152,6,2,1.6812000274658203,4,True,1.0,vary,SemUnrelated,-0.5,vary
1166,826.3146064119574,8,9,1.3221999406814575,5,True,1.0,doze,SemUnrelated,-0.5,doze
1276,921.3203849386734,10,11,4.035900115966797,5,True,1.0,rest,SemUnrelated,-0.5,rest
1344,863.9377107492785,8,5,3.9446001052856445,7,True,1.0,fact,SemUnrelated,-0.5,fact
1534,828.3660263717044,6,1,4.111299991607666,5,True,1.0,true,SemUnrelated,-0.5,true
1214,860.5976857375329,7,12,4.151500225067139,10,True,1.0,year,SemUnrelated,-0.5,year
1341,850.8257989254467,6,0,2.983599901199341,11,True,1.0,noel,SemUnrelated,-0.5,noel
1334,842.0660781659919,8,3,3.7534000873565674,5,True,1.0,less,SemUnrelated,-0.5,less
1537,840.7918136923332,8,4,4.695799827575684,6,True,1.0,much,SemUnrelated,-0.5,much
1256,825.9291580061832,7,5,3.9179000854492188,6,True,1.0,hour,SemUnrelated,-0.5,hour
1263,878.1216109995079,9,7,4.999499797821045,5,True,1.0,time,SemUnrelated,-0.5,time
1364,923.6686706285382,11,15,4.327899932861328,10,True,1.0,same,SemUnrelated,-0.5,same
1533,709.6131528413174,5,1,1.1761000156402588,5,True,1.0,akin,SemUnrelated,-0.5,akin
1304,900.4270629487479,11,9,1.2553000450134277,5,True,1.0,bonk,SemUnrelated,-0.5,bonk
1353,818.5464773572146,8,4,1.9955999851226807,6,True,1.0,wham,SemUnrelated,-0.5,wham
1433,861.3144559817232,7,3,3.9416000843048096,8,True,1.0,glad,SemUnrelated,-0.5,glad
1492,918.860525884574,8,10,4.0391998291015625,9,True,1.0,hate,SemUnrelated,-0.5,hate
1323,898.8547594430005,9,6,1.4471999406814575,8,True,1.0,dolt,SemUnrelated,-0.5,dolt
1325,748.2630966243522,5,0,1.9138000011444092,5,True,1.0,redo,SemUnrelated,-0.5,redo
1439,753.646343587397,5,7,1.5051000118255615,8,True,1.0,zeal,SemUnrelated,-0.5,zeal
1444,839.8817138652978,7,3,1.770900011062622,8,True,1.0,glee,SemUnrelated,-0.5,glee
1358,903.8639041393268,11,10,4.145400047302246,7,True,1.0,lost,SemUnrelated,-0.5,lost
1368,871.6661622558886,10,10,4.627200126647949,5,True,1.0,find,SemUnrelated,-0.5,find
1464,890.0464506859183,9,11,5.497300148010254,6,True,1.0,have,SemUnrelated,-0.5,have
1501,859.1459635684303,9,9,4.947299957275391,5,True,1.0,been,SemUnrelated,-0.5,been
1373,726.296991875742,6,2,2.460900068283081,5,True,1.0,cozy,SemUnrelated,-0.5,cozy
1391,792.5081415546499,7,4,1.8691999912261963,5,True,1.0,snug,SemUnrelated,-0.5,snug
1401,928.1169236051388,10,12,4.39300012588501,11,True,1.0,mind,SemUnrelated,-0.5,mind
1511,891.0488076894799,8,4,3.5940001010894775,7,True,1.0,soul,SemUnrelated,-0.5,soul
1385,898.2253753737853,8,6,4.671899795532227,8,True,1.0,help,SemUnrelated,-0.5,help
1438,934.3343027281177,13,20,4.393599987030029,7,True,1.0,care,SemUnrelated,-0.5,care
1498,641.3700740744382,4,0,2.5315001010894775,9,True,1.0,urge,SemUnrelated,-0.5,urge
1539,852.5417424015717,8,5,2.079200029373169,6,True,1.0,whim,SemUnrelated,-0.5,whim
1420,884.4452537776264,8,6,2.8685998916625977,5,True,1.0,foul,SemUnrelated,-0.5,foul
1515,770.3084900547947,6,8,2.2899999618530273,6,True,1.0,yuck,SemUnrelated,-0.5,yuck
1531,661.6891548846878,4,3,1.4149999618530273,5,True,1.0,avid,SemUnrelated,-0.5,avid
1548,816.8275366580592,7,5,2.359800100326538,5,True,1.0,keen,SemUnrelated,-0.5,keen
1458,871.2849680682691,7,5,1.8976000547409058,8,True,1.0,ploy,SemUnrelated,-0.5,ploy
1554,883.7697832517088,11,8,1.934499979019165,4,True,1.0,ruse,SemUnrelated,-0.5,ruse
261,703.4204959386086,6,5,2.9565999507904053,13,True,1.0,jean,SemRelated,0.5,jean
1,824.6786791520378,10,9,1.6990000009536743,9,True,1.0,pant,SemRelated,0.5,pant
335,796.5582358627811,9,12,2.4547998905181885,10,True,1.0,dove,SemRelated,0.5,dove
155,754.3774727037178,8,5,2.3578999042510986,7,True,1.0,crow,SemRelated,0.5,crow
442,640.6111326704179,6,4,1.8387999534606934,10,True,1.0,newt,SemRelated,0.5,newt
12,586.9792506360313,5,2,2.7809998989105225,14,True,1.0,frog,SemRelated,0.5,frog
972,432.0246509869515,4,7,3.1064999103546143,13,True,1.0,duke,SemRelated,0.5,duke
135,668.0332572820553,6,1,3.0183000564575195,10,True,1.0,earl,SemRelated,0.5,earl
992,92.2748612781066,1,12,3.6324000358581543,11,True,1.0,test,SemRelated,0.5,test
214,50.17844995472884,1,0,2.835700035095215,8,True,1.0,exam,SemRelated,0.5,exam
514,776.0149450609294,7,1,3.365299940109253,11,True,1.0,bird,SemRelated,0.5,bird
157,754.9602162443371,8,8,1.5563000440597534,12,True,1.0,fowl,SemRelated,0.5,fowl
603,854.0559461559126,11,14,3.1017000675201416,15,True,1.0,duck,SemRelated,0.5,duck
542,751.3626430579759,8,8,2.542799949645996,15,True,1.0,swan,SemRelated,0.5,swan
781,771.5197461561828,9,11,2.4547998905181885,11,True,1.0,vest,SemRelated,0.5,vest
2,657.8356499357209,7,5,2.637500047683716,10,True,1.0,robe,SemRelated,0.5,robe
938,540.7731039637935,5,12,3.6280999183654785,16,True,1.0,lead,SemRelated,0.5,lead
146,485.4256458037213,4,1,1.6434999704360962,11,True,1.0,zinc,SemRelated,0.5,zinc
755,133.68166302943456,2,5,2.5051000118255615,10,True,1.0,puke,SemRelated,0.5,puke
369,130.01205251190393,2,4,2.004300117492676,10,True,1.0,barf,SemRelated,0.5,barf
1080,122.71954063179547,2,6,3.00600004196167,9,True,1.0,loan,SemRelated,0.5,loan
246,89.10922082698605,1,1,2.8608999252319336,9,True,1.0,debt,SemRelated,0.5,debt
905,763.7305304561348,8,5,2.176100015640259,13,True,1.0,puss,SemRelated,0.5,puss
441,816.2818762428758,10,11,2.5262999534606934,10,True,1.0,mice,SemRelated,0.5,mice
616,650.1496947439018,6,1,0.9031000137329102,9,True,1.0,puma,SemRelated,0.5,puma
422,310.3468123776781,3,1,2.8942999839782715,16,True,1.0,lion,SemRelated,0.5,lion
963,683.3381759918269,6,3,1.2303999662399292,9,True,1.0,maul,SemRelated,0.5,maul
721,498.9886785231403,5,4,1.5563000440597534,11,True,1.0,axes,SemRelated,0.5,axes
723,121.09591171893814,2,11,3.2360000610351562,11,True,1.0,buck,SemRelated,0.5,buck
439,273.7381808885367,3,7,1.9138000011444092,8,True,1.0,stag,SemRelated,0.5,stag
711,106.76674051875455,1,1,3.13700008392334,10,True,1.0,lily,SemRelated,0.5,lily
566,139.43065546558572,2,12,3.4321999549865723,11,True,1.0,rose,SemRelated,0.5,rose
599,721.6031529487957,7,6,3.039400100708008,9,True,1.0,bowl,SemRelated,0.5,bowl
573,104.66322429285961,1,6,2.767199993133545,16,True,1.0,dish,SemRelated,0.5,dish
1152,783.1575943882132,9,7,3.6986000537872314,13,True,1.0,pain,SemRelated,0.5,pain
1117,789.671789439191,8,3,4.0991997718811035,9,True,1.0,hurt,SemRelated,0.5,hurt
680,847.9138797359212,12,18,2.1731998920440674,13,True,1.0,mare,SemRelated,0.5,mare
576,786.2109539670375,9,5,2.617000102996826,11,True,1.0,pony,SemRelated,0.5,pony
1239,95.37614976348485,1,4,1.9084999561309814,10,True,1.0,kilo,SemRelated,0.5,kilo
8,769.6389716420477,8,6,2.1238999366760254,7,True,1.0,gram,SemRelated,0.5,gram
684,212.14120551225886,2,12,2.936500072479248,8,True,1.0,sink,SemRelated,0.5,sink
620,116.83606556011789,1,6,3.200900077819824,10,True,1.0,bath,SemRelated,0.5,bath
1261,849.0129964926275,12,15,1.5681999921798706,9,True,1.0,coot,SemRelated,0.5,coot
946,816.5949716464966,10,11,1.7559000253677368,13,True,1.0,gull,SemRelated,0.5,gull
909,457.7776245471652,4,10,2.684799909591675,12,True,1.0,cent,SemRelated,0.5,cent
623,176.6729404420459,2,10,2.789599895477295,14,True,1.0,dime,SemRelated,0.5,dime
709,95.8001848697185,1,9,3.618000030517578,13,True,1.0,star,SemRelated,0.5,star
118,597.6458400496227,5,0,2.433000087738037,7,True,1.0,nova,SemRelated,0.5,nova
1466,153.60261744189884,2,3,2.547800064086914,6,True,1.0,myth,SemRelated,0.5,myth
1437,151.55030478120565,2,16,1.544100046157837,9,True,1.0,lore,SemRelated,0.5,lore
1255,628.5684880774879,6,14,4.124899864196777,11,True,1.0,deal,SemRelated,0.5,deal
270,700.33137694319,8,7,2.285599946975708,10,True,1.0,pact,SemRelated,0.5,pact
610,771.9862757438159,8,6,2.2095000743865967,9,True,1.0,wool,SemRelated,0.5,wool
41,775.2210151797532,9,7,2.6989998817443848,12,True,1.0,silk,SemRelated,0.5,silk
1311,729.1457702110043,7,2,2.29229998588562,8,True,1.0,fury,SemRelated,0.5,fury
1251,733.4832089467515,8,10,2.761899948120117,8,True,1.0,rage,SemRelated,0.5,rage
585,659.0511814661336,6,2,2.6117000579833984,12,True,1.0,tuna,SemRelated,0.5,tuna
510,423.52579030906963,4,3,3.629300117492676,14,True,1.0,fish,SemRelated,0.5,fish
1150,704.2614604541034,7,3,1.462399959564209,7,True,1.0,bawl,SemRelated,0.5,bawl
910,419.99039335250757,4,4,1.857300043106079,8,True,1.0,wept,SemRelated,0.5,wept
1003,56.80087438273142,1,1,1.3009999990463257,9,True,1.0,tsar,SemRelated,0.5,tsar
937,102.37719101596333,1,8,3.8190999031066895,7,True,1.0,king,SemRelated,0.5,king
241,774.4716258572677,9,12,1.954200029373169,11,True,1.0,sage,SemRelated,0.5,sage
22,680.6924671744176,7,5,2.4065001010894775,12,True,1.0,herb,SemRelated,0.5,herb
692,808.86592962907,9,7,4.154200077056885,11,True,1.0,hand,SemRelated,0.5,hand
26,758.2046425450789,7,5,2.3784000873565674,10,True,1.0,limb,SemRelated,0.5,limb
1034,692.2971479192933,7,2,1.8260999917984009,10,True,1.0,sewn,SemRelated,0.5,sewn
30,619.699045110189,6,2,1.9911999702453613,11,True,1.0,knit,SemRelated,0.5,knit
1222,537.0190608434189,5,13,2.7874999046325684,11,True,1.0,tale,SemRelated,0.5,tale
57,466.2353064868359,4,7,2.7723000049591064,11,True,1.0,plot,SemRelated,0.5,plot
138,790.2817727073848,10,7,3.4986000061035156,7,True,1.0,crap,SemRelated,0.5,crap
61,773.1940020079826,9,7,1.9589999914169312,6,True,1.0,dung,SemRelated,0.5,dung
595,862.6268693611634,12,16,2.29229998588562,8,True,1.0,hare,SemRelated,0.5,hare
62,484.90109127217147,4,0,0.3009999990463257,8,True,1.0,lynx,SemRelated,0.5,lynx
821,255.24389783081006,3,10,3.4428999423980713,11,True,1.0,cell,SemRelated,0.5,cell
275,60.367598322803666,1,0,0.9031000137329102,13,True,1.0,ovum,SemRelated,0.5,ovum
1287,767.4574550479241,9,9,2.851300001144409,8,True,1.0,darn,SemRelated,0.5,darn
92,632.3915982873903,6,11,2.609600067138672,10,True,1.0,tuck,SemRelated,0.5,tuck
815,214.28144796802272,3,1,1.0,14,True,1.0,inks,SemRelated,0.5,inks
240,755.2863658064177,8,4,2.478600025177002,11,True,1.0,glue,SemRelated,0.5,glue
587,667.8153720888447,7,5,2.2304000854492188,8,True,1.0,flea,SemRelated,0.5,flea
141,796.4192850081188,9,10,2.5694000720977783,10,True,1.0,tick,SemRelated,0.5,tick
836,712.6534193913396,6,3,2.4149999618530273,9,True,1.0,jade,SemRelated,0.5,jade
213,341.2802994820753,3,0,1.2553000450134277,11,True,1.0,onyx,SemRelated,0.5,onyx
549,826.6674700952914,10,12,3.282399892807007,13,True,1.0,hill,SemRelated,0.5,hill
142,723.9811673171452,6,1,2.56469988822937,12,True,1.0,glen,SemRelated,0.5,glen
196,178.62019614013352,2,0,2.784600019454956,9,True,1.0,jazz,SemRelated,0.5,jazz
170,389.57245023670765,4,9,2.2095000743865967,9,True,1.0,funk,SemRelated,0.5,funk
511,799.6702951652735,8,4,3.5206000804901123,15,True,1.0,tree,SemRelated,0.5,tree
178,862.8737551214405,9,10,2.8578999042510986,10,True,1.0,bush,SemRelated,0.5,bush
602,467.1701782052029,4,3,3.1175999641418457,5,True,1.0,dirt,SemRelated,0.5,dirt
294,96.15336753050539,1,6,2.599900007247925,11,True,1.0,soil,SemRelated,0.5,soil
608,842.1982824089906,11,11,2.648400068283081,10,True,1.0,deer,SemRelated,0.5,deer
186,725.8642475800264,7,3,2.734800100326538,12,True,1.0,lamb,SemRelated,0.5,lamb
1291,755.9529812379471,10,8,2.0085999965667725,4,True,1.0,span,SemRelated,0.5,span
384,45.81464542214356,1,1,2.8006999492645264,7,True,1.0,inch,SemRelated,0.5,inch
524,209.90052659030388,3,0,2.2147998809814453,9,True,1.0,fern,SemRelated,0.5,fern
191,501.20062855060104,5,7,2.164400100708008,8,True,1.0,moss,SemRelated,0.5,moss
488,123.43026850573264,2,1,1.7482000589370728,9,True,1.0,smog,SemRelated,0.5,smog
266,182.7387364766849,2,7,1.8920999765396118,9,True,1.0,haze,SemRelated,0.5,haze
470,714.1855608722647,6,1,1.3009999990463257,6,True,1.0,wren,SemRelated,0.5,wren
230,816.0268575915718,9,8,1.924299955368042,10,True,1.0,lark,SemRelated,0.5,lark
1242,225.17253637426288,2,2,2.330399990081787,11,True,1.0,itch,SemRelated,0.5,itch
405,294.9150492651923,3,2,1.6720999479293823,11,True,1.0,acne,SemRelated,0.5,acne
271,150.64263947828331,2,3,2.6963999271392822,6,True,1.0,bait,SemRelated,0.5,bait
233,130.14712100105288,2,7,2.3385000228881836,7,True,1.0,lure,SemRelated,0.5,lure
654,767.1643434976434,8,8,4.350599765777588,15,True,1.0,room,SemRelated,0.5,room
314,762.2649854943804,7,3,2.749000072479248,11,True,1.0,shed,SemRelated,0.5,shed
559,804.107880312629,9,8,1.2041000127792358,9,True,1.0,leek,SemRelated,0.5,leek
251,717.4738639422628,7,6,1.462399959564209,11,True,1.0,kale,SemRelated,0.5,kale
597,347.4563033087728,3,8,3.7028000354766846,10,True,1.0,ship,SemRelated,0.5,ship
548,148.25764896736297,2,9,3.688999891281128,14,True,1.0,boat,SemRelated,0.5,boat
880,307.0806577301947,3,5,1.6901999711990356,9,True,1.0,silo,SemRelated,0.5,silo
285,658.8289822854834,7,10,2.841399908065796,8,True,1.0,barn,SemRelated,0.5,barn
1474,738.6018291329897,8,5,1.7243000268936157,8,True,1.0,glum,SemRelated,0.5,glum
25,771.4924888622875,8,10,1.544100046157837,8,True,1.0,mope,SemRelated,0.5,mope
696,638.6299013892383,6,5,2.436199903488159,13,True,1.0,bees,SemRelated,0.5,bees
319,770.5460603934686,9,5,1.8691999912261963,8,True,1.0,wasp,SemRelated,0.5,wasp
626,763.557551760001,8,5,2.243000030517578,12,True,1.0,plum,SemRelated,0.5,plum
505,420.30500938211424,4,0,1.6128000020980835,11,True,1.0,kiwi,SemRelated,0.5,kiwi
621,828.4609836513839,11,12,3.14739990234375,8,True,1.0,bull,SemRelated,0.5,bull
454,356.886842754649,3,3,1.3617000579833984,10,True,1.0,oxen,SemRelated,0.5,oxen
736,801.8804519121763,10,9,1.2553000450134277,10,True,1.0,slaw,SemRelated,0.5,slaw
545,437.6137918454262,4,0,2.2227001190185547,14,True,1.0,mayo,SemRelated,0.5,mayo
763,323.99759819157,3,1,2.037400007247925,7,True,1.0,deli,SemRelated,0.5,deli
544,131.43633031803319,2,9,2.413300037384033,10,True,1.0,cafe,SemRelated,0.5,cafe
1483,659.5234367574325,5,1,2.7458999156951904,6,True,1.0,oops,SemRelated,0.5,oops
114,591.0766574265652,5,1,3.904400110244751,8,True,1.0,whoa,SemRelated,0.5,whoa
592,544.6137517462874,5,13,3.2641000747680664,9,True,1.0,lake,SemRelated,0.5,lake
578,509.2771527560355,5,3,2.510499954223633,9,True,1.0,pond,SemRelated,0.5,pond
877,790.7432895947228,7,3,2.2528998851776123,11,True,1.0,thug,SemRelated,0.5,thug
174,805.4645609680215,7,2,2.5211000442504883,13,True,1.0,riot,SemRelated,0.5,riot
1338,818.2297196795446,10,15,3.514899969100952,11,True,1.0,sake,SemRelated,0.5,sake
590,822.4972895949843,10,11,3.585599899291992,12,True,1.0,beer,SemRelated,0.5,beer
798,692.311132175597,6,2,3.36299991607666,12,True,1.0,drug,SemRelated,0.5,drug
695,830.5459579200427,10,12,2.7809998989105225,15,True,1.0,pill,SemRelated,0.5,pill
676,783.3493458764744,10,11,4.277599811553955,9,True,1.0,head,SemRelated,0.5,head
596,794.7396876424652,9,10,4.168700218200684,9,True,1.0,face,SemRelated,0.5,face
1347,496.71733177320687,5,5,2.0492000579833984,7,True,1.0,snob,SemRelated,0.5,snob
144,784.6453189787837,8,6,1.8194999694824219,6,True,1.0,posh,SemRelated,0.5,posh
830,837.8719292752794,10,10,1.0,9,True,1.0,welt,SemRelated,0.5,welt
744,794.9866731417956,10,11,2.613800048828125,12,True,1.0,rash,SemRelated,0.5,rash
1188,102.32469714739607,2,6,4.115499973297119,9,True,1.0,four,SemRelated,0.5,four
958,151.1326403790132,2,9,3.536799907684326,8,True,1.0,nine,SemRelated,0.5,nine
805,70.4683257393946,0,9,1.1761000156402588,6,True,1.0,rind,SemRelated,0.5,rind
751,73.37148755027121,0,8,2.4377999305725098,6,True,1.0,peel,SemRelated,0.5,peel
1456,119.77405779868336,2,4,1.531499981880188,6,True,1.0,dupe,SemRelated,0.5,dupe
1367,86.31489914154717,2,10,2.4969000816345215,6,True,1.0,scam,SemRelated,0.5,scam
843,382.4871638622109,4,13,1.2303999662399292,7,True,1.0,teat,SemRelated,0.5,teat
838,111.93387361411752,1,6,2.1875,10,True,1.0,boob,SemRelated,0.5,boob
698,795.8899615064412,9,7,3.0220000743865967,9,True,1.0,chip,SemRelated,0.5,chip
71,715.8409622092696,7,4,1.6812000274658203,10,True,1.0,spud,SemRelated,0.5,spud
903,818.9783074105266,10,13,2.510499954223633,9,True,1.0,bake,SemRelated,0.5,bake
23,860.1357749008228,12,18,1.079200029373169,8,True,1.0,sear,SemRelated,0.5,sear
1108,25.78825296069465,0,2,1.544100046157837,8,True,1.0,typo,SemRelated,0.5,typo
152,104.39929563072985,1,8,2.0569000244140625,4,True,1.0,goof,SemRelated,0.5,goof
931,771.8641861494125,8,6,3.4498000144958496,7,True,1.0,burn,SemRelated,0.5,burn
40,122.77963640863547,2,12,1.5563000440597534,11,True,1.0,gash,SemRelated,0.5,gash
557,821.2234487771893,10,13,1.8387999534606934,10,True,1.0,pear,SemRelated,0.5,pear
49,835.8763811995617,11,13,2.2279000282287598,11,True,1.0,lime,SemRelated,0.5,lime
1461,804.0693703988926,11,12,2.9684998989105225,8,True,1.0,role,SemRelated,0.5,role
46,689.0387771614451,6,1,3.4149999618530273,6,True,1.0,duty,SemRelated,0.5,duty
375,300.228733035084,3,6,2.4518001079559326,8,True,1.0,grid,SemRelated,0.5,grid
305,540.2801710354516,5,2,3.380199909210205,7,True,1.0,plus,SemRelated,0.5,plus
364,105.15812369550204,1,4,0.7781999707221985,10,True,1.0,rasp,SemRelated,0.5,rasp
47,825.7870112718289,10,13,1.579800009727478,5,True,1.0,hone,SemRelated,0.5,hone
1105,452.8963966786886,4,1,1.8976000547409058,8,True,1.0,diva,SemRelated,0.5,diva
195,433.9329567600481,4,2,1.8451000452041626,8,True,1.0,alto,SemRelated,0.5,alto
609,836.186792800869,9,7,2.577500104904175,6,True,1.0,heel,SemRelated,0.5,heel
159,824.8538962534776,13,16,2.7551000118255615,10,True,1.0,boot,SemRelated,0.5,boot
475,700.6206992661116,6,1,2.5933001041412354,12,True,1.0,auto,SemRelated,0.5,auto
162,484.0081025538551,4,0,3.1201999187469482,12,True,1.0,taxi,SemRelated,0.5,taxi
163,316.7018464009144,3,4,3.490499973297119,5,True,1.0,type,SemRelated,0.5,type
161,113.59018401567555,2,4,1.6901999711990356,9,True,1.0,font,SemRelated,0.5,font
534,838.645226700882,10,8,2.81820011138916,11,True,1.0,lamp,SemRelated,0.5,lamp
203,719.529850545551,6,2,2.3032000064849854,13,True,1.0,bulb,SemRelated,0.5,bulb
277,787.8823244893445,9,7,2.1303000450134277,11,True,1.0,harp,SemRelated,0.5,harp
185,492.8760210190956,4,0,1.2788000106811523,12,True,1.0,oboe,SemRelated,0.5,oboe
1093,813.9631696070994,10,13,1.8451000452041626,10,True,1.0,fest,SemRelated,0.5,fest
342,527.1398147528108,5,0,1.9031000137329102,8,True,1.0,luau,SemRelated,0.5,luau
273,658.5895924002856,6,3,0.9031000137329102,6,True,1.0,yelp,SemRelated,0.5,yelp
202,761.1733445317439,8,4,1.986799955368042,9,True,1.0,moan,SemRelated,0.5,moan
480,773.4071202781757,7,3,2.9537999629974365,7,True,1.0,clue,SemRelated,0.5,clue
346,721.5928875318726,7,6,2.672100067138672,9,True,1.0,hint,SemRelated,0.5,hint
581,796.8422867512742,9,10,3.5511999130249023,11,True,1.0,nose,SemRelated,0.5,nose
210,757.3112379308084,8,7,2.037400007247925,11,True,1.0,snot,SemRelated,0.5,snot
671,570.2859866753851,5,0,2.783900022506714,11,True,1.0,ruby,SemRelated,0.5,ruby
221,628.0312346475506,6,2,1.7243000268936157,9,True,1.0,opal,SemRelated,0.5,opal
677,104.55389287658264,2,5,3.7565999031066895,11,True,1.0,road,SemRelated,0.5,road
234,534.8284307552536,5,3,3.0980000495910645,6,True,1.0,path,SemRelated,0.5,path
961,524.3307159935603,4,0,1.924299955368042,10,True,1.0,hymn,SemRelated,0.5,hymn
244,793.5695098402136,9,5,2.9014999866485596,12,True,1.0,tune,SemRelated,0.5,tune
683,723.421010854206,7,6,3.0025999546051025,13,True,1.0,beef,SemRelated,0.5,beef
282,818.8466098032417,10,9,2.730799913406372,10,True,1.0,pork,SemRelated,0.5,pork
990,804.0601739720585,11,13,4.1585001945495605,10,True,1.0,case,SemRelated,0.5,case
440,778.2500837540971,8,4,2.613800048828125,11,True,1.0,tray,SemRelated,0.5,tray
1543,781.5622825612855,9,8,5.124199867248535,12,True,1.0,good,SemRelated,0.5,good
297,769.3333716943106,9,10,2.3559999465942383,6,True,1.0,vile,SemRelated,0.5,vile
860,844.198733987833,11,12,5.0106000900268555,8,True,1.0,back,SemRelated,0.5,back
507,809.759775301736,8,8,1.8260999917984009,9,True,1.0,tush,SemRelated,0.5,tush
651,705.4706017154007,7,7,2.7202000617980957,9,True,1.0,jeep,SemRelated,0.5,jeep
299,517.1063586311304,4,0,1.9031000137329102,7,True,1.0,quad,SemRelated,0.5,quad
561,825.4850806713896,11,11,2.661799907684326,8,True,1.0,sock,SemRelated,0.5,sock
367,756.629582216602,7,3,1.6232000589370728,8,True,1.0,clog,SemRelated,0.5,clog
657,841.6508281529674,11,16,3.4883999824523926,7,True,1.0,wine,SemRelated,0.5,wine
301,805.9069770997685,10,10,1.7323999404907227,10,True,1.0,mead,SemRelated,0.5,mead
936,746.4792686195,7,2,1.968500018119812,10,True,1.0,trot,SemRelated,0.5,trot
499,723.1789905734634,8,5,1.8691999912261963,8,True,1.0,spur,SemRelated,0.5,spur
1068,91.31534350894334,1,3,3.717900037765503,7,True,1.0,blue,SemRelated,0.5,blue
362,216.84701147148212,3,1,1.0,5,True,1.0,cyan,SemRelated,0.5,cyan
513,617.4211539913423,6,2,3.4321999549865723,10,True,1.0,dogs,SemRelated,0.5,dogs
365,756.4753531055378,8,5,2.307499885559082,8,True,1.0,mutt,SemRelated,0.5,mutt
841,378.17616718976996,4,6,1.7482000589370728,12,True,1.0,tote,SemRelated,0.5,tote
368,795.8304603274562,10,11,2.819499969482422,9,True,1.0,sack,SemRelated,0.5,sack
1156,815.2880171044715,10,13,3.246299982070923,10,True,1.0,rent,SemRelated,0.5,rent
717,746.8329625136985,8,13,3.7811999320983887,13,True,1.0,bill,SemRelated,0.5,bill
1124,518.2482882847814,5,13,3.4993999004364014,12,True,1.0,race,SemRelated,0.5,race
376,769.6911253289594,8,5,2.989000082015991,7,True,1.0,bout,SemRelated,0.5,bout
827,722.6487034361692,8,6,2.517199993133545,7,True,1.0,stew,SemRelated,0.5,stew
814,517.1762407817803,4,0,1.2303999662399292,8,True,1.0,gyro,SemRelated,0.5,gyro
495,415.7271075318157,4,10,2.3710999488830566,9,True,1.0,pike,SemRelated,0.5,pike
388,794.7759407810399,9,7,1.6021000146865845,6,True,1.0,carp,SemRelated,0.5,carp
750,715.7153059533656,7,3,2.5250000953674316,7,True,1.0,gown,SemRelated,0.5,gown
528,783.8202625376773,8,5,3.544100046157837,11,True,1.0,suit,SemRelated,0.5,suit
774,794.6236782124236,8,4,2.396199941635132,11,True,1.0,fuse,SemRelated,0.5,fuse
419,733.507948710838,7,3,2.7258999347686768,13,True,1.0,plug,SemRelated,0.5,plug
655,754.705320820791,7,3,3.998800039291382,10,True,1.0,body,SemRelated,0.5,body
529,648.2936883633756,6,2,3.4844000339508057,9,True,1.0,arms,SemRelated,0.5,arms
883,658.0498513815539,6,1,1.7633999586105347,12,True,1.0,pita,SemRelated,0.5,pita
458,701.248870297389,7,3,2.359800100326538,8,True,1.0,loaf,SemRelated,0.5,loaf
866,163.727779503538,2,13,2.7881999015808105,9,True,1.0,hail,SemRelated,0.5,hail
619,86.09390299353878,1,6,3.2040998935699463,11,True,1.0,snow,SemRelated,0.5,snow
658,681.6673169054181,8,7,3.351599931716919,14,True,1.0,skin,SemRelated,0.5,skin
493,835.134612722467,12,17,1.3978999853134155,10,True,1.0,pore,SemRelated,0.5,pore
916,553.4183755916912,5,5,3.4495999813079834,11,True,1.0,aunt,SemRelated,0.5,aunt
872,655.978369420583,6,0,3.7235000133514404,10,True,1.0,mama,SemRelated,0.5,mama
1015,755.2644331453553,8,5,3.2790000438690186,4,True,1.0,pair,SemRelated,0.5,pair
532,735.8909227106557,7,3,3.1905999183654785,12,True,1.0,shoe,SemRelated,0.5,shoe
1469,554.0931349121049,5,1,1.5184999704360962,9,True,1.0,idly,SemRelated,0.5,idly
613,530.3264186469972,4,0,2.139899969100952,10,True,1.0,tofu,SemRelated,0.5,tofu
661,776.9732809384718,7,2,3.014899969100952,8,True,1.0,wolf,SemRelated,0.5,wolf
591,814.3595544599366,13,19,3.4667000770568848,8,True,1.0,bear,SemRelated,0.5,bear
1475,55.2962838733953,0,8,2.4941999912261963,8,True,1.0,vast,SemRelated,0.5,vast
1137,92.33662752966441,1,0,3.3922998905181885,3,True,1.0,huge,SemRelated,0.5,huge
804,716.683397413515,7,3,1.8324999809265137,9,True,1.0,bran,SemRelated,0.5,bran
605,827.4142024231105,11,12,2.8864998817443848,7,True,1.0,rice,SemRelated,0.5,rice
976,786.8038163141595,7,3,2.1522998809814453,8,True,1.0,turd,SemRelated,0.5,turd
634,825.6547004391138,11,10,2.456399917602539,6,True,1.0,poop,SemRelated,0.5,poop
1275,819.8188628059015,9,7,3.7862000465393066,8,True,1.0,felt,SemRelated,0.5,felt
624,817.3880643115733,11,11,2.2788000106811523,11,True,1.0,lace,SemRelated,0.5,lace
730,720.8820276332276,7,3,4.101900100708008,11,True,1.0,town,SemRelated,0.5,town
656,663.9653858110548,6,2,3.935800075531006,10,True,1.0,city,SemRelated,0.5,city
977,376.9424918679596,4,3,2.086400032043457,12,True,1.0,nuke,SemRelated,0.5,nuke
629,722.908585832604,8,4,3.437299966812134,8,True,1.0,bomb,SemRelated,0.5,bomb
775,729.6470712005939,7,4,3.7820000648498535,7,True,1.0,step,SemRelated,0.5,step
670,123.98337989389208,2,6,3.083899974822998,15,True,1.0,deck,SemRelated,0.5,deck
714,765.2778903371834,8,4,2.06820011138916,12,True,1.0,moth,SemRelated,0.5,moth
636,657.8134580699492,7,2,1.3617000579833984,6,True,1.0,gnat,SemRelated,0.5,gnat
1025,151.7726753394442,2,14,2.9474000930786133,10,True,1.0,bail,SemRelated,0.5,bail
731,107.88269677314167,1,3,3.338900089263916,10,True,1.0,jury,SemRelated,0.5,jury
758,821.4319560080697,10,13,1.3802000284194946,7,True,1.0,sill,SemRelated,0.5,sill
642,565.5206319101521,5,3,4.173099994659424,11,True,1.0,door,SemRelated,0.5,door
956,777.224852217971,8,7,1.9394999742507935,11,True,1.0,flan,SemRelated,0.5,flan
646,767.9692531893904,11,17,3.3615000247955322,8,True,1.0,cake,SemRelated,0.5,cake
832,872.0347243148879,11,13,2.6149001121520996,8,True,1.0,mole,SemRelated,0.5,mole
673,878.8784785057684,8,4,2.4914000034332275,11,True,1.0,bats,SemRelated,0.5,bats
1216,761.0071788198868,9,5,4.257199764251709,8,True,1.0,play,SemRelated,0.5,play
981,767.2655046713973,9,7,4.396299839019775,11,True,1.0,show,SemRelated,0.5,show
1176,735.9669978816999,7,8,3.863600015640259,14,True,1.0,safe,SemRelated,0.5,safe
729,836.7751580473465,11,12,3.4602999687194824,9,True,1.0,lock,SemRelated,0.5,lock
1564,37.28465264676223,1,3,2.7987000942230225,4,True,1.0,thus,SemRelated,0.5,thus
19,45.219966333653545,1,1,4.02239990234375,3,True,1.0,also,SemRelated,0.5,also
1258,117.49334819391888,2,4,2.2600998878479004,5,True,1.0,zoom,SemRelated,0.5,zoom
735,73.63531559110771,1,3,2.3784000873565674,9,True,1.0,lens,SemRelated,0.5,lens
728,799.906108522887,9,11,3.756500005722046,10,True,1.0,mike,SemRelated,0.5,mike
9,646.1534859381484,6,1,0.8450999855995178,9,True,1.0,clef,SemRelated,0.5,clef
1286,804.663953622194,10,14,2.914299964904785,6,True,1.0,dope,SemRelated,0.5,dope
740,742.0141556511862,8,4,2.0827999114990234,13,True,1.0,meth,SemRelated,0.5,meth
1184,793.1709813339098,8,5,2.7604000568389893,6,True,1.0,halt,SemRelated,0.5,halt
1088,731.6735641748892,8,5,4.557199954986572,9,True,1.0,stop,SemRelated,0.5,stop
1230,782.5767306947947,8,5,3.266700029373169,8,True,1.0,pray,SemRelated,0.5,pray
778,522.8024377255432,5,2,2.3578999042510986,12,True,1.0,yoga,SemRelated,0.5,yoga
1330,713.6618372171735,6,1,3.6129000186920166,9,True,1.0,rich,SemRelated,0.5,rich
1236,776.4182617576942,8,4,2.7339999675750732,9,True,1.0,fund,SemRelated,0.5,fund
1134,800.4008517094207,9,9,3.4249000549316406,4,True,1.0,warm,SemRelated,0.5,warm
1031,811.4158528574662,10,11,3.8220999240875244,7,True,1.0,cold,SemRelated,0.5,cold
638,702.8779334727622,6,0,1.2041000127792358,11,True,1.0,aloe,SemRelated,0.5,aloe
4,821.3860686896445,10,10,2.444000005722046,8,True,1.0,mint,SemRelated,0.5,mint
1428,654.5979564012216,6,5,5.5167999267578125,4,True,1.0,your,SemRelated,0.5,your
1372,666.4026388358035,6,4,2.9047000408172607,7,True,1.0,hers,SemRelated,0.5,hers
1525,738.8026162891589,8,6,1.7559000253677368,7,True,1.0,tact,SemRelated,0.5,tact
24,573.3731250365579,5,1,3.22189998626709,8,True,1.0,ally,SemRelated,0.5,ally
1536,335.66658352442266,3,8,4.819799900054932,11,True,1.0,need,SemRelated,0.5,need
1496,821.4829316077073,10,10,5.148399829864502,6,True,1.0,want,SemRelated,0.5,want
1039,764.5677988481531,8,4,3.8020999431610107,11,True,1.0,boss,SemRelated,0.5,boss
7,730.2655350106758,7,3,3.8712000846862793,6,True,1.0,plan,SemRelated,0.5,plan
1403,811.4942147825242,10,9,3.447499990463257,8,True,1.0,cost,SemRelated,0.5,cost
5,813.3724610931592,12,15,3.112600088119507,10,True,1.0,sale,SemRelated,0.5,sale
356,689.5042995156039,6,1,0.7781999707221985,7,True,1.0,bios,SemRelated,0.5,bios
50,693.0016892442188,7,3,2.450200080871582,9,True,1.0,prey,SemRelated,0.5,prey
1505,633.6052776081267,6,4,2.426500082015991,5,True,1.0,vibe,SemRelated,0.5,vibe
10,768.3379466095378,9,7,3.239799976348877,8,True,1.0,mood,SemRelated,0.5,mood
741,724.3760247134035,8,4,2.060699939727783,9,True,1.0,stem,SemRelated,0.5,stem
33,713.0681125186096,8,6,2.4249000549316406,8,True,1.0,leaf,SemRelated,0.5,leaf
1350,68.96268804205071,1,4,1.9444999694824219,8,True,1.0,omen,SemRelated,0.5,omen
13,658.0557845470146,7,8,1.3978999853134155,6,True,1.0,bode,SemRelated,0.5,bode
1379,773.7150757278464,8,3,1.875100016593933,4,True,1.0,puny,SemRelated,0.5,puny
67,767.7046463697399,9,6,3.2063000202178955,6,True,1.0,weak,SemRelated,0.5,weak
1308,800.1594249639836,8,4,2.2040998935699463,13,True,1.0,wimp,SemRelated,0.5,wimp
31,834.0179917161717,11,10,2.5866000652313232,5,True,1.0,bold,SemRelated,0.5,bold
783,594.0320792899331,6,2,2.1238999366760254,7,True,1.0,axel,SemRelated,0.5,axel
79,767.0667928431374,8,5,2.873300075531006,7,True,1.0,spin,SemRelated,0.5,spin
535,716.6616039056756,7,5,2.657099962234497,13,True,1.0,oven,SemRelated,0.5,oven
39,867.6942881735731,10,9,1.9394999742507935,11,True,1.0,lard,SemRelated,0.5,lard
966,772.8278204498961,10,12,2.816200017929077,6,True,1.0,dive,SemRelated,0.5,dive
55,749.6538262868264,8,5,2.8626999855041504,5,True,1.0,flip,SemRelated,0.5,flip
204,113.03554283438223,2,2,2.89490008354187,10,True,1.0,diet,SemRelated,0.5,diet
43,483.970390513247,4,1,1.6021000146865845,6,True,1.0,yogi,SemRelated,0.5,yogi
119,453.52064630168763,5,1,1.3009999990463257,3,True,1.0,ogle,SemRelated,0.5,ogle
73,631.7030376164895,6,1,1.2303999662399292,3,True,1.0,gawk,SemRelated,0.5,gawk
354,715.8291844191241,7,2,1.6021000146865845,5,True,1.0,purr,SemRelated,0.5,purr
65,815.3880290642921,10,13,2.1270999908447266,7,True,1.0,hoot,SemRelated,0.5,hoot
173,793.3980127123839,11,12,2.6675000190734863,5,True,1.0,reed,SemRelated,0.5,reed
107,812.0878446407286,9,12,2.033400058746338,5,True,1.0,vine,SemRelated,0.5,vine
648,793.3207104451092,9,8,1.8632999658584595,5,True,1.0,rump,SemRelated,0.5,rump
82,799.2787251844902,11,11,2.045300006866455,6,True,1.0,hock,SemRelated,0.5,hock
662,753.2404748147003,8,6,2.950900077819824,9,True,1.0,flag,SemRelated,0.5,flag
109,828.3570895201295,10,12,2.846299886703491,8,True,1.0,sail,SemRelated,0.5,sail
397,824.1349142602946,10,10,2.8101999759674072,7,True,1.0,pump,SemRelated,0.5,pump
86,749.6527439142244,8,4,2.381999969482422,7,True,1.0,raft,SemRelated,0.5,raft
734,783.0946096075971,9,6,2.4047999382019043,11,True,1.0,slug,SemRelated,0.5,slug
113,828.8474597104645,10,11,2.342400074005127,9,True,1.0,mold,SemRelated,0.5,mold
1045,628.4147083973243,6,1,1.6990000009536743,7,True,1.0,oily,SemRelated,0.5,oily
89,655.6729191379798,7,4,1.5563000440597534,12,True,1.0,lube,SemRelated,0.5,lube
865,804.5215190757078,10,11,3.3664000034332275,10,True,1.0,cook,SemRelated,0.5,cook
93,667.4504014008837,6,2,2.8101999759674072,10,True,1.0,eats,SemRelated,0.5,eats
660,751.8044025564229,8,7,3.2597999572753906,10,True,1.0,roof,SemRelated,0.5,roof
95,820.1351198714899,7,8,0.7781999707221985,6,True,1.0,eave,SemRelated,0.5,eave
1054,771.2541081380938,9,7,3.876699924468994,8,True,1.0,team,SemRelated,0.5,team
108,818.746811957106,8,3,2.3578999042510986,9,True,1.0,cult,SemRelated,0.5,cult
889,825.3145714384785,11,12,1.8632999658584595,8,True,1.0,loon,SemRelated,0.5,loon
98,772.6698068088333,7,3,2.8136000633239746,9,True,1.0,hawk,SemRelated,0.5,hawk
1390,691.6080324082258,7,5,1.9394999742507935,10,True,1.0,jive,SemRelated,0.5,jive
120,385.05825342089054,4,0,1.7633999586105347,7,True,1.0,afro,SemRelated,0.5,afro
1155,790.3594905901534,9,9,4.085100173950195,9,True,1.0,week,SemRelated,0.5,week
101,694.3762451330331,7,3,2.983599901199341,9,True,1.0,june,SemRelated,0.5,june
582,772.6636855567098,9,4,2.998300075531006,8,True,1.0,salt,SemRelated,0.5,salt
128,687.7001242563298,6,3,0.9031000137329102,9,True,1.0,alum,SemRelated,0.5,alum
284,727.656272445364,8,4,1.2553000450134277,7,True,1.0,sown,SemRelated,0.5,sown
102,772.7605295024744,8,6,2.1238999366760254,8,True,1.0,reap,SemRelated,0.5,reap
675,790.9315667347466,9,6,1.1461000442504883,8,True,1.0,tusk,SemRelated,0.5,tusk
137,781.274713612039,8,6,1.9955999851226807,9,True,1.0,fang,SemRelated,0.5,fang
1260,759.0379794246513,7,4,1.986799955368042,11,True,1.0,watt,SemRelated,0.5,watt
111,686.0673704637803,6,1,1.1461000442504883,8,True,1.0,peso,SemRelated,0.5,peso
978,534.3675246180753,6,2,1.4471999406814575,6,True,1.0,ooze,SemRelated,0.5,ooze
117,644.7858557149905,7,4,0.8450999855995178,4,True,1.0,glob,SemRelated,0.5,glob
1186,786.3574129716172,9,10,1.5681999921798706,3,True,1.0,gush,SemRelated,0.5,gush
122,108.4547317202713,1,11,1.0,11,True,1.0,seep,SemRelated,0.5,seep
604,873.946637025768,9,9,3.0141000747680664,6,True,1.0,wing,SemRelated,0.5,wing
127,873.3682267495453,9,9,2.76419997215271,7,True,1.0,cock,SemRelated,0.5,cock
478,798.0329042532196,9,10,2.448699951171875,7,True,1.0,warp,SemRelated,0.5,warp
123,799.923015733232,12,15,2.566999912261963,5,True,1.0,bent,SemRelated,0.5,bent
858,810.2941305330729,8,9,2.086400032043457,9,True,1.0,swab,SemRelated,0.5,swab
151,808.818873711922,8,9,2.9781999588012695,10,True,1.0,vice,SemRelated,0.5,vice
256,816.1619924517017,10,8,2.5866000652313232,6,True,1.0,bass,SemRelated,0.5,bass
131,845.2384563477457,11,10,2.429800033569336,6,True,1.0,sole,SemRelated,0.5,sole
316,775.7316013289807,9,13,2.2809998989105225,10,True,1.0,lent,SemRelated,0.5,lent
187,563.4528360052685,5,1,3.122499942779541,7,True,1.0,amen,SemRelated,0.5,amen
383,762.0445620455947,8,5,2.2067999839782715,12,True,1.0,frat,SemRelated,0.5,frat
136,760.6328518630826,8,5,2.56820011138916,9,True,1.0,dorm,SemRelated,0.5,dorm
1013,644.2546217637608,7,3,2.240499973297119,7,True,1.0,sigh,SemRelated,0.5,sigh
154,740.4634093948783,7,3,1.9493999481201172,5,True,1.0,gasp,SemRelated,0.5,gasp
831,815.7688388911272,10,11,3.351599931716919,11,True,1.0,file,SemRelated,0.5,file
148,752.2559847622125,6,1,3.116300106048584,10,True,1.0,data,SemRelated,0.5,data
1301,689.2246288789114,7,3,5.320700168609619,6,True,1.0,they,SemRelated,0.5,they
153,99.15410047612843,1,1,1.4471999406814575,9,True,1.0,noun,SemRelated,0.5,noun
1431,688.0803724546744,6,2,4.263199806213379,7,True,1.0,many,SemRelated,0.5,many
158,679.6954878461967,6,1,3.486999988555908,3,True,1.0,lots,SemRelated,0.5,lots
791,897.4019539631715,10,12,2.170300006866455,10,True,1.0,puck,SemRelated,0.5,puck
215,838.6882021023696,9,8,2.8006999492645264,12,True,1.0,tire,SemRelated,0.5,tire
322,724.3204905683845,9,5,2.8115999698638916,6,True,1.0,chin,SemRelated,0.5,chin
167,735.0541696667603,8,6,1.1138999462127686,9,True,1.0,nape,SemRelated,0.5,nape
1116,777.1379951785185,9,11,1.9031000137329102,6,True,1.0,spat,SemRelated,0.5,spat
181,598.6010914903065,6,6,2.06820011138916,10,True,1.0,tong,SemRelated,0.5,tong
274,835.5137923066944,12,14,2.8469998836517334,10,True,1.0,dame,SemRelated,0.5,dame
172,799.2186721462542,9,10,1.919100046157837,7,True,1.0,gent,SemRelated,0.5,gent
1096,500.7798591124132,4,0,1.9444999694824219,6,True,1.0,orgy,SemRelated,0.5,orgy
197,799.2002051439108,9,8,2.773099899291992,5,True,1.0,porn,SemRelated,0.5,porn
1081,746.242324549991,7,3,2.9576001167297363,12,True,1.0,prom,SemRelated,0.5,prom
176,679.4845731838445,6,2,1.9589999914169312,10,True,1.0,gala,SemRelated,0.5,gala
1435,118.71694476825141,2,11,3.2513999938964844,4,True,1.0,nope,SemRelated,0.5,nope
192,73.15815163190328,1,3,3.0381999015808105,6,True,1.0,deny,SemRelated,0.5,deny
434,839.3078204826386,10,11,1.6128000020980835,11,True,1.0,bile,SemRelated,0.5,bile
177,648.9364739977648,6,0,3.0834999084472656,6,True,1.0,guts,SemRelated,0.5,guts
1135,459.85384942413793,6,2,1.079200029373169,6,True,1.0,inky,SemRelated,0.5,inky
206,840.7525373383438,11,15,1.7482000589370728,10,True,1.0,soot,SemRelated,0.5,soot
298,265.6826159435601,3,2,2.859100103378296,9,True,1.0,self,SemRelated,0.5,self
180,502.1701128329235,5,5,2.52239990234375,8,True,1.0,vain,SemRelated,0.5,vain
519,599.2712326168622,5,1,2.8750998973846436,8,True,1.0,knee,SemRelated,0.5,knee
193,286.12761821121387,3,3,1.857300043106079,11,True,1.0,gout,SemRelated,0.5,gout
1290,57.69569022150665,1,1,2.0492000579833984,5,True,1.0,ante,SemRelated,0.5,ante
190,103.0762990208138,1,6,1.1138999462127686,4,True,1.0,meld,SemRelated,0.5,meld
811,570.7585375422077,5,0,2.1270999908447266,7,True,1.0,jaws,SemRelated,0.5,jaws
201,721.9659382293692,10,8,1.7924000024795532,6,True,1.0,bony,SemRelated,0.5,bony
607,80.38115238400555,0,11,2.7274999618530273,11,True,1.0,dice,SemRelated,0.5,dice
200,544.4391763303224,5,3,1.0,3,True,1.0,boxy,SemRelated,0.5,boxy
1423,41.86492858387577,1,1,2.2788000106811523,6,True,1.0,info,SemRelated,0.5,info
247,116.15708741954067,2,9,2.158400058746338,7,True,1.0,stat,SemRelated,0.5,stat
218,776.4505157712042,8,6,1.4914000034332275,10,True,1.0,balm,SemRelated,0.5,balm
205,855.5961685054863,11,13,2.748199939727783,8,True,1.0,lick,SemRelated,0.5,lick
1406,578.7971358460163,6,2,4.82919979095459,7,True,1.0,over,SemRelated,0.5,over
254,415.0376875814788,4,0,3.5051000118255615,3,True,1.0,upon,SemRelated,0.5,upon
1233,808.295909213664,9,9,4.285699844360352,6,True,1.0,fuck,SemRelated,0.5,fuck
209,738.4913722218507,8,4,3.1835999488830566,5,True,1.0,gosh,SemRelated,0.5,gosh
357,778.2581017643777,9,7,2.7874999046325684,7,True,1.0,clay,SemRelated,0.5,clay
235,690.8343026169847,6,3,1.3009999990463257,8,True,1.0,kiln,SemRelated,0.5,kiln
1332,89.71283664907332,1,2,2.1522998809814453,5,True,1.0,idle,SemRelated,0.5,idle
227,341.31407569127856,4,1,2.8369998931884766,4,True,1.0,blah,SemRelated,0.5,blah
1487,741.5073944713288,7,4,4.160200119018555,10,True,1.0,damn,SemRelated,0.5,damn
229,739.1615036528599,7,4,2.322200059890747,8,True,1.0,curb,SemRelated,0.5,curb
330,662.6052999995543,6,2,2.004300117492676,10,True,1.0,hula,SemRelated,0.5,hula
232,822.5245545602971,9,13,2.1138999462127686,5,True,1.0,rave,SemRelated,0.5,rave
302,354.3660432771996,3,1,1.0,7,True,1.0,ashy,SemRelated,0.5,ashy
253,700.8670964646259,7,4,1.6232000589370728,5,True,1.0,drab,SemRelated,0.5,drab
837,651.3569991937901,5,1,2.3364999294281006,12,True,1.0,visa,SemRelated,0.5,visa
242,828.5440051727621,11,10,3.203000068664551,9,True,1.0,bond,SemRelated,0.5,bond
853,782.0150711174801,9,6,3.417099952697754,7,True,1.0,camp,SemRelated,0.5,camp
279,706.568714637779,6,1,2.3617000579833984,8,True,1.0,trek,SemRelated,0.5,trek
1417,715.1159331167067,7,4,3.4660000801086426,6,True,1.0,wild,SemRelated,0.5,wild
245,426.0518231481723,4,11,2.1461000442504883,7,True,1.0,tame,SemRelated,0.5,tame
473,845.00371719538,11,12,2.506500005722046,9,True,1.0,bunk,SemRelated,0.5,bunk
283,672.1805908547187,6,1,2.5011000633239746,8,True,1.0,crib,SemRelated,0.5,crib
1415,846.3637226449403,11,16,4.38040018081665,9,True,1.0,hell,SemRelated,0.5,hell
248,783.6159174797524,8,5,2.5762999057769775,11,True,1.0,monk,SemRelated,0.5,monk
986,638.3050376633647,6,2,1.8260999917984009,5,True,1.0,trio,SemRelated,0.5,trio
306,759.2078857337614,8,4,1.8260999917984009,7,True,1.0,duet,SemRelated,0.5,duet
1148,112.13829710796726,2,2,1.579800009727478,9,True,1.0,sect,SemRelated,0.5,sect
265,812.1548874561317,9,11,1.875100016593933,4,True,1.0,rite,SemRelated,0.5,rite
708,787.423722759205,8,6,2.09689998626709,8,True,1.0,gong,SemRelated,0.5,gong
293,708.6569063953526,6,1,2.6364998817443848,9,True,1.0,drum,SemRelated,0.5,drum
522,755.1994291921449,8,5,2.4914000034332275,8,True,1.0,comb,SemRelated,0.5,comb
289,767.813392995344,7,3,1.715999960899353,8,True,1.0,perm,SemRelated,0.5,perm
822,813.8500020039626,10,9,3.3183000087738037,7,True,1.0,bite,SemRelated,0.5,bite
313,847.8779537576914,11,12,2.8041000366210938,6,True,1.0,slap,SemRelated,0.5,slap
712,813.5371081675743,9,6,2.6963999271392822,6,True,1.0,bald,SemRelated,0.5,bald
295,829.9841462263375,11,12,2.0413999557495117,10,True,1.0,lice,SemRelated,0.5,lice
1182,77.77064149860195,1,5,4.128900051116943,6,True,1.0,shut,SemRelated,0.5,shut
344,64.06270035462502,1,1,1.3802000284194946,4,True,1.0,ajar,SemRelated,0.5,ajar
1416,752.4075978483295,8,4,3.735100030899048,5,True,1.0,busy,SemRelated,0.5,busy
320,118.98785194751197,2,4,1.3423999547958374,10,True,1.0,doer,SemRelated,0.5,doer
486,57.589318348798315,1,1,1.2041000127792358,5,True,1.0,crux,SemRelated,0.5,crux
325,129.74851113370372,2,7,3.3385000228881836,4,True,1.0,main,SemRelated,0.5,main
722,833.3509962029427,12,15,3.4231998920440674,7,True,1.0,hall,SemRelated,0.5,hall
323,814.1572409375333,10,12,2.004300117492676,8,True,1.0,dome,SemRelated,0.5,dome
1484,764.5794443689598,8,3,5.700699806213379,6,True,1.0,what,SemRelated,0.5,what
372,581.8383156879797,5,1,3.924299955368042,12,True,1.0,news,SemRelated,0.5,news
363,834.692678654372,10,13,1.9589999914169312,9,True,1.0,dill,SemRelated,0.5,dill
334,759.3875837323128,8,4,1.2553000450134277,11,True,1.0,hemp,SemRelated,0.5,hemp
907,545.8341549558525,5,5,1.968500018119812,6,True,1.0,clot,SemRelated,0.5,clot
336,238.32874138566868,3,11,1.7482000589370728,7,True,1.0,gore,SemRelated,0.5,gore
497,744.8306007964354,7,2,3.1350998878479004,3,True,1.0,tied,SemRelated,0.5,tied
343,113.44858458449244,2,8,2.539099931716919,8,True,1.0,loop,SemRelated,0.5,loop
370,835.792473553872,11,11,3.026900053024292,9,True,1.0,cure,SemRelated,0.5,cure
361,826.8818054532237,10,13,2.762700080871582,10,True,1.0,heal,SemRelated,0.5,heal
659,816.728965942935,10,12,3.287600040435791,7,True,1.0,hook,SemRelated,0.5,hook
348,802.0348492131507,9,8,1.3221999406814575,8,True,1.0,vise,SemRelated,0.5,vise
586,795.8096884874554,9,8,2.3032000064849854,11,True,1.0,clam,SemRelated,0.5,clam
392,701.339643222562,7,3,1.8062000274658203,8,True,1.0,kelp,SemRelated,0.5,kelp
1219,660.1566942358594,6,7,1.7482000589370728,5,True,1.0,oink,SemRelated,0.5,oink
349,665.4737209670486,9,7,2.1522998809814453,7,True,1.0,woof,SemRelated,0.5,woof
455,824.6031412008895,11,13,2.3345000743865967,7,True,1.0,hull,SemRelated,0.5,hull
373,827.8034419470353,11,13,1.924299955368042,6,True,1.0,mast,SemRelated,0.5,mast
748,71.37251938425419,1,2,4.186299800872803,6,True,1.0,kids,SemRelated,0.5,kids
374,620.4575586938477,7,4,1.4471999406814575,4,True,1.0,tyke,SemRelated,0.5,tyke
710,539.5027686060705,5,15,3.274199962615967,11,True,1.0,mail,SemRelated,0.5,mail
382,395.1403561741335,4,5,1.531499981880188,11,True,1.0,blog,SemRelated,0.5,blog
666,683.1192844688105,6,3,2.0253000259399414,11,True,1.0,oats,SemRelated,0.5,oats
393,814.800416446729,9,9,2.8608999252319336,8,True,1.0,corn,SemRelated,0.5,corn
492,594.2245585517597,6,10,2.4547998905181885,3,True,1.0,lust,SemRelated,0.5,lust
403,27.942195284986763,1,0,2.6884000301361084,6,True,1.0,envy,SemRelated,0.5,envy
556,682.5755699391389,6,2,2.2014000415802,11,True,1.0,taco,SemRelated,0.5,taco
398,773.4995672805214,8,4,3.1092000007629395,9,True,1.0,soup,SemRelated,0.5,soup
1178,426.8765126086006,4,0,1.6434999704360962,5,True,1.0,apex,SemRelated,0.5,apex
426,148.34332131056425,2,7,2.4828999042510986,8,True,1.0,peak,SemRelated,0.5,peak
553,476.07159633483917,5,4,2.799999952316284,5,True,1.0,lawn,SemRelated,0.5,lawn
408,88.735810797167,1,3,2.340399980545044,7,True,1.0,turf,SemRelated,0.5,turf
1173,677.394792219727,6,2,1.740399956703186,13,True,1.0,aids,SemRelated,0.5,aids
415,694.6931537794715,6,1,1.579800009727478,12,True,1.0,mono,SemRelated,0.5,mono
968,801.9776440173476,10,9,1.8194999694824219,12,True,1.0,slum,SemRelated,0.5,slum
411,773.8792846066826,8,5,3.81850004196167,8,True,1.0,poor,SemRelated,0.5,poor
580,867.3781302472169,10,12,1.7633999586105347,9,True,1.0,bead,SemRelated,0.5,bead
425,692.7944999663017,7,6,1.9138000011444092,14,True,1.0,yarn,SemRelated,0.5,yarn
882,835.4433895229552,12,11,1.9776999950408936,6,True,1.0,slab,SemRelated,0.5,slab
413,823.7181667186687,11,13,1.3978999853134155,10,True,1.0,pane,SemRelated,0.5,pane
1442,538.5285147571005,6,3,4.634200096130371,5,True,1.0,into,SemRelated,0.5,into
431,682.095908936544,6,1,4.044600009918213,4,True,1.0,goes,SemRelated,0.5,goes
1097,820.7664418559747,10,9,1.8976000547409058,6,True,1.0,soar,SemRelated,0.5,soar
423,755.6561896729856,9,7,2.895400047302246,6,True,1.0,flew,SemRelated,0.5,flew
1460,508.85072292629576,4,0,3.058799982070923,8,True,1.0,thou,SemRelated,0.5,thou
449,544.7287820686931,5,3,2.591099977493286,4,True,1.0,unto,SemRelated,0.5,unto
861,825.7118873334614,9,8,4.383999824523926,8,True,1.0,shit,SemRelated,0.5,shit
443,781.0776310955907,10,8,1.4471999406814575,10,True,1.0,musk,SemRelated,0.5,musk
1283,310.8822313612216,3,10,3.433000087738037,8,True,1.0,code,SemRelated,0.5,code
446,262.07739674959845,3,3,1.6901999711990356,8,True,1.0,gimp,SemRelated,0.5,gimp
874,767.9772020793934,8,4,3.0852999687194824,9,True,1.0,trap,SemRelated,0.5,trap
447,505.2876484022289,4,0,2.439300060272217,9,True,1.0,ammo,SemRelated,0.5,ammo
551,826.6087581618503,7,10,2.978600025177002,8,True,1.0,nail,SemRelated,0.5,nail
448,888.2455499968503,10,9,2.5464999675750732,8,True,1.0,bolt,SemRelated,0.5,bolt
667,339.860283030646,4,0,1.431399941444397,9,True,1.0,okra,SemRelated,0.5,okra
461,824.7796056510858,11,13,2.544100046157837,7,True,1.0,bean,SemRelated,0.5,bean
1244,588.3407905165634,6,2,1.6232000589370728,3,True,1.0,hazy,SemRelated,0.5,hazy
471,795.6791923305578,10,8,1.7924000024795532,14,True,1.0,dusk,SemRelated,0.5,dusk
1355,165.9944739075315,2,0,0.8450999855995178,6,True,1.0,ditz,SemRelated,0.5,ditz
468,242.30139730993454,3,4,1.8920999765396118,6,True,1.0,cram,SemRelated,0.5,cram
1527,651.3233397161475,7,3,1.924299955368042,7,True,1.0,hype,SemRelated,0.5,hype
485,809.826466834171,10,7,2.075500011444092,7,True,1.0,flop,SemRelated,0.5,flop
816,395.41748408674334,4,9,3.295599937438965,9,True,1.0,dean,SemRelated,0.5,dean
481,762.4725242522819,7,2,1.4914000034332275,6,True,1.0,coed,SemRelated,0.5,coed
1463,418.65775447216856,4,0,2.0827999114990234,7,True,1.0,epic,SemRelated,0.5,epic
494,644.1902939144891,6,1,1.6128000020980835,8,True,1.0,saga,SemRelated,0.5,saga
771,814.9782929778584,10,11,2.0413999557495117,7,True,1.0,rink,SemRelated,0.5,rink
484,508.51102847384465,4,0,2.340399980545044,6,True,1.0,iced,SemRelated,0.5,iced
803,807.3611529298023,7,3,2.18179988861084,8,True,1.0,calf,SemRelated,0.5,calf
520,833.0851617532289,9,6,2.730799913406372,10,True,1.0,goat,SemRelated,0.5,goat
674,879.2354821649309,8,4,1.8513000011444092,7,True,1.0,mitt,SemRelated,0.5,mitt
509,901.6985675080035,11,16,3.7286999225616455,8,True,1.0,ball,SemRelated,0.5,ball
1027,691.909544441196,6,1,2.1461000442504883,7,True,1.0,grub,SemRelated,0.5,grub
574,814.0914448633903,10,9,2.7135000228881836,8,True,1.0,worm,SemRelated,0.5,worm
525,803.414528557639,9,6,2.176100015640259,7,True,1.0,sled,SemRelated,0.5,sled
515,789.11686520034,9,9,3.1208999156951904,14,True,1.0,bike,SemRelated,0.5,bike
818,702.480546829933,7,2,2.18179988861084,7,True,1.0,veil,SemRelated,0.5,veil
539,803.8436314510784,9,7,3.0048000812530518,8,True,1.0,mask,SemRelated,0.5,mask
1065,715.0228604402388,6,3,1.8260999917984009,9,True,1.0,mesa,SemRelated,0.5,mesa
517,799.3779696410245,11,9,3.015399932861328,9,True,1.0,sand,SemRelated,0.5,sand
635,752.2215458827771,8,7,2.3501999378204346,10,True,1.0,claw,SemRelated,0.5,claw
588,732.8249863365997,8,8,1.9493999481201172,13,True,1.0,hoof,SemRelated,0.5,hoof
756,633.5327690249458,5,0,2.2764999866485596,9,True,1.0,arch,SemRelated,0.5,arch
523,735.6263055600598,9,6,2.2945001125335693,9,True,1.0,vase,SemRelated,0.5,vase
594,812.4963716868948,10,9,2.895400047302246,6,True,1.0,hood,SemRelated,0.5,hood
540,867.7459464184982,10,14,2.950900077819824,8,True,1.0,tent,SemRelated,0.5,tent
973,783.9081377120796,8,7,2.935499906539917,5,True,1.0,wipe,SemRelated,0.5,wipe
552,766.963410434332,9,6,2.889899969100952,9,True,1.0,soap,SemRelated,0.5,soap
926,782.0667379969196,9,8,2.2227001190185547,8,True,1.0,reel,SemRelated,0.5,reel
584,819.3285604031531,10,10,2.664599895477295,9,True,1.0,cart,SemRelated,0.5,cart
704,687.2570301640975,6,2,0.6990000009536743,12,True,1.0,whey,SemRelated,0.5,whey
558,768.9248148483484,8,5,3.3364999294281006,12,True,1.0,milk,SemRelated,0.5,milk
809,815.3575173518691,10,10,2.7235000133514404,4,True,1.0,coop,SemRelated,0.5,coop
606,117.16801629490865,2,12,2.7535998821258545,7,True,1.0,nest,SemRelated,0.5,nest
932,725.4299739965633,7,2,2.9586000442504883,9,True,1.0,wrap,SemRelated,0.5,wrap
564,829.4364246554067,10,9,3.545599937438965,8,True,1.0,tape,SemRelated,0.5,tape
611,756.1344082022514,10,7,2.198699951171875,6,True,1.0,shin,SemRelated,0.5,shin
565,816.7864081999718,10,12,3.5201001167297363,10,True,1.0,foot,SemRelated,0.5,foot
724,785.2662306532573,8,10,1.770900011062622,4,True,1.0,sash,SemRelated,0.5,sash
571,112.84582945521773,2,10,3.0945000648498535,9,True,1.0,belt,SemRelated,0.5,belt
879,814.0490427733675,11,13,1.7853000164031982,9,True,1.0,mite,SemRelated,0.5,mite
577,740.6747413030406,8,5,2.547800064086914,7,True,1.0,crab,SemRelated,0.5,crab
630,813.1066921018999,9,14,2.1847000122070312,7,True,1.0,rake,SemRelated,0.5,rake
575,788.7804239366494,9,9,2.6542000770568848,8,True,1.0,fork,SemRelated,0.5,fork
913,609.919999708461,5,2,1.1138999462127686,7,True,1.0,dewy,SemRelated,0.5,dewy
787,808.7414605175205,10,8,2.2600998878479004,7,True,1.0,mist,SemRelated,0.5,mist
862,655.149991805281,6,2,4.0441999435424805,10,True,1.0,lady,SemRelated,0.5,lady
617,706.1090582566376,6,1,4.453499794006348,6,True,1.0,girl,SemRelated,0.5,girl
1066,783.8504489787227,8,4,1.5563000440597534,4,True,1.0,prod,SemRelated,0.5,prod
719,843.8968894489586,8,5,2.827399969100952,10,True,1.0,whip,SemRelated,0.5,whip
930,838.4137457106748,8,7,4.596499919891357,9,True,1.0,home,SemRelated,0.5,home
639,661.5244751555263,6,5,3.1068999767303467,12,True,1.0,yard,SemRelated,0.5,yard
1028,688.1774393907206,8,8,1.6334999799728394,10,True,1.0,skit,SemRelated,0.5,skit
697,729.8688650707738,7,3,3.5223000049591064,13,True,1.0,film,SemRelated,0.5,film
644,849.5811179411279,9,9,3.6050000190734863,13,True,1.0,gold,SemRelated,0.5,gold
643,863.8278527836577,9,10,3.674999952316284,9,True,1.0,ring,SemRelated,0.5,ring
999,811.0928425162,10,11,3.072200059890747,9,True,1.0,cast,SemRelated,0.5,cast
702,649.2173505026456,7,7,1.5184999704360962,8,True,1.0,scab,SemRelated,0.5,scab
705,615.8463855044558,6,1,3.6405999660491943,11,True,1.0,army,SemRelated,0.5,army
650,807.9865598739364,9,7,3.116300106048584,6,True,1.0,tank,SemRelated,0.5,tank
1563,803.2435897586985,8,4,2.6041998863220215,7,True,1.0,mere,SemRelated,0.5,mere
669,651.4062738005102,10,8,3.379699945449829,10,True,1.0,pool,SemRelated,0.5,pool
842,765.0242418187554,8,4,1.2788000106811523,6,True,1.0,loin,SemRelated,0.5,loin
679,728.3760826671079,8,9,2.2600998878479004,10,True,1.0,veal,SemRelated,0.5,veal
693,837.2368315922288,11,13,3.14739990234375,10,True,1.0,wire,SemRelated,0.5,wire
685,766.5397320000453,7,3,2.2067999839782715,7,True,1.0,duct,SemRelated,0.5,duct
1047,326.0603103715997,3,7,3.0232999324798584,6,True,1.0,bury,SemRelated,0.5,bury
687,97.98958365105696,1,3,2.459399938583374,7,True,1.0,tomb,SemRelated,0.5,tomb
943,809.9092213698219,9,10,2.257699966430664,4,True,1.0,hash,SemRelated,0.5,hash
743,299.9986437443267,3,10,3.1682000160217285,11,True,1.0,meal,SemRelated,0.5,meal
906,786.0377063935961,9,6,2.4828999042510986,9,True,1.0,boil,SemRelated,0.5,boil
716,832.1707714699536,10,10,4.040999889373779,10,True,1.0,fire,SemRelated,0.5,fire
1196,709.1528536350088,8,9,1.8194999694824219,7,True,1.0,scat,SemRelated,0.5,scat
810,757.2410541510524,10,7,2.2764999866485596,4,True,1.0,prop,SemRelated,0.5,prop
1215,547.1241505823516,5,0,1.6720999479293823,8,True,1.0,opus,SemRelated,0.5,opus
718,817.7010761314683,11,10,3.4354000091552734,9,True,1.0,band,SemRelated,0.5,band
945,712.5859037312782,7,3,2.3838000297546387,8,True,1.0,gulf,SemRelated,0.5,gulf
762,666.5766227221068,7,11,2.2227001190185547,10,True,1.0,cove,SemRelated,0.5,cove
891,663.5270345909172,6,1,2.528899908065796,8,True,1.0,memo,SemRelated,0.5,memo
749,762.5523702391067,8,7,3.436500072479248,8,True,1.0,note,SemRelated,0.5,note
854,799.8909606945999,9,11,3.3176000118255615,9,True,1.0,wash,SemRelated,0.5,wash
757,605.6600243569029,5,0,1.3978999853134155,6,True,1.0,suds,SemRelated,0.5,suds
944,805.7968731275477,8,5,1.6901999711990356,8,True,1.0,pelt,SemRelated,0.5,pelt
759,861.752631212391,11,13,2.2788000106811523,9,True,1.0,mink,SemRelated,0.5,mink
997,710.2853558095217,7,4,2.340399980545044,6,True,1.0,trim,SemRelated,0.5,trim
799,771.469164553372,9,6,2.8420000076293945,7,True,1.0,chop,SemRelated,0.5,chop
1079,622.8473895880327,5,0,3.5822999477386475,7,True,1.0,area,SemRelated,0.5,area
768,677.6017816135454,7,8,2.9916999340057373,11,True,1.0,site,SemRelated,0.5,site
1162,779.3654197722332,9,8,2.322200059890747,10,True,1.0,clan,SemRelated,0.5,clan
825,781.606006523715,8,7,3.187000036239624,8,True,1.0,gang,SemRelated,0.5,gang
846,707.2498182314691,6,3,2.2504000663757324,10,True,1.0,womb,SemRelated,0.5,womb
817,858.9760019894007,12,18,3.2385001182556152,10,True,1.0,male,SemRelated,0.5,male
1298,817.2077092358478,10,8,4.293000221252441,7,True,1.0,seen,SemRelated,0.5,seen
1203,716.0624291988657,7,2,2.0413999557495117,6,True,1.0,blur,SemRelated,0.5,blur
826,704.6557979088636,6,1,2.9646999835968018,5,True,1.0,sons,SemRelated,0.5,sons
823,579.5331465167204,5,0,3.337100028991699,9,True,1.0,papa,SemRelated,0.5,papa
911,786.6743832854165,9,7,1.3617000579833984,8,True,1.0,curd,SemRelated,0.5,curd
886,732.8917451041099,7,2,1.6720999479293823,10,True,1.0,brie,SemRelated,0.5,brie
1024,700.7782919917079,7,10,2.973099946975708,9,True,1.0,yell,SemRelated,0.5,yell
855,795.0971947073351,11,10,3.6970999240875244,5,True,1.0,sing,SemRelated,0.5,sing
1408,797.043138534423,9,7,1.9955999851226807,10,True,1.0,muse,SemRelated,0.5,muse
1072,680.5745562362729,6,2,2.6730000972747803,7,True,1.0,arts,SemRelated,0.5,arts
878,759.4862061033743,8,3,1.973099946975708,6,True,1.0,pulp,SemRelated,0.5,pulp
857,815.4921932293109,10,12,2.7283999919891357,8,True,1.0,root,SemRelated,0.5,root
884,800.5319008767656,8,11,2.9121999740600586,11,True,1.0,gear,SemRelated,0.5,gear
871,747.9467301988354,8,8,4.10830020904541,7,True,1.0,jack,SemRelated,0.5,jack
1154,804.415155483979,9,9,4.609600067138672,7,True,1.0,work,SemRelated,0.5,work
869,772.4364957199197,9,7,3.436500072479248,10,True,1.0,shop,SemRelated,0.5,shop
1254,691.7467633606534,7,10,2.689300060272217,9,True,1.0,pace,SemRelated,0.5,pace
983,847.4108550936073,12,18,3.827199935913086,8,True,1.0,beat,SemRelated,0.5,beat
1245,831.4869407842136,11,10,2.4742000102996826,7,True,1.0,sour,SemRelated,0.5,sour
890,627.1093725186636,6,3,2.706700086593628,11,True,1.0,acid,SemRelated,0.5,acid
1167,654.5610740349214,6,2,2.344399929046631,6,True,1.0,oral,SemRelated,0.5,oral
947,787.82124713008,10,8,4.639500141143799,9,True,1.0,talk,SemRelated,0.5,talk
1140,779.2862667546119,10,9,2.2355000972747803,9,True,1.0,toll,SemRelated,0.5,toll
935,848.3817899588724,12,16,2.498300075531006,6,True,1.0,fare,SemRelated,0.5,fare
1468,740.1971641403173,8,10,1.8387999534606934,8,True,1.0,jest,SemRelated,0.5,jest
1212,538.445317722628,6,2,0.9031000137329102,8,True,1.0,quip,SemRelated,0.5,quip
1221,814.3114332278552,11,13,2.884200096130371,9,True,1.0,sore,SemRelated,0.5,sore
941,764.0949797865862,9,7,2.799999952316284,7,True,1.0,bump,SemRelated,0.5,bump
1405,750.0679458256709,9,10,2.803499937057495,8,True,1.0,neat,SemRelated,0.5,neat
1280,685.3928340941872,6,2,2.2788000106811523,5,True,1.0,tidy,SemRelated,0.5,tidy
989,581.9718232960207,4,0,1.1761000156402588,8,True,1.0,yeti,SemRelated,0.5,yeti
985,529.912074038268,5,1,1.857300043106079,6,True,1.0,ogre,SemRelated,0.5,ogre
1440,762.3870608290886,8,7,1.7853000164031982,4,True,1.0,lull,SemRelated,0.5,lull
1206,820.8504083553931,12,12,3.588599920272827,6,True,1.0,slow,SemRelated,0.5,slow
1043,740.8407312510653,7,4,2.0253000259399414,6,True,1.0,howl,SemRelated,0.5,howl
1000,655.3809639264271,6,0,2.178999900817871,8,True,1.0,meow,SemRelated,0.5,meow
1494,804.4385487918669,10,9,3.1623001098632812,10,True,1.0,wise,SemRelated,0.5,wise
1121,503.1542071916425,4,0,1.8976000547409058,10,True,1.0,guru,SemRelated,0.5,guru
1314,539.6221692602969,4,1,3.039400100708008,8,True,1.0,zero,SemRelated,0.5,zero
1020,761.1669773249803,8,8,4.163099765777588,11,True,1.0,five,SemRelated,0.5,five
1365,410.4841994261762,4,1,4.24429988861084,6,True,1.0,used,SemRelated,0.5,used
1218,813.1016808439131,10,7,1.9911999702453613,6,True,1.0,bulk,SemRelated,0.5,bulk
1098,123.6851986703427,2,16,4.452199935913086,4,True,1.0,hear,SemRelated,0.5,hear
1075,72.85846324164082,1,3,3.3078999519348145,6,True,1.0,loud,SemRelated,0.5,loud
1382,775.2160359156422,9,5,3.390199899673462,8,True,1.0,rule,SemRelated,0.5,rule
1360,436.9499037012032,4,0,2.659899950027466,5,True,1.0,obey,SemRelated,0.5,obey
1397,145.49795231472925,2,1,1.7782000303268433,4,True,1.0,afar,SemRelated,0.5,afar
1110,130.61705351557356,2,17,3.0302000045776367,7,True,1.0,mile,SemRelated,0.5,mile
1371,805.6423566334009,9,8,4.2418999671936035,5,True,1.0,took,SemRelated,0.5,took
1328,521.1115631784927,5,1,3.6589999198913574,6,True,1.0,kept,SemRelated,0.5,kept
1276,807.7971678366581,10,11,4.035900115966797,5,True,1.0,rest,SemRelated,0.5,rest
1166,710.9319027623451,8,9,1.3221999406814575,5,True,1.0,doze,SemRelated,0.5,doze
1500,680.6063173578375,7,2,1.6812000274658203,4,True,1.0,vary,SemRelated,0.5,vary
1452,247.21709100348988,3,0,2.9872000217437744,9,True,1.0,odds,SemRelated,0.5,odds
1341,680.9001736654152,6,0,2.983599901199341,11,True,1.0,noel,SemRelated,0.5,noel
1214,725.303033496852,7,12,4.151500225067139,10,True,1.0,year,SemRelated,0.5,year
1534,104.78292106229121,2,1,4.111299991607666,5,True,1.0,true,SemRelated,0.5,true
1344,100.78682608082974,1,5,3.9446001052856445,7,True,1.0,fact,SemRelated,0.5,fact
1263,126.66378454819043,2,7,4.999499797821045,5,True,1.0,time,SemRelated,0.5,time
1256,80.90564109263809,1,5,3.9179000854492188,6,True,1.0,hour,SemRelated,0.5,hour
1537,758.9591863996834,8,4,4.695799827575684,6,True,1.0,much,SemRelated,0.5,much
1334,729.6743735551497,8,3,3.7534000873565674,5,True,1.0,less,SemRelated,0.5,less
1353,712.0662301382564,8,4,1.9955999851226807,6,True,1.0,wham,SemRelated,0.5,wham
1304,798.0051710640786,10,9,1.2553000450134277,5,True,1.0,bonk,SemRelated,0.5,bonk
1533,566.1637465511875,5,1,1.1761000156402588,5,True,1.0,akin,SemRelated,0.5,akin
1364,551.5882190016453,5,15,4.327899932861328,10,True,1.0,same,SemRelated,0.5,same
1325,576.8883102983443,5,0,1.9138000011444092,5,True,1.0,redo,SemRelated,0.5,redo
1323,801.4092616355636,9,6,1.4471999406814575,8,True,1.0,dolt,SemRelated,0.5,dolt
1492,811.8797955981606,9,10,4.0391998291015625,9,True,1.0,hate,SemRelated,0.5,hate
1433,775.3095687776272,8,3,3.9416000843048096,8,True,1.0,glad,SemRelated,0.5,glad
1368,349.2283705462311,4,10,4.627200126647949,5,True,1.0,find,SemRelated,0.5,find
1358,135.25551937315487,2,10,4.145400047302246,7,True,1.0,lost,SemRelated,0.5,lost
1444,778.5658606526036,7,3,1.770900011062622,8,True,1.0,glee,SemRelated,0.5,glee
1439,571.2634890888377,5,7,1.5051000118255615,8,True,1.0,zeal,SemRelated,0.5,zeal
1391,85.66944775568932,1,4,1.8691999912261963,5,True,1.0,snug,SemRelated,0.5,snug
1373,92.9875423052712,1,2,2.460900068283081,5,True,1.0,cozy,SemRelated,0.5,cozy
1501,139.36076403519925,2,9,4.947299957275391,5,True,1.0,been,SemRelated,0.5,been
1464,123.81416927949515,2,11,5.497300148010254,6,True,1.0,have,SemRelated,0.5,have
1438,860.259207850187,13,20,4.393599987030029,7,True,1.0,care,SemRelated,0.5,care
1385,776.593372870149,9,6,4.671899795532227,8,True,1.0,help,SemRelated,0.5,help
1511,782.0867218942558,8,4,3.5940001010894775,7,True,1.0,soul,SemRelated,0.5,soul
1401,369.70213798828115,4,12,4.39300012588501,11,True,1.0,mind,SemRelated,0.5,mind
1515,97.56434023220974,1,8,2.2899999618530273,6,True,1.0,yuck,SemRelated,0.5,yuck
1420,155.78644977561487,2,6,2.8685998916625977,5,True,1.0,foul,SemRelated,0.5,foul
1539,745.9447005210411,8,5,2.079200029373169,6,True,1.0,whim,SemRelated,0.5,whim
1498,222.85906179153548,3,0,2.5315001010894775,9,True,1.0,urge,SemRelated,0.5,urge
1554,805.2018972541946,10,8,1.934499979019165,4,True,1.0,ruse,SemRelated,0.5,ruse
1458,763.8241633264576,8,5,1.8976000547409058,8,True,1.0,ploy,SemRelated,0.5,ploy
1548,654.080072412183,7,5,2.359800100326538,5,True,1.0,keen,SemRelated,0.5,keen
1531,483.6992441206561,4,3,1.4149999618530273,5,True,1.0,avid,SemRelated,0.5,avid
