WordInds,LexSemErr,ThresholdCrossingIteration,ONsize,Frequency,NumSemFeats,ThresholdWasCrossed,CorrectItemCrossed,WordThatCrossed,SemanticRelatedness_name,SemanticRelatedness_code,WordInput
155,884.9842770027105,9,5,2.3578999042510986,7,True,1.0,crow,semunrelated,-0.5,crow
335,901.548900409872,10,12,2.4547998905181885,10,True,1.0,dove,semunrelated,-0.5,dove
1,899.4632800441912,11,9,1.6990000009536743,9,True,1.0,pant,semunrelated,-0.5,pant
261,869.4968315015851,6,5,2.9565999507904053,13,True,1.0,jean,semunrelated,-0.5,jean
135,797.7966988134442,6,1,3.0183000564575195,10,True,1.0,earl,semunrelated,-0.5,earl
972,898.7190687812897,9,7,3.1064999103546143,13,True,1.0,duke,semunrelated,-0.5,duke
12,882.3793924195403,6,2,2.7809998989105225,14,True,1.0,frog,semunrelated,-0.5,frog
442,769.5438623202732,6,4,1.8387999534606934,10,True,1.0,newt,semunrelated,-0.5,newt
157,904.7429382583265,8,8,1.5563000440597534,12,True,1.0,fowl,semunrelated,-0.5,fowl
514,931.6748744488448,7,1,3.365299940109253,11,True,1.0,bird,semunrelated,-0.5,bird
214,681.4449010521992,4,0,2.835700035095215,8,True,1.0,exam,semunrelated,-0.5,exam
992,892.7827933501043,9,12,3.6324000358581543,11,True,1.0,test,semunrelated,-0.5,test
2,783.5685829232627,7,5,2.637500047683716,10,True,1.0,robe,semunrelated,-0.5,robe
781,924.5155065911756,9,11,2.4547998905181885,11,True,1.0,vest,semunrelated,-0.5,vest
542,721.964335452685,9,8,2.542799949645996,15,True,1.0,swan,semunrelated,-0.5,swan
603,925.1888237547817,11,14,3.1017000675201416,15,True,1.0,duck,semunrelated,-0.5,duck
369,834.4612065028784,6,4,2.004300117492676,10,True,1.0,barf,semunrelated,-0.5,barf
755,930.4676616022219,8,5,2.5051000118255615,10,True,1.0,puke,semunrelated,-0.5,puke
146,688.8115592606015,4,1,1.6434999704360962,11,True,1.0,zinc,semunrelated,-0.5,zinc
938,921.2444894881671,10,12,3.6280999183654785,16,True,1.0,lead,semunrelated,-0.5,lead
441,879.7302038067725,10,11,2.5262999534606934,10,True,1.0,mice,semunrelated,-0.5,mice
905,895.5575572719488,8,5,2.176100015640259,13,True,1.0,puss,semunrelated,-0.5,puss
246,671.8574685378308,5,1,2.8608999252319336,9,True,1.0,debt,semunrelated,-0.5,debt
1080,910.8682329756724,9,6,3.00600004196167,9,True,1.0,loan,semunrelated,-0.5,loan
721,791.074014659696,8,4,1.5563000440597534,11,True,1.0,axes,semunrelated,-0.5,axes
963,716.1390379862785,7,3,1.2303999662399292,9,True,1.0,maul,semunrelated,-0.5,maul
422,902.1090710468889,6,1,2.8942999839782715,16,True,1.0,lion,semunrelated,-0.5,lion
616,793.8709018944548,6,1,0.9031000137329102,9,True,1.0,puma,semunrelated,-0.5,puma
566,908.2285288257078,11,12,3.4321999549865723,11,True,1.0,rose,semunrelated,-0.5,rose
711,897.7473518372901,7,1,3.13700008392334,10,True,1.0,lily,semunrelated,-0.5,lily
439,848.8673516492423,7,7,1.9138000011444092,8,True,1.0,stag,semunrelated,-0.5,stag
723,859.9242875773537,9,11,3.2360000610351562,11,True,1.0,buck,semunrelated,-0.5,buck
1117,915.6671351619655,8,3,4.0991997718811035,9,True,1.0,hurt,semunrelated,-0.5,hurt
1152,485.2721422422251,12,7,3.6986000537872314,13,True,1.0,pain,semunrelated,-0.5,pain
573,927.5268764415481,8,6,2.767199993133545,16,True,1.0,dish,semunrelated,-0.5,dish
599,869.2870526502711,8,6,3.039400100708008,9,True,1.0,bowl,semunrelated,-0.5,bowl
8,898.3368322715587,9,6,2.1238999366760254,7,True,1.0,gram,semunrelated,-0.5,gram
1239,833.3519001950579,6,4,1.9084999561309814,10,True,1.0,kilo,semunrelated,-0.5,kilo
576,630.7692321609403,9,5,2.617000102996826,11,True,1.0,pony,semunrelated,-0.5,pony
680,892.3745762235064,11,18,2.1731998920440674,13,True,1.0,mare,semunrelated,-0.5,mare
946,843.5675928274371,9,11,1.7559000253677368,13,True,1.0,gull,semunrelated,-0.5,gull
1261,707.185094042593,12,15,1.5681999921798706,9,True,1.0,coot,semunrelated,-0.5,coot
620,899.3122054899017,9,6,3.200900077819824,10,True,1.0,bath,semunrelated,-0.5,bath
684,856.577636395323,11,12,2.936500072479248,8,True,1.0,sink,semunrelated,-0.5,sink
118,740.1793967140145,5,0,2.433000087738037,7,True,1.0,nova,semunrelated,-0.5,nova
709,909.6021870820281,9,9,3.618000030517578,13,True,1.0,star,semunrelated,-0.5,star
623,373.4504030048481,13,10,2.789599895477295,14,True,1.0,dime,semunrelated,-0.5,dime
909,872.5216591300808,9,10,2.684799909591675,12,True,1.0,cent,semunrelated,-0.5,cent
270,908.183882176097,9,7,2.285599946975708,10,True,1.0,pact,semunrelated,-0.5,pact
1255,881.7419666557926,11,14,4.124899864196777,11,True,1.0,deal,semunrelated,-0.5,deal
1437,792.8228904496201,12,16,1.544100046157837,9,True,1.0,lore,semunrelated,-0.5,lore
1466,742.266586874518,5,3,2.547800064086914,6,True,1.0,myth,semunrelated,-0.5,myth
1251,795.266753655149,8,10,2.761899948120117,8,True,1.0,rage,semunrelated,-0.5,rage
1311,840.8905552585608,7,2,2.29229998588562,8,True,1.0,fury,semunrelated,-0.5,fury
41,807.0964937960229,10,7,2.6989998817443848,12,True,1.0,silk,semunrelated,-0.5,silk
610,737.0391975201549,8,6,2.2095000743865967,9,True,1.0,wool,semunrelated,-0.5,wool
910,765.5131503974555,6,4,1.857300043106079,8,True,1.0,wept,semunrelated,-0.5,wept
1150,770.2451192462577,7,3,1.462399959564209,7,True,1.0,bawl,semunrelated,-0.5,bawl
510,910.5459916483845,7,3,3.629300117492676,14,True,1.0,fish,semunrelated,-0.5,fish
585,826.122911950866,6,2,2.6117000579833984,12,True,1.0,tuna,semunrelated,-0.5,tuna
22,821.3925162304615,7,5,2.4065001010894775,12,True,1.0,herb,semunrelated,-0.5,herb
241,844.8431938559385,9,12,1.954200029373169,11,True,1.0,sage,semunrelated,-0.5,sage
937,754.1626452492361,7,8,3.8190999031066895,7,True,1.0,king,semunrelated,-0.5,king
1003,647.3601619296812,4,1,1.3009999990463257,9,True,1.0,tsar,semunrelated,-0.5,tsar
30,782.1981128481996,6,2,1.9911999702453613,11,True,1.0,knit,semunrelated,-0.5,knit
1034,831.2355051083987,7,2,1.8260999917984009,10,True,1.0,sewn,semunrelated,-0.5,sewn
26,861.6132395787436,7,5,2.3784000873565674,10,True,1.0,limb,semunrelated,-0.5,limb
692,886.8332202851814,9,7,4.154200077056885,11,True,1.0,hand,semunrelated,-0.5,hand
61,648.9283980040051,9,7,1.9589999914169312,6,True,1.0,dung,semunrelated,-0.5,dung
138,893.5774149496476,9,7,3.4986000061035156,7,True,1.0,crap,semunrelated,-0.5,crap
57,710.534309989732,10,7,2.7723000049591064,11,True,1.0,plot,semunrelated,-0.5,plot
1222,896.3279860210383,11,13,2.7874999046325684,11,True,1.0,tale,semunrelated,-0.5,tale
275,749.2614408063882,4,0,0.9031000137329102,13,True,1.0,ovum,semunrelated,-0.5,ovum
821,894.9607689071496,8,10,3.4428999423980713,11,True,1.0,cell,semunrelated,-0.5,cell
62,658.6272221698271,4,0,0.3009999990463257,8,True,1.0,lynx,semunrelated,-0.5,lynx
595,891.2007333889158,12,16,2.29229998588562,8,True,1.0,hare,semunrelated,-0.5,hare
240,107.10676337683235,2,4,2.478600025177002,11,True,1.0,glue,semunrelated,-0.5,glue
815,642.2355365642557,5,1,1.0,14,True,1.0,inks,semunrelated,-0.5,inks
92,442.46783993311783,13,11,2.609600067138672,10,True,1.0,tuck,semunrelated,-0.5,tuck
1287,911.8378797973512,10,9,2.851300001144409,8,True,1.0,darn,semunrelated,-0.5,darn
213,572.4375723006517,3,0,1.2553000450134277,11,True,1.0,onyx,semunrelated,-0.5,onyx
836,839.2899978215995,6,3,2.4149999618530273,9,True,1.0,jade,semunrelated,-0.5,jade
141,815.5745017201756,9,10,2.5694000720977783,10,True,1.0,tick,semunrelated,-0.5,tick
587,773.7323842204445,7,5,2.2304000854492188,8,True,1.0,flea,semunrelated,-0.5,flea
170,848.9852613061397,9,9,2.2095000743865967,9,True,1.0,funk,semunrelated,-0.5,funk
196,681.7288652511709,4,0,2.784600019454956,9,True,1.0,jazz,semunrelated,-0.5,jazz
142,690.651281512639,7,1,2.56469988822937,12,True,1.0,glen,semunrelated,-0.5,glen
549,902.4854049299107,10,12,3.282399892807007,13,True,1.0,hill,semunrelated,-0.5,hill
294,911.1635660914355,9,6,2.599900007247925,11,True,1.0,soil,semunrelated,-0.5,soil
602,869.0935850027181,8,3,3.1175999641418457,5,True,1.0,dirt,semunrelated,-0.5,dirt
178,884.4913443647165,9,10,2.8578999042510986,10,True,1.0,bush,semunrelated,-0.5,bush
511,801.2616488295822,8,4,3.5206000804901123,15,True,1.0,tree,semunrelated,-0.5,tree
384,736.5923176457045,5,1,2.8006999492645264,7,True,1.0,inch,semunrelated,-0.5,inch
1291,857.002606783882,10,8,2.0085999965667725,4,True,1.0,span,semunrelated,-0.5,span
186,816.1142627000117,7,3,2.734800100326538,12,True,1.0,lamb,semunrelated,-0.5,lamb
608,941.3054813696219,11,11,2.648400068283081,10,True,1.0,deer,semunrelated,-0.5,deer
266,827.2125514616085,8,7,1.8920999765396118,9,True,1.0,haze,semunrelated,-0.5,haze
488,653.6795262861427,6,1,1.7482000589370728,9,True,1.0,smog,semunrelated,-0.5,smog
191,642.2412762301276,10,7,2.164400100708008,8,True,1.0,moss,semunrelated,-0.5,moss
524,875.2266877131937,6,0,2.2147998809814453,9,True,1.0,fern,semunrelated,-0.5,fern
405,784.4010218215594,6,2,1.6720999479293823,11,True,1.0,acne,semunrelated,-0.5,acne
1242,724.9262729364665,5,2,2.330399990081787,11,True,1.0,itch,semunrelated,-0.5,itch
230,855.2728151722652,9,8,1.924299955368042,10,True,1.0,lark,semunrelated,-0.5,lark
470,820.9229459765759,6,1,1.3009999990463257,6,True,1.0,wren,semunrelated,-0.5,wren
314,927.3815735014175,7,3,2.749000072479248,11,True,1.0,shed,semunrelated,-0.5,shed
654,899.6108762760989,9,8,4.350599765777588,15,True,1.0,room,semunrelated,-0.5,room
233,882.1118550720224,9,7,2.3385000228881836,7,True,1.0,lure,semunrelated,-0.5,lure
271,846.3332776975856,8,3,2.6963999271392822,6,True,1.0,bait,semunrelated,-0.5,bait
548,656.3506875216117,11,9,3.688999891281128,14,True,1.0,boat,semunrelated,-0.5,boat
597,923.2781627486138,10,8,3.7028000354766846,10,True,1.0,ship,semunrelated,-0.5,ship
251,831.5475080967368,6,6,1.462399959564209,11,True,1.0,kale,semunrelated,-0.5,kale
559,867.5546661141618,8,8,1.2041000127792358,9,True,1.0,leek,semunrelated,-0.5,leek
25,875.6049338829067,8,10,1.544100046157837,8,True,1.0,mope,semunrelated,-0.5,mope
1474,862.2306983114534,8,5,1.7243000268936157,8,True,1.0,glum,semunrelated,-0.5,glum
285,813.3934401173447,10,10,2.841399908065796,8,True,1.0,barn,semunrelated,-0.5,barn
880,718.8789901060875,8,5,1.6901999711990356,9,True,1.0,silo,semunrelated,-0.5,silo
505,573.5629959532896,4,0,1.6128000020980835,11,True,1.0,kiwi,semunrelated,-0.5,kiwi
626,885.3482386909997,8,5,2.243000030517578,12,True,1.0,plum,semunrelated,-0.5,plum
319,838.339241611342,9,5,1.8691999912261963,8,True,1.0,wasp,semunrelated,-0.5,wasp
696,893.7557433280557,7,5,2.436199903488159,13,True,1.0,bees,semunrelated,-0.5,bees
545,645.3513813319388,4,0,2.2227001190185547,14,True,1.0,mayo,semunrelated,-0.5,mayo
736,830.4098417517155,10,9,1.2553000450134277,10,True,1.0,slaw,semunrelated,-0.5,slaw
454,709.7644010143479,5,3,1.3617000579833984,10,True,1.0,oxen,semunrelated,-0.5,oxen
621,919.4579718162364,10,12,3.14739990234375,8,True,1.0,bull,semunrelated,-0.5,bull
114,616.3490471885077,6,1,3.904400110244751,8,True,1.0,whoa,semunrelated,-0.5,whoa
1483,762.9714679657003,5,1,2.7458999156951904,6,True,1.0,oops,semunrelated,-0.5,oops
544,708.8636999254957,8,9,2.413300037384033,10,True,1.0,cafe,semunrelated,-0.5,cafe
763,695.0376199230724,5,1,2.037400007247925,7,True,1.0,deli,semunrelated,-0.5,deli
174,850.36377838652,7,2,2.5211000442504883,13,True,1.0,riot,semunrelated,-0.5,riot
877,837.8298836854887,7,3,2.2528998851776123,11,True,1.0,thug,semunrelated,-0.5,thug
578,786.8796424744829,8,3,2.510499954223633,9,True,1.0,pond,semunrelated,-0.5,pond
592,903.4081190138792,9,13,3.2641000747680664,9,True,1.0,lake,semunrelated,-0.5,lake
695,737.2640981995416,10,12,2.7809998989105225,15,True,1.0,pill,semunrelated,-0.5,pill
798,838.1687328393178,6,2,3.36299991607666,12,True,1.0,drug,semunrelated,-0.5,drug
590,919.8752166452925,9,11,3.585599899291992,12,True,1.0,beer,semunrelated,-0.5,beer
1338,919.4393406769498,9,15,3.514899969100952,11,True,1.0,sake,semunrelated,-0.5,sake
144,826.1905146138897,9,6,1.8194999694824219,6,True,1.0,posh,semunrelated,-0.5,posh
1347,785.4474030922331,8,5,2.0492000579833984,7,True,1.0,snob,semunrelated,-0.5,snob
596,421.61593971731764,12,10,4.168700218200684,9,True,1.0,face,semunrelated,-0.5,face
676,586.8937049757901,14,11,4.277599811553955,9,True,1.0,head,semunrelated,-0.5,head
958,776.0766616309531,8,9,3.536799907684326,8,True,1.0,nine,semunrelated,-0.5,nine
1188,879.5455478665717,8,6,4.115499973297119,9,True,1.0,four,semunrelated,-0.5,four
744,900.5925576366144,9,11,2.613800048828125,12,True,1.0,rash,semunrelated,-0.5,rash
830,889.7554505752535,10,10,1.0,9,True,1.0,welt,semunrelated,-0.5,welt
1367,824.7868252110673,8,10,2.4969000816345215,6,True,1.0,scam,semunrelated,-0.5,scam
1456,838.3149616539673,7,4,1.531499981880188,6,True,1.0,dupe,semunrelated,-0.5,dupe
751,859.1065310067006,9,8,2.4377999305725098,6,True,1.0,peel,semunrelated,-0.5,peel
805,729.4160832159912,9,9,1.1761000156402588,6,True,1.0,rind,semunrelated,-0.5,rind
71,828.3854101802896,7,4,1.6812000274658203,10,True,1.0,spud,semunrelated,-0.5,spud
698,896.6779624858597,9,7,3.0220000743865967,9,True,1.0,chip,semunrelated,-0.5,chip
838,863.2728303418704,8,6,2.1875,10,True,1.0,boob,semunrelated,-0.5,boob
843,848.347468517869,11,13,1.2303999662399292,7,True,1.0,teat,semunrelated,-0.5,teat
152,662.8252790270569,8,8,2.0569000244140625,4,True,1.0,goof,semunrelated,-0.5,goof
1108,670.7421733807826,6,2,1.544100046157837,8,True,1.0,typo,semunrelated,-0.5,typo
23,934.0144357204132,11,18,1.079200029373169,8,True,1.0,sear,semunrelated,-0.5,sear
903,862.9473609090959,10,13,2.510499954223633,9,True,1.0,bake,semunrelated,-0.5,bake
49,923.5672500657238,12,13,2.2279000282287598,11,True,1.0,lime,semunrelated,-0.5,lime
557,906.1519429762504,9,13,1.8387999534606934,10,True,1.0,pear,semunrelated,-0.5,pear
40,908.7792201723785,9,12,1.5563000440597534,11,True,1.0,gash,semunrelated,-0.5,gash
931,881.6491330189416,9,6,3.4498000144958496,7,True,1.0,burn,semunrelated,-0.5,burn
305,784.4654775345249,6,2,3.380199909210205,7,True,1.0,plus,semunrelated,-0.5,plus
375,869.6252721752256,9,6,2.4518001079559326,8,True,1.0,grid,semunrelated,-0.5,grid
46,775.7634850006418,6,1,3.4149999618530273,6,True,1.0,duty,semunrelated,-0.5,duty
1461,843.9678197259848,10,12,2.9684998989105225,8,True,1.0,role,semunrelated,-0.5,role
195,740.1961496633544,6,2,1.8451000452041626,8,True,1.0,alto,semunrelated,-0.5,alto
1105,786.3099459569288,5,1,1.8976000547409058,8,True,1.0,diva,semunrelated,-0.5,diva
47,811.6623159747965,10,13,1.579800009727478,5,True,1.0,hone,semunrelated,-0.5,hone
364,870.4097662844531,7,4,0.7781999707221985,10,True,1.0,rasp,semunrelated,-0.5,rasp
162,651.2358435101258,4,0,3.1201999187469482,12,True,1.0,taxi,semunrelated,-0.5,taxi
475,783.4449722765078,6,1,2.5933001041412354,12,True,1.0,auto,semunrelated,-0.5,auto
159,907.6955051836142,12,16,2.7551000118255615,10,True,1.0,boot,semunrelated,-0.5,boot
609,816.150229726549,9,7,2.577500104904175,6,True,1.0,heel,semunrelated,-0.5,heel
203,714.996119572746,6,2,2.3032000064849854,13,True,1.0,bulb,semunrelated,-0.5,bulb
534,905.4340953978278,10,8,2.81820011138916,11,True,1.0,lamp,semunrelated,-0.5,lamp
161,859.2878174224008,9,4,1.6901999711990356,9,True,1.0,font,semunrelated,-0.5,font
163,739.5522257249374,8,4,3.490499973297119,5,True,1.0,type,semunrelated,-0.5,type
342,686.9643979447239,5,0,1.9031000137329102,8,True,1.0,luau,semunrelated,-0.5,luau
1093,643.0504782927117,13,13,1.8451000452041626,10,True,1.0,fest,semunrelated,-0.5,fest
185,630.9907959044532,4,0,1.2788000106811523,12,True,1.0,oboe,semunrelated,-0.5,oboe
277,837.0945669892374,9,7,2.1303000450134277,11,True,1.0,harp,semunrelated,-0.5,harp
346,814.6033744844588,8,6,2.672100067138672,9,True,1.0,hint,semunrelated,-0.5,hint
480,877.1518371232236,7,3,2.9537999629974365,7,True,1.0,clue,semunrelated,-0.5,clue
202,675.214944534899,9,4,1.986799955368042,9,True,1.0,moan,semunrelated,-0.5,moan
273,739.1772374531909,6,3,0.9031000137329102,6,True,1.0,yelp,semunrelated,-0.5,yelp
221,736.0950601397029,6,2,1.7243000268936157,9,True,1.0,opal,semunrelated,-0.5,opal
671,777.6841453265066,5,0,2.783900022506714,11,True,1.0,ruby,semunrelated,-0.5,ruby
210,684.8568851234259,9,7,2.037400007247925,11,True,1.0,snot,semunrelated,-0.5,snot
581,716.4248747929163,10,10,3.5511999130249023,11,True,1.0,nose,semunrelated,-0.5,nose
244,669.1501610527446,10,5,2.9014999866485596,12,True,1.0,tune,semunrelated,-0.5,tune
961,753.0709204933597,4,0,1.924299955368042,10,True,1.0,hymn,semunrelated,-0.5,hymn
234,690.7931587946587,8,3,3.0980000495910645,6,True,1.0,path,semunrelated,-0.5,path
677,844.4018221713134,9,5,3.7565999031066895,11,True,1.0,road,semunrelated,-0.5,road
440,877.0599315772419,8,4,2.613800048828125,11,True,1.0,tray,semunrelated,-0.5,tray
990,907.338568242593,11,13,4.1585001945495605,10,True,1.0,case,semunrelated,-0.5,case
282,707.9315709742452,12,9,2.730799913406372,10,True,1.0,pork,semunrelated,-0.5,pork
683,852.4713184692761,7,6,3.0025999546051025,13,True,1.0,beef,semunrelated,-0.5,beef
507,899.0055803055141,8,8,1.8260999917984009,9,True,1.0,tush,semunrelated,-0.5,tush
860,870.8031553194894,10,12,5.0106000900268555,8,True,1.0,back,semunrelated,-0.5,back
297,850.4556328796432,9,10,2.3559999465942383,6,True,1.0,vile,semunrelated,-0.5,vile
1543,888.8708092292798,9,8,5.124199867248535,12,True,1.0,good,semunrelated,-0.5,good
367,833.3412934479569,7,3,1.6232000589370728,8,True,1.0,clog,semunrelated,-0.5,clog
561,585.3169543595699,11,11,2.661799907684326,8,True,1.0,sock,semunrelated,-0.5,sock
299,581.2202078896007,4,0,1.9031000137329102,7,True,1.0,quad,semunrelated,-0.5,quad
651,652.9533013641383,8,7,2.7202000617980957,9,True,1.0,jeep,semunrelated,-0.5,jeep
499,807.9679448889359,7,5,1.8691999912261963,8,True,1.0,spur,semunrelated,-0.5,spur
936,882.3670613656457,7,2,1.968500018119812,10,True,1.0,trot,semunrelated,-0.5,trot
301,874.2820925503247,9,10,1.7323999404907227,10,True,1.0,mead,semunrelated,-0.5,mead
657,793.2541615130452,11,16,3.4883999824523926,7,True,1.0,wine,semunrelated,-0.5,wine
365,885.7173339867331,9,5,2.307499885559082,8,True,1.0,mutt,semunrelated,-0.5,mutt
513,771.5257470666068,6,2,3.4321999549865723,10,True,1.0,dogs,semunrelated,-0.5,dogs
362,638.8494161872012,6,1,1.0,5,True,1.0,cyan,semunrelated,-0.5,cyan
1068,856.5280056274563,7,3,3.717900037765503,7,True,1.0,blue,semunrelated,-0.5,blue
717,914.749681606663,10,13,3.7811999320983887,13,True,1.0,bill,semunrelated,-0.5,bill
1156,902.3218514373466,10,13,3.246299982070923,10,True,1.0,rent,semunrelated,-0.5,rent
368,774.5580612187583,10,11,2.819499969482422,9,True,1.0,sack,semunrelated,-0.5,sack
841,879.3264206149172,8,6,1.7482000589370728,12,True,1.0,tote,semunrelated,-0.5,tote
814,619.4658306143691,5,0,1.2303999662399292,8,True,1.0,gyro,semunrelated,-0.5,gyro
827,844.4811350808716,8,6,2.517199993133545,7,True,1.0,stew,semunrelated,-0.5,stew
376,846.3165959855327,8,5,2.989000082015991,7,True,1.0,bout,semunrelated,-0.5,bout
1124,770.659448037461,11,13,3.4993999004364014,12,True,1.0,race,semunrelated,-0.5,race
528,891.1288245940963,9,5,3.544100046157837,11,True,1.0,suit,semunrelated,-0.5,suit
750,820.034126611545,7,3,2.5250000953674316,7,True,1.0,gown,semunrelated,-0.5,gown
388,849.0576003523189,9,7,1.6021000146865845,6,True,1.0,carp,semunrelated,-0.5,carp
495,925.2789182348748,10,10,2.3710999488830566,9,True,1.0,pike,semunrelated,-0.5,pike
529,767.9648178732264,6,2,3.4844000339508057,9,True,1.0,arms,semunrelated,-0.5,arms
655,780.6075879455592,6,3,3.998800039291382,10,True,1.0,body,semunrelated,-0.5,body
419,884.5723373446492,7,3,2.7258999347686768,13,True,1.0,plug,semunrelated,-0.5,plug
774,881.5854721670323,8,4,2.396199941635132,11,True,1.0,fuse,semunrelated,-0.5,fuse
619,863.984190052689,8,6,3.2040998935699463,11,True,1.0,snow,semunrelated,-0.5,snow
866,893.2534616471743,10,13,2.7881999015808105,9,True,1.0,hail,semunrelated,-0.5,hail
458,819.5716871411025,7,3,2.359800100326538,8,True,1.0,loaf,semunrelated,-0.5,loaf
883,754.3160409944852,6,1,1.7633999586105347,12,True,1.0,pita,semunrelated,-0.5,pita
872,820.7383390576604,6,0,3.7235000133514404,10,True,1.0,mama,semunrelated,-0.5,mama
916,546.4611950685878,9,5,3.4495999813079834,11,True,1.0,aunt,semunrelated,-0.5,aunt
493,709.5018289983766,11,17,1.3978999853134155,10,True,1.0,pore,semunrelated,-0.5,pore
658,709.3946419517275,9,7,3.351599931716919,14,True,1.0,skin,semunrelated,-0.5,skin
613,672.4552512872808,4,0,2.139899969100952,10,True,1.0,tofu,semunrelated,-0.5,tofu
1469,733.3831181169328,5,1,1.5184999704360962,9,True,1.0,idly,semunrelated,-0.5,idly
532,795.9816653741881,7,3,3.1905999183654785,12,True,1.0,shoe,semunrelated,-0.5,shoe
1015,806.9606281139859,8,5,3.2790000438690186,4,True,1.0,pair,semunrelated,-0.5,pair
1137,716.2264481486352,6,0,3.3922998905181885,3,True,1.0,huge,semunrelated,-0.5,huge
1475,861.4513090063425,8,8,2.4941999912261963,8,True,1.0,vast,semunrelated,-0.5,vast
591,930.5222597872382,13,19,3.4667000770568848,8,True,1.0,bear,semunrelated,-0.5,bear
661,806.8236561887387,7,2,3.014899969100952,8,True,1.0,wolf,semunrelated,-0.5,wolf
634,899.4080550341475,11,10,2.456399917602539,6,True,1.0,poop,semunrelated,-0.5,poop
976,691.1478652791238,8,3,2.1522998809814453,8,True,1.0,turd,semunrelated,-0.5,turd
605,774.7595374691236,11,12,2.8864998817443848,7,True,1.0,rice,semunrelated,-0.5,rice
804,747.6569834054173,7,3,1.8324999809265137,9,True,1.0,bran,semunrelated,-0.5,bran
656,688.5163052247266,6,2,3.935800075531006,10,True,1.0,city,semunrelated,-0.5,city
730,807.2991705044562,7,3,4.101900100708008,11,True,1.0,town,semunrelated,-0.5,town
624,772.4175811137727,11,11,2.2788000106811523,11,True,1.0,lace,semunrelated,-0.5,lace
1275,907.1804926098933,9,7,3.7862000465393066,8,True,1.0,felt,semunrelated,-0.5,felt
670,798.7343138020846,9,6,3.083899974822998,15,True,1.0,deck,semunrelated,-0.5,deck
775,599.367339785068,8,4,3.7820000648498535,7,True,1.0,step,semunrelated,-0.5,step
629,849.5309162139602,8,4,3.437299966812134,8,True,1.0,bomb,semunrelated,-0.5,bomb
977,836.5535037383643,6,3,2.086400032043457,12,True,1.0,nuke,semunrelated,-0.5,nuke
731,815.0392754766997,6,3,3.338900089263916,10,True,1.0,jury,semunrelated,-0.5,jury
1025,881.473402924387,10,14,2.9474000930786133,10,True,1.0,bail,semunrelated,-0.5,bail
636,799.2899602151963,7,2,1.3617000579833984,6,True,1.0,gnat,semunrelated,-0.5,gnat
714,899.5931804475865,8,4,2.06820011138916,12,True,1.0,moth,semunrelated,-0.5,moth
646,938.8609563685428,11,17,3.3615000247955322,8,True,1.0,cake,semunrelated,-0.5,cake
956,920.7785781616261,8,7,1.9394999742507935,11,True,1.0,flan,semunrelated,-0.5,flan
642,787.300988133978,7,3,4.173099994659424,11,True,1.0,door,semunrelated,-0.5,door
758,852.1315156021079,10,13,1.3802000284194946,7,True,1.0,sill,semunrelated,-0.5,sill
981,907.1712361937616,9,7,4.396299839019775,11,True,1.0,show,semunrelated,-0.5,show
1216,826.5401361985048,9,5,4.257199764251709,8,True,1.0,play,semunrelated,-0.5,play
673,870.7334170382953,8,4,2.4914000034332275,11,True,1.0,bats,semunrelated,-0.5,bats
832,734.627044259992,11,13,2.6149001121520996,8,True,1.0,mole,semunrelated,-0.5,mole
19,672.9105082935203,5,1,4.02239990234375,3,True,1.0,also,semunrelated,-0.5,also
1564,741.0856493839399,7,3,2.7987000942230225,4,True,1.0,thus,semunrelated,-0.5,thus
729,910.8296649374073,11,12,3.4602999687194824,9,True,1.0,lock,semunrelated,-0.5,lock
1176,891.9855309298815,7,8,3.863600015640259,14,True,1.0,safe,semunrelated,-0.5,safe
9,811.0459376944589,6,1,0.8450999855995178,9,True,1.0,clef,semunrelated,-0.5,clef
728,870.6237317905222,9,11,3.756500005722046,10,True,1.0,mike,semunrelated,-0.5,mike
735,760.1142859253134,7,3,2.3784000873565674,9,True,1.0,lens,semunrelated,-0.5,lens
1258,667.413989706052,5,4,2.2600998878479004,5,True,1.0,zoom,semunrelated,-0.5,zoom
1088,854.591377205505,8,5,4.557199954986572,9,True,1.0,stop,semunrelated,-0.5,stop
1184,865.3311820640314,9,5,2.7604000568389893,6,True,1.0,halt,semunrelated,-0.5,halt
740,875.4762831137887,7,4,2.0827999114990234,13,True,1.0,meth,semunrelated,-0.5,meth
1286,881.2233338696608,10,14,2.914299964904785,6,True,1.0,dope,semunrelated,-0.5,dope
1236,684.1831841129638,8,4,2.7339999675750732,9,True,1.0,fund,semunrelated,-0.5,fund
1330,846.3922641025689,6,1,3.6129000186920166,9,True,1.0,rich,semunrelated,-0.5,rich
778,788.8796884029214,5,2,2.3578999042510986,12,True,1.0,yoga,semunrelated,-0.5,yoga
1230,812.9164004949602,8,5,3.266700029373169,8,True,1.0,pray,semunrelated,-0.5,pray
4,918.4616140327893,10,10,2.444000005722046,8,True,1.0,mint,semunrelated,-0.5,mint
638,822.7073848447687,6,0,1.2041000127792358,11,True,1.0,aloe,semunrelated,-0.5,aloe
1031,878.2018771659305,9,11,3.8220999240875244,7,True,1.0,cold,semunrelated,-0.5,cold
1134,660.6985388075417,10,9,3.4249000549316406,4,True,1.0,warm,semunrelated,-0.5,warm
24,785.9108585061266,6,1,3.22189998626709,8,True,1.0,ally,semunrelated,-0.5,ally
1525,847.6098002515015,8,6,1.7559000253677368,7,True,1.0,tact,semunrelated,-0.5,tact
1372,652.3834071469773,7,4,2.9047000408172607,7,True,1.0,hers,semunrelated,-0.5,hers
1428,759.011165849944,6,5,5.5167999267578125,4,True,1.0,your,semunrelated,-0.5,your
7,827.3152233718789,7,3,3.8712000846862793,6,True,1.0,plan,semunrelated,-0.5,plan
1039,909.7569400213727,8,4,3.8020999431610107,11,True,1.0,boss,semunrelated,-0.5,boss
1496,612.1141523184573,11,10,5.148399829864502,6,True,1.0,want,semunrelated,-0.5,want
1536,810.928804746032,7,8,4.819799900054932,11,True,1.0,need,semunrelated,-0.5,need
50,848.6975442340384,7,3,2.450200080871582,9,True,1.0,prey,semunrelated,-0.5,prey
356,820.4473444208073,6,1,0.7781999707221985,7,True,1.0,bios,semunrelated,-0.5,bios
5,450.71556914138364,16,15,3.112600088119507,10,True,1.0,sale,semunrelated,-0.5,sale
1403,803.147010417643,10,9,3.447499990463257,8,True,1.0,cost,semunrelated,-0.5,cost
33,836.5102913787894,8,6,2.4249000549316406,8,True,1.0,leaf,semunrelated,-0.5,leaf
741,794.7201024011283,7,4,2.060699939727783,9,True,1.0,stem,semunrelated,-0.5,stem
10,812.0303026335284,9,7,3.239799976348877,8,True,1.0,mood,semunrelated,-0.5,mood
1505,675.9277548983715,6,4,2.426500082015991,5,True,1.0,vibe,semunrelated,-0.5,vibe
67,823.4259902811045,8,6,3.2063000202178955,6,True,1.0,weak,semunrelated,-0.5,weak
1379,838.0628241156699,8,3,1.875100016593933,4,True,1.0,puny,semunrelated,-0.5,puny
13,798.5200414678669,11,8,1.3978999853134155,6,True,1.0,bode,semunrelated,-0.5,bode
1350,729.1271533918219,5,4,1.9444999694824219,8,True,1.0,omen,semunrelated,-0.5,omen
79,836.6206598537565,8,5,2.873300075531006,7,True,1.0,spin,semunrelated,-0.5,spin
783,716.0763581346293,6,2,2.1238999366760254,7,True,1.0,axel,semunrelated,-0.5,axel
31,924.7161822584546,10,10,2.5866000652313232,5,True,1.0,bold,semunrelated,-0.5,bold
1308,641.5689703165474,8,4,2.2040998935699463,13,True,1.0,wimp,semunrelated,-0.5,wimp
55,810.756669538083,8,5,2.8626999855041504,5,True,1.0,flip,semunrelated,-0.5,flip
966,827.285226323181,10,12,2.816200017929077,6,True,1.0,dive,semunrelated,-0.5,dive
39,863.4754296786205,10,9,1.9394999742507935,11,True,1.0,lard,semunrelated,-0.5,lard
535,782.8390142260762,7,5,2.657099962234497,13,True,1.0,oven,semunrelated,-0.5,oven
73,775.7517447860371,6,1,1.2303999662399292,3,True,1.0,gawk,semunrelated,-0.5,gawk
119,591.768330790253,5,1,1.3009999990463257,3,True,1.0,ogle,semunrelated,-0.5,ogle
43,663.3923180133853,4,1,1.6021000146865845,6,True,1.0,yogi,semunrelated,-0.5,yogi
204,825.8972355762698,7,2,2.89490008354187,10,True,1.0,diet,semunrelated,-0.5,diet
107,757.3781860035353,9,12,2.033400058746338,5,True,1.0,vine,semunrelated,-0.5,vine
173,785.7691585597951,10,12,2.6675000190734863,5,True,1.0,reed,semunrelated,-0.5,reed
65,908.5237058845789,10,13,2.1270999908447266,7,True,1.0,hoot,semunrelated,-0.5,hoot
354,827.6485805008845,7,2,1.6021000146865845,5,True,1.0,purr,semunrelated,-0.5,purr
109,652.1499567476762,11,12,2.846299886703491,8,True,1.0,sail,semunrelated,-0.5,sail
662,839.0790953851554,8,6,2.950900077819824,9,True,1.0,flag,semunrelated,-0.5,flag
82,860.7695767379734,11,11,2.045300006866455,6,True,1.0,hock,semunrelated,-0.5,hock
648,858.1816350882336,9,8,1.8632999658584595,5,True,1.0,rump,semunrelated,-0.5,rump
113,851.0982080823853,10,11,2.342400074005127,9,True,1.0,mold,semunrelated,-0.5,mold
734,878.7135730714912,8,6,2.4047999382019043,11,True,1.0,slug,semunrelated,-0.5,slug
86,779.9339770921054,8,4,2.381999969482422,7,True,1.0,raft,semunrelated,-0.5,raft
397,917.0610509887053,10,10,2.8101999759674072,7,True,1.0,pump,semunrelated,-0.5,pump
93,784.1407255684487,6,2,2.8101999759674072,10,True,1.0,eats,semunrelated,-0.5,eats
865,776.1637357137843,9,11,3.3664000034332275,10,True,1.0,cook,semunrelated,-0.5,cook
89,811.6668794639638,7,4,1.5563000440597534,12,True,1.0,lube,semunrelated,-0.5,lube
1045,786.8698336689449,6,1,1.6990000009536743,7,True,1.0,oily,semunrelated,-0.5,oily
108,901.7296661073349,8,3,2.3578999042510986,9,True,1.0,cult,semunrelated,-0.5,cult
1054,842.3167776582353,9,7,3.876699924468994,8,True,1.0,team,semunrelated,-0.5,team
95,859.9225230133903,7,8,0.7781999707221985,6,True,1.0,eave,semunrelated,-0.5,eave
660,865.4864718521669,8,7,3.2597999572753906,10,True,1.0,roof,semunrelated,-0.5,roof
120,628.4703198233126,4,0,1.7633999586105347,7,True,1.0,afro,semunrelated,-0.5,afro
1390,830.2174042583792,6,5,1.9394999742507935,10,True,1.0,jive,semunrelated,-0.5,jive
98,665.0001271035653,7,3,2.8136000633239746,9,True,1.0,hawk,semunrelated,-0.5,hawk
889,917.4864431917122,11,12,1.8632999658584595,8,True,1.0,loon,semunrelated,-0.5,loon
128,819.4039423447797,7,3,0.9031000137329102,9,True,1.0,alum,semunrelated,-0.5,alum
582,749.0526361544909,9,4,2.998300075531006,8,True,1.0,salt,semunrelated,-0.5,salt
101,762.7276437384753,7,3,2.983599901199341,9,True,1.0,june,semunrelated,-0.5,june
1155,902.9626413903286,9,9,4.085100173950195,9,True,1.0,week,semunrelated,-0.5,week
137,662.9896561662943,9,6,1.9955999851226807,9,True,1.0,fang,semunrelated,-0.5,fang
675,857.531911654846,8,6,1.1461000442504883,8,True,1.0,tusk,semunrelated,-0.5,tusk
102,890.6929355677181,8,6,2.1238999366760254,8,True,1.0,reap,semunrelated,-0.5,reap
284,828.5317370951622,8,4,1.2553000450134277,7,True,1.0,sown,semunrelated,-0.5,sown
117,740.2830425469183,7,4,0.8450999855995178,4,True,1.0,glob,semunrelated,-0.5,glob
978,720.2218344312063,6,2,1.4471999406814575,6,True,1.0,ooze,semunrelated,-0.5,ooze
111,783.738950574944,6,1,1.1461000442504883,8,True,1.0,peso,semunrelated,-0.5,peso
1260,878.1193873214208,7,4,1.986799955368042,11,True,1.0,watt,semunrelated,-0.5,watt
127,732.7793095129313,9,9,2.76419997215271,7,True,1.0,cock,semunrelated,-0.5,cock
604,871.0185897372719,8,9,3.0141000747680664,6,True,1.0,wing,semunrelated,-0.5,wing
122,866.8295634763577,10,11,1.0,11,True,1.0,seep,semunrelated,-0.5,seep
1186,878.0121853818733,9,10,1.5681999921798706,3,True,1.0,gush,semunrelated,-0.5,gush
151,845.6099650174232,8,9,2.9781999588012695,10,True,1.0,vice,semunrelated,-0.5,vice
858,844.9141905007964,8,9,2.086400032043457,9,True,1.0,swab,semunrelated,-0.5,swab
123,891.2095339669346,11,15,2.566999912261963,5,True,1.0,bent,semunrelated,-0.5,bent
478,731.8623591633495,9,10,2.448699951171875,7,True,1.0,warp,semunrelated,-0.5,warp
187,639.7371062355315,5,1,3.122499942779541,7,True,1.0,amen,semunrelated,-0.5,amen
316,898.1164302617219,10,13,2.2809998989105225,10,True,1.0,lent,semunrelated,-0.5,lent
131,592.3786706768417,12,10,2.429800033569336,6,True,1.0,sole,semunrelated,-0.5,sole
256,907.0808778886324,10,8,2.5866000652313232,6,True,1.0,bass,semunrelated,-0.5,bass
154,821.5801471068933,7,3,1.9493999481201172,5,True,1.0,gasp,semunrelated,-0.5,gasp
1013,752.6279042205837,6,3,2.240499973297119,7,True,1.0,sigh,semunrelated,-0.5,sigh
136,796.2026306514388,8,5,2.56820011138916,9,True,1.0,dorm,semunrelated,-0.5,dorm
383,867.0426742278672,8,5,2.2067999839782715,12,True,1.0,frat,semunrelated,-0.5,frat
153,804.6697202676114,6,1,1.4471999406814575,9,True,1.0,noun,semunrelated,-0.5,noun
1301,729.624616376468,7,3,5.320700168609619,6,True,1.0,they,semunrelated,-0.5,they
148,596.3348029885667,7,1,3.116300106048584,10,True,1.0,data,semunrelated,-0.5,data
831,414.92205440962226,14,11,3.351599931716919,11,True,1.0,file,semunrelated,-0.5,file
215,812.4856127849216,9,8,2.8006999492645264,12,True,1.0,tire,semunrelated,-0.5,tire
791,714.6524666203749,10,12,2.170300006866455,10,True,1.0,puck,semunrelated,-0.5,puck
158,819.9601738070963,6,1,3.486999988555908,3,True,1.0,lots,semunrelated,-0.5,lots
1431,833.7288967082175,7,2,4.263199806213379,7,True,1.0,many,semunrelated,-0.5,many
181,785.448284949908,9,6,2.06820011138916,10,True,1.0,tong,semunrelated,-0.5,tong
1116,821.5335144855832,9,11,1.9031000137329102,6,True,1.0,spat,semunrelated,-0.5,spat
167,846.7942671610601,8,6,1.1138999462127686,9,True,1.0,nape,semunrelated,-0.5,nape
322,857.029188185106,8,5,2.8115999698638916,6,True,1.0,chin,semunrelated,-0.5,chin
197,698.3949408863947,9,8,2.773099899291992,5,True,1.0,porn,semunrelated,-0.5,porn
1096,671.4657695681233,4,0,1.9444999694824219,6,True,1.0,orgy,semunrelated,-0.5,orgy
172,853.9937990095616,9,10,1.919100046157837,7,True,1.0,gent,semunrelated,-0.5,gent
274,881.9223075647335,12,14,2.8469998836517334,10,True,1.0,dame,semunrelated,-0.5,dame
192,618.2466384796141,8,3,3.0381999015808105,6,True,1.0,deny,semunrelated,-0.5,deny
1435,851.7467449951494,9,11,3.2513999938964844,4,True,1.0,nope,semunrelated,-0.5,nope
176,799.4994788003409,6,2,1.9589999914169312,10,True,1.0,gala,semunrelated,-0.5,gala
1081,920.4811657015109,7,3,2.9576001167297363,12,True,1.0,prom,semunrelated,-0.5,prom
206,773.5148866370051,12,15,1.7482000589370728,10,True,1.0,soot,semunrelated,-0.5,soot
1135,594.0933605907046,6,2,1.079200029373169,6,True,1.0,inky,semunrelated,-0.5,inky
177,819.1843874376575,6,0,3.0834999084472656,6,True,1.0,guts,semunrelated,-0.5,guts
434,874.2379665360335,10,11,1.6128000020980835,11,True,1.0,bile,semunrelated,-0.5,bile
193,843.0004996853559,7,3,1.857300043106079,11,True,1.0,gout,semunrelated,-0.5,gout
519,344.99750352040917,10,1,2.8750998973846436,8,True,1.0,knee,semunrelated,-0.5,knee
180,826.3037299938045,7,5,2.52239990234375,8,True,1.0,vain,semunrelated,-0.5,vain
298,818.0066802756601,7,2,2.859100103378296,9,True,1.0,self,semunrelated,-0.5,self
201,844.6596602482587,10,8,1.7924000024795532,6,True,1.0,bony,semunrelated,-0.5,bony
811,660.2894564565163,5,0,2.1270999908447266,7,True,1.0,jaws,semunrelated,-0.5,jaws
190,867.2533818748891,9,6,1.1138999462127686,4,True,1.0,meld,semunrelated,-0.5,meld
1290,767.3564966490095,6,1,2.0492000579833984,5,True,1.0,ante,semunrelated,-0.5,ante
247,287.1148045847182,13,9,2.158400058746338,7,True,1.0,stat,semunrelated,-0.5,stat
1423,637.4024059124451,5,1,2.2788000106811523,6,True,1.0,info,semunrelated,-0.5,info
200,573.9395280156293,7,3,1.0,3,True,1.0,boxy,semunrelated,-0.5,boxy
607,880.1498909676851,9,11,2.7274999618530273,11,True,1.0,dice,semunrelated,-0.5,dice
254,607.2541448288846,4,0,3.5051000118255615,3,True,1.0,upon,semunrelated,-0.5,upon
1406,738.2957405153354,6,2,4.82919979095459,7,True,1.0,over,semunrelated,-0.5,over
205,937.2146640413081,10,13,2.748199939727783,8,True,1.0,lick,semunrelated,-0.5,lick
218,867.0776405320978,8,6,1.4914000034332275,10,True,1.0,balm,semunrelated,-0.5,balm
235,828.419343854947,6,3,1.3009999990463257,8,True,1.0,kiln,semunrelated,-0.5,kiln
357,595.7592295064812,8,7,2.7874999046325684,7,True,1.0,clay,semunrelated,-0.5,clay
209,696.7882810165854,8,4,3.1835999488830566,5,True,1.0,gosh,semunrelated,-0.5,gosh
1233,297.2716092965514,0,9,4.285699844360352,6,True,0.0,muck,semunrelated,-0.5,fuck
229,815.006687304008,7,4,2.322200059890747,8,True,1.0,curb,semunrelated,-0.5,curb
1487,679.1988431637644,8,4,4.160200119018555,10,True,1.0,damn,semunrelated,-0.5,damn
227,750.3187212040023,6,1,2.8369998931884766,4,True,1.0,blah,semunrelated,-0.5,blah
1332,660.0877665445241,5,2,2.1522998809814453,5,True,1.0,idle,semunrelated,-0.5,idle
253,814.0574485398217,7,4,1.6232000589370728,5,True,1.0,drab,semunrelated,-0.5,drab
302,659.7307436245922,3,1,1.0,7,True,1.0,ashy,semunrelated,-0.5,ashy
232,688.4000793171284,9,13,2.1138999462127686,5,True,1.0,rave,semunrelated,-0.5,rave
330,675.9408654832918,7,2,2.004300117492676,10,True,1.0,hula,semunrelated,-0.5,hula
279,779.3519356249958,6,1,2.3617000579833984,8,True,1.0,trek,semunrelated,-0.5,trek
853,859.8637293963911,9,6,3.417099952697754,7,True,1.0,camp,semunrelated,-0.5,camp
242,864.7258574653458,11,10,3.203000068664551,9,True,1.0,bond,semunrelated,-0.5,bond
837,762.4627261216483,5,1,2.3364999294281006,12,True,1.0,visa,semunrelated,-0.5,visa
283,816.3995369796726,6,1,2.5011000633239746,8,True,1.0,crib,semunrelated,-0.5,crib
473,797.6662841992263,11,12,2.506500005722046,9,True,1.0,bunk,semunrelated,-0.5,bunk
245,857.9776578893291,9,11,2.1461000442504883,7,True,1.0,tame,semunrelated,-0.5,tame
1417,809.7584468038564,8,4,3.4660000801086426,6,True,1.0,wild,semunrelated,-0.5,wild
306,870.036615099408,8,4,1.8260999917984009,7,True,1.0,duet,semunrelated,-0.5,duet
986,622.1118329934261,6,2,1.8260999917984009,5,True,1.0,trio,semunrelated,-0.5,trio
248,808.3141122277565,9,5,2.5762999057769775,11,True,1.0,monk,semunrelated,-0.5,monk
1415,912.0398633694324,12,16,4.38040018081665,9,True,1.0,hell,semunrelated,-0.5,hell
293,746.9935666982722,6,1,2.6364998817443848,9,True,1.0,drum,semunrelated,-0.5,drum
708,798.0099728380859,10,6,2.09689998626709,8,True,1.0,gong,semunrelated,-0.5,gong
265,887.5148791147254,10,11,1.875100016593933,4,True,1.0,rite,semunrelated,-0.5,rite
1148,863.6944841697641,7,2,1.579800009727478,9,True,1.0,sect,semunrelated,-0.5,sect
313,758.9443227669486,11,12,2.8041000366210938,6,True,1.0,slap,semunrelated,-0.5,slap
822,809.8217372436793,10,9,3.3183000087738037,7,True,1.0,bite,semunrelated,-0.5,bite
289,842.6823503452888,7,3,1.715999960899353,8,True,1.0,perm,semunrelated,-0.5,perm
522,860.5118001101098,8,5,2.4914000034332275,8,True,1.0,comb,semunrelated,-0.5,comb
344,579.2574842814388,3,1,1.3802000284194946,4,True,1.0,ajar,semunrelated,-0.5,ajar
1182,852.3903372261406,8,5,4.128900051116943,6,True,1.0,shut,semunrelated,-0.5,shut
295,894.5651320599816,11,12,2.0413999557495117,10,True,1.0,lice,semunrelated,-0.5,lice
712,890.2853078740807,9,6,2.6963999271392822,6,True,1.0,bald,semunrelated,-0.5,bald
325,850.0583360198914,9,7,3.3385000228881836,4,True,1.0,main,semunrelated,-0.5,main
486,672.1951505351942,5,1,1.2041000127792358,5,True,1.0,crux,semunrelated,-0.5,crux
320,615.2089570019195,8,4,1.3423999547958374,10,True,1.0,doer,semunrelated,-0.5,doer
1416,861.8270758309551,8,4,3.735100030899048,5,True,1.0,busy,semunrelated,-0.5,busy
372,751.8150094036201,5,1,3.924299955368042,12,True,1.0,news,semunrelated,-0.5,news
1484,784.6888898981322,8,3,5.700699806213379,6,True,1.0,what,semunrelated,-0.5,what
323,893.6062422610078,10,12,2.004300117492676,8,True,1.0,dome,semunrelated,-0.5,dome
722,870.3790741734801,12,15,3.4231998920440674,7,True,1.0,hall,semunrelated,-0.5,hall
336,800.55951454753,9,11,1.7482000589370728,7,True,1.0,gore,semunrelated,-0.5,gore
907,889.9839501580088,9,5,1.968500018119812,6,True,1.0,clot,semunrelated,-0.5,clot
334,903.6201589878444,8,4,1.2553000450134277,11,True,1.0,hemp,semunrelated,-0.5,hemp
363,894.2909405070313,10,13,1.9589999914169312,9,True,1.0,dill,semunrelated,-0.5,dill
361,924.2163241606138,10,13,2.762700080871582,10,True,1.0,heal,semunrelated,-0.5,heal
370,889.6015639164656,11,11,3.026900053024292,9,True,1.0,cure,semunrelated,-0.5,cure
343,543.0521757283522,10,8,2.539099931716919,8,True,1.0,loop,semunrelated,-0.5,loop
497,815.1382144089084,7,2,3.1350998878479004,3,True,1.0,tied,semunrelated,-0.5,tied
392,795.3868937491621,6,3,1.8062000274658203,8,True,1.0,kelp,semunrelated,-0.5,kelp
586,931.4350037042157,9,8,2.3032000064849854,11,True,1.0,clam,semunrelated,-0.5,clam
348,854.2602328018341,10,8,1.3221999406814575,8,True,1.0,vise,semunrelated,-0.5,vise
659,921.7433205536803,10,12,3.287600040435791,7,True,1.0,hook,semunrelated,-0.5,hook
373,870.8214447327489,11,13,1.924299955368042,6,True,1.0,mast,semunrelated,-0.5,mast
455,856.6345482327761,11,13,2.3345000743865967,7,True,1.0,hull,semunrelated,-0.5,hull
349,833.1276622407497,8,7,2.1522998809814453,7,True,1.0,woof,semunrelated,-0.5,woof
1219,470.73821935231535,8,7,1.7482000589370728,5,True,1.0,oink,semunrelated,-0.5,oink
382,829.518432263031,8,5,1.531499981880188,11,True,1.0,blog,semunrelated,-0.5,blog
710,732.1734026378906,10,15,3.274199962615967,11,True,1.0,mail,semunrelated,-0.5,mail
374,724.2735089333057,6,4,1.4471999406814575,4,True,1.0,tyke,semunrelated,-0.5,tyke
748,780.6633822427746,6,2,4.186299800872803,6,True,1.0,kids,semunrelated,-0.5,kids
403,640.7892197540572,4,0,2.6884000301361084,6,True,1.0,envy,semunrelated,-0.5,envy
492,855.1751977604421,10,10,2.4547998905181885,3,True,1.0,lust,semunrelated,-0.5,lust
393,855.725741601688,9,9,2.8608999252319336,8,True,1.0,corn,semunrelated,-0.5,corn
666,843.9144505286637,7,3,2.0253000259399414,11,True,1.0,oats,semunrelated,-0.5,oats
426,749.1083797273923,9,7,2.4828999042510986,8,True,1.0,peak,semunrelated,-0.5,peak
1178,611.8683089971917,4,0,1.6434999704360962,5,True,1.0,apex,semunrelated,-0.5,apex
398,846.1531768200887,8,4,3.1092000007629395,9,True,1.0,soup,semunrelated,-0.5,soup
556,817.2928261550562,6,2,2.2014000415802,11,True,1.0,taco,semunrelated,-0.5,taco
415,837.1876789334249,6,1,1.579800009727478,12,True,1.0,mono,semunrelated,-0.5,mono
1173,832.9085746694052,6,2,1.740399956703186,13,True,1.0,aids,semunrelated,-0.5,aids
408,830.1989492062979,6,3,2.340399980545044,7,True,1.0,turf,semunrelated,-0.5,turf
553,813.4809257804893,7,4,2.799999952316284,5,True,1.0,lawn,semunrelated,-0.5,lawn
425,809.8302370858339,7,6,1.9138000011444092,14,True,1.0,yarn,semunrelated,-0.5,yarn
580,923.2412255371898,10,12,1.7633999586105347,9,True,1.0,bead,semunrelated,-0.5,bead
411,859.610054686748,8,5,3.81850004196167,8,True,1.0,poor,semunrelated,-0.5,poor
968,923.093232859074,10,9,1.8194999694824219,12,True,1.0,slum,semunrelated,-0.5,slum
431,803.0315427332932,6,1,4.044600009918213,4,True,1.0,goes,semunrelated,-0.5,goes
1442,667.3455362836972,6,3,4.634200096130371,5,True,1.0,into,semunrelated,-0.5,into
413,913.8947999570631,10,13,1.3978999853134155,10,True,1.0,pane,semunrelated,-0.5,pane
882,891.7568746369591,12,11,1.9776999950408936,6,True,1.0,slab,semunrelated,-0.5,slab
449,665.2080585617206,5,3,2.591099977493286,4,True,1.0,unto,semunrelated,-0.5,unto
1460,649.5406277259518,4,0,3.058799982070923,8,True,1.0,thou,semunrelated,-0.5,thou
423,834.2878693833558,9,7,2.895400047302246,6,True,1.0,flew,semunrelated,-0.5,flew
1097,710.2293654322827,10,9,1.8976000547409058,6,True,1.0,soar,semunrelated,-0.5,soar
446,840.3341298470561,7,3,1.6901999711990356,8,True,1.0,gimp,semunrelated,-0.5,gimp
1283,842.0810921282018,9,10,3.433000087738037,8,True,1.0,code,semunrelated,-0.5,code
443,910.1727547404869,10,8,1.4471999406814575,10,True,1.0,musk,semunrelated,-0.5,musk
861,783.3824197570093,9,8,4.383999824523926,8,True,1.0,shit,semunrelated,-0.5,shit
448,644.0973615433405,11,9,2.5464999675750732,8,True,1.0,bolt,semunrelated,-0.5,bolt
551,817.5210823344464,7,10,2.978600025177002,8,True,1.0,nail,semunrelated,-0.5,nail
447,668.4410300656303,4,0,2.439300060272217,9,True,1.0,ammo,semunrelated,-0.5,ammo
874,850.829749974679,8,4,3.0852999687194824,9,True,1.0,trap,semunrelated,-0.5,trap
471,921.6124576061004,9,8,1.7924000024795532,14,True,1.0,dusk,semunrelated,-0.5,dusk
1244,690.4184274397284,6,2,1.6232000589370728,3,True,1.0,hazy,semunrelated,-0.5,hazy
461,860.8856329753908,11,13,2.544100046157837,7,True,1.0,bean,semunrelated,-0.5,bean
667,626.8095371572061,4,0,1.431399941444397,9,True,1.0,okra,semunrelated,-0.5,okra
485,843.1656525180721,9,7,2.075500011444092,7,True,1.0,flop,semunrelated,-0.5,flop
1527,755.3293790851183,7,3,1.924299955368042,7,True,1.0,hype,semunrelated,-0.5,hype
468,755.1795975188934,8,4,1.8920999765396118,6,True,1.0,cram,semunrelated,-0.5,cram
1355,616.0448932060211,4,0,0.8450999855995178,6,True,1.0,ditz,semunrelated,-0.5,ditz
494,790.2679195868823,6,1,1.6128000020980835,8,True,1.0,saga,semunrelated,-0.5,saga
1463,651.9689323888596,4,0,2.0827999114990234,7,True,1.0,epic,semunrelated,-0.5,epic
481,781.072304611298,8,2,1.4914000034332275,6,True,1.0,coed,semunrelated,-0.5,coed
816,872.9897803375221,9,9,3.295599937438965,9,True,1.0,dean,semunrelated,-0.5,dean
520,868.4377849573036,9,6,2.730799913406372,10,True,1.0,goat,semunrelated,-0.5,goat
803,744.9542781296202,7,3,2.18179988861084,8,True,1.0,calf,semunrelated,-0.5,calf
484,646.6963981071702,5,0,2.340399980545044,6,True,1.0,iced,semunrelated,-0.5,iced
771,935.6127565887111,10,11,2.0413999557495117,7,True,1.0,rink,semunrelated,-0.5,rink
574,921.5868613474643,9,9,2.7135000228881836,8,True,1.0,worm,semunrelated,-0.5,worm
1027,823.0295851194385,6,1,2.1461000442504883,7,True,1.0,grub,semunrelated,-0.5,grub
509,822.2424908710142,11,16,3.7286999225616455,8,True,1.0,ball,semunrelated,-0.5,ball
674,472.6232802404571,11,4,1.8513000011444092,7,True,1.0,mitt,semunrelated,-0.5,mitt
539,787.6499805301697,10,7,3.0048000812530518,8,True,1.0,mask,semunrelated,-0.5,mask
818,736.3204867958506,7,2,2.18179988861084,7,True,1.0,veil,semunrelated,-0.5,veil
515,853.0573664413917,9,9,3.1208999156951904,14,True,1.0,bike,semunrelated,-0.5,bike
525,904.5846240989777,9,6,2.176100015640259,7,True,1.0,sled,semunrelated,-0.5,sled
588,799.5769403129578,8,8,1.9493999481201172,13,True,1.0,hoof,semunrelated,-0.5,hoof
635,888.1265621657755,8,7,2.3501999378204346,10,True,1.0,claw,semunrelated,-0.5,claw
517,747.2379485207065,11,9,3.015399932861328,9,True,1.0,sand,semunrelated,-0.5,sand
1065,813.5590683564731,6,3,1.8260999917984009,9,True,1.0,mesa,semunrelated,-0.5,mesa
540,901.3640963904174,10,14,2.950900077819824,8,True,1.0,tent,semunrelated,-0.5,tent
594,712.789340012973,10,9,2.895400047302246,6,True,1.0,hood,semunrelated,-0.5,hood
523,715.6425820357517,11,6,2.2945001125335693,9,True,1.0,vase,semunrelated,-0.5,vase
756,708.3006336221238,5,0,2.2764999866485596,9,True,1.0,arch,semunrelated,-0.5,arch
584,712.8860955424612,10,10,2.664599895477295,9,True,1.0,cart,semunrelated,-0.5,cart
926,852.150632400404,8,8,2.2227001190185547,8,True,1.0,reel,semunrelated,-0.5,reel
552,892.3368899042601,9,6,2.889899969100952,9,True,1.0,soap,semunrelated,-0.5,soap
973,861.079636493316,8,7,2.935499906539917,5,True,1.0,wipe,semunrelated,-0.5,wipe
606,866.7348089536881,8,12,2.7535998821258545,7,True,1.0,nest,semunrelated,-0.5,nest
809,887.7267302569837,11,10,2.7235000133514404,4,True,1.0,coop,semunrelated,-0.5,coop
558,911.4106338681411,8,5,3.3364999294281006,12,True,1.0,milk,semunrelated,-0.5,milk
704,837.4676685415563,6,2,0.6990000009536743,12,True,1.0,whey,semunrelated,-0.5,whey
565,377.8773071274333,14,12,3.5201001167297363,10,True,1.0,foot,semunrelated,-0.5,foot
611,814.0062026865976,10,7,2.198699951171875,6,True,1.0,shin,semunrelated,-0.5,shin
564,837.6028536480505,10,9,3.545599937438965,8,True,1.0,tape,semunrelated,-0.5,tape
932,589.3888589646465,8,2,2.9586000442504883,9,True,1.0,wrap,semunrelated,-0.5,wrap
577,791.4302839386011,8,5,2.547800064086914,7,True,1.0,crab,semunrelated,-0.5,crab
879,848.9486816912573,11,13,1.7853000164031982,9,True,1.0,mite,semunrelated,-0.5,mite
571,784.7551909903771,11,10,3.0945000648498535,9,True,1.0,belt,semunrelated,-0.5,belt
724,847.7138061968426,9,10,1.770900011062622,4,True,1.0,sash,semunrelated,-0.5,sash
787,751.6507695850536,10,8,2.2600998878479004,7,True,1.0,mist,semunrelated,-0.5,mist
913,691.6628196883216,5,2,1.1138999462127686,7,True,1.0,dewy,semunrelated,-0.5,dewy
575,887.4053757902548,9,9,2.6542000770568848,8,True,1.0,fork,semunrelated,-0.5,fork
630,783.9098090033473,10,14,2.1847000122070312,7,True,1.0,rake,semunrelated,-0.5,rake
719,779.917587302313,9,5,2.827399969100952,10,True,1.0,whip,semunrelated,-0.5,whip
1066,681.0654935152832,8,4,1.5563000440597534,4,True,1.0,prod,semunrelated,-0.5,prod
617,809.6863319963538,6,1,4.453499794006348,6,True,1.0,girl,semunrelated,-0.5,girl
862,793.2589662392121,6,2,4.0441999435424805,10,True,1.0,lady,semunrelated,-0.5,lady
697,869.669224532923,7,3,3.5223000049591064,13,True,1.0,film,semunrelated,-0.5,film
1028,796.124714005639,8,8,1.6334999799728394,10,True,1.0,skit,semunrelated,-0.5,skit
639,702.0102206645195,6,5,3.1068999767303467,12,True,1.0,yard,semunrelated,-0.5,yard
930,717.9086568862091,8,7,4.596499919891357,9,True,1.0,home,semunrelated,-0.5,home
702,784.8000424432269,7,7,1.5184999704360962,8,True,1.0,scab,semunrelated,-0.5,scab
999,913.3034899543458,10,11,3.072200059890747,9,True,1.0,cast,semunrelated,-0.5,cast
643,908.1626103963827,9,10,3.674999952316284,9,True,1.0,ring,semunrelated,-0.5,ring
644,830.5354773695742,9,9,3.6050000190734863,13,True,1.0,gold,semunrelated,-0.5,gold
669,890.9030687995562,9,8,3.379699945449829,10,True,1.0,pool,semunrelated,-0.5,pool
1563,911.8119945236716,8,4,2.6041998863220215,7,True,1.0,mere,semunrelated,-0.5,mere
650,917.2482273217354,9,7,3.116300106048584,6,True,1.0,tank,semunrelated,-0.5,tank
705,810.6212175967432,6,1,3.6405999660491943,11,True,1.0,army,semunrelated,-0.5,army
685,877.5523795619101,7,3,2.2067999839782715,7,True,1.0,duct,semunrelated,-0.5,duct
693,778.2020351273471,11,13,3.14739990234375,10,True,1.0,wire,semunrelated,-0.5,wire
679,510.04489267132976,10,9,2.2600998878479004,10,True,1.0,veal,semunrelated,-0.5,veal
842,814.3509441425024,8,4,1.2788000106811523,6,True,1.0,loin,semunrelated,-0.5,loin
743,899.6879466370552,9,10,3.1682000160217285,11,True,1.0,meal,semunrelated,-0.5,meal
943,874.4847650697205,9,10,2.257699966430664,4,True,1.0,hash,semunrelated,-0.5,hash
687,825.5629834658657,7,3,2.459399938583374,7,True,1.0,tomb,semunrelated,-0.5,tomb
1047,810.0251279375553,9,7,3.0232999324798584,6,True,1.0,bury,semunrelated,-0.5,bury
810,869.3752593508971,10,7,2.2764999866485596,4,True,1.0,prop,semunrelated,-0.5,prop
1196,636.9763176080331,8,9,1.8194999694824219,7,True,1.0,scat,semunrelated,-0.5,scat
716,897.4939825471414,10,10,4.040999889373779,10,True,1.0,fire,semunrelated,-0.5,fire
906,872.6722971069415,9,6,2.4828999042510986,9,True,1.0,boil,semunrelated,-0.5,boil
762,927.1606946919334,9,11,2.2227001190185547,10,True,1.0,cove,semunrelated,-0.5,cove
945,784.193809653719,7,3,2.3838000297546387,8,True,1.0,gulf,semunrelated,-0.5,gulf
718,904.7679943068255,10,10,3.4354000091552734,9,True,1.0,band,semunrelated,-0.5,band
1215,723.1867657707301,5,0,1.6720999479293823,8,True,1.0,opus,semunrelated,-0.5,opus
757,742.5070053845641,5,0,1.3978999853134155,6,True,1.0,suds,semunrelated,-0.5,suds
854,909.398042043486,9,11,3.3176000118255615,9,True,1.0,wash,semunrelated,-0.5,wash
749,814.8549384525227,8,7,3.436500072479248,8,True,1.0,note,semunrelated,-0.5,note
891,799.4897514139744,6,1,2.528899908065796,8,True,1.0,memo,semunrelated,-0.5,memo
799,879.4821449494475,9,6,2.8420000076293945,7,True,1.0,chop,semunrelated,-0.5,chop
997,836.2617922603182,7,4,2.340399980545044,6,True,1.0,trim,semunrelated,-0.5,trim
759,695.4619319113551,11,13,2.2788000106811523,9,True,1.0,mink,semunrelated,-0.5,mink
944,832.0756350494205,8,5,1.6901999711990356,8,True,1.0,pelt,semunrelated,-0.5,pelt
825,834.0361196953396,8,7,3.187000036239624,8,True,1.0,gang,semunrelated,-0.5,gang
1162,900.8629388207222,9,8,2.322200059890747,10,True,1.0,clan,semunrelated,-0.5,clan
768,884.6742473680104,9,8,2.9916999340057373,11,True,1.0,site,semunrelated,-0.5,site
1079,760.6710591235959,5,0,3.5822999477386475,7,True,1.0,area,semunrelated,-0.5,area
1203,566.492982212925,8,2,2.0413999557495117,6,True,1.0,blur,semunrelated,-0.5,blur
1298,594.3902405531702,12,8,4.293000221252441,7,True,1.0,seen,semunrelated,-0.5,seen
817,593.0155656954911,14,18,3.2385001182556152,10,True,1.0,male,semunrelated,-0.5,male
846,824.2373948692593,6,3,2.2504000663757324,10,True,1.0,womb,semunrelated,-0.5,womb
886,885.4978517956845,7,2,1.6720999479293823,10,True,1.0,brie,semunrelated,-0.5,brie
911,810.0236261547573,9,7,1.3617000579833984,8,True,1.0,curd,semunrelated,-0.5,curd
823,773.4457064387241,5,0,3.337100028991699,9,True,1.0,papa,semunrelated,-0.5,papa
826,808.7202201363477,6,1,2.9646999835968018,5,True,1.0,sons,semunrelated,-0.5,sons
1072,589.629287599109,7,2,2.6730000972747803,7,True,1.0,arts,semunrelated,-0.5,arts
1408,832.4986827756071,9,7,1.9955999851226807,10,True,1.0,muse,semunrelated,-0.5,muse
855,869.049831619808,11,10,3.6970999240875244,5,True,1.0,sing,semunrelated,-0.5,sing
1024,799.3050542744548,7,10,2.973099946975708,9,True,1.0,yell,semunrelated,-0.5,yell
871,858.4589750286929,8,8,4.10830020904541,7,True,1.0,jack,semunrelated,-0.5,jack
884,907.5247796011263,8,11,2.9121999740600586,11,True,1.0,gear,semunrelated,-0.5,gear
857,824.552898511329,10,12,2.7283999919891357,8,True,1.0,root,semunrelated,-0.5,root
878,803.561638142879,7,3,1.973099946975708,6,True,1.0,pulp,semunrelated,-0.5,pulp
983,886.489272737413,12,18,3.827199935913086,8,True,1.0,beat,semunrelated,-0.5,beat
1254,891.5096744799921,10,10,2.689300060272217,9,True,1.0,pace,semunrelated,-0.5,pace
869,872.310072631721,9,7,3.436500072479248,10,True,1.0,shop,semunrelated,-0.5,shop
1154,870.9487819715121,9,9,4.609600067138672,7,True,1.0,work,semunrelated,-0.5,work
947,903.5385428305715,10,8,4.639500141143799,9,True,1.0,talk,semunrelated,-0.5,talk
1167,782.7193629985794,6,2,2.344399929046631,6,True,1.0,oral,semunrelated,-0.5,oral
890,743.3886479624882,6,3,2.706700086593628,11,True,1.0,acid,semunrelated,-0.5,acid
1245,885.1699113387192,10,10,2.4742000102996826,7,True,1.0,sour,semunrelated,-0.5,sour
1212,702.9903296013056,6,2,0.9031000137329102,8,True,1.0,quip,semunrelated,-0.5,quip
1468,733.9589268399951,8,10,1.8387999534606934,8,True,1.0,jest,semunrelated,-0.5,jest
935,773.6480248054371,12,16,2.498300075531006,6,True,1.0,fare,semunrelated,-0.5,fare
1140,781.7514114711679,10,9,2.2355000972747803,9,True,1.0,toll,semunrelated,-0.5,toll
1280,787.6415026932729,6,2,2.2788000106811523,5,True,1.0,tidy,semunrelated,-0.5,tidy
1405,779.5983810842553,9,10,2.803499937057495,8,True,1.0,neat,semunrelated,-0.5,neat
941,815.5273727486164,8,7,2.799999952316284,7,True,1.0,bump,semunrelated,-0.5,bump
1221,336.7062971834581,15,13,2.884200096130371,9,True,1.0,sore,semunrelated,-0.5,sore
1206,923.7678904622192,12,12,3.588599920272827,6,True,1.0,slow,semunrelated,-0.5,slow
1440,859.633975439206,8,7,1.7853000164031982,4,True,1.0,lull,semunrelated,-0.5,lull
985,606.4661669467836,4,1,1.857300043106079,6,True,1.0,ogre,semunrelated,-0.5,ogre
989,656.3484876608209,4,0,1.1761000156402588,8,True,1.0,yeti,semunrelated,-0.5,yeti
1121,631.8681084949714,5,0,1.8976000547409058,10,True,1.0,guru,semunrelated,-0.5,guru
1494,806.577981489418,9,9,3.1623001098632812,10,True,1.0,wise,semunrelated,-0.5,wise
1000,670.5661492795632,6,0,2.178999900817871,8,True,1.0,meow,semunrelated,-0.5,meow
1043,834.3752320379044,7,4,2.0253000259399414,6,True,1.0,howl,semunrelated,-0.5,howl
1218,874.0319831468975,9,7,1.9911999702453613,6,True,1.0,bulk,semunrelated,-0.5,bulk
1365,570.7007902140805,4,1,4.24429988861084,6,True,1.0,used,semunrelated,-0.5,used
1020,849.0346261764828,8,8,4.163099765777588,11,True,1.0,five,semunrelated,-0.5,five
1314,578.5562443322798,4,1,3.039400100708008,8,True,1.0,zero,semunrelated,-0.5,zero
1360,634.7283172840139,4,0,2.659899950027466,5,True,1.0,obey,semunrelated,-0.5,obey
1382,757.8315928939406,9,5,3.390199899673462,8,True,1.0,rule,semunrelated,-0.5,rule
1075,850.7464731412363,7,3,3.3078999519348145,6,True,1.0,loud,semunrelated,-0.5,loud
1098,900.1838279420539,10,16,4.452199935913086,4,True,1.0,hear,semunrelated,-0.5,hear
1328,686.0819426559949,5,1,3.6589999198913574,6,True,1.0,kept,semunrelated,-0.5,kept
1371,835.4740112181511,9,8,4.2418999671936035,5,True,1.0,took,semunrelated,-0.5,took
1110,807.0341201057838,13,17,3.0302000045776367,7,True,1.0,mile,semunrelated,-0.5,mile
1397,625.7646004349466,4,1,1.7782000303268433,4,True,1.0,afar,semunrelated,-0.5,afar
1452,611.0454599290057,4,0,2.9872000217437744,9,True,1.0,odds,semunrelated,-0.5,odds
1500,710.4739448679147,6,2,1.6812000274658203,4,True,1.0,vary,semunrelated,-0.5,vary
1166,640.5816233128947,8,9,1.3221999406814575,5,True,1.0,doze,semunrelated,-0.5,doze
1276,885.7323385270104,10,11,4.035900115966797,5,True,1.0,rest,semunrelated,-0.5,rest
1344,830.6241027854209,8,5,3.9446001052856445,7,True,1.0,fact,semunrelated,-0.5,fact
1534,798.1811213341837,6,1,4.111299991607666,5,True,1.0,true,semunrelated,-0.5,true
1214,859.9287479677716,7,12,4.151500225067139,10,True,1.0,year,semunrelated,-0.5,year
1341,817.1513893516518,6,0,2.983599901199341,11,True,1.0,noel,semunrelated,-0.5,noel
1334,662.3214976985639,8,3,3.7534000873565674,5,True,1.0,less,semunrelated,-0.5,less
1537,840.8931724753642,8,4,4.695799827575684,6,True,1.0,much,semunrelated,-0.5,much
1256,766.6099761316409,8,5,3.9179000854492188,6,True,1.0,hour,semunrelated,-0.5,hour
1263,875.569057374643,9,7,4.999499797821045,5,True,1.0,time,semunrelated,-0.5,time
1364,881.689435317922,11,15,4.327899932861328,10,True,1.0,same,semunrelated,-0.5,same
1533,682.377777132338,5,1,1.1761000156402588,5,True,1.0,akin,semunrelated,-0.5,akin
1304,787.1024338131448,11,9,1.2553000450134277,5,True,1.0,bonk,semunrelated,-0.5,bonk
1353,759.6903485203002,8,4,1.9955999851226807,6,True,1.0,wham,semunrelated,-0.5,wham
1433,856.4798227132858,7,3,3.9416000843048096,8,True,1.0,glad,semunrelated,-0.5,glad
1492,874.9364736786149,8,10,4.0391998291015625,9,True,1.0,hate,semunrelated,-0.5,hate
1323,887.160856460861,9,6,1.4471999406814575,8,True,1.0,dolt,semunrelated,-0.5,dolt
1325,703.6949368368918,5,0,1.9138000011444092,5,True,1.0,redo,semunrelated,-0.5,redo
1439,703.3057698478632,5,7,1.5051000118255615,8,True,1.0,zeal,semunrelated,-0.5,zeal
1444,772.8546707773687,8,3,1.770900011062622,8,True,1.0,glee,semunrelated,-0.5,glee
1358,681.2641676914367,11,10,4.145400047302246,7,True,1.0,lost,semunrelated,-0.5,lost
1368,825.457771354917,10,10,4.627200126647949,5,True,1.0,find,semunrelated,-0.5,find
1464,889.9477898271092,9,11,5.497300148010254,6,True,1.0,have,semunrelated,-0.5,have
1501,806.2677948681355,9,9,4.947299957275391,5,True,1.0,been,semunrelated,-0.5,been
1373,699.6836968156417,6,2,2.460900068283081,5,True,1.0,cozy,semunrelated,-0.5,cozy
1391,792.5267282928114,7,4,1.8691999912261963,5,True,1.0,snug,semunrelated,-0.5,snug
1401,829.6805605507388,10,12,4.39300012588501,11,True,1.0,mind,semunrelated,-0.5,mind
1511,889.5343624330038,8,4,3.5940001010894775,7,True,1.0,soul,semunrelated,-0.5,soul
1385,834.2350803650133,8,6,4.671899795532227,8,True,1.0,help,semunrelated,-0.5,help
1438,786.0024711559965,13,20,4.393599987030029,7,True,1.0,care,semunrelated,-0.5,care
1498,622.0719883007717,4,0,2.5315001010894775,9,True,1.0,urge,semunrelated,-0.5,urge
1539,710.8199051412932,8,5,2.079200029373169,6,True,1.0,whim,semunrelated,-0.5,whim
1420,845.4991725283787,8,6,2.8685998916625977,5,True,1.0,foul,semunrelated,-0.5,foul
1515,730.5216974311475,6,8,2.2899999618530273,6,True,1.0,yuck,semunrelated,-0.5,yuck
1531,663.012094125382,4,3,1.4149999618530273,5,True,1.0,avid,semunrelated,-0.5,avid
1548,808.205496103946,7,5,2.359800100326538,5,True,1.0,keen,semunrelated,-0.5,keen
1458,871.3341571684429,7,5,1.8976000547409058,8,True,1.0,ploy,semunrelated,-0.5,ploy
1554,838.4556615524223,10,8,1.934499979019165,4,True,1.0,ruse,semunrelated,-0.5,ruse
261,142.0633969026491,1,5,2.9565999507904053,13,True,1.0,jean,semrelated,0.5,jean
1,189.2521773981891,3,9,1.6990000009536743,9,True,1.0,pant,semrelated,0.5,pant
335,114.29320995151411,2,12,2.4547998905181885,10,True,1.0,dove,semrelated,0.5,dove
155,71.07652317090464,1,5,2.3578999042510986,7,True,1.0,crow,semrelated,0.5,crow
442,97.67696971674607,1,4,1.8387999534606934,10,True,1.0,newt,semrelated,0.5,newt
12,68.83264575647827,1,2,2.7809998989105225,14,True,1.0,frog,semrelated,0.5,frog
972,89.1931934330304,1,7,3.1064999103546143,13,True,1.0,duke,semrelated,0.5,duke
135,161.24087282017248,2,1,3.0183000564575195,10,True,1.0,earl,semrelated,0.5,earl
992,52.220655169007856,0,12,3.6324000358581543,11,True,1.0,test,semrelated,0.5,test
214,33.594488382076165,0,0,2.835700035095215,8,True,1.0,exam,semrelated,0.5,exam
514,706.5188613071407,7,1,3.365299940109253,11,True,1.0,bird,semrelated,0.5,bird
157,367.50556914604715,3,8,1.5563000440597534,12,True,1.0,fowl,semrelated,0.5,fowl
603,393.8006012917288,3,14,3.1017000675201416,15,True,1.0,duck,semrelated,0.5,duck
542,355.5716652344652,3,8,2.542799949645996,15,True,1.0,swan,semrelated,0.5,swan
781,166.98440221927737,2,11,2.4547998905181885,11,True,1.0,vest,semrelated,0.5,vest
2,153.12291911935603,2,5,2.637500047683716,10,True,1.0,robe,semrelated,0.5,robe
938,134.0105932998552,2,12,3.6280999183654785,16,True,1.0,lead,semrelated,0.5,lead
146,114.21926260262137,1,1,1.6434999704360962,11,True,1.0,zinc,semrelated,0.5,zinc
755,73.77688161241265,1,5,2.5051000118255615,10,True,1.0,puke,semrelated,0.5,puke
369,80.44087502631848,1,4,2.004300117492676,10,True,1.0,barf,semrelated,0.5,barf
1080,69.08750900238881,0,6,3.00600004196167,9,True,1.0,loan,semrelated,0.5,loan
246,49.250741101727456,0,1,2.8608999252319336,9,True,1.0,debt,semrelated,0.5,debt
905,139.46535020813667,2,5,2.176100015640259,13,True,1.0,puss,semrelated,0.5,puss
441,221.1282093537173,2,11,2.5262999534606934,10,True,1.0,mice,semrelated,0.5,mice
616,96.87138891476495,2,1,0.9031000137329102,9,True,1.0,puma,semrelated,0.5,puma
422,90.08769166035772,1,1,2.8942999839782715,16,True,1.0,lion,semrelated,0.5,lion
963,86.8559284097918,1,3,1.2303999662399292,9,True,1.0,maul,semrelated,0.5,maul
721,52.314746277939925,1,4,1.5563000440597534,11,True,1.0,axes,semrelated,0.5,axes
723,74.75207347518298,0,11,3.2360000610351562,11,True,1.0,buck,semrelated,0.5,buck
439,81.01978394039145,1,7,1.9138000011444092,8,True,1.0,stag,semrelated,0.5,stag
711,62.40328545868895,0,1,3.13700008392334,10,True,1.0,lily,semrelated,0.5,lily
566,79.12793853293388,0,12,3.4321999549865723,11,True,1.0,rose,semrelated,0.5,rose
599,109.77751112224425,1,6,3.039400100708008,9,True,1.0,bowl,semrelated,0.5,bowl
573,65.85261928292142,0,6,2.767199993133545,16,True,1.0,dish,semrelated,0.5,dish
1152,169.40425397060685,2,7,3.6986000537872314,13,True,1.0,pain,semrelated,0.5,pain
1117,194.18835809406053,2,3,4.0991997718811035,9,True,1.0,hurt,semrelated,0.5,hurt
680,298.26128014086873,3,18,2.1731998920440674,13,True,1.0,mare,semrelated,0.5,mare
576,226.7276531641049,2,5,2.617000102996826,11,True,1.0,pony,semrelated,0.5,pony
1239,54.5224245944205,1,4,1.9084999561309814,10,True,1.0,kilo,semrelated,0.5,kilo
8,88.31886643952991,1,6,2.1238999366760254,7,True,1.0,gram,semrelated,0.5,gram
684,109.81242866743196,2,12,2.936500072479248,8,True,1.0,sink,semrelated,0.5,sink
620,73.91938787832524,0,6,3.200900077819824,10,True,1.0,bath,semrelated,0.5,bath
1261,351.7712404247156,3,15,1.5681999921798706,9,True,1.0,coot,semrelated,0.5,coot
946,240.69922303967286,2,11,1.7559000253677368,13,True,1.0,gull,semrelated,0.5,gull
909,106.28164403788264,2,10,2.684799909591675,12,True,1.0,cent,semrelated,0.5,cent
623,115.1964614871512,1,10,2.789599895477295,14,True,1.0,dime,semrelated,0.5,dime
709,48.53731859567214,0,9,3.618000030517578,13,True,1.0,star,semrelated,0.5,star
118,70.05753351535776,1,0,2.433000087738037,7,True,1.0,nova,semrelated,0.5,nova
1466,45.121905667687095,1,3,2.547800064086914,6,True,1.0,myth,semrelated,0.5,myth
1437,76.57430064003178,0,16,1.544100046157837,9,True,1.0,lore,semrelated,0.5,lore
1255,122.63226505411319,2,14,4.124899864196777,11,True,1.0,deal,semrelated,0.5,deal
270,111.3201773137617,2,7,2.285599946975708,10,True,1.0,pact,semrelated,0.5,pact
610,162.87894917074672,2,6,2.2095000743865967,9,True,1.0,wool,semrelated,0.5,wool
41,139.57593211653142,2,7,2.6989998817443848,12,True,1.0,silk,semrelated,0.5,silk
1311,124.88022047682519,2,2,2.29229998588562,8,True,1.0,fury,semrelated,0.5,fury
1251,146.96097936880247,2,10,2.761899948120117,8,True,1.0,rage,semrelated,0.5,rage
585,100.04834664331302,1,2,2.6117000579833984,12,True,1.0,tuna,semrelated,0.5,tuna
510,83.71320863912538,1,3,3.629300117492676,14,True,1.0,fish,semrelated,0.5,fish
1150,83.96909903780427,2,3,1.462399959564209,7,True,1.0,bawl,semrelated,0.5,bawl
910,85.70187486988436,2,4,1.857300043106079,8,True,1.0,wept,semrelated,0.5,wept
1003,30.49075997840621,0,1,1.3009999990463257,9,True,1.0,tsar,semrelated,0.5,tsar
937,66.5182878892044,0,8,3.8190999031066895,7,True,1.0,king,semrelated,0.5,king
241,152.9028584807428,2,12,1.954200029373169,11,True,1.0,sage,semrelated,0.5,sage
22,117.01611527634861,2,5,2.4065001010894775,12,True,1.0,herb,semrelated,0.5,herb
692,276.79737110336765,2,7,4.154200077056885,11,True,1.0,hand,semrelated,0.5,hand
26,207.28578520532764,2,5,2.3784000873565674,10,True,1.0,limb,semrelated,0.5,limb
1034,139.1425800625872,2,2,1.8260999917984009,10,True,1.0,sewn,semrelated,0.5,sewn
30,124.56509398597753,1,2,1.9911999702453613,11,True,1.0,knit,semrelated,0.5,knit
1222,138.33868731829563,2,13,2.7874999046325684,11,True,1.0,tale,semrelated,0.5,tale
57,110.11678150704964,1,7,2.7723000049591064,11,True,1.0,plot,semrelated,0.5,plot
138,213.73229532636827,2,7,3.4986000061035156,7,True,1.0,crap,semrelated,0.5,crap
61,189.47628799745112,3,7,1.9589999914169312,6,True,1.0,dung,semrelated,0.5,dung
595,864.9743109964875,12,16,2.29229998588562,8,True,1.0,hare,semrelated,0.5,hare
62,488.034280398664,4,0,0.3009999990463257,8,True,1.0,lynx,semrelated,0.5,lynx
821,82.42895112675276,0,10,3.4428999423980713,11,True,1.0,cell,semrelated,0.5,cell
275,47.4087212043954,0,0,0.9031000137329102,13,True,1.0,ovum,semrelated,0.5,ovum
1287,752.6799123972997,8,9,2.851300001144409,8,True,1.0,darn,semrelated,0.5,darn
92,102.93747147948245,1,11,2.609600067138672,10,True,1.0,tuck,semrelated,0.5,tuck
815,59.02416993995232,1,1,1.0,14,True,1.0,inks,semrelated,0.5,inks
240,92.63179112570181,1,4,2.478600025177002,11,True,1.0,glue,semrelated,0.5,glue
587,99.77461543635734,1,5,2.2304000854492188,8,True,1.0,flea,semrelated,0.5,flea
141,119.43124440735865,2,10,2.5694000720977783,10,True,1.0,tick,semrelated,0.5,tick
836,161.80698536300065,2,3,2.4149999618530273,9,True,1.0,jade,semrelated,0.5,jade
213,97.90351639248922,1,0,1.2553000450134277,11,True,1.0,onyx,semrelated,0.5,onyx
549,85.89359619310501,1,12,3.282399892807007,13,True,1.0,hill,semrelated,0.5,hill
142,73.63124671372444,1,1,2.56469988822937,12,True,1.0,glen,semrelated,0.5,glen
196,54.43969196015159,1,0,2.784600019454956,9,True,1.0,jazz,semrelated,0.5,jazz
170,89.71841794601218,1,9,2.2095000743865967,9,True,1.0,funk,semrelated,0.5,funk
511,579.04133778818,4,4,3.5206000804901123,15,True,1.0,tree,semrelated,0.5,tree
178,879.1842442579551,9,10,2.8578999042510986,10,True,1.0,bush,semrelated,0.5,bush
602,88.36270704918788,2,3,3.1175999641418457,5,True,1.0,dirt,semrelated,0.5,dirt
294,47.64124858744289,0,6,2.599900007247925,11,True,1.0,soil,semrelated,0.5,soil
608,411.1368322508486,4,11,2.648400068283081,10,True,1.0,deer,semrelated,0.5,deer
186,861.5607444410473,7,3,2.734800100326538,12,True,1.0,lamb,semrelated,0.5,lamb
1291,88.20208980900688,1,8,2.0085999965667725,4,True,1.0,span,semrelated,0.5,span
384,27.48478186956091,0,1,2.8006999492645264,7,True,1.0,inch,semrelated,0.5,inch
524,79.49804345328735,1,0,2.2147998809814453,9,True,1.0,fern,semrelated,0.5,fern
191,93.94039299739467,2,7,2.164400100708008,8,True,1.0,moss,semrelated,0.5,moss
488,56.22132770865951,1,1,1.7482000589370728,9,True,1.0,smog,semrelated,0.5,smog
266,84.67356527864757,1,7,1.8920999765396118,9,True,1.0,haze,semrelated,0.5,haze
470,741.8533744141866,6,1,1.3009999990463257,6,True,1.0,wren,semrelated,0.5,wren
230,335.9526539326706,3,8,1.924299955368042,10,True,1.0,lark,semrelated,0.5,lark
1242,38.522584054427064,1,2,2.330399990081787,11,True,1.0,itch,semrelated,0.5,itch
405,72.25170839142314,1,2,1.6720999479293823,11,True,1.0,acne,semrelated,0.5,acne
271,43.70470302111127,0,3,2.6963999271392822,6,True,1.0,bait,semrelated,0.5,bait
233,75.4329060309121,0,7,2.3385000228881836,7,True,1.0,lure,semrelated,0.5,lure
654,109.43154694730534,1,8,4.350599765777588,15,True,1.0,room,semrelated,0.5,room
314,128.266502306785,2,3,2.749000072479248,11,True,1.0,shed,semrelated,0.5,shed
559,246.226770944708,3,8,1.2041000127792358,9,True,1.0,leek,semrelated,0.5,leek
251,271.09109139840916,2,6,1.462399959564209,11,True,1.0,kale,semrelated,0.5,kale
597,91.83982836149565,1,8,3.7028000354766846,10,True,1.0,ship,semrelated,0.5,ship
548,79.10759985241737,0,9,3.688999891281128,14,True,1.0,boat,semrelated,0.5,boat
880,79.88917112552893,1,5,1.6901999711990356,9,True,1.0,silo,semrelated,0.5,silo
285,106.04328182086533,2,10,2.841399908065796,8,True,1.0,barn,semrelated,0.5,barn
1474,80.30034493325621,1,5,1.7243000268936157,8,True,1.0,glum,semrelated,0.5,glum
25,121.37921775266327,2,10,1.544100046157837,8,True,1.0,mope,semrelated,0.5,mope
696,112.87592643207924,1,5,2.436199903488159,13,True,1.0,bees,semrelated,0.5,bees
319,129.72648449418529,2,5,1.8691999912261963,8,True,1.0,wasp,semrelated,0.5,wasp
626,259.15233495854307,3,5,2.243000030517578,12,True,1.0,plum,semrelated,0.5,plum
505,84.20602860978876,1,0,1.6128000020980835,11,True,1.0,kiwi,semrelated,0.5,kiwi
621,144.18696193608193,2,12,3.14739990234375,8,True,1.0,bull,semrelated,0.5,bull
454,83.53276159834158,1,3,1.3617000579833984,10,True,1.0,oxen,semrelated,0.5,oxen
736,150.42245882694354,2,9,1.2553000450134277,10,True,1.0,slaw,semrelated,0.5,slaw
545,81.65715656894527,2,0,2.2227001190185547,14,True,1.0,mayo,semrelated,0.5,mayo
763,75.23485454229221,1,1,2.037400007247925,7,True,1.0,deli,semrelated,0.5,deli
544,74.53446693990904,0,9,2.413300037384033,10,True,1.0,cafe,semrelated,0.5,cafe
1483,143.69424472514336,2,1,2.7458999156951904,6,True,1.0,oops,semrelated,0.5,oops
114,101.40984020672798,1,1,3.904400110244751,8,True,1.0,whoa,semrelated,0.5,whoa
592,99.97021379756569,2,13,3.2641000747680664,9,True,1.0,lake,semrelated,0.5,lake
578,116.69890365405418,2,3,2.510499954223633,9,True,1.0,pond,semrelated,0.5,pond
877,789.6384417334884,7,3,2.2528998851776123,11,True,1.0,thug,semrelated,0.5,thug
174,720.4438742397821,5,2,2.5211000442504883,13,True,1.0,riot,semrelated,0.5,riot
1338,259.9997829394724,3,15,3.514899969100952,11,True,1.0,sake,semrelated,0.5,sake
590,279.116959958366,3,11,3.585599899291992,12,True,1.0,beer,semrelated,0.5,beer
798,125.47233962737623,1,2,3.36299991607666,12,True,1.0,drug,semrelated,0.5,drug
695,242.1178274997353,2,12,2.7809998989105225,15,True,1.0,pill,semrelated,0.5,pill
676,169.49494573245812,2,11,4.277599811553955,9,True,1.0,head,semrelated,0.5,head
596,184.08591456445015,2,10,4.168700218200684,9,True,1.0,face,semrelated,0.5,face
1347,60.85087078047387,1,5,2.0492000579833984,7,True,1.0,snob,semrelated,0.5,snob
144,158.60095075397976,2,6,1.8194999694824219,6,True,1.0,posh,semrelated,0.5,posh
830,400.5504706871769,3,10,1.0,9,True,1.0,welt,semrelated,0.5,welt
744,307.6320745581832,3,11,2.613800048828125,12,True,1.0,rash,semrelated,0.5,rash
1188,56.901063072468084,1,6,4.115499973297119,9,True,1.0,four,semrelated,0.5,four
958,78.08611893078964,2,9,3.536799907684326,8,True,1.0,nine,semrelated,0.5,nine
805,35.2920533101764,0,9,1.1761000156402588,6,True,1.0,rind,semrelated,0.5,rind
751,35.821349023720835,0,8,2.4377999305725098,6,True,1.0,peel,semrelated,0.5,peel
1456,73.04034056760942,1,4,1.531499981880188,6,True,1.0,dupe,semrelated,0.5,dupe
1367,53.59138370971804,2,10,2.4969000816345215,6,True,1.0,scam,semrelated,0.5,scam
843,113.85939415610025,2,13,1.2303999662399292,7,True,1.0,teat,semrelated,0.5,teat
838,71.51273184626503,0,6,2.1875,10,True,1.0,boob,semrelated,0.5,boob
698,125.06907547057544,1,7,3.0220000743865967,9,True,1.0,chip,semrelated,0.5,chip
71,125.03231245885281,1,4,1.6812000274658203,10,True,1.0,spud,semrelated,0.5,spud
903,161.7280363108357,2,13,2.510499954223633,9,True,1.0,bake,semrelated,0.5,bake
23,202.57219309763417,2,18,1.079200029373169,8,True,1.0,sear,semrelated,0.5,sear
1108,15.517102331066301,0,2,1.544100046157837,8,True,1.0,typo,semrelated,0.5,typo
152,48.299589308000634,0,8,2.0569000244140625,4,True,1.0,goof,semrelated,0.5,goof
931,105.51412865657451,1,6,3.4498000144958496,7,True,1.0,burn,semrelated,0.5,burn
40,72.78109988812642,0,12,1.5563000440597534,11,True,1.0,gash,semrelated,0.5,gash
557,220.857156917169,3,13,1.8387999534606934,10,True,1.0,pear,semrelated,0.5,pear
49,215.64148910129234,2,13,2.2279000282287598,11,True,1.0,lime,semrelated,0.5,lime
1461,221.6659779774472,2,12,2.9684998989105225,8,True,1.0,role,semrelated,0.5,role
46,146.3250492413016,2,1,3.4149999618530273,6,True,1.0,duty,semrelated,0.5,duty
375,74.44569702900993,1,6,2.4518001079559326,8,True,1.0,grid,semrelated,0.5,grid
305,63.71718946410929,1,2,3.380199909210205,7,True,1.0,plus,semrelated,0.5,plus
364,63.453833768037704,0,4,0.7781999707221985,10,True,1.0,rasp,semrelated,0.5,rasp
47,134.4213754360194,2,13,1.579800009727478,5,True,1.0,hone,semrelated,0.5,hone
1105,64.90930424580218,1,1,1.8976000547409058,8,True,1.0,diva,semrelated,0.5,diva
195,46.674536660916395,1,2,1.8451000452041626,8,True,1.0,alto,semrelated,0.5,alto
609,551.4336275964871,5,7,2.577500104904175,6,True,1.0,heel,semrelated,0.5,heel
159,757.8828775353935,12,16,2.7551000118255615,10,True,1.0,boot,semrelated,0.5,boot
475,226.37966601561274,2,1,2.5933001041412354,12,True,1.0,auto,semrelated,0.5,auto
162,237.7840872239563,2,0,3.1201999187469482,12,True,1.0,taxi,semrelated,0.5,taxi
163,56.66555514458001,2,4,3.490499973297119,5,True,1.0,type,semrelated,0.5,type
161,60.99635428460279,0,4,1.6901999711990356,9,True,1.0,font,semrelated,0.5,font
534,227.2908321989907,3,8,2.81820011138916,11,True,1.0,lamp,semrelated,0.5,lamp
203,236.6416826760429,2,2,2.3032000064849854,13,True,1.0,bulb,semrelated,0.5,bulb
277,193.84926985324233,2,7,2.1303000450134277,11,True,1.0,harp,semrelated,0.5,harp
185,162.317449852104,2,0,1.2788000106811523,12,True,1.0,oboe,semrelated,0.5,oboe
1093,126.30376201004476,2,13,1.8451000452041626,10,True,1.0,fest,semrelated,0.5,fest
342,111.32929593255093,1,0,1.9031000137329102,8,True,1.0,luau,semrelated,0.5,luau
273,150.2560749070201,2,3,0.9031000137329102,6,True,1.0,yelp,semrelated,0.5,yelp
202,185.93689139799332,2,4,1.986799955368042,9,True,1.0,moan,semrelated,0.5,moan
480,105.25524784685672,1,3,2.9537999629974365,7,True,1.0,clue,semrelated,0.5,clue
346,108.58523872237988,1,6,2.672100067138672,9,True,1.0,hint,semrelated,0.5,hint
581,127.0855732969851,2,10,3.5511999130249023,11,True,1.0,nose,semrelated,0.5,nose
210,98.44120872773779,2,7,2.037400007247925,11,True,1.0,snot,semrelated,0.5,snot
671,135.47662299972487,2,0,2.783900022506714,11,True,1.0,ruby,semrelated,0.5,ruby
221,189.65841438092679,2,2,1.7243000268936157,9,True,1.0,opal,semrelated,0.5,opal
677,52.48601784228326,0,5,3.7565999031066895,11,True,1.0,road,semrelated,0.5,road
234,73.69598379083558,1,3,3.0980000495910645,6,True,1.0,path,semrelated,0.5,path
961,164.0005530162801,2,0,1.924299955368042,10,True,1.0,hymn,semrelated,0.5,hymn
244,285.88321720698616,3,5,2.9014999866485596,12,True,1.0,tune,semrelated,0.5,tune
683,137.7144618017938,2,6,3.0025999546051025,13,True,1.0,beef,semrelated,0.5,beef
282,168.37037633355686,2,9,2.730799913406372,10,True,1.0,pork,semrelated,0.5,pork
990,302.35775408976434,4,13,4.1585001945495605,10,True,1.0,case,semrelated,0.5,case
440,210.13982492999463,3,4,2.613800048828125,11,True,1.0,tray,semrelated,0.5,tray
1543,177.33418757704328,2,8,5.124199867248535,12,True,1.0,good,semrelated,0.5,good
297,199.58261187091412,3,10,2.3559999465942383,6,True,1.0,vile,semrelated,0.5,vile
860,845.9763205184524,10,12,5.0106000900268555,8,True,1.0,back,semrelated,0.5,back
507,769.6288828585432,8,8,1.8260999917984009,9,True,1.0,tush,semrelated,0.5,tush
651,239.79717662214762,2,7,2.7202000617980957,9,True,1.0,jeep,semrelated,0.5,jeep
299,246.43500241805592,2,0,1.9031000137329102,7,True,1.0,quad,semrelated,0.5,quad
561,819.6843226432493,11,11,2.661799907684326,8,True,1.0,sock,semrelated,0.5,sock
367,210.46540044231398,2,3,1.6232000589370728,8,True,1.0,clog,semrelated,0.5,clog
657,231.81765220056315,3,16,3.4883999824523926,7,True,1.0,wine,semrelated,0.5,wine
301,147.28730431227908,2,10,1.7323999404907227,10,True,1.0,mead,semrelated,0.5,mead
936,113.06771983313183,2,2,1.968500018119812,10,True,1.0,trot,semrelated,0.5,trot
499,105.63323289608627,1,5,1.8691999912261963,8,True,1.0,spur,semrelated,0.5,spur
1068,49.109582629422285,0,3,3.717900037765503,7,True,1.0,blue,semrelated,0.5,blue
362,38.31415389321784,0,1,1.0,5,True,1.0,cyan,semrelated,0.5,cyan
513,72.6057492459326,1,2,3.4321999549865723,10,True,1.0,dogs,semrelated,0.5,dogs
365,114.78274211594662,2,5,2.307499885559082,8,True,1.0,mutt,semrelated,0.5,mutt
841,107.80907833823498,1,6,1.7482000589370728,12,True,1.0,tote,semrelated,0.5,tote
368,117.0960699039908,2,11,2.819499969482422,9,True,1.0,sack,semrelated,0.5,sack
1156,154.03799501948282,2,13,3.246299982070923,10,True,1.0,rent,semrelated,0.5,rent
717,108.51133603026858,1,13,3.7811999320983887,13,True,1.0,bill,semrelated,0.5,bill
1124,110.644427685542,2,13,3.4993999004364014,12,True,1.0,race,semrelated,0.5,race
376,146.72208924565498,2,5,2.989000082015991,7,True,1.0,bout,semrelated,0.5,bout
827,111.45594557383276,2,6,2.517199993133545,7,True,1.0,stew,semrelated,0.5,stew
814,101.246260246031,1,0,1.2303999662399292,8,True,1.0,gyro,semrelated,0.5,gyro
495,94.69239720047807,1,10,2.3710999488830566,9,True,1.0,pike,semrelated,0.5,pike
388,127.49710959626482,2,7,1.6021000146865845,6,True,1.0,carp,semrelated,0.5,carp
750,104.84912514749048,2,3,2.5250000953674316,7,True,1.0,gown,semrelated,0.5,gown
528,115.31112876122987,2,5,3.544100046157837,11,True,1.0,suit,semrelated,0.5,suit
774,237.40005933887397,2,4,2.396199941635132,11,True,1.0,fuse,semrelated,0.5,fuse
419,166.31291182745613,2,3,2.7258999347686768,13,True,1.0,plug,semrelated,0.5,plug
655,271.49566823956934,3,3,3.998800039291382,10,True,1.0,body,semrelated,0.5,body
529,531.016471369047,4,2,3.4844000339508057,9,True,1.0,arms,semrelated,0.5,arms
883,135.66063395864074,1,1,1.7633999586105347,12,True,1.0,pita,semrelated,0.5,pita
458,163.40417058136615,2,3,2.359800100326538,8,True,1.0,loaf,semrelated,0.5,loaf
866,82.96244719903734,1,13,2.7881999015808105,9,True,1.0,hail,semrelated,0.5,hail
619,49.23112674588102,0,6,3.2040998935699463,11,True,1.0,snow,semrelated,0.5,snow
658,153.48382344129217,1,7,3.351599931716919,14,True,1.0,skin,semrelated,0.5,skin
493,220.21826874490839,3,17,1.3978999853134155,10,True,1.0,pore,semrelated,0.5,pore
916,89.63081890987078,1,5,3.4495999813079834,11,True,1.0,aunt,semrelated,0.5,aunt
872,82.97486885529511,1,0,3.7235000133514404,10,True,1.0,mama,semrelated,0.5,mama
1015,207.82107802227975,2,5,3.2790000438690186,4,True,1.0,pair,semrelated,0.5,pair
532,138.9727180868835,2,3,3.1905999183654785,12,True,1.0,shoe,semrelated,0.5,shoe
1469,186.71865011638562,2,1,1.5184999704360962,9,True,1.0,idly,semrelated,0.5,idly
613,196.30972426010732,2,0,2.139899969100952,10,True,1.0,tofu,semrelated,0.5,tofu
661,746.4135357048602,7,2,3.014899969100952,8,True,1.0,wolf,semrelated,0.5,wolf
591,836.0480831221597,13,19,3.4667000770568848,8,True,1.0,bear,semrelated,0.5,bear
1475,28.840921207603145,0,8,2.4941999912261963,8,True,1.0,vast,semrelated,0.5,vast
1137,53.63935703693312,0,0,3.3922998905181885,3,True,1.0,huge,semrelated,0.5,huge
804,149.10024932067284,4,3,1.8324999809265137,9,True,1.0,bran,semrelated,0.5,bran
605,229.2795696191766,2,12,2.8864998817443848,7,True,1.0,rice,semrelated,0.5,rice
976,777.0002017124899,7,3,2.1522998809814453,8,True,1.0,turd,semrelated,0.5,turd
634,239.5845529378039,3,10,2.456399917602539,6,True,1.0,poop,semrelated,0.5,poop
1275,851.4211883759599,9,7,3.7862000465393066,8,True,1.0,felt,semrelated,0.5,felt
624,661.1402951083711,7,11,2.2788000106811523,11,True,1.0,lace,semrelated,0.5,lace
730,127.57495224366917,2,3,4.101900100708008,11,True,1.0,town,semrelated,0.5,town
656,111.7287791988294,1,2,3.935800075531006,10,True,1.0,city,semrelated,0.5,city
977,91.47457001247379,1,3,2.086400032043457,12,True,1.0,nuke,semrelated,0.5,nuke
629,79.72788425039995,1,4,3.437299966812134,8,True,1.0,bomb,semrelated,0.5,bomb
775,119.25500785147915,2,4,3.7820000648498535,7,True,1.0,step,semrelated,0.5,step
670,65.56261681742964,0,6,3.083899974822998,15,True,1.0,deck,semrelated,0.5,deck
714,226.05036260144,2,4,2.06820011138916,12,True,1.0,moth,semrelated,0.5,moth
636,476.42236644846344,4,2,1.3617000579833984,6,True,1.0,gnat,semrelated,0.5,gnat
1025,77.75609794998374,0,14,2.9474000930786133,10,True,1.0,bail,semrelated,0.5,bail
731,71.18882861333134,1,3,3.338900089263916,10,True,1.0,jury,semrelated,0.5,jury
758,50.020876815454656,0,13,1.3802000284194946,7,True,1.0,sill,semrelated,0.5,sill
642,95.93377407521402,1,3,4.173099994659424,11,True,1.0,door,semrelated,0.5,door
956,126.70321167579368,1,7,1.9394999742507935,11,True,1.0,flan,semrelated,0.5,flan
646,156.20767608917956,3,17,3.3615000247955322,8,True,1.0,cake,semrelated,0.5,cake
832,762.213411544172,11,13,2.6149001121520996,8,True,1.0,mole,semrelated,0.5,mole
673,857.1604101488692,8,4,2.4914000034332275,11,True,1.0,bats,semrelated,0.5,bats
1216,141.39877188789964,2,5,4.257199764251709,8,True,1.0,play,semrelated,0.5,play
981,86.53399355636864,1,7,4.396299839019775,11,True,1.0,show,semrelated,0.5,show
1176,224.04735283443816,2,8,3.863600015640259,14,True,1.0,safe,semrelated,0.5,safe
729,249.6595106666773,3,12,3.4602999687194824,9,True,1.0,lock,semrelated,0.5,lock
1564,19.141954904271415,1,3,2.7987000942230225,4,True,1.0,thus,semrelated,0.5,thus
19,13.569042368443181,0,1,4.02239990234375,3,True,1.0,also,semrelated,0.5,also
1258,65.67795992153235,1,4,2.2600998878479004,5,True,1.0,zoom,semrelated,0.5,zoom
735,39.25545896535145,0,3,2.3784000873565674,9,True,1.0,lens,semrelated,0.5,lens
728,180.5682648355367,3,11,3.756500005722046,10,True,1.0,mike,semrelated,0.5,mike
9,140.70031082176098,2,1,0.8450999855995178,9,True,1.0,clef,semrelated,0.5,clef
1286,209.5608514561824,2,14,2.914299964904785,6,True,1.0,dope,semrelated,0.5,dope
740,429.5770680214761,3,4,2.0827999114990234,13,True,1.0,meth,semrelated,0.5,meth
1184,168.17600288089352,2,5,2.7604000568389893,6,True,1.0,halt,semrelated,0.5,halt
1088,88.3619146404366,1,5,4.557199954986572,9,True,1.0,stop,semrelated,0.5,stop
1230,217.62501271879395,2,5,3.266700029373169,8,True,1.0,pray,semrelated,0.5,pray
778,137.93996193223188,2,2,2.3578999042510986,12,True,1.0,yoga,semrelated,0.5,yoga
1330,107.73434572397915,2,1,3.6129000186920166,9,True,1.0,rich,semrelated,0.5,rich
1236,133.2676058059936,2,4,2.7339999675750732,9,True,1.0,fund,semrelated,0.5,fund
1134,166.0156647143253,2,9,3.4249000549316406,4,True,1.0,warm,semrelated,0.5,warm
1031,143.36200296110707,2,11,3.8220999240875244,7,True,1.0,cold,semrelated,0.5,cold
638,111.45456627516126,2,0,1.2041000127792358,11,True,1.0,aloe,semrelated,0.5,aloe
4,181.20354076918133,2,10,2.444000005722046,8,True,1.0,mint,semrelated,0.5,mint
1428,99.13931851585673,2,5,5.5167999267578125,4,True,1.0,your,semrelated,0.5,your
1372,98.54496950495091,2,4,2.9047000408172607,7,True,1.0,hers,semrelated,0.5,hers
1525,104.26679447474582,2,6,1.7559000253677368,7,True,1.0,tact,semrelated,0.5,tact
24,52.73017919135138,1,1,3.22189998626709,8,True,1.0,ally,semrelated,0.5,ally
1536,98.17348933362673,1,8,4.819799900054932,11,True,1.0,need,semrelated,0.5,need
1496,170.17469202321269,2,10,5.148399829864502,6,True,1.0,want,semrelated,0.5,want
1039,103.01131155140824,2,4,3.8020999431610107,11,True,1.0,boss,semrelated,0.5,boss
7,165.57588580953274,2,3,3.8712000846862793,6,True,1.0,plan,semrelated,0.5,plan
1403,273.92655079754496,3,9,3.447499990463257,8,True,1.0,cost,semrelated,0.5,cost
5,212.68116107955288,4,15,3.112600088119507,10,True,1.0,sale,semrelated,0.5,sale
356,103.24926423248723,2,1,0.7781999707221985,7,True,1.0,bios,semrelated,0.5,bios
50,67.71029114978987,1,3,2.450200080871582,9,True,1.0,prey,semrelated,0.5,prey
1505,115.8497159165421,2,4,2.426500082015991,5,True,1.0,vibe,semrelated,0.5,vibe
10,116.9285008462366,2,7,3.239799976348877,8,True,1.0,mood,semrelated,0.5,mood
741,107.74323262176783,2,4,2.060699939727783,9,True,1.0,stem,semrelated,0.5,stem
33,112.06486555053979,2,6,2.4249000549316406,8,True,1.0,leaf,semrelated,0.5,leaf
1350,42.64363385347489,0,4,1.9444999694824219,8,True,1.0,omen,semrelated,0.5,omen
13,109.1131521023625,2,8,1.3978999853134155,6,True,1.0,bode,semrelated,0.5,bode
1379,196.5401201515459,2,3,1.875100016593933,4,True,1.0,puny,semrelated,0.5,puny
67,177.1360647936806,2,6,3.2063000202178955,6,True,1.0,weak,semrelated,0.5,weak
1308,273.2862598106368,2,4,2.2040998935699463,13,True,1.0,wimp,semrelated,0.5,wimp
31,825.755225213522,11,10,2.5866000652313232,5,True,1.0,bold,semrelated,0.5,bold
783,84.4772129323835,1,2,2.1238999366760254,7,True,1.0,axel,semrelated,0.5,axel
79,128.64402667273694,1,5,2.873300075531006,7,True,1.0,spin,semrelated,0.5,spin
535,738.2820339553348,7,5,2.657099962234497,13,True,1.0,oven,semrelated,0.5,oven
39,847.1428848365031,10,9,1.9394999742507935,11,True,1.0,lard,semrelated,0.5,lard
966,142.15552169034828,2,12,2.816200017929077,6,True,1.0,dive,semrelated,0.5,dive
55,95.26227449060306,1,5,2.8626999855041504,5,True,1.0,flip,semrelated,0.5,flip
204,63.745926002582834,0,2,2.89490008354187,10,True,1.0,diet,semrelated,0.5,diet
43,42.73990217290245,1,1,1.6021000146865845,6,True,1.0,yogi,semrelated,0.5,yogi
119,74.68965575754571,1,1,1.3009999990463257,3,True,1.0,ogle,semrelated,0.5,ogle
73,51.94113899165363,1,1,1.2303999662399292,3,True,1.0,gawk,semrelated,0.5,gawk
354,702.2445489302304,7,2,1.6021000146865845,5,True,1.0,purr,semrelated,0.5,purr
65,242.62957718612952,3,13,2.1270999908447266,7,True,1.0,hoot,semrelated,0.5,hoot
173,514.554559983427,13,12,2.6675000190734863,5,True,1.0,reed,semrelated,0.5,reed
107,749.6932866410474,9,12,2.033400058746338,5,True,1.0,vine,semrelated,0.5,vine
648,188.74802176688772,2,8,1.8632999658584595,5,True,1.0,rump,semrelated,0.5,rump
82,146.61394698714486,3,11,2.045300006866455,6,True,1.0,hock,semrelated,0.5,hock
662,91.89097120462293,1,6,2.950900077819824,9,True,1.0,flag,semrelated,0.5,flag
109,141.96876185096627,2,12,2.846299886703491,8,True,1.0,sail,semrelated,0.5,sail
397,218.1168950989565,2,10,2.8101999759674072,7,True,1.0,pump,semrelated,0.5,pump
86,219.8546411901239,2,4,2.381999969482422,7,True,1.0,raft,semrelated,0.5,raft
734,208.33336771425812,2,6,2.4047999382019043,11,True,1.0,slug,semrelated,0.5,slug
113,310.590846399636,3,11,2.342400074005127,9,True,1.0,mold,semrelated,0.5,mold
1045,118.4811392065524,2,1,1.6990000009536743,7,True,1.0,oily,semrelated,0.5,oily
89,91.91889875369017,1,4,1.5563000440597534,12,True,1.0,lube,semrelated,0.5,lube
865,174.89529007865426,2,11,3.3664000034332275,10,True,1.0,cook,semrelated,0.5,cook
93,98.33847336695132,1,2,2.8101999759674072,10,True,1.0,eats,semrelated,0.5,eats
660,275.71157379086384,2,7,3.2597999572753906,10,True,1.0,roof,semrelated,0.5,roof
95,805.934614476624,7,8,0.7781999707221985,6,True,1.0,eave,semrelated,0.5,eave
1054,709.788738843233,7,7,3.876699924468994,8,True,1.0,team,semrelated,0.5,team
108,732.4780179100765,6,3,2.3578999042510986,9,True,1.0,cult,semrelated,0.5,cult
889,461.67959176555314,16,12,1.8632999658584595,8,True,1.0,loon,semrelated,0.5,loon
98,778.0241941041738,6,3,2.8136000633239746,9,True,1.0,hawk,semrelated,0.5,hawk
1390,131.96265920800778,2,5,1.9394999742507935,10,True,1.0,jive,semrelated,0.5,jive
120,81.42840903288293,1,0,1.7633999586105347,7,True,1.0,afro,semrelated,0.5,afro
1155,131.85786803295002,2,9,4.085100173950195,9,True,1.0,week,semrelated,0.5,week
101,106.91069916096244,2,3,2.983599901199341,9,True,1.0,june,semrelated,0.5,june
582,194.52089101589985,3,4,2.998300075531006,8,True,1.0,salt,semrelated,0.5,salt
128,94.90637856316613,2,3,0.9031000137329102,9,True,1.0,alum,semrelated,0.5,alum
284,148.95309221992918,2,4,1.2553000450134277,7,True,1.0,sown,semrelated,0.5,sown
102,122.42694032945136,2,6,2.1238999366760254,8,True,1.0,reap,semrelated,0.5,reap
675,196.27787576773457,2,6,1.1461000442504883,8,True,1.0,tusk,semrelated,0.5,tusk
137,184.98649663833038,2,6,1.9955999851226807,9,True,1.0,fang,semrelated,0.5,fang
1260,161.84097893671247,2,4,1.986799955368042,11,True,1.0,watt,semrelated,0.5,watt
111,160.42069743614942,2,1,1.1461000442504883,8,True,1.0,peso,semrelated,0.5,peso
978,105.15143936127711,2,2,1.4471999406814575,6,True,1.0,ooze,semrelated,0.5,ooze
117,94.7523551844885,3,4,0.8450999855995178,4,True,1.0,glob,semrelated,0.5,glob
1186,107.01398600620448,2,10,1.5681999921798706,3,True,1.0,gush,semrelated,0.5,gush
122,62.335482730267884,0,11,1.0,11,True,1.0,seep,semrelated,0.5,seep
604,863.342583652071,9,9,3.0141000747680664,6,True,1.0,wing,semrelated,0.5,wing
127,859.282633949542,9,9,2.76419997215271,7,True,1.0,cock,semrelated,0.5,cock
478,108.64500686369627,1,10,2.448699951171875,7,True,1.0,warp,semrelated,0.5,warp
123,147.80187592812095,3,15,2.566999912261963,5,True,1.0,bent,semrelated,0.5,bent
858,835.1261937556258,8,9,2.086400032043457,9,True,1.0,swab,semrelated,0.5,swab
151,545.6499184406523,12,9,2.9781999588012695,10,True,1.0,vice,semrelated,0.5,vice
256,808.9034790805979,10,8,2.5866000652313232,6,True,1.0,bass,semrelated,0.5,bass
131,813.0858492589156,11,10,2.429800033569336,6,True,1.0,sole,semrelated,0.5,sole
316,116.39491696921782,2,13,2.2809998989105225,10,True,1.0,lent,semrelated,0.5,lent
187,70.06299029356003,1,1,3.122499942779541,7,True,1.0,amen,semrelated,0.5,amen
383,103.82917770054857,2,5,2.2067999839782715,12,True,1.0,frat,semrelated,0.5,frat
136,189.14524824574482,3,5,2.56820011138916,9,True,1.0,dorm,semrelated,0.5,dorm
1013,144.36327109012012,2,3,2.240499973297119,7,True,1.0,sigh,semrelated,0.5,sigh
154,189.56735895083335,2,3,1.9493999481201172,5,True,1.0,gasp,semrelated,0.5,gasp
831,320.4330431490788,3,11,3.351599931716919,11,True,1.0,file,semrelated,0.5,file
148,478.61789549766536,4,1,3.116300106048584,10,True,1.0,data,semrelated,0.5,data
1301,57.03186709695583,1,3,5.320700168609619,6,True,1.0,they,semrelated,0.5,they
153,56.750381557032846,0,1,1.4471999406814575,9,True,1.0,noun,semrelated,0.5,noun
1431,91.05448999513673,1,2,4.263199806213379,7,True,1.0,many,semrelated,0.5,many
158,110.6134441498106,3,1,3.486999988555908,3,True,1.0,lots,semrelated,0.5,lots
791,918.0897612266768,10,12,2.170300006866455,10,True,1.0,puck,semrelated,0.5,puck
215,805.752527495988,9,8,2.8006999492645264,12,True,1.0,tire,semrelated,0.5,tire
322,735.1809199034303,9,5,2.8115999698638916,6,True,1.0,chin,semrelated,0.5,chin
167,215.84098481046857,2,6,1.1138999462127686,9,True,1.0,nape,semrelated,0.5,nape
1116,140.899859049029,2,11,1.9031000137329102,6,True,1.0,spat,semrelated,0.5,spat
181,99.87462224322073,2,6,2.06820011138916,10,True,1.0,tong,semrelated,0.5,tong
274,217.65994366485842,2,14,2.8469998836517334,10,True,1.0,dame,semrelated,0.5,dame
172,242.33388874828967,3,10,1.919100046157837,7,True,1.0,gent,semrelated,0.5,gent
1096,71.5855294891761,1,0,1.9444999694824219,6,True,1.0,orgy,semrelated,0.5,orgy
197,143.39616325608534,2,8,2.773099899291992,5,True,1.0,porn,semrelated,0.5,porn
1081,145.41383432920395,2,3,2.9576001167297363,12,True,1.0,prom,semrelated,0.5,prom
176,137.61066383986594,2,2,1.9589999914169312,10,True,1.0,gala,semrelated,0.5,gala
1435,62.164876781651934,0,11,3.2513999938964844,4,True,1.0,nope,semrelated,0.5,nope
192,35.94677659130372,0,3,3.0381999015808105,6,True,1.0,deny,semrelated,0.5,deny
434,310.65703525530705,3,11,1.6128000020980835,11,True,1.0,bile,semrelated,0.5,bile
177,629.8696049736184,6,0,3.0834999084472656,6,True,1.0,guts,semrelated,0.5,guts
1135,202.83420311138514,3,2,1.079200029373169,6,True,1.0,inky,semrelated,0.5,inky
206,292.9706493830391,3,15,1.7482000589370728,10,True,1.0,soot,semrelated,0.5,soot
298,88.14090997829459,1,2,2.859100103378296,9,True,1.0,self,semrelated,0.5,self
180,74.12020900757713,1,5,2.52239990234375,8,True,1.0,vain,semrelated,0.5,vain
519,76.77568963776842,1,1,2.8750998973846436,8,True,1.0,knee,semrelated,0.5,knee
193,83.16199151837188,1,3,1.857300043106079,11,True,1.0,gout,semrelated,0.5,gout
1290,31.189857797884464,0,1,2.0492000579833984,5,True,1.0,ante,semrelated,0.5,ante
190,46.91858618133104,0,6,1.1138999462127686,4,True,1.0,meld,semrelated,0.5,meld
811,70.64896179639916,1,0,2.1270999908447266,7,True,1.0,jaws,semrelated,0.5,jaws
201,750.3898097456799,10,8,1.7924000024795532,6,True,1.0,bony,semrelated,0.5,bony
607,44.51105008604888,0,11,2.7274999618530273,11,True,1.0,dice,semrelated,0.5,dice
200,89.84778555978586,1,3,1.0,3,True,1.0,boxy,semrelated,0.5,boxy
1423,25.273597230629285,0,1,2.2788000106811523,6,True,1.0,info,semrelated,0.5,info
247,54.63346175276676,1,9,2.158400058746338,7,True,1.0,stat,semrelated,0.5,stat
218,313.4007201547155,3,6,1.4914000034332275,10,True,1.0,balm,semrelated,0.5,balm
205,280.8472653966857,3,13,2.748199939727783,8,True,1.0,lick,semrelated,0.5,lick
1406,49.94185544332281,1,2,4.82919979095459,7,True,1.0,over,semrelated,0.5,over
254,88.75561883503262,1,0,3.5051000118255615,3,True,1.0,upon,semrelated,0.5,upon
1233,515.0619073852606,4,9,4.285699844360352,6,True,1.0,fuck,semrelated,0.5,fuck
209,530.079080621573,5,4,3.1835999488830566,5,True,1.0,gosh,semrelated,0.5,gosh
357,242.25017828682502,3,7,2.7874999046325684,7,True,1.0,clay,semrelated,0.5,clay
235,822.2982564922756,6,3,1.3009999990463257,8,True,1.0,kiln,semrelated,0.5,kiln
1332,54.37597174186252,0,2,2.1522998809814453,5,True,1.0,idle,semrelated,0.5,idle
227,53.062124656278286,1,1,2.8369998931884766,4,True,1.0,blah,semrelated,0.5,blah
1487,96.4861320370363,2,4,4.160200119018555,10,True,1.0,damn,semrelated,0.5,damn
229,141.4402504129708,2,4,2.322200059890747,8,True,1.0,curb,semrelated,0.5,curb
330,158.8606037139567,2,2,2.004300117492676,10,True,1.0,hula,semrelated,0.5,hula
232,602.4403395928741,6,13,2.1138999462127686,5,True,1.0,rave,semrelated,0.5,rave
302,32.45674785705619,1,1,1.0,7,True,1.0,ashy,semrelated,0.5,ashy
253,82.16112263920301,1,4,1.6232000589370728,5,True,1.0,drab,semrelated,0.5,drab
837,201.91380473238095,2,1,2.3364999294281006,12,True,1.0,visa,semrelated,0.5,visa
242,284.2572552712778,3,10,3.203000068664551,9,True,1.0,bond,semrelated,0.5,bond
853,102.32497667468903,2,6,3.417099952697754,7,True,1.0,camp,semrelated,0.5,camp
279,88.31685482648837,1,1,2.3617000579833984,8,True,1.0,trek,semrelated,0.5,trek
1417,87.36438995400647,1,4,3.4660000801086426,6,True,1.0,wild,semrelated,0.5,wild
245,100.07547674286945,2,11,2.1461000442504883,7,True,1.0,tame,semrelated,0.5,tame
473,144.7620592256447,2,12,2.506500005722046,9,True,1.0,bunk,semrelated,0.5,bunk
283,123.29085529739275,1,1,2.5011000633239746,8,True,1.0,crib,semrelated,0.5,crib
1415,148.8008197706269,2,16,4.38040018081665,9,True,1.0,hell,semrelated,0.5,hell
248,135.75222152209253,2,5,2.5762999057769775,11,True,1.0,monk,semrelated,0.5,monk
986,90.58620160162869,2,2,1.8260999917984009,5,True,1.0,trio,semrelated,0.5,trio
306,116.63908982807587,2,4,1.8260999917984009,7,True,1.0,duet,semrelated,0.5,duet
1148,68.94562839642481,0,2,1.579800009727478,9,True,1.0,sect,semrelated,0.5,sect
265,129.0438421686758,2,11,1.875100016593933,4,True,1.0,rite,semrelated,0.5,rite
708,532.05276094132,6,6,2.09689998626709,8,True,1.0,gong,semrelated,0.5,gong
293,252.53721589112874,2,1,2.6364998817443848,9,True,1.0,drum,semrelated,0.5,drum
522,242.7333698677963,2,5,2.4914000034332275,8,True,1.0,comb,semrelated,0.5,comb
289,339.42592685514865,3,3,1.715999960899353,8,True,1.0,perm,semrelated,0.5,perm
822,173.88805425389583,2,9,3.3183000087738037,7,True,1.0,bite,semrelated,0.5,bite
313,807.7952498653332,11,12,2.8041000366210938,6,True,1.0,slap,semrelated,0.5,slap
712,311.5569851638203,3,6,2.6963999271392822,6,True,1.0,bald,semrelated,0.5,bald
295,198.15366537151033,3,12,2.0413999557495117,10,True,1.0,lice,semrelated,0.5,lice
1182,37.19395176564985,0,5,4.128900051116943,6,True,1.0,shut,semrelated,0.5,shut
344,17.98213262498221,0,1,1.3802000284194946,4,True,1.0,ajar,semrelated,0.5,ajar
1416,104.36016231922515,2,4,3.735100030899048,5,True,1.0,busy,semrelated,0.5,busy
320,66.50232134100442,1,4,1.3423999547958374,10,True,1.0,doer,semrelated,0.5,doer
486,30.522677567735133,0,1,1.2041000127792358,5,True,1.0,crux,semrelated,0.5,crux
325,63.353150875299704,0,7,3.3385000228881836,4,True,1.0,main,semrelated,0.5,main
722,193.59170371074268,2,15,3.4231998920440674,7,True,1.0,hall,semrelated,0.5,hall
323,145.79284769006563,3,12,2.004300117492676,8,True,1.0,dome,semrelated,0.5,dome
1484,179.26091200504766,2,3,5.700699806213379,6,True,1.0,what,semrelated,0.5,what
372,86.76920708957991,1,1,3.924299955368042,12,True,1.0,news,semrelated,0.5,news
363,181.1972322137211,2,13,1.9589999914169312,9,True,1.0,dill,semrelated,0.5,dill
334,117.20988391382029,1,4,1.2553000450134277,11,True,1.0,hemp,semrelated,0.5,hemp
907,246.16600251415198,3,5,1.968500018119812,6,True,1.0,clot,semrelated,0.5,clot
336,97.01825630793739,2,11,1.7482000589370728,7,True,1.0,gore,semrelated,0.5,gore
497,122.4781818328654,2,2,3.1350998878479004,3,True,1.0,tied,semrelated,0.5,tied
343,53.7464930656483,0,8,2.539099931716919,8,True,1.0,loop,semrelated,0.5,loop
370,201.9436117806693,2,11,3.026900053024292,9,True,1.0,cure,semrelated,0.5,cure
361,179.91364022393356,2,13,2.762700080871582,10,True,1.0,heal,semrelated,0.5,heal
659,186.94061714547092,2,12,3.287600040435791,7,True,1.0,hook,semrelated,0.5,hook
348,187.05708100567068,2,8,1.3221999406814575,8,True,1.0,vise,semrelated,0.5,vise
586,271.60523476294145,2,8,2.3032000064849854,11,True,1.0,clam,semrelated,0.5,clam
392,312.1866498778038,3,3,1.8062000274658203,8,True,1.0,kelp,semrelated,0.5,kelp
1219,122.81662051257081,2,7,1.7482000589370728,5,True,1.0,oink,semrelated,0.5,oink
349,83.0791118652107,2,7,2.1522998809814453,7,True,1.0,woof,semrelated,0.5,woof
455,131.37415604711413,2,13,2.3345000743865967,7,True,1.0,hull,semrelated,0.5,hull
373,126.27567897080912,2,13,1.924299955368042,6,True,1.0,mast,semrelated,0.5,mast
748,33.03952440144926,0,2,4.186299800872803,6,True,1.0,kids,semrelated,0.5,kids
374,61.5294787654218,1,4,1.4471999406814575,4,True,1.0,tyke,semrelated,0.5,tyke
710,98.20214401864799,1,15,3.274199962615967,11,True,1.0,mail,semrelated,0.5,mail
382,60.49681885210798,0,5,1.531499981880188,11,True,1.0,blog,semrelated,0.5,blog
666,94.46615634403179,1,3,2.0253000259399414,11,True,1.0,oats,semrelated,0.5,oats
393,190.40637336698833,2,9,2.8608999252319336,8,True,1.0,corn,semrelated,0.5,corn
492,81.5237413479355,2,10,2.4547998905181885,3,True,1.0,lust,semrelated,0.5,lust
403,19.1660093393221,0,0,2.6884000301361084,6,True,1.0,envy,semrelated,0.5,envy
556,167.89059257536627,2,2,2.2014000415802,11,True,1.0,taco,semrelated,0.5,taco
398,154.09613389085155,2,4,3.1092000007629395,9,True,1.0,soup,semrelated,0.5,soup
1178,45.982718052216505,1,0,1.6434999704360962,5,True,1.0,apex,semrelated,0.5,apex
426,73.77620380662056,0,7,2.4828999042510986,8,True,1.0,peak,semrelated,0.5,peak
553,34.348016556314334,0,4,2.799999952316284,5,True,1.0,lawn,semrelated,0.5,lawn
408,48.53206985696162,0,3,2.340399980545044,7,True,1.0,turf,semrelated,0.5,turf
1173,81.2359364325701,1,2,1.740399956703186,13,True,1.0,aids,semrelated,0.5,aids
415,126.27017793866776,2,1,1.579800009727478,12,True,1.0,mono,semrelated,0.5,mono
968,135.60150366076772,1,9,1.8194999694824219,12,True,1.0,slum,semrelated,0.5,slum
411,178.50928926168396,2,5,3.81850004196167,8,True,1.0,poor,semrelated,0.5,poor
580,860.3922874170509,10,12,1.7633999586105347,9,True,1.0,bead,semrelated,0.5,bead
425,756.071290405159,7,6,1.9138000011444092,14,True,1.0,yarn,semrelated,0.5,yarn
882,847.1799410128963,12,11,1.9776999950408936,6,True,1.0,slab,semrelated,0.5,slab
413,682.731313975504,11,13,1.3978999853134155,10,True,1.0,pane,semrelated,0.5,pane
1442,118.68891435957366,1,3,4.634200096130371,5,True,1.0,into,semrelated,0.5,into
431,153.35184159525278,2,1,4.044600009918213,4,True,1.0,goes,semrelated,0.5,goes
1097,158.8436463218756,2,9,1.8976000547409058,6,True,1.0,soar,semrelated,0.5,soar
423,91.4281316244794,2,7,2.895400047302246,6,True,1.0,flew,semrelated,0.5,flew
1460,75.65915528040283,1,0,3.058799982070923,8,True,1.0,thou,semrelated,0.5,thou
449,71.41616952596125,1,3,2.591099977493286,4,True,1.0,unto,semrelated,0.5,unto
861,840.8286068704476,9,8,4.383999824523926,8,True,1.0,shit,semrelated,0.5,shit
443,247.81231987205496,3,8,1.4471999406814575,10,True,1.0,musk,semrelated,0.5,musk
1283,78.62698896111743,1,10,3.433000087738037,8,True,1.0,code,semrelated,0.5,code
446,70.89249578859295,1,3,1.6901999711990356,8,True,1.0,gimp,semrelated,0.5,gimp
874,92.47431475020817,2,4,3.0852999687194824,9,True,1.0,trap,semrelated,0.5,trap
447,76.70551806229709,1,0,2.439300060272217,9,True,1.0,ammo,semrelated,0.5,ammo
551,755.387244170159,7,10,2.978600025177002,8,True,1.0,nail,semrelated,0.5,nail
448,836.028913581519,10,9,2.5464999675750732,8,True,1.0,bolt,semrelated,0.5,bolt
667,78.77227391889306,2,0,1.431399941444397,9,True,1.0,okra,semrelated,0.5,okra
461,195.80515074405602,3,13,2.544100046157837,7,True,1.0,bean,semrelated,0.5,bean
1244,568.4249443244413,6,2,1.6232000589370728,3,True,1.0,hazy,semrelated,0.5,hazy
471,170.56773132645625,2,8,1.7924000024795532,14,True,1.0,dusk,semrelated,0.5,dusk
1355,55.16066089713854,1,0,0.8450999855995178,6,True,1.0,ditz,semrelated,0.5,ditz
468,56.92081252531359,1,4,1.8920999765396118,6,True,1.0,cram,semrelated,0.5,cram
1527,594.7749698116999,7,3,1.924299955368042,7,True,1.0,hype,semrelated,0.5,hype
485,566.3291658170995,5,7,2.075500011444092,7,True,1.0,flop,semrelated,0.5,flop
816,97.06583300981592,2,9,3.295599937438965,9,True,1.0,dean,semrelated,0.5,dean
481,108.17911476044404,2,2,1.4914000034332275,6,True,1.0,coed,semrelated,0.5,coed
1463,56.5442780734802,1,0,2.0827999114990234,7,True,1.0,epic,semrelated,0.5,epic
494,79.95067640640036,1,1,1.6128000020980835,8,True,1.0,saga,semrelated,0.5,saga
771,104.80639906802976,2,11,2.0413999557495117,7,True,1.0,rink,semrelated,0.5,rink
484,62.946230235969324,1,0,2.340399980545044,6,True,1.0,iced,semrelated,0.5,iced
803,744.1743382081384,7,3,2.18179988861084,8,True,1.0,calf,semrelated,0.5,calf
520,846.6253575997296,9,6,2.730799913406372,10,True,1.0,goat,semrelated,0.5,goat
674,864.7597255763358,8,4,1.8513000011444092,7,True,1.0,mitt,semrelated,0.5,mitt
509,874.7831546563109,11,16,3.7286999225616455,8,True,1.0,ball,semrelated,0.5,ball
1027,197.88885413708164,2,1,2.1461000442504883,7,True,1.0,grub,semrelated,0.5,grub
574,308.4290948250242,3,9,2.7135000228881836,8,True,1.0,worm,semrelated,0.5,worm
525,203.2738877994327,2,6,2.176100015640259,7,True,1.0,sled,semrelated,0.5,sled
515,179.93018868904,2,9,3.1208999156951904,14,True,1.0,bike,semrelated,0.5,bike
818,133.81667354728359,2,2,2.18179988861084,7,True,1.0,veil,semrelated,0.5,veil
539,139.25863697627338,2,7,3.0048000812530518,8,True,1.0,mask,semrelated,0.5,mask
1065,310.18807886299567,3,3,1.8260999917984009,9,True,1.0,mesa,semrelated,0.5,mesa
517,288.5271159808902,4,9,3.015399932861328,9,True,1.0,sand,semrelated,0.5,sand
635,127.36810862724664,1,7,2.3501999378204346,10,True,1.0,claw,semrelated,0.5,claw
588,115.54211774209985,2,8,1.9493999481201172,13,True,1.0,hoof,semrelated,0.5,hoof
756,532.7620286271506,4,0,2.2764999866485596,9,True,1.0,arch,semrelated,0.5,arch
523,723.4563109155719,9,6,2.2945001125335693,9,True,1.0,vase,semrelated,0.5,vase
594,813.7153906342312,10,9,2.895400047302246,6,True,1.0,hood,semrelated,0.5,hood
540,858.7271581687562,10,14,2.950900077819824,8,True,1.0,tent,semrelated,0.5,tent
973,265.1880869009079,3,7,2.935499906539917,5,True,1.0,wipe,semrelated,0.5,wipe
552,226.37064042934276,2,6,2.889899969100952,9,True,1.0,soap,semrelated,0.5,soap
926,218.26416418772868,2,8,2.2227001190185547,8,True,1.0,reel,semrelated,0.5,reel
584,250.84663232397946,2,10,2.664599895477295,9,True,1.0,cart,semrelated,0.5,cart
704,116.50260947545996,1,2,0.6990000009536743,12,True,1.0,whey,semrelated,0.5,whey
558,167.31891667014344,2,5,3.3364999294281006,12,True,1.0,milk,semrelated,0.5,milk
809,126.84859956530958,2,10,2.7235000133514404,4,True,1.0,coop,semrelated,0.5,coop
606,78.36484440756423,0,12,2.7535998821258545,7,True,1.0,nest,semrelated,0.5,nest
932,870.3662223926373,7,2,2.9586000442504883,9,True,1.0,wrap,semrelated,0.5,wrap
564,176.46000336809877,2,9,3.545599937438965,8,True,1.0,tape,semrelated,0.5,tape
611,215.8087911977227,2,7,2.198699951171875,6,True,1.0,shin,semrelated,0.5,shin
565,187.91071726990043,2,12,3.5201001167297363,10,True,1.0,foot,semrelated,0.5,foot
724,102.65378184604535,2,10,1.770900011062622,4,True,1.0,sash,semrelated,0.5,sash
571,62.27509366824832,0,10,3.0945000648498535,9,True,1.0,belt,semrelated,0.5,belt
879,179.38210303101678,3,13,1.7853000164031982,9,True,1.0,mite,semrelated,0.5,mite
577,125.08450631429712,2,5,2.547800064086914,7,True,1.0,crab,semrelated,0.5,crab
630,135.039854555866,2,14,2.1847000122070312,7,True,1.0,rake,semrelated,0.5,rake
575,120.14869740090202,2,9,2.6542000770568848,8,True,1.0,fork,semrelated,0.5,fork
913,110.72293825132404,2,2,1.1138999462127686,7,True,1.0,dewy,semrelated,0.5,dewy
787,139.32697919254787,2,8,2.2600998878479004,7,True,1.0,mist,semrelated,0.5,mist
862,148.80759394560758,2,2,4.0441999435424805,10,True,1.0,lady,semrelated,0.5,lady
617,190.806522900441,2,1,4.453499794006348,6,True,1.0,girl,semrelated,0.5,girl
1066,694.3233590933007,8,4,1.5563000440597534,4,True,1.0,prod,semrelated,0.5,prod
719,885.4774114307942,8,5,2.827399969100952,10,True,1.0,whip,semrelated,0.5,whip
930,376.351313903095,3,7,4.596499919891357,9,True,1.0,home,semrelated,0.5,home
639,273.968944029476,2,5,3.1068999767303467,12,True,1.0,yard,semrelated,0.5,yard
1028,171.7325583502291,2,8,1.6334999799728394,10,True,1.0,skit,semrelated,0.5,skit
697,128.05358352964396,2,3,3.5223000049591064,13,True,1.0,film,semrelated,0.5,film
644,858.700012440568,9,9,3.6050000190734863,13,True,1.0,gold,semrelated,0.5,gold
643,887.9359640940551,9,10,3.674999952316284,9,True,1.0,ring,semrelated,0.5,ring
999,139.09897165248174,2,11,3.072200059890747,9,True,1.0,cast,semrelated,0.5,cast
702,78.19433211327072,1,7,1.5184999704360962,8,True,1.0,scab,semrelated,0.5,scab
705,81.8660139533585,2,1,3.6405999660491943,11,True,1.0,army,semrelated,0.5,army
650,214.82945219789434,3,7,3.116300106048584,6,True,1.0,tank,semrelated,0.5,tank
1563,817.5619879594203,8,4,2.6041998863220215,7,True,1.0,mere,semrelated,0.5,mere
669,299.15801894368815,4,8,3.379699945449829,10,True,1.0,pool,semrelated,0.5,pool
842,188.9379287533542,2,4,1.2788000106811523,6,True,1.0,loin,semrelated,0.5,loin
679,122.0491569426902,2,9,2.2600998878479004,10,True,1.0,veal,semrelated,0.5,veal
693,177.41858195585056,2,13,3.14739990234375,10,True,1.0,wire,semrelated,0.5,wire
685,204.0066471537894,2,3,2.2067999839782715,7,True,1.0,duct,semrelated,0.5,duct
1047,80.64697967963897,1,7,3.0232999324798584,6,True,1.0,bury,semrelated,0.5,bury
687,57.833066501655196,1,3,2.459399938583374,7,True,1.0,tomb,semrelated,0.5,tomb
943,172.5584962385746,2,10,2.257699966430664,4,True,1.0,hash,semrelated,0.5,hash
743,102.26805029308323,1,10,3.1682000160217285,11,True,1.0,meal,semrelated,0.5,meal
906,639.725881874086,7,6,2.4828999042510986,9,True,1.0,boil,semrelated,0.5,boil
716,346.8459705612701,3,10,4.040999889373779,10,True,1.0,fire,semrelated,0.5,fire
1196,248.66514808120505,2,9,1.8194999694824219,7,True,1.0,scat,semrelated,0.5,scat
810,777.884051641442,10,7,2.2764999866485596,4,True,1.0,prop,semrelated,0.5,prop
1215,100.60369578071175,1,0,1.6720999479293823,8,True,1.0,opus,semrelated,0.5,opus
718,214.79589202784368,2,10,3.4354000091552734,9,True,1.0,band,semrelated,0.5,band
945,88.52327861000609,1,3,2.3838000297546387,8,True,1.0,gulf,semrelated,0.5,gulf
762,91.61543320517666,2,11,2.2227001190185547,10,True,1.0,cove,semrelated,0.5,cove
891,80.66799557588084,1,1,2.528899908065796,8,True,1.0,memo,semrelated,0.5,memo
749,94.85270449806335,1,7,3.436500072479248,8,True,1.0,note,semrelated,0.5,note
854,128.6264376822158,2,11,3.3176000118255615,9,True,1.0,wash,semrelated,0.5,wash
757,97.1551130796767,2,0,1.3978999853134155,6,True,1.0,suds,semrelated,0.5,suds
944,804.1128057045332,8,5,1.6901999711990356,8,True,1.0,pelt,semrelated,0.5,pelt
759,848.2638677609666,11,13,2.2788000106811523,9,True,1.0,mink,semrelated,0.5,mink
997,79.9992383399414,1,4,2.340399980545044,6,True,1.0,trim,semrelated,0.5,trim
799,69.30560386879509,1,6,2.8420000076293945,7,True,1.0,chop,semrelated,0.5,chop
1079,83.77977891032343,1,0,3.5822999477386475,7,True,1.0,area,semrelated,0.5,area
768,103.22197822448695,2,8,2.9916999340057373,11,True,1.0,site,semrelated,0.5,site
1162,174.89943521179165,2,8,2.322200059890747,10,True,1.0,clan,semrelated,0.5,clan
825,206.20421779427042,2,7,3.187000036239624,8,True,1.0,gang,semrelated,0.5,gang
846,190.81102782639542,2,3,2.2504000663757324,10,True,1.0,womb,semrelated,0.5,womb
817,262.51338769671264,3,18,3.2385001182556152,10,True,1.0,male,semrelated,0.5,male
1298,368.16351449286174,3,8,4.293000221252441,7,True,1.0,seen,semrelated,0.5,seen
1203,119.55518561055119,2,2,2.0413999557495117,6,True,1.0,blur,semrelated,0.5,blur
826,181.94441235093552,2,1,2.9646999835968018,5,True,1.0,sons,semrelated,0.5,sons
823,88.88641658255428,2,0,3.337100028991699,9,True,1.0,papa,semrelated,0.5,papa
911,140.81410356132278,2,7,1.3617000579833984,8,True,1.0,curd,semrelated,0.5,curd
886,97.47793369017951,1,2,1.6720999479293823,10,True,1.0,brie,semrelated,0.5,brie
1024,224.53252973294826,2,10,2.973099946975708,9,True,1.0,yell,semrelated,0.5,yell
855,457.497879729741,5,10,3.6970999240875244,5,True,1.0,sing,semrelated,0.5,sing
1408,171.99857370738656,2,7,1.9955999851226807,10,True,1.0,muse,semrelated,0.5,muse
1072,122.96173358631609,1,2,2.6730000972747803,7,True,1.0,arts,semrelated,0.5,arts
878,218.9519441811345,3,3,1.973099946975708,6,True,1.0,pulp,semrelated,0.5,pulp
857,245.7713970893141,3,12,2.7283999919891357,8,True,1.0,root,semrelated,0.5,root
884,238.2541549485324,2,11,2.9121999740600586,11,True,1.0,gear,semrelated,0.5,gear
871,265.25755091053907,3,8,4.10830020904541,7,True,1.0,jack,semrelated,0.5,jack
1154,116.93184701439434,2,9,4.609600067138672,7,True,1.0,work,semrelated,0.5,work
869,117.6900850600961,1,7,3.436500072479248,10,True,1.0,shop,semrelated,0.5,shop
1254,128.97558642167814,2,10,2.689300060272217,9,True,1.0,pace,semrelated,0.5,pace
983,153.57000124633163,2,18,3.827199935913086,8,True,1.0,beat,semrelated,0.5,beat
1245,162.7292816300175,2,10,2.4742000102996826,7,True,1.0,sour,semrelated,0.5,sour
890,110.57463103619325,1,3,2.706700086593628,11,True,1.0,acid,semrelated,0.5,acid
1167,121.00090586456724,2,2,2.344399929046631,6,True,1.0,oral,semrelated,0.5,oral
947,141.64444294648882,2,8,4.639500141143799,9,True,1.0,talk,semrelated,0.5,talk
1140,132.5254810861712,2,9,2.2355000972747803,9,True,1.0,toll,semrelated,0.5,toll
935,203.6398239655811,2,16,2.498300075531006,6,True,1.0,fare,semrelated,0.5,fare
1468,142.99235301642057,2,10,1.8387999534606934,8,True,1.0,jest,semrelated,0.5,jest
1212,80.48083243955543,1,2,0.9031000137329102,8,True,1.0,quip,semrelated,0.5,quip
1221,327.9414501879716,4,13,2.884200096130371,9,True,1.0,sore,semrelated,0.5,sore
941,766.7103704655937,9,7,2.799999952316284,7,True,1.0,bump,semrelated,0.5,bump
1405,158.0846882883289,2,10,2.803499937057495,8,True,1.0,neat,semrelated,0.5,neat
1280,133.69236811869462,2,2,2.2788000106811523,5,True,1.0,tidy,semrelated,0.5,tidy
989,523.5564420097181,4,0,1.1761000156402588,8,True,1.0,yeti,semrelated,0.5,yeti
985,528.2372736829923,5,1,1.857300043106079,6,True,1.0,ogre,semrelated,0.5,ogre
1440,213.64803559833848,3,7,1.7853000164031982,4,True,1.0,lull,semrelated,0.5,lull
1206,90.88486222170008,1,12,3.588599920272827,6,True,1.0,slow,semrelated,0.5,slow
1043,190.18234274178968,2,4,2.0253000259399414,6,True,1.0,howl,semrelated,0.5,howl
1000,149.01546101021947,2,0,2.178999900817871,8,True,1.0,meow,semrelated,0.5,meow
1494,175.16141741129917,2,9,3.1623001098632812,10,True,1.0,wise,semrelated,0.5,wise
1121,103.51085693003463,1,0,1.8976000547409058,10,True,1.0,guru,semrelated,0.5,guru
1314,184.22370212818782,2,1,3.039400100708008,8,True,1.0,zero,semrelated,0.5,zero
1020,193.94806924463393,2,8,4.163099765777588,11,True,1.0,five,semrelated,0.5,five
1365,73.3708749451248,1,1,4.24429988861084,6,True,1.0,used,semrelated,0.5,used
1218,124.91943717250088,2,7,1.9911999702453613,6,True,1.0,bulk,semrelated,0.5,bulk
1098,57.96569874361903,0,16,4.452199935913086,4,True,1.0,hear,semrelated,0.5,hear
1075,41.091094432035916,0,3,3.3078999519348145,6,True,1.0,loud,semrelated,0.5,loud
1382,92.1211959104816,2,5,3.390199899673462,8,True,1.0,rule,semrelated,0.5,rule
1360,77.83359943907796,1,0,2.659899950027466,5,True,1.0,obey,semrelated,0.5,obey
1397,44.20455770044613,1,1,1.7782000303268433,4,True,1.0,afar,semrelated,0.5,afar
1110,69.33328790861643,0,17,3.0302000045776367,7,True,1.0,mile,semrelated,0.5,mile
1371,246.90966721420108,3,8,4.2418999671936035,5,True,1.0,took,semrelated,0.5,took
1328,502.5792201510527,5,1,3.6589999198913574,6,True,1.0,kept,semrelated,0.5,kept
1276,227.50002661565478,3,11,4.035900115966797,5,True,1.0,rest,semrelated,0.5,rest
1166,246.1895126997502,3,9,1.3221999406814575,5,True,1.0,doze,semrelated,0.5,doze
1500,118.65729719635871,2,2,1.6812000274658203,4,True,1.0,vary,semrelated,0.5,vary
1452,76.35407492153846,1,0,2.9872000217437744,9,True,1.0,odds,semrelated,0.5,odds
1341,86.23687610537108,1,0,2.983599901199341,11,True,1.0,noel,semrelated,0.5,noel
1214,141.9424101416234,2,12,4.151500225067139,10,True,1.0,year,semrelated,0.5,year
1534,64.90145138353014,1,1,4.111299991607666,5,True,1.0,true,semrelated,0.5,true
1344,54.395552370416354,0,5,3.9446001052856445,7,True,1.0,fact,semrelated,0.5,fact
1263,65.15763665368438,0,7,4.999499797821045,5,True,1.0,time,semrelated,0.5,time
1256,43.209575795467686,0,5,3.9179000854492188,6,True,1.0,hour,semrelated,0.5,hour
1537,122.0203514231825,2,4,4.695799827575684,6,True,1.0,much,semrelated,0.5,much
1334,147.0249532223618,2,3,3.7534000873565674,5,True,1.0,less,semrelated,0.5,less
1353,89.64415874320902,1,4,1.9955999851226807,6,True,1.0,wham,semrelated,0.5,wham
1304,133.99115821523526,2,9,1.2553000450134277,5,True,1.0,bonk,semrelated,0.5,bonk
1533,77.59647704562856,1,1,1.1761000156402588,5,True,1.0,akin,semrelated,0.5,akin
1364,109.44213124731509,2,15,4.327899932861328,10,True,1.0,same,semrelated,0.5,same
1325,590.0530788364265,5,0,1.9138000011444092,5,True,1.0,redo,semrelated,0.5,redo
1323,235.38959279695246,3,6,1.4471999406814575,8,True,1.0,dolt,semrelated,0.5,dolt
1492,535.7410215992893,4,10,4.0391998291015625,9,True,1.0,hate,semrelated,0.5,hate
1433,601.6617625796787,8,3,3.9416000843048096,8,True,1.0,glad,semrelated,0.5,glad
1368,140.05966149446846,2,10,4.627200126647949,5,True,1.0,find,semrelated,0.5,find
1358,71.77758346618492,0,10,4.145400047302246,7,True,1.0,lost,semrelated,0.5,lost
1444,205.43344994394593,3,3,1.770900011062622,8,True,1.0,glee,semrelated,0.5,glee
1439,606.7810223051899,5,7,1.5051000118255615,8,True,1.0,zeal,semrelated,0.5,zeal
1391,48.03819011079732,0,4,1.8691999912261963,5,True,1.0,snug,semrelated,0.5,snug
1373,44.67024878160994,0,2,2.460900068283081,5,True,1.0,cozy,semrelated,0.5,cozy
1501,22.21850828467431,0,9,4.947299957275391,5,True,1.0,been,semrelated,0.5,been
1464,57.9446989238858,0,11,5.497300148010254,6,True,1.0,have,semrelated,0.5,have
1438,241.02670906549724,3,20,4.393599987030029,7,True,1.0,care,semrelated,0.5,care
1385,171.81247706218102,2,6,4.671899795532227,8,True,1.0,help,semrelated,0.5,help
1511,121.74496881980288,2,4,3.5940001010894775,7,True,1.0,soul,semrelated,0.5,soul
1401,85.74924206909603,1,12,4.39300012588501,11,True,1.0,mind,semrelated,0.5,mind
1515,51.49737650138011,0,8,2.2899999618530273,6,True,1.0,yuck,semrelated,0.5,yuck
1420,62.402381904981745,0,6,2.8685998916625977,5,True,1.0,foul,semrelated,0.5,foul
1539,87.59914968501673,1,5,2.079200029373169,6,True,1.0,whim,semrelated,0.5,whim
1498,49.14639223355827,1,0,2.5315001010894775,9,True,1.0,urge,semrelated,0.5,urge
1554,171.56578612522432,2,8,1.934499979019165,4,True,1.0,ruse,semrelated,0.5,ruse
1458,150.10592585772673,2,5,1.8976000547409058,8,True,1.0,ploy,semrelated,0.5,ploy
1548,65.83833947883063,2,5,2.359800100326538,5,True,1.0,keen,semrelated,0.5,keen
1531,54.18472348764599,1,3,1.4149999618530273,5,True,1.0,avid,semrelated,0.5,avid
